{
  "type": "FeatureCollection",
  "name": "ONS_CDN_LSOA11_CORNWALL_E06000052_ROWS_051_100",
  "features": [
    {
      "type": "Feature",
      "id": "E01018800",
      "geometry": {
        "type": "Polygon",
        "coordinates": [
          [
            [
              -4.208896856397404,
              50.37603176179455
            ],
            [
              -4.208580730758804,
              50.37544822166185
            ],
            [
              -4.207948479481606,
              50.37554547835064
            ],
            [
              -4.207632353843007,
              50.37496193821793
            ],
            [
              -4.20636785128861,
              50.37486468152915
            ],
            [
              -4.206051725650011,
              50.37398937133009
            ],
            [
              -4.205261411553512,
              50.37398937133009
            ],
            [
              -4.2049452859149135,
              50.37350308788617
            ],
            [
              -4.201625966709622,
              50.37184972417685
            ],
            [
              -4.199571150058726,
              50.37097441397779
            ],
            [
              -4.201151778251722,
              50.37039087384509
            ],
            [
              -4.201309841071022,
              50.370196360467524
            ],
            [
              -4.202574343625419,
              50.370585387222654
            ],
            [
              -4.20636785128861,
              50.37233600762077
            ],
            [
              -4.208422667939505,
              50.37233600762077
            ],
            [
              -4.208738793578104,
              50.37262777768712
            ],
            [
              -4.209212982036004,
              50.372822291064686
            ],
            [
              -4.210793610229,
              50.37311406113104
            ],
            [
              -4.211267798686898,
              50.37350308788617
            ],
            [
              -4.210951673048299,
              50.37301680444225
            ],
            [
              -4.208738793578104,
              50.37262777768712
            ],
            [
              -4.208422667939505,
              50.3721414942432
            ],
            [
              -4.208580730758804,
              50.37146069742171
            ],
            [
              -4.208264605120205,
              50.37136344073293
            ],
            [
              -4.207316228204408,
              50.37087715728901
            ],
            [
              -4.207000102565808,
              50.370682643911444
            ],
            [
              -4.207790416662307,
              50.37000184708995
            ],
            [
              -4.207948479481606,
              50.370585387222654
            ],
            [
              -4.208580730758804,
              50.37039087384509
            ],
            [
              -4.209529107674602,
              50.370779900600226
            ],
            [
              -4.210161358951801,
              50.37146069742171
            ],
            [
              -4.211267798686898,
              50.371266184044146
            ],
            [
              -4.211741987144797,
              50.37184972417685
            ],
            [
              -4.213638740976393,
              50.37009910377874
            ],
            [
              -4.2155354948079875,
              50.36941830695725
            ],
            [
              -4.217116123000984,
              50.37155795411049
            ],
            [
              -4.216009683265886,
              50.37291954775347
            ],
            [
              -4.216009683265886,
              50.37437839808523
            ],
            [
              -4.2153774319886885,
              50.37467016815158
            ],
            [
              -4.217116123000984,
              50.375837248416985
            ],
            [
              -4.216325808904486,
              50.37612901848334
            ],
            [
              -4.21474518071149,
              50.37564273503942
            ],
            [
              -4.21442905507289,
              50.3751564515955
            ],
            [
              -4.213322615337793,
              50.37525370828428
            ],
            [
              -4.212532301241295,
              50.37467016815158
            ],
            [
              -4.211583924325497,
              50.37505919490672
            ],
            [
              -4.208896856397404,
              50.37603176179455
            ]
          ]
        ]
      },
      "properties": {
        "slot_id": "gas_emissions_6",
        "lineage_id": "LOCAL-NEW-92271296-1318-4c0c-a293-d0d4ebc2d06b",
        "page_generation": 1,
        "semantic_mode": "AREA_JOIN",
        "partition": {
          "start": 76904,
          "end": 92283,
          "count": 15380
        },
        "evidence_scope": "coverage_area",
        "coverage_area_id": "E01018800",
        "coverage_area_name": "Cornwall 029D",
        "coverage_area_identifier_scheme": "ONS_GSS_LSOA11",
        "parent_area_id": "E06000052",
        "parent_area_name": "Cornwall",
        "boundary_vintage": "LSOA 2011",
        "source_area_record": true,
        "accepted_parcel_record": false,
        "spatial_binding_method": "OFFICIAL_POLYGON_AND_EXACT_IDENTIFIER",
        "source_window_record_index": 1,
        "source_url": "https://raw.githubusercontent.com/ONSdigital/cdn.ons.gov.uk-assets/130bb351004270950dd4a434e27d80b588e7d0af/assets/topojson/lsoa_by_lad/topo_E06000052.json",
        "final_url": "https://raw.githubusercontent.com/ONSdigital/cdn.ons.gov.uk-assets/130bb351004270950dd4a434e27d80b588e7d0af/assets/topojson/lsoa_by_lad/topo_E06000052.json",
        "source_access_utc": "2026-10-02T05:46:30Z",
        "source_blob_sha": "5122ed59a03427c9913f20d0db5b9b203e7be41c",
        "source_file_sha256": "e313e88941def9339fe827e65196b707403d8baf6817be8b1b5216998e358b21",
        "field_evidence": {
          "LSOA11CD": "E01018800",
          "LSOA11NM": "Cornwall 029D",
          "geometry_type": "Polygon",
          "parent_LAD": "E06000052"
        },
        "evidence_slice_sha256": "f695cbe6b432e8dbd4c2cd9c6751c3e56861656b63d71d3cf81f9f95414d14a8",
        "confidence_score_0_100": 96,
        "evidence_grade": "A",
        "licence": "Open Government Licence v3.0",
        "licence_evidence_url": "https://www.ons.gov.uk/methodology/geography/licences",
        "fake_data": false,
        "local_spatial_join_status": "DEFERRED_TO_LOCAL_OPENCODE"
      }
    },
    {
      "type": "Feature",
      "id": "E01018803",
      "geometry": {
        "type": "Polygon",
        "coordinates": [
          [
            [
              -5.068916656206634,
              50.14329650553477
            ],
            [
              -5.069865033122431,
              50.14417181573383
            ],
            [
              -5.0690747190259335,
              50.145144382621666
            ],
            [
              -5.0676521536522365,
              50.145047125932884
            ],
            [
              -5.067810216471536,
              50.146505976264635
            ],
            [
              -5.065913462639941,
              50.147186773086126
            ],
            [
              -5.065281211362743,
              50.14689500301977
            ],
            [
              -5.065439274182042,
              50.14728402977491
            ],
            [
              -5.063384457531147,
              50.14786756990761
            ],
            [
              -5.063700583169746,
              50.14845111004031
            ],
            [
              -5.063226394711847,
              50.14903465017302
            ],
            [
              -5.065913462639941,
              50.1509797839487
            ],
            [
              -5.066387651097839,
              50.15078527057113
            ],
            [
              -5.066703776736439,
              50.150688013882345
            ],
            [
              -5.066861839555739,
              50.15107704063748
            ],
            [
              -5.066387651097839,
              50.151757837458966
            ],
            [
              -5.066545713917139,
              50.1521468642141
            ],
            [
              -5.0660715254592406,
              50.15234137759167
            ],
            [
              -5.065755399820642,
              50.151757837458966
            ],
            [
              -5.064965085724143,
              50.15195235083653
            ],
            [
              -5.065281211362743,
              50.15234137759167
            ],
            [
              -5.0646489600855435,
              50.15263314765802
            ],
            [
              -5.064807022904843,
              50.15302217441316
            ],
            [
              -5.064332834446945,
              50.15263314765802
            ],
            [
              -5.064807022904843,
              50.15234137759167
            ],
            [
              -5.064490897266245,
              50.15195235083653
            ],
            [
              -5.063700583169746,
              50.15243863428045
            ],
            [
              -5.063068331892548,
              50.15185509414775
            ],
            [
              -5.062752206253949,
              50.15195235083653
            ],
            [
              -5.06227801779605,
              50.1515633240814
            ],
            [
              -5.061171578060953,
              50.15185509414775
            ],
            [
              -5.060539326783754,
              50.15136881070383
            ],
            [
              -5.0600651383258555,
              50.15185509414775
            ],
            [
              -5.059432887048657,
              50.1515633240814
            ],
            [
              -5.0586425729521585,
              50.151757837458966
            ],
            [
              -5.059907075506556,
              50.15350845785708
            ],
            [
              -5.0570619447591625,
              50.153702971234644
            ],
            [
              -5.056429693481964,
              50.153800227923426
            ],
            [
              -5.056429693481964,
              50.15662067189816
            ],
            [
              -5.055797442204765,
              50.153702971234644
            ],
            [
              -5.054691002469668,
              50.153702971234644
            ],
            [
              -5.054216814011769,
              50.15350845785708
            ],
            [
              -5.053584562734571,
              50.153702971234644
            ],
            [
              -5.052161997360874,
              50.153800227923426
            ],
            [
              -5.052161997360874,
              50.153216687790724
            ],
            [
              -5.050423306348578,
              50.15331394447951
            ],
            [
              -5.04963299225208,
              50.15535633494397
            ],
            [
              -5.049158803794182,
              50.15564810501032
            ],
            [
              -5.050107180709979,
              50.15311943110194
            ],
            [
              -5.047420112781886,
              50.15204960752532
            ],
            [
              -5.047262049962586,
              50.15029898712721
            ],
            [
              -5.044891107673092,
              50.149715446994506
            ],
            [
              -5.044416919215193,
              50.1485483667291
            ],
            [
              -5.044733044853792,
              50.14806208328518
            ],
            [
              -5.044100793576593,
              50.14786756990761
            ],
            [
              -5.044258856395893,
              50.147186773086126
            ],
            [
              -5.0434685422993955,
              50.14689500301977
            ],
            [
              -5.043626605118694,
              50.14582517944315
            ],
            [
              -5.043152416660796,
              50.14572792275437
            ],
            [
              -5.042836291022197,
              50.145144382621666
            ],
            [
              -5.043310479480096,
              50.14485261255531
            ],
            [
              -5.042678228202897,
              50.14485261255531
            ],
            [
              -5.043152416660796,
              50.14465809917775
            ],
            [
              -5.042678228202897,
              50.14475535586653
            ],
            [
              -5.0417298512871,
              50.14417181573383
            ],
            [
              -5.042520165383597,
              50.143588275601125
            ],
            [
              -5.043784667937994,
              50.143491018912336
            ],
            [
              -5.0434685422993955,
              50.14378278897869
            ],
            [
              -5.044100793576593,
              50.14378278897869
            ],
            [
              -5.044574982034493,
              50.14417181573383
            ],
            [
              -5.044100793576593,
              50.144463585800175
            ],
            [
              -5.045997547408189,
              50.14426907242261
            ],
            [
              -5.045997547408189,
              50.14465809917775
            ],
            [
              -5.046787861504687,
              50.14475535586653
            ],
            [
              -5.047578175601185,
              50.144463585800175
            ],
            [
              -5.048526552516983,
              50.145047125932884
            ],
            [
              -5.049158803794182,
              50.14543615268801
            ],
            [
              -5.048842678155582,
              50.145630666065586
            ],
            [
              -5.049949117890679,
              50.14592243613193
            ],
            [
              -5.051371683264376,
              50.14796482659639
            ],
            [
              -5.053110374276672,
              50.14845111004031
            ],
            [
              -5.0540587511924695,
              50.14835385335153
            ],
            [
              -5.0570619447591625,
              50.14786756990761
            ],
            [
              -5.061171578060953,
              50.14621420619829
            ],
            [
              -5.066861839555739,
              50.14485261255531
            ],
            [
              -5.068284404929435,
              50.14417181573383
            ],
            [
              -5.068916656206634,
              50.14329650553477
            ]
          ]
        ]
      },
      "properties": {
        "slot_id": "gas_emissions_6",
        "lineage_id": "LOCAL-NEW-92271296-1318-4c0c-a293-d0d4ebc2d06b",
        "page_generation": 1,
        "semantic_mode": "AREA_JOIN",
        "partition": {
          "start": 76904,
          "end": 92283,
          "count": 15380
        },
        "evidence_scope": "coverage_area",
        "coverage_area_id": "E01018803",
        "coverage_area_name": "Cornwall 063A",
        "coverage_area_identifier_scheme": "ONS_GSS_LSOA11",
        "parent_area_id": "E06000052",
        "parent_area_name": "Cornwall",
        "boundary_vintage": "LSOA 2011",
        "source_area_record": true,
        "accepted_parcel_record": false,
        "spatial_binding_method": "OFFICIAL_POLYGON_AND_EXACT_IDENTIFIER",
        "source_window_record_index": 2,
        "source_url": "https://raw.githubusercontent.com/ONSdigital/cdn.ons.gov.uk-assets/130bb351004270950dd4a434e27d80b588e7d0af/assets/topojson/lsoa_by_lad/topo_E06000052.json",
        "final_url": "https://raw.githubusercontent.com/ONSdigital/cdn.ons.gov.uk-assets/130bb351004270950dd4a434e27d80b588e7d0af/assets/topojson/lsoa_by_lad/topo_E06000052.json",
        "source_access_utc": "2026-10-02T05:46:30Z",
        "source_blob_sha": "5122ed59a03427c9913f20d0db5b9b203e7be41c",
        "source_file_sha256": "e313e88941def9339fe827e65196b707403d8baf6817be8b1b5216998e358b21",
        "field_evidence": {
          "LSOA11CD": "E01018803",
          "LSOA11NM": "Cornwall 063A",
          "geometry_type": "Polygon",
          "parent_LAD": "E06000052"
        },
        "evidence_slice_sha256": "f695cbe6b432e8dbd4c2cd9c6751c3e56861656b63d71d3cf81f9f95414d14a8",
        "confidence_score_0_100": 96,
        "evidence_grade": "A",
        "licence": "Open Government Licence v3.0",
        "licence_evidence_url": "https://www.ons.gov.uk/methodology/geography/licences",
        "fake_data": false,
        "local_spatial_join_status": "DEFERRED_TO_LOCAL_OPENCODE"
      }
    },
    {
      "type": "Feature",
      "id": "E01018804",
      "geometry": {
        "type": "Polygon",
        "coordinates": [
          [
            [
              -5.065281211362743,
              50.15234137759167
            ],
            [
              -5.064965085724143,
              50.15195235083653
            ],
            [
              -5.065755399820642,
              50.151757837458966
            ],
            [
              -5.0660715254592406,
              50.15234137759167
            ],
            [
              -5.066545713917139,
              50.1521468642141
            ],
            [
              -5.066387651097839,
              50.151757837458966
            ],
            [
              -5.066861839555739,
              50.15107704063748
            ],
            [
              -5.0676521536522365,
              50.150688013882345
            ],
            [
              -5.068126342110135,
              50.151757837458966
            ],
            [
              -5.067019902375038,
              50.151660580770184
            ],
            [
              -5.068284404929435,
              50.15234137759167
            ],
            [
              -5.068600530568035,
              50.15292491772437
            ],
            [
              -5.069390844664532,
              50.15263314765802
            ],
            [
              -5.069390844664532,
              50.151660580770184
            ],
            [
              -5.07049728439963,
              50.151174297326264
            ],
            [
              -5.0706553472189295,
              50.15136881070383
            ],
            [
              -5.071603724134727,
              50.151174297326264
            ],
            [
              -5.072394038231225,
              50.1509797839487
            ],
            [
              -5.0720779125926265,
              50.15059075719356
            ],
            [
              -5.072710163869825,
              50.14990996037207
            ],
            [
              -5.074132729243521,
              50.15029898712721
            ],
            [
              -5.074290792062821,
              50.150688013882345
            ],
            [
              -5.072710163869825,
              50.15146606739262
            ],
            [
              -5.073184352327724,
              50.15195235083653
            ],
            [
              -5.073026289508424,
              50.15253589096924
            ],
            [
              -5.0738166036049215,
              50.15302217441316
            ],
            [
              -5.073500477966323,
              50.15331394447951
            ],
            [
              -5.073026289508424,
              50.15302217441316
            ],
            [
              -5.071287598496128,
              50.1545782814337
            ],
            [
              -5.070971472857529,
              50.15496730818884
            ],
            [
              -5.071445661315428,
              50.155259078255185
            ],
            [
              -5.071287598496128,
              50.155745361699104
            ],
            [
              -5.070813410038229,
              50.155939875076676
            ],
            [
              -5.071129535676828,
              50.156328901831806
            ],
            [
              -5.069865033122431,
              50.15671792858694
            ],
            [
              -5.070339221580331,
              50.15623164514302
            ],
            [
              -5.068284404929435,
              50.15535633494397
            ],
            [
              -5.067810216471536,
              50.15555084832154
            ],
            [
              -5.067177965194338,
              50.15448102474492
            ],
            [
              -5.0676521536522365,
              50.15438376805613
            ],
            [
              -5.067336028013638,
              50.153994741301
            ],
            [
              -5.065913462639941,
              50.15302217441316
            ],
            [
              -5.065597337001342,
              50.15341120116829
            ],
            [
              -5.064965085724143,
              50.15292491772437
            ],
            [
              -5.065439274182042,
              50.15302217441316
            ],
            [
              -5.065755399820642,
              50.152730404346805
            ],
            [
              -5.065281211362743,
              50.15234137759167
            ]
          ]
        ]
      },
      "properties": {
        "slot_id": "gas_emissions_6",
        "lineage_id": "LOCAL-NEW-92271296-1318-4c0c-a293-d0d4ebc2d06b",
        "page_generation": 1,
        "semantic_mode": "AREA_JOIN",
        "partition": {
          "start": 76904,
          "end": 92283,
          "count": 15380
        },
        "evidence_scope": "coverage_area",
        "coverage_area_id": "E01018804",
        "coverage_area_name": "Cornwall 063B",
        "coverage_area_identifier_scheme": "ONS_GSS_LSOA11",
        "parent_area_id": "E06000052",
        "parent_area_name": "Cornwall",
        "boundary_vintage": "LSOA 2011",
        "source_area_record": true,
        "accepted_parcel_record": false,
        "spatial_binding_method": "OFFICIAL_POLYGON_AND_EXACT_IDENTIFIER",
        "source_window_record_index": 3,
        "source_url": "https://raw.githubusercontent.com/ONSdigital/cdn.ons.gov.uk-assets/130bb351004270950dd4a434e27d80b588e7d0af/assets/topojson/lsoa_by_lad/topo_E06000052.json",
        "final_url": "https://raw.githubusercontent.com/ONSdigital/cdn.ons.gov.uk-assets/130bb351004270950dd4a434e27d80b588e7d0af/assets/topojson/lsoa_by_lad/topo_E06000052.json",
        "source_access_utc": "2026-10-02T05:46:30Z",
        "source_blob_sha": "5122ed59a03427c9913f20d0db5b9b203e7be41c",
        "source_file_sha256": "e313e88941def9339fe827e65196b707403d8baf6817be8b1b5216998e358b21",
        "field_evidence": {
          "LSOA11CD": "E01018804",
          "LSOA11NM": "Cornwall 063B",
          "geometry_type": "Polygon",
          "parent_LAD": "E06000052"
        },
        "evidence_slice_sha256": "f695cbe6b432e8dbd4c2cd9c6751c3e56861656b63d71d3cf81f9f95414d14a8",
        "confidence_score_0_100": 96,
        "evidence_grade": "A",
        "licence": "Open Government Licence v3.0",
        "licence_evidence_url": "https://www.ons.gov.uk/methodology/geography/licences",
        "fake_data": false,
        "local_spatial_join_status": "DEFERRED_TO_LOCAL_OPENCODE"
      }
    },
    {
      "type": "Feature",
      "id": "E01018805",
      "geometry": {
        "type": "Polygon",
        "coordinates": [
          [
            [
              -5.066861839555739,
              50.15107704063748
            ],
            [
              -5.066703776736439,
              50.150688013882345
            ],
            [
              -5.066387651097839,
              50.15078527057113
            ],
            [
              -5.065913462639941,
              50.1509797839487
            ],
            [
              -5.063226394711847,
              50.14903465017302
            ],
            [
              -5.063700583169746,
              50.14845111004031
            ],
            [
              -5.063384457531147,
              50.14786756990761
            ],
            [
              -5.065439274182042,
              50.14728402977491
            ],
            [
              -5.065281211362743,
              50.14689500301977
            ],
            [
              -5.065913462639941,
              50.147186773086126
            ],
            [
              -5.067810216471536,
              50.146505976264635
            ],
            [
              -5.0676521536522365,
              50.145047125932884
            ],
            [
              -5.0690747190259335,
              50.145144382621666
            ],
            [
              -5.069865033122431,
              50.14417181573383
            ],
            [
              -5.068916656206634,
              50.14329650553477
            ],
            [
              -5.069706970303132,
              50.142421195335714
            ],
            [
              -5.071445661315428,
              50.14154588513666
            ],
            [
              -5.074290792062821,
              50.14067057493761
            ],
            [
              -5.075871420255817,
              50.140865088315174
            ],
            [
              -5.0768197971716145,
              50.14008703480491
            ],
            [
              -5.0766617343523155,
              50.13930898129463
            ],
            [
              -5.077452048448813,
              50.13930898129463
            ],
            [
              -5.0768197971716145,
              50.1425184520245
            ],
            [
              -5.078084299726012,
              50.14485261255531
            ],
            [
              -5.077768174087413,
              50.14533889599923
            ],
            [
              -5.07492304334002,
              50.14592243613193
            ],
            [
              -5.07476498052072,
              50.14631146288707
            ],
            [
              -5.07476498052072,
              50.146505976264635
            ],
            [
              -5.076345608713716,
              50.14679774633099
            ],
            [
              -5.076503671533016,
              50.14835385335153
            ],
            [
              -5.077135922810214,
              50.148645623417885
            ],
            [
              -5.075081106159319,
              50.14922916355059
            ],
            [
              -5.07476498052072,
              50.14952093361694
            ],
            [
              -5.075397231797918,
              50.14990996037207
            ],
            [
              -5.07492304334002,
              50.150201730438425
            ],
            [
              -5.074290792062821,
              50.14990996037207
            ],
            [
              -5.073974666424221,
              50.15010447374964
            ],
            [
              -5.0720779125926265,
              50.14893739348423
            ],
            [
              -5.071129535676828,
              50.14932642023937
            ],
            [
              -5.071287598496128,
              50.149715446994506
            ],
            [
              -5.071603724134727,
              50.14961819030572
            ],
            [
              -5.071445661315428,
              50.15000721706086
            ],
            [
              -5.069865033122431,
              50.15000721706086
            ],
            [
              -5.070181158761031,
              50.15049350050478
            ],
            [
              -5.07049728439963,
              50.15039624381599
            ],
            [
              -5.07049728439963,
              50.151174297326264
            ],
            [
              -5.069390844664532,
              50.151660580770184
            ],
            [
              -5.069390844664532,
              50.15263314765802
            ],
            [
              -5.068600530568035,
              50.15292491772437
            ],
            [
              -5.068284404929435,
              50.15234137759167
            ],
            [
              -5.067019902375038,
              50.151660580770184
            ],
            [
              -5.068126342110135,
              50.151757837458966
            ],
            [
              -5.0676521536522365,
              50.150688013882345
            ],
            [
              -5.066861839555739,
              50.15107704063748
            ]
          ]
        ]
      },
      "properties": {
        "slot_id": "gas_emissions_6",
        "lineage_id": "LOCAL-NEW-92271296-1318-4c0c-a293-d0d4ebc2d06b",
        "page_generation": 1,
        "semantic_mode": "AREA_JOIN",
        "partition": {
          "start": 76904,
          "end": 92283,
          "count": 15380
        },
        "evidence_scope": "coverage_area",
        "coverage_area_id": "E01018805",
        "coverage_area_name": "Cornwall 063C",
        "coverage_area_identifier_scheme": "ONS_GSS_LSOA11",
        "parent_area_id": "E06000052",
        "parent_area_name": "Cornwall",
        "boundary_vintage": "LSOA 2011",
        "source_area_record": true,
        "accepted_parcel_record": false,
        "spatial_binding_method": "OFFICIAL_POLYGON_AND_EXACT_IDENTIFIER",
        "source_window_record_index": 4,
        "source_url": "https://raw.githubusercontent.com/ONSdigital/cdn.ons.gov.uk-assets/130bb351004270950dd4a434e27d80b588e7d0af/assets/topojson/lsoa_by_lad/topo_E06000052.json",
        "final_url": "https://raw.githubusercontent.com/ONSdigital/cdn.ons.gov.uk-assets/130bb351004270950dd4a434e27d80b588e7d0af/assets/topojson/lsoa_by_lad/topo_E06000052.json",
        "source_access_utc": "2026-10-02T05:46:30Z",
        "source_blob_sha": "5122ed59a03427c9913f20d0db5b9b203e7be41c",
        "source_file_sha256": "e313e88941def9339fe827e65196b707403d8baf6817be8b1b5216998e358b21",
        "field_evidence": {
          "LSOA11CD": "E01018805",
          "LSOA11NM": "Cornwall 063C",
          "geometry_type": "Polygon",
          "parent_LAD": "E06000052"
        },
        "evidence_slice_sha256": "f695cbe6b432e8dbd4c2cd9c6751c3e56861656b63d71d3cf81f9f95414d14a8",
        "confidence_score_0_100": 96,
        "evidence_grade": "A",
        "licence": "Open Government Licence v3.0",
        "licence_evidence_url": "https://www.ons.gov.uk/methodology/geography/licences",
        "fake_data": false,
        "local_spatial_join_status": "DEFERRED_TO_LOCAL_OPENCODE"
      }
    },
    {
      "type": "Feature",
      "id": "E01018806",
      "geometry": {
        "type": "Polygon",
        "coordinates": [
          [
            [
              -5.07049728439963,
              50.151174297326264
            ],
            [
              -5.07049728439963,
              50.15039624381599
            ],
            [
              -5.070181158761031,
              50.15049350050478
            ],
            [
              -5.069865033122431,
              50.15000721706086
            ],
            [
              -5.071445661315428,
              50.15000721706086
            ],
            [
              -5.071603724134727,
              50.14961819030572
            ],
            [
              -5.071287598496128,
              50.149715446994506
            ],
            [
              -5.071129535676828,
              50.14932642023937
            ],
            [
              -5.0720779125926265,
              50.14893739348423
            ],
            [
              -5.073974666424221,
              50.15010447374964
            ],
            [
              -5.074290792062821,
              50.14990996037207
            ],
            [
              -5.07492304334002,
              50.150201730438425
            ],
            [
              -5.075397231797918,
              50.14990996037207
            ],
            [
              -5.07476498052072,
              50.14952093361694
            ],
            [
              -5.075081106159319,
              50.14922916355059
            ],
            [
              -5.077135922810214,
              50.148645623417885
            ],
            [
              -5.076503671533016,
              50.14835385335153
            ],
            [
              -5.076345608713716,
              50.14679774633099
            ],
            [
              -5.07887461382251,
              50.14757579984126
            ],
            [
              -5.079981053557607,
              50.148159339973965
            ],
            [
              -5.081561681750603,
              50.14893739348423
            ],
            [
              -5.082826184305,
              50.14990996037207
            ],
            [
              -5.081087493292705,
              50.150201730438425
            ],
            [
              -5.080139116376907,
              50.15107704063748
            ],
            [
              -5.078084299726012,
              50.15059075719356
            ],
            [
              -5.077768174087413,
              50.15078527057113
            ],
            [
              -5.076977859990914,
              50.15039624381599
            ],
            [
              -5.0768197971716145,
              50.15059075719356
            ],
            [
              -5.077135922810214,
              50.15078527057113
            ],
            [
              -5.076345608713716,
              50.15136881070383
            ],
            [
              -5.07476498052072,
              50.15234137759167
            ],
            [
              -5.0738166036049215,
              50.15302217441316
            ],
            [
              -5.073026289508424,
              50.15253589096924
            ],
            [
              -5.073184352327724,
              50.15195235083653
            ],
            [
              -5.072710163869825,
              50.15146606739262
            ],
            [
              -5.074290792062821,
              50.150688013882345
            ],
            [
              -5.074132729243521,
              50.15029898712721
            ],
            [
              -5.072710163869825,
              50.14990996037207
            ],
            [
              -5.0720779125926265,
              50.15059075719356
            ],
            [
              -5.072394038231225,
              50.1509797839487
            ],
            [
              -5.071603724134727,
              50.151174297326264
            ],
            [
              -5.0706553472189295,
              50.15136881070383
            ],
            [
              -5.07049728439963,
              50.151174297326264
            ]
          ]
        ]
      },
      "properties": {
        "slot_id": "gas_emissions_6",
        "lineage_id": "LOCAL-NEW-92271296-1318-4c0c-a293-d0d4ebc2d06b",
        "page_generation": 1,
        "semantic_mode": "AREA_JOIN",
        "partition": {
          "start": 76904,
          "end": 92283,
          "count": 15380
        },
        "evidence_scope": "coverage_area",
        "coverage_area_id": "E01018806",
        "coverage_area_name": "Cornwall 063D",
        "coverage_area_identifier_scheme": "ONS_GSS_LSOA11",
        "parent_area_id": "E06000052",
        "parent_area_name": "Cornwall",
        "boundary_vintage": "LSOA 2011",
        "source_area_record": true,
        "accepted_parcel_record": false,
        "spatial_binding_method": "OFFICIAL_POLYGON_AND_EXACT_IDENTIFIER",
        "source_window_record_index": 5,
        "source_url": "https://raw.githubusercontent.com/ONSdigital/cdn.ons.gov.uk-assets/130bb351004270950dd4a434e27d80b588e7d0af/assets/topojson/lsoa_by_lad/topo_E06000052.json",
        "final_url": "https://raw.githubusercontent.com/ONSdigital/cdn.ons.gov.uk-assets/130bb351004270950dd4a434e27d80b588e7d0af/assets/topojson/lsoa_by_lad/topo_E06000052.json",
        "source_access_utc": "2026-10-02T05:46:30Z",
        "source_blob_sha": "5122ed59a03427c9913f20d0db5b9b203e7be41c",
        "source_file_sha256": "e313e88941def9339fe827e65196b707403d8baf6817be8b1b5216998e358b21",
        "field_evidence": {
          "LSOA11CD": "E01018806",
          "LSOA11NM": "Cornwall 063D",
          "geometry_type": "Polygon",
          "parent_LAD": "E06000052"
        },
        "evidence_slice_sha256": "f695cbe6b432e8dbd4c2cd9c6751c3e56861656b63d71d3cf81f9f95414d14a8",
        "confidence_score_0_100": 96,
        "evidence_grade": "A",
        "licence": "Open Government Licence v3.0",
        "licence_evidence_url": "https://www.ons.gov.uk/methodology/geography/licences",
        "fake_data": false,
        "local_spatial_join_status": "DEFERRED_TO_LOCAL_OPENCODE"
      }
    },
    {
      "type": "Feature",
      "id": "E01018807",
      "geometry": {
        "type": "Polygon",
        "coordinates": [
          [
            [
              -5.047103987143286,
              50.25864293843243
            ],
            [
              -5.043152416660796,
              50.25329382054932
            ],
            [
              -5.042520165383597,
              50.252710280416615
            ],
            [
              -5.0414137256485,
              50.25232125366148
            ],
            [
              -5.039516971816904,
              50.2497925797531
            ],
            [
              -5.039516971816904,
              50.249111782931614
            ],
            [
              -5.040623411552001,
              50.248139216043775
            ],
            [
              -5.044416919215193,
              50.24823647273256
            ],
            [
              -5.045839484588889,
              50.24891726955405
            ],
            [
              -5.046787861504687,
              50.24901452624283
            ],
            [
              -5.049000740974882,
              50.24833372942134
            ],
            [
              -5.050423306348578,
              50.24823647273256
            ],
            [
              -5.050739431987178,
              50.24882001286526
            ],
            [
              -5.055323253746867,
              50.24843098611013
            ],
            [
              -5.0572200075784615,
              50.248625499487694
            ],
            [
              -5.059432887048657,
              50.24950080968675
            ],
            [
              -5.060855452422353,
              50.25076514664094
            ],
            [
              -5.061329640880252,
              50.24988983644188
            ],
            [
              -5.0646489600855435,
              50.25232125366148
            ],
            [
              -5.065123148543443,
              50.25358559061567
            ],
            [
              -5.06622958827854,
              50.254849927569865
            ],
            [
              -5.068442467748735,
              50.25621152121283
            ],
            [
              -5.069706970303132,
              50.258448425054866
            ],
            [
              -5.067494090832938,
              50.25932373525392
            ],
            [
              -5.065755399820642,
              50.26068532889689
            ],
            [
              -5.064490897266245,
              50.25883745181
            ],
            [
              -5.061329640880252,
              50.25669780465675
            ],
            [
              -5.058800635771458,
              50.255725237768914
            ],
            [
              -5.05816838449426,
              50.256795061345535
            ],
            [
              -5.056745819120563,
              50.25767037154459
            ],
            [
              -5.055481316566166,
              50.25757311485581
            ],
            [
              -5.055481316566166,
              50.25708683141189
            ],
            [
              -5.0540587511924695,
              50.25757311485581
            ],
            [
              -5.053584562734571,
              50.25815665498851
            ],
            [
              -5.053742625553871,
              50.25874019512121
            ],
            [
              -5.054532939650368,
              50.25883745181
            ],
            [
              -5.0540587511924695,
              50.25971276200905
            ],
            [
              -5.054849065288968,
              50.25961550532027
            ],
            [
              -5.054691002469668,
              50.26126886902959
            ],
            [
              -5.052952311457372,
              50.26107435565203
            ],
            [
              -5.052636185818773,
              50.26078258558568
            ],
            [
              -5.052320060180174,
              50.26156063909595
            ],
            [
              -5.0510555576257765,
              50.260977098963245
            ],
            [
              -5.048684615336282,
              50.260490815519326
            ],
            [
              -5.047420112781886,
              50.25864293843243
            ],
            [
              -5.047103987143286,
              50.25864293843243
            ]
          ]
        ]
      },
      "properties": {
        "slot_id": "gas_emissions_6",
        "lineage_id": "LOCAL-NEW-92271296-1318-4c0c-a293-d0d4ebc2d06b",
        "page_generation": 1,
        "semantic_mode": "AREA_JOIN",
        "partition": {
          "start": 76904,
          "end": 92283,
          "count": 15380
        },
        "evidence_scope": "coverage_area",
        "coverage_area_id": "E01018807",
        "coverage_area_name": "Cornwall 044A",
        "coverage_area_identifier_scheme": "ONS_GSS_LSOA11",
        "parent_area_id": "E06000052",
        "parent_area_name": "Cornwall",
        "boundary_vintage": "LSOA 2011",
        "source_area_record": true,
        "accepted_parcel_record": false,
        "spatial_binding_method": "OFFICIAL_POLYGON_AND_EXACT_IDENTIFIER",
        "source_window_record_index": 6,
        "source_url": "https://raw.githubusercontent.com/ONSdigital/cdn.ons.gov.uk-assets/130bb351004270950dd4a434e27d80b588e7d0af/assets/topojson/lsoa_by_lad/topo_E06000052.json",
        "final_url": "https://raw.githubusercontent.com/ONSdigital/cdn.ons.gov.uk-assets/130bb351004270950dd4a434e27d80b588e7d0af/assets/topojson/lsoa_by_lad/topo_E06000052.json",
        "source_access_utc": "2026-10-02T05:46:30Z",
        "source_blob_sha": "5122ed59a03427c9913f20d0db5b9b203e7be41c",
        "source_file_sha256": "e313e88941def9339fe827e65196b707403d8baf6817be8b1b5216998e358b21",
        "field_evidence": {
          "LSOA11CD": "E01018807",
          "LSOA11NM": "Cornwall 044A",
          "geometry_type": "Polygon",
          "parent_LAD": "E06000052"
        },
        "evidence_slice_sha256": "f695cbe6b432e8dbd4c2cd9c6751c3e56861656b63d71d3cf81f9f95414d14a8",
        "confidence_score_0_100": 96,
        "evidence_grade": "A",
        "licence": "Open Government Licence v3.0",
        "licence_evidence_url": "https://www.ons.gov.uk/methodology/geography/licences",
        "fake_data": false,
        "local_spatial_join_status": "DEFERRED_TO_LOCAL_OPENCODE"
      }
    },
    {
      "type": "Feature",
      "id": "E01018808",
      "geometry": {
        "type": "Polygon",
        "coordinates": [
          [
            [
              -5.054849065288968,
              50.25961550532027
            ],
            [
              -5.0540587511924695,
              50.25971276200905
            ],
            [
              -5.054532939650368,
              50.25883745181
            ],
            [
              -5.053742625553871,
              50.25874019512121
            ],
            [
              -5.053584562734571,
              50.25815665498851
            ],
            [
              -5.0540587511924695,
              50.25757311485581
            ],
            [
              -5.055481316566166,
              50.25708683141189
            ],
            [
              -5.055481316566166,
              50.25757311485581
            ],
            [
              -5.056745819120563,
              50.25767037154459
            ],
            [
              -5.05816838449426,
              50.256795061345535
            ],
            [
              -5.058800635771458,
              50.255725237768914
            ],
            [
              -5.061329640880252,
              50.25669780465675
            ],
            [
              -5.064490897266245,
              50.25883745181
            ],
            [
              -5.065755399820642,
              50.26068532889689
            ],
            [
              -5.065439274182042,
              50.26078258558568
            ],
            [
              -5.064016708808346,
              50.26039355883054
            ],
            [
              -5.064174771627645,
              50.259907275386624
            ],
            [
              -5.062910269073249,
              50.25864293843243
            ],
            [
              -5.06227801779605,
              50.258934708498785
            ],
            [
              -5.062910269073249,
              50.25951824863149
            ],
            [
              -5.062752206253949,
              50.26010178876419
            ],
            [
              -5.06211995497675,
              50.26058807220811
            ],
            [
              -5.0616457665188515,
              50.26029630214176
            ],
            [
              -5.061013515241653,
              50.26087984227446
            ],
            [
              -5.058800635771458,
              50.26165789578473
            ],
            [
              -5.058800635771458,
              50.261949665851084
            ],
            [
              -5.0570619447591625,
              50.26233869260622
            ],
            [
              -5.0570619447591625,
              50.2618524091623
            ],
            [
              -5.056429693481964,
              50.26175515247351
            ],
            [
              -5.056113567843365,
              50.26126886902959
            ],
            [
              -5.056745819120563,
              50.25981001869784
            ],
            [
              -5.054849065288968,
              50.25961550532027
            ]
          ]
        ]
      },
      "properties": {
        "slot_id": "gas_emissions_6",
        "lineage_id": "LOCAL-NEW-92271296-1318-4c0c-a293-d0d4ebc2d06b",
        "page_generation": 1,
        "semantic_mode": "AREA_JOIN",
        "partition": {
          "start": 76904,
          "end": 92283,
          "count": 15380
        },
        "evidence_scope": "coverage_area",
        "coverage_area_id": "E01018808",
        "coverage_area_name": "Cornwall 044B",
        "coverage_area_identifier_scheme": "ONS_GSS_LSOA11",
        "parent_area_id": "E06000052",
        "parent_area_name": "Cornwall",
        "boundary_vintage": "LSOA 2011",
        "source_area_record": true,
        "accepted_parcel_record": false,
        "spatial_binding_method": "OFFICIAL_POLYGON_AND_EXACT_IDENTIFIER",
        "source_window_record_index": 7,
        "source_url": "https://raw.githubusercontent.com/ONSdigital/cdn.ons.gov.uk-assets/130bb351004270950dd4a434e27d80b588e7d0af/assets/topojson/lsoa_by_lad/topo_E06000052.json",
        "final_url": "https://raw.githubusercontent.com/ONSdigital/cdn.ons.gov.uk-assets/130bb351004270950dd4a434e27d80b588e7d0af/assets/topojson/lsoa_by_lad/topo_E06000052.json",
        "source_access_utc": "2026-10-02T05:46:30Z",
        "source_blob_sha": "5122ed59a03427c9913f20d0db5b9b203e7be41c",
        "source_file_sha256": "e313e88941def9339fe827e65196b707403d8baf6817be8b1b5216998e358b21",
        "field_evidence": {
          "LSOA11CD": "E01018808",
          "LSOA11NM": "Cornwall 044B",
          "geometry_type": "Polygon",
          "parent_LAD": "E06000052"
        },
        "evidence_slice_sha256": "f695cbe6b432e8dbd4c2cd9c6751c3e56861656b63d71d3cf81f9f95414d14a8",
        "confidence_score_0_100": 96,
        "evidence_grade": "A",
        "licence": "Open Government Licence v3.0",
        "licence_evidence_url": "https://www.ons.gov.uk/methodology/geography/licences",
        "fake_data": false,
        "local_spatial_join_status": "DEFERRED_TO_LOCAL_OPENCODE"
      }
    },
    {
      "type": "Feature",
      "id": "E01018809",
      "geometry": {
        "type": "Polygon",
        "coordinates": [
          [
            [
              -5.044574982034493,
              50.26467285313703
            ],
            [
              -5.045839484588889,
              50.26379754293798
            ],
            [
              -5.046945924323987,
              50.263019489427705
            ],
            [
              -5.047736238420485,
              50.26360302956041
            ],
            [
              -5.049791055071379,
              50.263992056315544
            ],
            [
              -5.0494749294327805,
              50.26389479962676
            ],
            [
              -5.048842678155582,
              50.26370028624919
            ],
            [
              -5.0480523640590835,
              50.26331125949406
            ],
            [
              -5.047103987143286,
              50.26204692253987
            ],
            [
              -5.049158803794182,
              50.26214417922865
            ],
            [
              -5.048526552516983,
              50.261949665851084
            ],
            [
              -5.046945924323987,
              50.26156063909595
            ],
            [
              -5.046155610227489,
              50.26087984227446
            ],
            [
              -5.046155610227489,
              50.259907275386624
            ],
            [
              -5.047103987143286,
              50.259420991942704
            ],
            [
              -5.047103987143286,
              50.25864293843243
            ],
            [
              -5.047420112781886,
              50.25864293843243
            ],
            [
              -5.048684615336282,
              50.260490815519326
            ],
            [
              -5.0510555576257765,
              50.260977098963245
            ],
            [
              -5.052320060180174,
              50.26156063909595
            ],
            [
              -5.052636185818773,
              50.26078258558568
            ],
            [
              -5.052952311457372,
              50.26107435565203
            ],
            [
              -5.054691002469668,
              50.26126886902959
            ],
            [
              -5.054849065288968,
              50.25961550532027
            ],
            [
              -5.056745819120563,
              50.25981001869784
            ],
            [
              -5.056113567843365,
              50.26126886902959
            ],
            [
              -5.056429693481964,
              50.26175515247351
            ],
            [
              -5.0570619447591625,
              50.2618524091623
            ],
            [
              -5.0570619447591625,
              50.26233869260622
            ],
            [
              -5.058800635771458,
              50.261949665851084
            ],
            [
              -5.058958698590757,
              50.26214417922865
            ],
            [
              -5.05816838449426,
              50.262533205983786
            ],
            [
              -5.058484510132859,
              50.26263046267257
            ],
            [
              -5.059116761410057,
              50.26272771936135
            ],
            [
              -5.060381263964454,
              50.26331125949406
            ],
            [
              -5.062752206253949,
              50.26360302956041
            ],
            [
              -5.062594143434649,
              50.26418656969311
            ],
            [
              -5.060697389603053,
              50.264575596448246
            ],
            [
              -5.059907075506556,
              50.2648673665146
            ],
            [
              -5.0570619447591625,
              50.266034446780004
            ],
            [
              -5.053584562734571,
              50.26739604042298
            ],
            [
              -5.053426499915271,
              50.266715243601496
            ],
            [
              -5.052636185818773,
              50.26613170346879
            ],
            [
              -5.052161997360874,
              50.26681250029028
            ],
            [
              -5.051371683264376,
              50.266715243601496
            ],
            [
              -5.050423306348578,
              50.266034446780004
            ],
            [
              -5.048526552516983,
              50.2654509066473
            ],
            [
              -5.047420112781886,
              50.26535364995852
            ],
            [
              -5.046787861504687,
              50.26515913658095
            ],
            [
              -5.044574982034493,
              50.26467285313703
            ]
          ]
        ]
      },
      "properties": {
        "slot_id": "gas_emissions_6",
        "lineage_id": "LOCAL-NEW-92271296-1318-4c0c-a293-d0d4ebc2d06b",
        "page_generation": 1,
        "semantic_mode": "AREA_JOIN",
        "partition": {
          "start": 76904,
          "end": 92283,
          "count": 15380
        },
        "evidence_scope": "coverage_area",
        "coverage_area_id": "E01018809",
        "coverage_area_name": "Cornwall 044C",
        "coverage_area_identifier_scheme": "ONS_GSS_LSOA11",
        "parent_area_id": "E06000052",
        "parent_area_name": "Cornwall",
        "boundary_vintage": "LSOA 2011",
        "source_area_record": true,
        "accepted_parcel_record": false,
        "spatial_binding_method": "OFFICIAL_POLYGON_AND_EXACT_IDENTIFIER",
        "source_window_record_index": 8,
        "source_url": "https://raw.githubusercontent.com/ONSdigital/cdn.ons.gov.uk-assets/130bb351004270950dd4a434e27d80b588e7d0af/assets/topojson/lsoa_by_lad/topo_E06000052.json",
        "final_url": "https://raw.githubusercontent.com/ONSdigital/cdn.ons.gov.uk-assets/130bb351004270950dd4a434e27d80b588e7d0af/assets/topojson/lsoa_by_lad/topo_E06000052.json",
        "source_access_utc": "2026-10-02T05:46:30Z",
        "source_blob_sha": "5122ed59a03427c9913f20d0db5b9b203e7be41c",
        "source_file_sha256": "e313e88941def9339fe827e65196b707403d8baf6817be8b1b5216998e358b21",
        "field_evidence": {
          "LSOA11CD": "E01018809",
          "LSOA11NM": "Cornwall 044C",
          "geometry_type": "Polygon",
          "parent_LAD": "E06000052"
        },
        "evidence_slice_sha256": "f695cbe6b432e8dbd4c2cd9c6751c3e56861656b63d71d3cf81f9f95414d14a8",
        "confidence_score_0_100": 96,
        "evidence_grade": "A",
        "licence": "Open Government Licence v3.0",
        "licence_evidence_url": "https://www.ons.gov.uk/methodology/geography/licences",
        "fake_data": false,
        "local_spatial_join_status": "DEFERRED_TO_LOCAL_OPENCODE"
      }
    },
    {
      "type": "Feature",
      "id": "E01018810",
      "geometry": {
        "type": "Polygon",
        "coordinates": [
          [
            [
              -5.060697389603053,
              50.264575596448246
            ],
            [
              -5.062594143434649,
              50.26418656969311
            ],
            [
              -5.062752206253949,
              50.26360302956041
            ],
            [
              -5.060381263964454,
              50.26331125949406
            ],
            [
              -5.059116761410057,
              50.26272771936135
            ],
            [
              -5.058484510132859,
              50.26263046267257
            ],
            [
              -5.05816838449426,
              50.262533205983786
            ],
            [
              -5.058958698590757,
              50.26214417922865
            ],
            [
              -5.058800635771458,
              50.261949665851084
            ],
            [
              -5.058800635771458,
              50.26165789578473
            ],
            [
              -5.061013515241653,
              50.26087984227446
            ],
            [
              -5.0616457665188515,
              50.26029630214176
            ],
            [
              -5.06211995497675,
              50.26058807220811
            ],
            [
              -5.062752206253949,
              50.26010178876419
            ],
            [
              -5.062910269073249,
              50.25951824863149
            ],
            [
              -5.06227801779605,
              50.258934708498785
            ],
            [
              -5.062910269073249,
              50.25864293843243
            ],
            [
              -5.064174771627645,
              50.259907275386624
            ],
            [
              -5.064016708808346,
              50.26039355883054
            ],
            [
              -5.065439274182042,
              50.26078258558568
            ],
            [
              -5.065755399820642,
              50.26068532889689
            ],
            [
              -5.067494090832938,
              50.25932373525392
            ],
            [
              -5.069706970303132,
              50.258448425054866
            ],
            [
              -5.068442467748735,
              50.25621152121283
            ],
            [
              -5.071287598496128,
              50.25660054796797
            ],
            [
              -5.0738166036049215,
              50.256795061345535
            ],
            [
              -5.076345608713716,
              50.25611426452405
            ],
            [
              -5.072868226689124,
              50.25932373525392
            ],
            [
              -5.0706553472189295,
              50.26136612571838
            ],
            [
              -5.070339221580331,
              50.26233869260622
            ],
            [
              -5.071445661315428,
              50.26282497605014
            ],
            [
              -5.070181158761031,
              50.264478339759464
            ],
            [
              -5.071129535676828,
              50.26515913658095
            ],
            [
              -5.068442467748735,
              50.26622896015758
            ],
            [
              -5.068284404929435,
              50.26681250029028
            ],
            [
              -5.066703776736439,
              50.266520730223924
            ],
            [
              -5.065755399820642,
              50.26681250029028
            ],
            [
              -5.063700583169746,
              50.26574267671366
            ],
            [
              -5.063700583169746,
              50.26515913658095
            ],
            [
              -5.060697389603053,
              50.264575596448246
            ]
          ]
        ]
      },
      "properties": {
        "slot_id": "gas_emissions_6",
        "lineage_id": "LOCAL-NEW-92271296-1318-4c0c-a293-d0d4ebc2d06b",
        "page_generation": 1,
        "semantic_mode": "AREA_JOIN",
        "partition": {
          "start": 76904,
          "end": 92283,
          "count": 15380
        },
        "evidence_scope": "coverage_area",
        "coverage_area_id": "E01018810",
        "coverage_area_name": "Cornwall 044D",
        "coverage_area_identifier_scheme": "ONS_GSS_LSOA11",
        "parent_area_id": "E06000052",
        "parent_area_name": "Cornwall",
        "boundary_vintage": "LSOA 2011",
        "source_area_record": true,
        "accepted_parcel_record": false,
        "spatial_binding_method": "OFFICIAL_POLYGON_AND_EXACT_IDENTIFIER",
        "source_window_record_index": 9,
        "source_url": "https://raw.githubusercontent.com/ONSdigital/cdn.ons.gov.uk-assets/130bb351004270950dd4a434e27d80b588e7d0af/assets/topojson/lsoa_by_lad/topo_E06000052.json",
        "final_url": "https://raw.githubusercontent.com/ONSdigital/cdn.ons.gov.uk-assets/130bb351004270950dd4a434e27d80b588e7d0af/assets/topojson/lsoa_by_lad/topo_E06000052.json",
        "source_access_utc": "2026-10-02T05:46:30Z",
        "source_blob_sha": "5122ed59a03427c9913f20d0db5b9b203e7be41c",
        "source_file_sha256": "e313e88941def9339fe827e65196b707403d8baf6817be8b1b5216998e358b21",
        "field_evidence": {
          "LSOA11CD": "E01018810",
          "LSOA11NM": "Cornwall 044D",
          "geometry_type": "Polygon",
          "parent_LAD": "E06000052"
        },
        "evidence_slice_sha256": "f695cbe6b432e8dbd4c2cd9c6751c3e56861656b63d71d3cf81f9f95414d14a8",
        "confidence_score_0_100": 96,
        "evidence_grade": "A",
        "licence": "Open Government Licence v3.0",
        "licence_evidence_url": "https://www.ons.gov.uk/methodology/geography/licences",
        "fake_data": false,
        "local_spatial_join_status": "DEFERRED_TO_LOCAL_OPENCODE"
      }
    },
    {
      "type": "Feature",
      "id": "E01018811",
      "geometry": {
        "type": "Polygon",
        "coordinates": [
          [
            [
              -5.088358382980487,
              50.146992259708554
            ],
            [
              -5.0888325714383855,
              50.14640871957585
            ],
            [
              -5.090571262450681,
              50.14592243613193
            ],
            [
              -5.089939011173483,
              50.14572792275437
            ],
            [
              -5.0902551368120825,
              50.145047125932884
            ],
            [
              -5.089464822715584,
              50.144560842488964
            ],
            [
              -5.087726131703288,
              50.144463585800175
            ],
            [
              -5.086461629148891,
              50.14485261255531
            ],
            [
              -5.084881000955895,
              50.144463585800175
            ],
            [
              -5.084722938136595,
              50.144074559045045
            ],
            [
              -5.086619691968191,
              50.142615708713286
            ],
            [
              -5.0872519432453895,
              50.1425184520245
            ],
            [
              -5.089780948354184,
              50.14115685838153
            ],
            [
              -5.090571262450681,
              50.141448628447876
            ],
            [
              -5.090413199631382,
              50.141934911891795
            ],
            [
              -5.09136157654718,
              50.14154588513666
            ],
            [
              -5.094048644475273,
              50.143101992157206
            ],
            [
              -5.09515508421037,
              50.14465809917775
            ],
            [
              -5.09547120984897,
              50.146992259708554
            ],
            [
              -5.09547120984897,
              50.14932642023937
            ],
            [
              -5.094997021391071,
              50.14952093361694
            ],
            [
              -5.0948389585717715,
              50.14874288010667
            ],
            [
              -5.094364770113873,
              50.148645623417885
            ],
            [
              -5.092468016282277,
              50.14952093361694
            ],
            [
              -5.091677702185779,
              50.14952093361694
            ],
            [
              -5.090729325269981,
              50.14806208328518
            ],
            [
              -5.088990634257685,
              50.146992259708554
            ],
            [
              -5.088358382980487,
              50.146992259708554
            ]
          ]
        ]
      },
      "properties": {
        "slot_id": "gas_emissions_6",
        "lineage_id": "LOCAL-NEW-92271296-1318-4c0c-a293-d0d4ebc2d06b",
        "page_generation": 1,
        "semantic_mode": "AREA_JOIN",
        "partition": {
          "start": 76904,
          "end": 92283,
          "count": 15380
        },
        "evidence_scope": "coverage_area",
        "coverage_area_id": "E01018811",
        "coverage_area_name": "Cornwall 064A",
        "coverage_area_identifier_scheme": "ONS_GSS_LSOA11",
        "parent_area_id": "E06000052",
        "parent_area_name": "Cornwall",
        "boundary_vintage": "LSOA 2011",
        "source_area_record": true,
        "accepted_parcel_record": false,
        "spatial_binding_method": "OFFICIAL_POLYGON_AND_EXACT_IDENTIFIER",
        "source_window_record_index": 10,
        "source_url": "https://raw.githubusercontent.com/ONSdigital/cdn.ons.gov.uk-assets/130bb351004270950dd4a434e27d80b588e7d0af/assets/topojson/lsoa_by_lad/topo_E06000052.json",
        "final_url": "https://raw.githubusercontent.com/ONSdigital/cdn.ons.gov.uk-assets/130bb351004270950dd4a434e27d80b588e7d0af/assets/topojson/lsoa_by_lad/topo_E06000052.json",
        "source_access_utc": "2026-10-02T05:46:30Z",
        "source_blob_sha": "5122ed59a03427c9913f20d0db5b9b203e7be41c",
        "source_file_sha256": "e313e88941def9339fe827e65196b707403d8baf6817be8b1b5216998e358b21",
        "field_evidence": {
          "LSOA11CD": "E01018811",
          "LSOA11NM": "Cornwall 064A",
          "geometry_type": "Polygon",
          "parent_LAD": "E06000052"
        },
        "evidence_slice_sha256": "f695cbe6b432e8dbd4c2cd9c6751c3e56861656b63d71d3cf81f9f95414d14a8",
        "confidence_score_0_100": 96,
        "evidence_grade": "A",
        "licence": "Open Government Licence v3.0",
        "licence_evidence_url": "https://www.ons.gov.uk/methodology/geography/licences",
        "fake_data": false,
        "local_spatial_join_status": "DEFERRED_TO_LOCAL_OPENCODE"
      }
    },
    {
      "type": "Feature",
      "id": "E01018812",
      "geometry": {
        "type": "Polygon",
        "coordinates": [
          [
            [
              -5.083932624040098,
              50.151174297326264
            ],
            [
              -5.082826184305,
              50.14990996037207
            ],
            [
              -5.081561681750603,
              50.14893739348423
            ],
            [
              -5.079981053557607,
              50.148159339973965
            ],
            [
              -5.07887461382251,
              50.14757579984126
            ],
            [
              -5.076345608713716,
              50.14679774633099
            ],
            [
              -5.07476498052072,
              50.146505976264635
            ],
            [
              -5.07476498052072,
              50.14631146288707
            ],
            [
              -5.07492304334002,
              50.14592243613193
            ],
            [
              -5.077768174087413,
              50.14533889599923
            ],
            [
              -5.078084299726012,
              50.14485261255531
            ],
            [
              -5.07887461382251,
              50.144949869244094
            ],
            [
              -5.0798229907383075,
              50.14436632911139
            ],
            [
              -5.07887461382251,
              50.14203216858058
            ],
            [
              -5.082510058666401,
              50.141934911891795
            ],
            [
              -5.084564875317296,
              50.14329650553477
            ],
            [
              -5.084722938136595,
              50.144074559045045
            ],
            [
              -5.084881000955895,
              50.144463585800175
            ],
            [
              -5.086461629148891,
              50.14485261255531
            ],
            [
              -5.087726131703288,
              50.144463585800175
            ],
            [
              -5.089464822715584,
              50.144560842488964
            ],
            [
              -5.0902551368120825,
              50.145047125932884
            ],
            [
              -5.089939011173483,
              50.14572792275437
            ],
            [
              -5.090571262450681,
              50.14592243613193
            ],
            [
              -5.0888325714383855,
              50.14640871957585
            ],
            [
              -5.088358382980487,
              50.146992259708554
            ],
            [
              -5.087726131703288,
              50.14670048964221
            ],
            [
              -5.086461629148891,
              50.147186773086126
            ],
            [
              -5.085355189413794,
              50.148159339973965
            ],
            [
              -5.085987440690992,
              50.14825659666275
            ],
            [
              -5.086461629148891,
              50.147673056530046
            ],
            [
              -5.0872519432453895,
              50.14757579984126
            ],
            [
              -5.086777754787491,
              50.1485483667291
            ],
            [
              -5.088200320161187,
              50.14874288010667
            ],
            [
              -5.087884194522588,
              50.14942367692815
            ],
            [
              -5.086777754787491,
              50.14932642023937
            ],
            [
              -5.086145503510292,
              50.15000721706086
            ],
            [
              -5.084881000955895,
              50.15000721706086
            ],
            [
              -5.083932624040098,
              50.151174297326264
            ]
          ]
        ]
      },
      "properties": {
        "slot_id": "gas_emissions_6",
        "lineage_id": "LOCAL-NEW-92271296-1318-4c0c-a293-d0d4ebc2d06b",
        "page_generation": 1,
        "semantic_mode": "AREA_JOIN",
        "partition": {
          "start": 76904,
          "end": 92283,
          "count": 15380
        },
        "evidence_scope": "coverage_area",
        "coverage_area_id": "E01018812",
        "coverage_area_name": "Cornwall 064B",
        "coverage_area_identifier_scheme": "ONS_GSS_LSOA11",
        "parent_area_id": "E06000052",
        "parent_area_name": "Cornwall",
        "boundary_vintage": "LSOA 2011",
        "source_area_record": true,
        "accepted_parcel_record": false,
        "spatial_binding_method": "OFFICIAL_POLYGON_AND_EXACT_IDENTIFIER",
        "source_window_record_index": 11,
        "source_url": "https://raw.githubusercontent.com/ONSdigital/cdn.ons.gov.uk-assets/130bb351004270950dd4a434e27d80b588e7d0af/assets/topojson/lsoa_by_lad/topo_E06000052.json",
        "final_url": "https://raw.githubusercontent.com/ONSdigital/cdn.ons.gov.uk-assets/130bb351004270950dd4a434e27d80b588e7d0af/assets/topojson/lsoa_by_lad/topo_E06000052.json",
        "source_access_utc": "2026-10-02T05:46:30Z",
        "source_blob_sha": "5122ed59a03427c9913f20d0db5b9b203e7be41c",
        "source_file_sha256": "e313e88941def9339fe827e65196b707403d8baf6817be8b1b5216998e358b21",
        "field_evidence": {
          "LSOA11CD": "E01018812",
          "LSOA11NM": "Cornwall 064B",
          "geometry_type": "Polygon",
          "parent_LAD": "E06000052"
        },
        "evidence_slice_sha256": "f695cbe6b432e8dbd4c2cd9c6751c3e56861656b63d71d3cf81f9f95414d14a8",
        "confidence_score_0_100": 96,
        "evidence_grade": "A",
        "licence": "Open Government Licence v3.0",
        "licence_evidence_url": "https://www.ons.gov.uk/methodology/geography/licences",
        "fake_data": false,
        "local_spatial_join_status": "DEFERRED_TO_LOCAL_OPENCODE"
      }
    },
    {
      "type": "Feature",
      "id": "E01018813",
      "geometry": {
        "type": "Polygon",
        "coordinates": [
          [
            [
              -5.0766617343523155,
              50.13930898129463
            ],
            [
              -5.0768197971716145,
              50.13716933414139
            ],
            [
              -5.076345608713716,
              50.1370720774526
            ],
            [
              -5.075555294617217,
              50.13609951056476
            ],
            [
              -5.07492304334002,
              50.13609951056476
            ],
            [
              -5.075397231797918,
              50.135807740498414
            ],
            [
              -5.075081106159319,
              50.13551597043206
            ],
            [
              -5.0736585407856225,
              50.13551597043206
            ],
            [
              -5.0738166036049215,
              50.13502968698814
            ],
            [
              -5.073342415147023,
              50.13502968698814
            ],
            [
              -5.0738166036049215,
              50.134835173610576
            ],
            [
              -5.072868226689124,
              50.134348890166656
            ],
            [
              -5.075081106159319,
              50.13357083665638
            ],
            [
              -5.076977859990914,
              50.13337632327882
            ],
            [
              -5.076503671533016,
              50.13318180990125
            ],
            [
              -5.0782423625453115,
              50.1328900398349
            ],
            [
              -5.079190739461109,
              50.1328900398349
            ],
            [
              -5.079664927919008,
              50.13259826976854
            ],
            [
              -5.080297179196206,
              50.13152844619192
            ],
            [
              -5.080771367654105,
              50.13152844619192
            ],
            [
              -5.081719744569903,
              50.131042162748
            ],
            [
              -5.082193933027802,
              50.1304586226153
            ],
            [
              -5.081403618931303,
              50.130069595860164
            ],
            [
              -5.081561681750603,
              50.129583312416244
            ],
            [
              -5.082351995847102,
              50.1292915423499
            ],
            [
              -5.081877807389203,
              50.1292915423499
            ],
            [
              -5.082035870208502,
              50.12899977228354
            ],
            [
              -5.083616498401499,
              50.12870800221719
            ],
            [
              -5.085355189413794,
              50.12783269201814
            ],
            [
              -5.085355189413794,
              50.128124462084486
            ],
            [
              -5.085987440690992,
              50.12763817864057
            ],
            [
              -5.087726131703288,
              50.12724915188544
            ],
            [
              -5.088200320161187,
              50.126568355063945
            ],
            [
              -5.0902551368120825,
              50.12676286844152
            ],
            [
              -5.093574456017374,
              50.126082071620026
            ],
            [
              -5.093100267559476,
              50.12472047797705
            ],
            [
              -5.092626079101577,
              50.1244287079107
            ],
            [
              -5.09136157654718,
              50.12462322128827
            ],
            [
              -5.094048644475273,
              50.12423419453313
            ],
            [
              -5.094364770113873,
              50.124525964599485
            ],
            [
              -5.096577649584067,
              50.12831897546206
            ],
            [
              -5.096735712403367,
              50.12919428566111
            ],
            [
              -5.096261523945468,
              50.13036136592652
            ],
            [
              -5.095629272668269,
              50.13084764937044
            ],
            [
              -5.095787335487569,
              50.131722959569494
            ],
            [
              -5.094997021391071,
              50.1334735799676
            ],
            [
              -5.093732518836674,
              50.13454340354422
            ],
            [
              -5.093732518836674,
              50.13493243029936
            ],
            [
              -5.0932583303787755,
              50.13541871374328
            ],
            [
              -5.092784141920877,
              50.13814190102923
            ],
            [
              -5.091045450908581,
              50.140865088315174
            ],
            [
              -5.09136157654718,
              50.14154588513666
            ],
            [
              -5.090413199631382,
              50.141934911891795
            ],
            [
              -5.090571262450681,
              50.141448628447876
            ],
            [
              -5.089780948354184,
              50.14115685838153
            ],
            [
              -5.0872519432453895,
              50.1425184520245
            ],
            [
              -5.086619691968191,
              50.142615708713286
            ],
            [
              -5.084722938136595,
              50.144074559045045
            ],
            [
              -5.084564875317296,
              50.14329650553477
            ],
            [
              -5.082510058666401,
              50.141934911891795
            ],
            [
              -5.07887461382251,
              50.14203216858058
            ],
            [
              -5.0798229907383075,
              50.14436632911139
            ],
            [
              -5.07887461382251,
              50.144949869244094
            ],
            [
              -5.078084299726012,
              50.14485261255531
            ],
            [
              -5.0768197971716145,
              50.1425184520245
            ],
            [
              -5.077452048448813,
              50.13930898129463
            ],
            [
              -5.0766617343523155,
              50.13930898129463
            ]
          ]
        ]
      },
      "properties": {
        "slot_id": "gas_emissions_6",
        "lineage_id": "LOCAL-NEW-92271296-1318-4c0c-a293-d0d4ebc2d06b",
        "page_generation": 1,
        "semantic_mode": "AREA_JOIN",
        "partition": {
          "start": 76904,
          "end": 92283,
          "count": 15380
        },
        "evidence_scope": "coverage_area",
        "coverage_area_id": "E01018813",
        "coverage_area_name": "Cornwall 064C",
        "coverage_area_identifier_scheme": "ONS_GSS_LSOA11",
        "parent_area_id": "E06000052",
        "parent_area_name": "Cornwall",
        "boundary_vintage": "LSOA 2011",
        "source_area_record": true,
        "accepted_parcel_record": false,
        "spatial_binding_method": "OFFICIAL_POLYGON_AND_EXACT_IDENTIFIER",
        "source_window_record_index": 12,
        "source_url": "https://raw.githubusercontent.com/ONSdigital/cdn.ons.gov.uk-assets/130bb351004270950dd4a434e27d80b588e7d0af/assets/topojson/lsoa_by_lad/topo_E06000052.json",
        "final_url": "https://raw.githubusercontent.com/ONSdigital/cdn.ons.gov.uk-assets/130bb351004270950dd4a434e27d80b588e7d0af/assets/topojson/lsoa_by_lad/topo_E06000052.json",
        "source_access_utc": "2026-10-02T05:46:30Z",
        "source_blob_sha": "5122ed59a03427c9913f20d0db5b9b203e7be41c",
        "source_file_sha256": "e313e88941def9339fe827e65196b707403d8baf6817be8b1b5216998e358b21",
        "field_evidence": {
          "LSOA11CD": "E01018813",
          "LSOA11NM": "Cornwall 064C",
          "geometry_type": "Polygon",
          "parent_LAD": "E06000052"
        },
        "evidence_slice_sha256": "f695cbe6b432e8dbd4c2cd9c6751c3e56861656b63d71d3cf81f9f95414d14a8",
        "confidence_score_0_100": 96,
        "evidence_grade": "A",
        "licence": "Open Government Licence v3.0",
        "licence_evidence_url": "https://www.ons.gov.uk/methodology/geography/licences",
        "fake_data": false,
        "local_spatial_join_status": "DEFERRED_TO_LOCAL_OPENCODE"
      }
    },
    {
      "type": "Feature",
      "id": "E01018814",
      "geometry": {
        "type": "Polygon",
        "coordinates": [
          [
            [
              -5.083932624040098,
              50.151174297326264
            ],
            [
              -5.084881000955895,
              50.15000721706086
            ],
            [
              -5.086145503510292,
              50.15000721706086
            ],
            [
              -5.086777754787491,
              50.14932642023937
            ],
            [
              -5.087884194522588,
              50.14942367692815
            ],
            [
              -5.088200320161187,
              50.14874288010667
            ],
            [
              -5.086777754787491,
              50.1485483667291
            ],
            [
              -5.0872519432453895,
              50.14757579984126
            ],
            [
              -5.086461629148891,
              50.147673056530046
            ],
            [
              -5.085987440690992,
              50.14825659666275
            ],
            [
              -5.085355189413794,
              50.148159339973965
            ],
            [
              -5.086461629148891,
              50.147186773086126
            ],
            [
              -5.087726131703288,
              50.14670048964221
            ],
            [
              -5.088358382980487,
              50.146992259708554
            ],
            [
              -5.088990634257685,
              50.146992259708554
            ],
            [
              -5.090729325269981,
              50.14806208328518
            ],
            [
              -5.091677702185779,
              50.14952093361694
            ],
            [
              -5.092468016282277,
              50.14952093361694
            ],
            [
              -5.094364770113873,
              50.148645623417885
            ],
            [
              -5.0948389585717715,
              50.14874288010667
            ],
            [
              -5.094997021391071,
              50.14952093361694
            ],
            [
              -5.09547120984897,
              50.14932642023937
            ],
            [
              -5.097051838041966,
              50.15049350050478
            ],
            [
              -5.098474403415663,
              50.15243863428045
            ],
            [
              -5.098632466234962,
              50.153702971234644
            ],
            [
              -5.100213094427959,
              50.15506456487762
            ],
            [
              -5.100213094427959,
              50.1551618215664
            ],
            [
              -5.0994227803314605,
              50.15564810501032
            ],
            [
              -5.096577649584067,
              50.15535633494397
            ],
            [
              -5.096577649584067,
              50.15555084832154
            ],
            [
              -5.093574456017374,
              50.15496730818884
            ],
            [
              -5.091045450908581,
              50.15389748461221
            ],
            [
              -5.089780948354184,
              50.15350845785708
            ],
            [
              -5.089148697076985,
              50.153216687790724
            ],
            [
              -5.0888325714383855,
              50.15350845785708
            ],
            [
              -5.086619691968191,
              50.152730404346805
            ],
            [
              -5.085987440690992,
              50.15302217441316
            ],
            [
              -5.085671315052394,
              50.152730404346805
            ],
            [
              -5.085355189413794,
              50.15282766103559
            ],
            [
              -5.083932624040098,
              50.151174297326264
            ]
          ]
        ]
      },
      "properties": {
        "slot_id": "gas_emissions_6",
        "lineage_id": "LOCAL-NEW-92271296-1318-4c0c-a293-d0d4ebc2d06b",
        "page_generation": 1,
        "semantic_mode": "AREA_JOIN",
        "partition": {
          "start": 76904,
          "end": 92283,
          "count": 15380
        },
        "evidence_scope": "coverage_area",
        "coverage_area_id": "E01018814",
        "coverage_area_name": "Cornwall 064D",
        "coverage_area_identifier_scheme": "ONS_GSS_LSOA11",
        "parent_area_id": "E06000052",
        "parent_area_name": "Cornwall",
        "boundary_vintage": "LSOA 2011",
        "source_area_record": true,
        "accepted_parcel_record": false,
        "spatial_binding_method": "OFFICIAL_POLYGON_AND_EXACT_IDENTIFIER",
        "source_window_record_index": 13,
        "source_url": "https://raw.githubusercontent.com/ONSdigital/cdn.ons.gov.uk-assets/130bb351004270950dd4a434e27d80b588e7d0af/assets/topojson/lsoa_by_lad/topo_E06000052.json",
        "final_url": "https://raw.githubusercontent.com/ONSdigital/cdn.ons.gov.uk-assets/130bb351004270950dd4a434e27d80b588e7d0af/assets/topojson/lsoa_by_lad/topo_E06000052.json",
        "source_access_utc": "2026-10-02T05:46:30Z",
        "source_blob_sha": "5122ed59a03427c9913f20d0db5b9b203e7be41c",
        "source_file_sha256": "e313e88941def9339fe827e65196b707403d8baf6817be8b1b5216998e358b21",
        "field_evidence": {
          "LSOA11CD": "E01018814",
          "LSOA11NM": "Cornwall 064D",
          "geometry_type": "Polygon",
          "parent_LAD": "E06000052"
        },
        "evidence_slice_sha256": "f695cbe6b432e8dbd4c2cd9c6751c3e56861656b63d71d3cf81f9f95414d14a8",
        "confidence_score_0_100": 96,
        "evidence_grade": "A",
        "licence": "Open Government Licence v3.0",
        "licence_evidence_url": "https://www.ons.gov.uk/methodology/geography/licences",
        "fake_data": false,
        "local_spatial_join_status": "DEFERRED_TO_LOCAL_OPENCODE"
      }
    },
    {
      "type": "Feature",
      "id": "E01018815",
      "geometry": {
        "type": "Polygon",
        "coordinates": [
          [
            [
              -4.994943256774412,
              50.34160289396507
            ],
            [
              -5.000475455449898,
              50.34374254111831
            ],
            [
              -5.004268963113089,
              50.34471510800615
            ],
            [
              -5.009010847692078,
              50.344617851317366
            ],
            [
              -5.009326973330677,
              50.3450068780725
            ],
            [
              -5.013120480993868,
              50.34549316151642
            ],
            [
              -5.017388177114958,
              50.34666024178183
            ],
            [
              -5.024184878344841,
              50.347146525225746
            ],
            [
              -5.023236501429044,
              50.3450068780725
            ],
            [
              -5.019759119404452,
              50.342478204164124
            ],
            [
              -5.019759119404452,
              50.34111661052115
            ],
            [
              -5.018968805307954,
              50.339463246811825
            ],
            [
              -5.017388177114958,
              50.33810165316885
            ],
            [
              -5.015649486102662,
              50.33518395250533
            ],
            [
              -5.0148591720061635,
              50.33489218243898
            ],
            [
              -5.01217210407807,
              50.33498943912777
            ],
            [
              -5.010907601523673,
              50.33460041237263
            ],
            [
              -5.0101172874271755,
              50.33469766906141
            ],
            [
              -5.0086947220534785,
              50.333822358862356
            ],
            [
              -5.007904407956981,
              50.33401687223993
            ],
            [
              -5.006639905402584,
              50.333725102173574
            ],
            [
              -5.005691528486786,
              50.33401687223993
            ],
            [
              -5.005375402848187,
              50.331196428265194
            ],
            [
              -5.005217340028887,
              50.33061288813249
            ],
            [
              -5.004585088751688,
              50.3305156314437
            ],
            [
              -5.004901214390288,
              50.32730616071384
            ],
            [
              -5.0101172874271755,
              50.32740341740262
            ],
            [
              -5.009643098969276,
              50.32584731038208
            ],
            [
              -5.0086947220534785,
              50.32506925687181
            ],
            [
              -5.007746345137681,
              50.32477748680546
            ],
            [
              -5.007114093860483,
              50.323999433295185
            ],
            [
              -5.007114093860483,
              50.323124123096136
            ],
            [
              -5.006797968221884,
              50.322929609718564
            ],
            [
              -5.007114093860483,
              50.32234606958586
            ],
            [
              -5.005375402848187,
              50.319914652366265
            ],
            [
              -5.006481842583284,
              50.3197201389887
            ],
            [
              -5.009326973330677,
              50.318358545345724
            ],
            [
              -5.009959224607876,
              50.31816403196816
            ],
            [
              -5.009959224607876,
              50.31845580203451
            ],
            [
              -5.011065664342973,
              50.31796951859059
            ],
            [
              -5.00837859641488,
              50.316316154881264
            ],
            [
              -5.002530272100794,
              50.31135606375329
            ],
            [
              -4.99146587474982,
              50.311258807064505
            ],
            [
              -4.992414251665618,
              50.30970270004396
            ],
            [
              -4.994785193955112,
              50.30834110640099
            ],
            [
              -4.997630324702506,
              50.306104202558956
            ],
            [
              -4.996840010606007,
              50.30542340573747
            ],
            [
              -4.995259382413011,
              50.30182490825246
            ],
            [
              -4.995259382413011,
              50.3010468547422
            ],
            [
              -5.000475455449898,
              50.30026880123192
            ],
            [
              -5.002056083642895,
              50.299782517788
            ],
            [
              -5.002846397739392,
              50.29910172096652
            ],
            [
              -5.002214146462194,
              50.29725384387962
            ],
            [
              -5.001423832365696,
              50.29725384387962
            ],
            [
              -5.001739958004295,
              50.29598950692544
            ],
            [
              -5.000317392630599,
              50.29394711646098
            ],
            [
              -5.00395283747449,
              50.292780036195566
            ],
            [
              -5.004901214390288,
              50.292196496062864
            ],
            [
              -5.010433413065774,
              50.29151569924138
            ],
            [
              -5.0101172874271755,
              50.293752603083405
            ],
            [
              -5.009168910511377,
              50.29521145341516
            ],
            [
              -5.009168910511377,
              50.296184020303
            ],
            [
              -5.010591475885074,
              50.29657304705814
            ],
            [
              -5.016913988657059,
              50.29686481712449
            ],
            [
              -5.019442993765853,
              50.29764287063476
            ],
            [
              -5.026555820634336,
              50.297448357257196
            ],
            [
              -5.027504197550133,
              50.29822641076746
            ],
            [
              -5.02908482574313,
              50.298323667456245
            ],
            [
              -5.0298751398396275,
              50.298809950900164
            ],
            [
              -5.0312977052133245,
              50.30007428785436
            ],
            [
              -5.033510584683519,
              50.299296234344084
            ],
            [
              -5.034142835960718,
              50.29764287063476
            ],
            [
              -5.036671841069511,
              50.296281276991785
            ],
            [
              -5.042362102564297,
              50.29521145341516
            ],
            [
              -5.045997547408189,
              50.2950169400376
            ],
            [
              -5.048684615336282,
              50.29521145341516
            ],
            [
              -5.047736238420485,
              50.29336357632827
            ],
            [
              -5.0478943012397846,
              50.29297454957314
            ],
            [
              -5.049158803794182,
              50.29248826612922
            ],
            [
              -5.051529746083675,
              50.292196496062864
            ],
            [
              -5.051845871722275,
              50.292780036195566
            ],
            [
              -5.053584562734571,
              50.29394711646098
            ],
            [
              -5.055797442204765,
              50.29667030374692
            ],
            [
              -5.056745819120563,
              50.3027974751403
            ],
            [
              -5.057378070397761,
              50.30338101527301
            ],
            [
              -5.059432887048657,
              50.30308924520666
            ],
            [
              -5.059116761410057,
              50.30270021845152
            ],
            [
              -5.060381263964454,
              50.3022139350076
            ],
            [
              -5.064016708808346,
              50.30260296176274
            ],
            [
              -5.065123148543443,
              50.30036605792071
            ],
            [
              -5.067494090832938,
              50.299977031165575
            ],
            [
              -5.0676521536522365,
              50.29910172096652
            ],
            [
              -5.069232781845233,
              50.298809950900164
            ],
            [
              -5.077610111268113,
              50.29774012732354
            ],
            [
              -5.080139116376907,
              50.29871269421138
            ],
            [
              -5.082035870208502,
              50.29871269421138
            ],
            [
              -5.084881000955895,
              50.2991989776553
            ],
            [
              -5.086145503510292,
              50.29987977447679
            ],
            [
              -5.08709388042609,
              50.30007428785436
            ],
            [
              -5.091993827824378,
              50.30007428785436
            ],
            [
              -5.0948389585717715,
              50.30065782798706
            ],
            [
              -5.099738905970059,
              50.3027974751403
            ],
            [
              -5.102267911078854,
              50.30308924520666
            ],
            [
              -5.104796916187647,
              50.30425632547206
            ],
            [
              -5.102584036717452,
              50.3052288923599
            ],
            [
              -5.098948591873562,
              50.30629871593653
            ],
            [
              -5.096893775222666,
              50.307563052890714
            ],
            [
              -5.094522832933172,
              50.310286240176666
            ],
            [
              -5.096577649584067,
              50.310772523620585
            ],
            [
              -5.09531314702967,
              50.312328630641126
            ],
            [
              -5.093100267559476,
              50.313690224284095
            ],
            [
              -5.091677702185779,
              50.31242588732991
            ],
            [
              -5.085513252233094,
              50.31660792494761
            ],
            [
              -5.084406812497996,
              50.31767774852424
            ],
            [
              -5.0842487496786966,
              50.319428368922345
            ],
            [
              -5.087726131703288,
              50.323124123096136
            ],
            [
              -5.086935817606791,
              50.324972000183024
            ],
            [
              -5.0886745086190865,
              50.326528107203565
            ],
            [
              -5.0888325714383855,
              50.327208904025056
            ],
            [
              -5.090571262450681,
              50.327500674091404
            ],
            [
              -5.09136157654718,
              50.328181470912895
            ],
            [
              -5.082510058666401,
              50.3293485511783
            ],
            [
              -5.084090686859398,
              50.33187722508668
            ],
            [
              -5.085039063775195,
              50.33187722508668
            ],
            [
              -5.085987440690992,
              50.3329470486633
            ],
            [
              -5.087568068883989,
              50.33343333210722
            ],
            [
              -5.088042257341888,
              50.33401687223993
            ],
            [
              -5.086935817606791,
              50.334308642306276
            ],
            [
              -5.087568068883989,
              50.33518395250533
            ],
            [
              -5.088990634257685,
              50.33508669581655
            ],
            [
              -5.090887388089281,
              50.33605926270439
            ],
            [
              -5.09136157654718,
              50.33722634296979
            ],
            [
              -5.092626079101577,
              50.338879706679116
            ],
            [
              -5.090413199631382,
              50.34121386720993
            ],
            [
              -5.077135922810214,
              50.3414083805875
            ],
            [
              -5.052794248638072,
              50.344520594628584
            ],
            [
              -5.0540587511924695,
              50.351328562843456
            ],
            [
              -5.055007128108267,
              50.351134049465884
            ],
            [
              -5.052161997360874,
              50.35366272337426
            ],
            [
              -5.049158803794182,
              50.354343520195755
            ],
            [
              -5.046787861504687,
              50.35444077688454
            ],
            [
              -5.042836291022197,
              50.356872194104135
            ],
            [
              -5.039200846178305,
              50.35755299092562
            ],
            [
              -5.036197652611612,
              50.35755299092562
            ],
            [
              -5.035565401334414,
              50.36076246165549
            ],
            [
              -5.0344589615993165,
              50.36056794827792
            ],
            [
              -5.033510584683519,
              50.36173502854333
            ],
            [
              -5.033668647502819,
              50.363485648941435
            ],
            [
              -5.033510584683519,
              50.36406918907414
            ],
            [
              -5.03303639622562,
              50.36387467569657
            ],
            [
              -5.032720270587021,
              50.365041755961975
            ],
            [
              -5.033194459044919,
              50.368153970003064
            ],
            [
              -5.025923569357137,
              50.36795945662549
            ],
            [
              -5.022288124513246,
              50.36737591649279
            ],
            [
              -5.023236501429044,
              50.37029361715631
            ],
            [
              -5.021971998874647,
              50.370196360467524
            ],
            [
              -5.019442993765853,
              50.37087715728901
            ],
            [
              -5.016123674560561,
              50.37107167066657
            ],
            [
              -5.017388177114958,
              50.372725034375904
            ],
            [
              -5.017072051476359,
              50.37467016815158
            ],
            [
              -5.018336554030755,
              50.37807415225902
            ],
            [
              -5.005691528486786,
              50.3811863663001
            ],
            [
              -5.000791581088498,
              50.3781714089478
            ],
            [
              -5.001423832365696,
              50.37486468152915
            ],
            [
              -5.000633518269198,
              50.37107167066657
            ],
            [
              -4.998420638799003,
              50.36883476682455
            ],
            [
              -4.997314199063906,
              50.36319387887509
            ],
            [
              -4.996840010606007,
              50.36319387887509
            ],
            [
              -4.996207759328809,
              50.36173502854333
            ],
            [
              -4.994785193955112,
              50.360956975033055
            ],
            [
              -4.996998073425307,
              50.359887151456434
            ],
            [
              -5.000633518269198,
              50.357358477548054
            ],
            [
              -5.002372209281494,
              50.3546352902621
            ],
            [
              -5.003320586197292,
              50.35395449344062
            ],
            [
              -5.006481842583284,
              50.352690156486425
            ],
            [
              -5.005375402848187,
              50.3510367927771
            ],
            [
              -5.005375402848187,
              50.34782732204723
            ],
            [
              -5.005059277209588,
              50.34666024178183
            ],
            [
              -4.994943256774412,
              50.34160289396507
            ]
          ]
        ]
      },
      "properties": {
        "slot_id": "gas_emissions_6",
        "lineage_id": "LOCAL-NEW-92271296-1318-4c0c-a293-d0d4ebc2d06b",
        "page_generation": 1,
        "semantic_mode": "AREA_JOIN",
        "partition": {
          "start": 76904,
          "end": 92283,
          "count": 15380
        },
        "evidence_scope": "coverage_area",
        "coverage_area_id": "E01018815",
        "coverage_area_name": "Cornwall 032A",
        "coverage_area_identifier_scheme": "ONS_GSS_LSOA11",
        "parent_area_id": "E06000052",
        "parent_area_name": "Cornwall",
        "boundary_vintage": "LSOA 2011",
        "source_area_record": true,
        "accepted_parcel_record": false,
        "spatial_binding_method": "OFFICIAL_POLYGON_AND_EXACT_IDENTIFIER",
        "source_window_record_index": 14,
        "source_url": "https://raw.githubusercontent.com/ONSdigital/cdn.ons.gov.uk-assets/130bb351004270950dd4a434e27d80b588e7d0af/assets/topojson/lsoa_by_lad/topo_E06000052.json",
        "final_url": "https://raw.githubusercontent.com/ONSdigital/cdn.ons.gov.uk-assets/130bb351004270950dd4a434e27d80b588e7d0af/assets/topojson/lsoa_by_lad/topo_E06000052.json",
        "source_access_utc": "2026-10-02T05:46:30Z",
        "source_blob_sha": "5122ed59a03427c9913f20d0db5b9b203e7be41c",
        "source_file_sha256": "e313e88941def9339fe827e65196b707403d8baf6817be8b1b5216998e358b21",
        "field_evidence": {
          "LSOA11CD": "E01018815",
          "LSOA11NM": "Cornwall 032A",
          "geometry_type": "Polygon",
          "parent_LAD": "E06000052"
        },
        "evidence_slice_sha256": "f695cbe6b432e8dbd4c2cd9c6751c3e56861656b63d71d3cf81f9f95414d14a8",
        "confidence_score_0_100": 96,
        "evidence_grade": "A",
        "licence": "Open Government Licence v3.0",
        "licence_evidence_url": "https://www.ons.gov.uk/methodology/geography/licences",
        "fake_data": false,
        "local_spatial_join_status": "DEFERRED_TO_LOCAL_OPENCODE"
      }
    },
    {
      "type": "Feature",
      "id": "E01018816",
      "geometry": {
        "type": "Polygon",
        "coordinates": [
          [
            [
              -5.043784667937994,
              50.22742354133281
            ],
            [
              -5.0434685422993955,
              50.22713177126646
            ],
            [
              -5.039516971816904,
              50.22839610822065
            ],
            [
              -5.035723464153714,
              50.22674274451133
            ],
            [
              -5.033984773141418,
              50.22479761073565
            ],
            [
              -5.032088019309822,
              50.22479761073565
            ],
            [
              -5.030981579574725,
              50.224019557225375
            ],
            [
              -5.030823516755426,
              50.223533273781456
            ],
            [
              -5.031929956490523,
              50.22314424702632
            ],
            [
              -5.032720270587021,
              50.22324150371511
            ],
            [
              -5.0415717884678,
              50.221004599873076
            ],
            [
              -5.039516971816904,
              50.22110185656186
            ],
            [
              -5.03730409234671,
              50.22051831642916
            ],
            [
              -5.033352521864219,
              50.2220744234497
            ],
            [
              -5.030507391116826,
              50.22236619351605
            ],
            [
              -5.029559014201029,
              50.22217168013848
            ],
            [
              -5.0282945116466315,
              50.22129636993943
            ],
            [
              -5.027820323188733,
              50.22032380305159
            ],
            [
              -5.027820323188733,
              50.21730884569929
            ],
            [
              -5.028452574465931,
              50.21682256225537
            ],
            [
              -5.028136448827332,
              50.21653079218902
            ],
            [
              -5.028452574465931,
              50.214293888346994
            ],
            [
              -5.0282945116466315,
              50.212835038015236
            ],
            [
              -5.027346134730834,
              50.21137618768348
            ],
            [
              -5.027504197550133,
              50.21079264755077
            ],
            [
              -5.029559014201029,
              50.20904202715266
            ],
            [
              -5.030349328297526,
              50.2088475137751
            ],
            [
              -5.032562207767722,
              50.20991733735172
            ],
            [
              -5.032404144948422,
              50.21176521443861
            ],
            [
              -5.03303639622562,
              50.212348754571316
            ],
            [
              -5.038884720539706,
              50.21264052463766
            ],
            [
              -5.038884720539706,
              50.21176521443861
            ],
            [
              -5.038094406443208,
              50.21195972781618
            ],
            [
              -5.036987966708111,
              50.21176521443861
            ],
            [
              -5.036355715430912,
              50.21137618768348
            ],
            [
              -5.0358815269730135,
              50.210209107418066
            ],
            [
              -5.036671841069511,
              50.20855574370874
            ],
            [
              -5.037778280804609,
              50.20777769019847
            ],
            [
              -5.038410532081807,
              50.20631883986671
            ],
            [
              -5.0404653487327025,
              50.20466547615739
            ],
            [
              -5.043152416660796,
              50.20437370609103
            ],
            [
              -5.045049170492391,
              50.20583255642279
            ],
            [
              -5.045997547408189,
              50.20719415006577
            ],
            [
              -5.047262049962586,
              50.20777769019847
            ],
            [
              -5.0478943012397846,
              50.20904202715266
            ],
            [
              -5.047578175601185,
              50.20631883986671
            ],
            [
              -5.04552335895029,
              50.20515175960131
            ],
            [
              -5.043784667937994,
              50.203401139203194
            ],
            [
              -5.044258856395893,
              50.203012112448064
            ],
            [
              -5.048210426878383,
              50.20291485575928
            ],
            [
              -5.050107180709979,
              50.20233131562657
            ],
            [
              -5.051687808902975,
              50.200872465294815
            ],
            [
              -5.053110374276672,
              50.199997155095765
            ],
            [
              -5.053742625553871,
              50.19863556145279
            ],
            [
              -5.054849065288968,
              50.1979547646313
            ],
            [
              -5.055797442204765,
              50.195328834034136
            ],
            [
              -5.058958698590757,
              50.193286443569676
            ],
            [
              -5.059749012687256,
              50.19338370025846
            ],
            [
              -5.059907075506556,
              50.19396724039116
            ],
            [
              -5.059116761410057,
              50.194745293901434
            ],
            [
              -5.05785225885566,
              50.19688494105468
            ],
            [
              -5.05785225885566,
              50.198343791386435
            ],
            [
              -5.0586425729521585,
              50.199413614963056
            ],
            [
              -5.061487703699552,
              50.20077520860603
            ],
            [
              -5.062752206253949,
              50.20184503218265
            ],
            [
              -5.064965085724143,
              50.20272034238171
            ],
            [
              -5.064965085724143,
              50.20680512331063
            ],
            [
              -5.065281211362743,
              50.20777769019847
            ],
            [
              -5.06622958827854,
              50.208166716953606
            ],
            [
              -5.066545713917139,
              50.20894477046388
            ],
            [
              -5.067177965194338,
              50.2094310539078
            ],
            [
              -5.066545713917139,
              50.20933379721901
            ],
            [
              -5.066545713917139,
              50.21050087748442
            ],
            [
              -5.067494090832938,
              50.20933379721901
            ],
            [
              -5.068126342110135,
              50.20670786662185
            ],
            [
              -5.070023095941731,
              50.20563804304523
            ],
            [
              -5.071287598496128,
              50.206124326489146
            ],
            [
              -5.071919849773327,
              50.2069996366882
            ],
            [
              -5.07476498052072,
              50.20845848701996
            ],
            [
              -5.076187545894416,
              50.208069460264824
            ],
            [
              -5.079506865099709,
              50.208166716953606
            ],
            [
              -5.079506865099709,
              50.20797220357604
            ],
            [
              -5.079506865099709,
              50.20787494688726
            ],
            [
              -5.079981053557607,
              50.208166716953606
            ],
            [
              -5.079664927919008,
              50.208166716953606
            ],
            [
              -5.080929430473405,
              50.20836123033118
            ],
            [
              -5.081087493292705,
              50.2088475137751
            ],
            [
              -5.0812455561120045,
              50.208653000397526
            ],
            [
              -5.081719744569903,
              50.209139283841445
            ],
            [
              -5.082510058666401,
              50.20933379721901
            ],
            [
              -5.081403618931303,
              50.20923654053023
            ],
            [
              -5.081877807389203,
              50.20952831059658
            ],
            [
              -5.0829842471243,
              50.20982008066293
            ],
            [
              -5.085513252233094,
              50.209625567285364
            ],
            [
              -5.085513252233094,
              50.2094310539078
            ],
            [
              -5.084090686859398,
              50.20952831059658
            ],
            [
              -5.084881000955895,
              50.20933379721901
            ],
            [
              -5.084881000955895,
              50.20904202715266
            ],
            [
              -5.085671315052394,
              50.209139283841445
            ],
            [
              -5.084881000955895,
              50.20875025708631
            ],
            [
              -5.084881000955895,
              50.20855574370874
            ],
            [
              -5.0886745086190865,
              50.2094310539078
            ],
            [
              -5.0888325714383855,
              50.2100145940405
            ],
            [
              -5.087410006064689,
              50.20991733735172
            ],
            [
              -5.086777754787491,
              50.21050087748442
            ],
            [
              -5.086777754787491,
              50.21127893099469
            ],
            [
              -5.0872519432453895,
              50.2118624711274
            ],
            [
              -5.089464822715584,
              50.21176521443861
            ],
            [
              -5.089464822715584,
              50.211181674305905
            ],
            [
              -5.090571262450681,
              50.21127893099469
            ],
            [
              -5.09151963936648,
              50.2118624711274
            ],
            [
              -5.090571262450681,
              50.212348754571316
            ],
            [
              -5.09136157654718,
              50.212737781326446
            ],
            [
              -5.091677702185779,
              50.21293229470402
            ],
            [
              -5.090729325269981,
              50.21390486159186
            ],
            [
              -5.091993827824378,
              50.214196631658204
            ],
            [
              -5.092309953462977,
              50.214877428479696
            ],
            [
              -5.092942204740176,
              50.21507194185726
            ],
            [
              -5.094522832933172,
              50.21507194185726
            ],
            [
              -5.09547120984897,
              50.2166280488778
            ],
            [
              -5.0932583303787755,
              50.2172115890105
            ],
            [
              -5.092468016282277,
              50.21653079218902
            ],
            [
              -5.091677702185779,
              50.21653079218902
            ],
            [
              -5.088516445799787,
              50.218864952719834
            ],
            [
              -5.085671315052394,
              50.22032380305159
            ],
            [
              -5.085829377871693,
              50.21925397947497
            ],
            [
              -5.084090686859398,
              50.21935123616375
            ],
            [
              -5.083458435582199,
              50.22012928967402
            ],
            [
              -5.081087493292705,
              50.21983751960767
            ],
            [
              -5.079981053557607,
              50.220421059740374
            ],
            [
              -5.077452048448813,
              50.22003203298524
            ],
            [
              -5.076345608713716,
              50.22081008649551
            ],
            [
              -5.07492304334002,
              50.22110185656186
            ],
            [
              -5.074290792062821,
              50.22061557311794
            ],
            [
              -5.075081106159319,
              50.2190594660974
            ],
            [
              -5.0720779125926265,
              50.218962209408616
            ],
            [
              -5.073500477966323,
              50.22071282980673
            ],
            [
              -5.072868226689124,
              50.22110185656186
            ],
            [
              -5.070023095941731,
              50.221004599873076
            ],
            [
              -5.07049728439963,
              50.22372778715903
            ],
            [
              -5.07492304334002,
              50.222949733648754
            ],
            [
              -5.077610111268113,
              50.223533273781456
            ],
            [
              -5.079348802280409,
              50.22343601709267
            ],
            [
              -5.0812455561120045,
              50.22440858398051
            ],
            [
              -5.0812455561120045,
              50.225575664245916
            ],
            [
              -5.077610111268113,
              50.228590621598215
            ],
            [
              -5.073974666424221,
              50.229563188486054
            ],
            [
              -5.072868226689124,
              50.22829885153187
            ],
            [
              -5.070339221580331,
              50.22674274451133
            ],
            [
              -5.068600530568035,
              50.225089380802
            ],
            [
              -5.069232781845233,
              50.22343601709267
            ],
            [
              -5.068758593387334,
              50.22226893682727
            ],
            [
              -5.0660715254592406,
              50.222463450204835
            ],
            [
              -5.061487703699552,
              50.22489486742443
            ],
            [
              -5.058484510132859,
              50.22538115086835
            ],
            [
              -5.054532939650368,
              50.22664548782254
            ],
            [
              -5.050107180709979,
              50.226061947689836
            ],
            [
              -5.048210426878383,
              50.22625646106741
            ],
            [
              -5.04568142176959,
              50.22596469100105
            ],
            [
              -5.044574982034493,
              50.22625646106741
            ],
            [
              -5.043784667937994,
              50.22742354133281
            ]
          ]
        ]
      },
      "properties": {
        "slot_id": "gas_emissions_6",
        "lineage_id": "LOCAL-NEW-92271296-1318-4c0c-a293-d0d4ebc2d06b",
        "page_generation": 1,
        "semantic_mode": "AREA_JOIN",
        "partition": {
          "start": 76904,
          "end": 92283,
          "count": 15380
        },
        "evidence_scope": "coverage_area",
        "coverage_area_id": "E01018816",
        "coverage_area_name": "Cornwall 047A",
        "coverage_area_identifier_scheme": "ONS_GSS_LSOA11",
        "parent_area_id": "E06000052",
        "parent_area_name": "Cornwall",
        "boundary_vintage": "LSOA 2011",
        "source_area_record": true,
        "accepted_parcel_record": false,
        "spatial_binding_method": "OFFICIAL_POLYGON_AND_EXACT_IDENTIFIER",
        "source_window_record_index": 15,
        "source_url": "https://raw.githubusercontent.com/ONSdigital/cdn.ons.gov.uk-assets/130bb351004270950dd4a434e27d80b588e7d0af/assets/topojson/lsoa_by_lad/topo_E06000052.json",
        "final_url": "https://raw.githubusercontent.com/ONSdigital/cdn.ons.gov.uk-assets/130bb351004270950dd4a434e27d80b588e7d0af/assets/topojson/lsoa_by_lad/topo_E06000052.json",
        "source_access_utc": "2026-10-02T05:46:30Z",
        "source_blob_sha": "5122ed59a03427c9913f20d0db5b9b203e7be41c",
        "source_file_sha256": "e313e88941def9339fe827e65196b707403d8baf6817be8b1b5216998e358b21",
        "field_evidence": {
          "LSOA11CD": "E01018816",
          "LSOA11NM": "Cornwall 047A",
          "geometry_type": "Polygon",
          "parent_LAD": "E06000052"
        },
        "evidence_slice_sha256": "f695cbe6b432e8dbd4c2cd9c6751c3e56861656b63d71d3cf81f9f95414d14a8",
        "confidence_score_0_100": 96,
        "evidence_grade": "A",
        "licence": "Open Government Licence v3.0",
        "licence_evidence_url": "https://www.ons.gov.uk/methodology/geography/licences",
        "fake_data": false,
        "local_spatial_join_status": "DEFERRED_TO_LOCAL_OPENCODE"
      }
    },
    {
      "type": "Feature",
      "id": "E01018817",
      "geometry": {
        "type": "Polygon",
        "coordinates": [
          [
            [
              -5.080297179196206,
              50.255822494457696
            ],
            [
              -5.076345608713716,
              50.25611426452405
            ],
            [
              -5.0738166036049215,
              50.256795061345535
            ],
            [
              -5.071287598496128,
              50.25660054796797
            ],
            [
              -5.068442467748735,
              50.25621152121283
            ],
            [
              -5.06622958827854,
              50.254849927569865
            ],
            [
              -5.065123148543443,
              50.25358559061567
            ],
            [
              -5.0646489600855435,
              50.25232125366148
            ],
            [
              -5.061329640880252,
              50.24988983644188
            ],
            [
              -5.060855452422353,
              50.25076514664094
            ],
            [
              -5.059432887048657,
              50.24950080968675
            ],
            [
              -5.0572200075784615,
              50.248625499487694
            ],
            [
              -5.055323253746867,
              50.24843098611013
            ],
            [
              -5.050739431987178,
              50.24882001286526
            ],
            [
              -5.050423306348578,
              50.24823647273256
            ],
            [
              -5.0524781229994735,
              50.24823647273256
            ],
            [
              -5.051687808902975,
              50.24794470266621
            ],
            [
              -5.0524781229994735,
              50.247652932599856
            ],
            [
              -5.0508974948064775,
              50.24775018928864
            ],
            [
              -5.052320060180174,
              50.24745841922229
            ],
            [
              -5.055481316566166,
              50.2473611625335
            ],
            [
              -5.052320060180174,
              50.2473611625335
            ],
            [
              -5.047262049962586,
              50.247652932599856
            ],
            [
              -5.044416919215193,
              50.247069392467154
            ],
            [
              -5.044100793576593,
              50.2473611625335
            ],
            [
              -5.044100793576593,
              50.24697213577837
            ],
            [
              -5.042678228202897,
              50.24687487908958
            ],
            [
              -5.042204039744998,
              50.24629133895688
            ],
            [
              -5.0417298512871,
              50.24648585233445
            ],
            [
              -5.040149223094103,
              50.24570779882418
            ],
            [
              -5.03730409234671,
              50.2461940822681
            ],
            [
              -5.035407338515115,
              50.246096825579315
            ],
            [
              -5.035091212876515,
              50.24580505551296
            ],
            [
              -5.035723464153714,
              50.244443461869984
            ],
            [
              -5.035565401334414,
              50.2437626650485
            ],
            [
              -5.031929956490523,
              50.24269284147188
            ],
            [
              -5.0298751398396275,
              50.24172027458404
            ],
            [
              -5.030349328297526,
              50.240358680941064
            ],
            [
              -5.031771893671223,
              50.23977514080836
            ],
            [
              -5.0312977052133245,
              50.23821903378782
            ],
            [
              -5.030507391116826,
              50.23821903378782
            ],
            [
              -5.029400951381729,
              50.23899708729809
            ],
            [
              -5.027188071911534,
              50.24123399114012
            ],
            [
              -5.022604250151845,
              50.24298461153823
            ],
            [
              -5.021497810416748,
              50.24298461153823
            ],
            [
              -5.020075245043051,
              50.24230381471674
            ],
            [
              -5.017072051476359,
              50.24172027458404
            ],
            [
              -5.015807548921962,
              50.24045593762985
            ],
            [
              -5.019442993765853,
              50.23705195352242
            ],
            [
              -5.0208655591395495,
              50.23510681974674
            ],
            [
              -5.022288124513246,
              50.23491230636917
            ],
            [
              -5.024184878344841,
              50.23510681974674
            ],
            [
              -5.021181684778148,
              50.23423150954768
            ],
            [
              -5.021813936055347,
              50.23286991590471
            ],
            [
              -5.02070749632025,
              50.23257814583835
            ],
            [
              -5.018968805307954,
              50.23092478212903
            ],
            [
              -5.0178623655728565,
              50.22635371775619
            ],
            [
              -5.018178491211456,
              50.225672920934706
            ],
            [
              -5.02054943350095,
              50.225575664245916
            ],
            [
              -5.024184878344841,
              50.22479761073565
            ],
            [
              -5.02497519244134,
              50.224992124113214
            ],
            [
              -5.027662260369433,
              50.22363053047024
            ],
            [
              -5.029242888562429,
              50.22343601709267
            ],
            [
              -5.02908482574313,
              50.22431132729173
            ],
            [
              -5.030507391116826,
              50.22528389417957
            ],
            [
              -5.034142835960718,
              50.226548231133755
            ],
            [
              -5.032720270587021,
              50.227520798021594
            ],
            [
              -5.032720270587021,
              50.22790982477673
            ],
            [
              -5.036197652611612,
              50.22781256808795
            ],
            [
              -5.0374621551660095,
              50.228201594843085
            ],
            [
              -5.038252469262508,
              50.22936867510849
            ],
            [
              -5.0390427833590055,
              50.229563188486054
            ],
            [
              -5.040781474371301,
              50.229174161730924
            ],
            [
              -5.044258856395893,
              50.227520798021594
            ],
            [
              -5.043784667937994,
              50.22742354133281
            ],
            [
              -5.044574982034493,
              50.22625646106741
            ],
            [
              -5.04568142176959,
              50.22596469100105
            ],
            [
              -5.048210426878383,
              50.22625646106741
            ],
            [
              -5.050107180709979,
              50.226061947689836
            ],
            [
              -5.054532939650368,
              50.22664548782254
            ],
            [
              -5.058484510132859,
              50.22538115086835
            ],
            [
              -5.061487703699552,
              50.22489486742443
            ],
            [
              -5.0660715254592406,
              50.222463450204835
            ],
            [
              -5.068758593387334,
              50.22226893682727
            ],
            [
              -5.069232781845233,
              50.22343601709267
            ],
            [
              -5.068600530568035,
              50.225089380802
            ],
            [
              -5.070339221580331,
              50.22674274451133
            ],
            [
              -5.072868226689124,
              50.22829885153187
            ],
            [
              -5.073974666424221,
              50.229563188486054
            ],
            [
              -5.077610111268113,
              50.228590621598215
            ],
            [
              -5.078400425364611,
              50.22849336490943
            ],
            [
              -5.077610111268113,
              50.23102203881781
            ],
            [
              -5.07460691770142,
              50.23131380888417
            ],
            [
              -5.072710163869825,
              50.23199460570565
            ],
            [
              -5.0720779125926265,
              50.23189734901687
            ],
            [
              -5.0720779125926265,
              50.23150832226173
            ],
            [
              -5.0738166036049215,
              50.22985495855241
            ],
            [
              -5.072710163869825,
              50.228687878287005
            ],
            [
              -5.070971472857529,
              50.229076905042135
            ],
            [
              -5.0690747190259335,
              50.226548231133755
            ],
            [
              -5.0676521536522365,
              50.22664548782254
            ],
            [
              -5.064332834446945,
              50.22800708146551
            ],
            [
              -5.062594143434649,
              50.228590621598215
            ],
            [
              -5.0616457665188515,
              50.229563188486054
            ],
            [
              -5.063068331892548,
              50.23004947192997
            ],
            [
              -5.064807022904843,
              50.23004947192997
            ],
            [
              -5.064807022904843,
              50.23102203881781
            ],
            [
              -5.064016708808346,
              50.23102203881781
            ],
            [
              -5.063858645989046,
              50.231702835639304
            ],
            [
              -5.064174771627645,
              50.23296717259349
            ],
            [
              -5.061487703699552,
              50.23335619934863
            ],
            [
              -5.057694196036361,
              50.232286375772006
            ],
            [
              -5.054691002469668,
              50.23267540252714
            ],
            [
              -5.053426499915271,
              50.23238363246079
            ],
            [
              -5.0510555576257765,
              50.23695469683363
            ],
            [
              -5.049000740974882,
              50.239386114053225
            ],
            [
              -5.054849065288968,
              50.2413312478289
            ],
            [
              -5.057378070397761,
              50.2413312478289
            ],
            [
              -5.062436080615349,
              50.242012044650394
            ],
            [
              -5.062910269073249,
              50.241914787961605
            ],
            [
              -5.063858645989046,
              50.24045593762985
            ],
            [
              -5.064965085724143,
              50.24084496438498
            ],
            [
              -5.066545713917139,
              50.24045593762985
            ],
            [
              -5.069232781845233,
              50.23870531723174
            ],
            [
              -5.07049728439963,
              50.2371492102112
            ],
            [
              -5.07049728439963,
              50.23588487325701
            ],
            [
              -5.071445661315428,
              50.23442602292525
            ],
            [
              -5.071603724134727,
              50.23286991590471
            ],
            [
              -5.074290792062821,
              50.2347177929916
            ],
            [
              -5.074290792062821,
              50.235787616568224
            ],
            [
              -5.075871420255817,
              50.23549584650187
            ],
            [
              -5.0768197971716145,
              50.23316168597106
            ],
            [
              -5.083300372762899,
              50.23160557895052
            ],
            [
              -5.081877807389203,
              50.230730268751465
            ],
            [
              -5.088990634257685,
              50.23063301206268
            ],
            [
              -5.089148697076985,
              50.23082752544025
            ],
            [
              -5.0902551368120825,
              50.230730268751465
            ],
            [
              -5.090887388089281,
              50.23218911908322
            ],
            [
              -5.09547120984897,
              50.233745226103764
            ],
            [
              -5.097526026499865,
              50.23141106557295
            ],
            [
              -5.099738905970059,
              50.2311192955066
            ],
            [
              -5.102584036717452,
              50.22936867510849
            ],
            [
              -5.100845345705157,
              50.22732628464403
            ],
            [
              -5.0948389585717715,
              50.227715311399166
            ],
            [
              -5.0934163931980745,
              50.22800708146551
            ],
            [
              -5.092151890643678,
              50.228590621598215
            ],
            [
              -5.090887388089281,
              50.228687878287005
            ],
            [
              -5.091677702185779,
              50.22800708146551
            ],
            [
              -5.090097073992783,
              50.22800708146551
            ],
            [
              -5.089622885534884,
              50.22722902795525
            ],
            [
              -5.092468016282277,
              50.226159204378625
            ],
            [
              -5.092309953462977,
              50.22489486742443
            ],
            [
              -5.0932583303787755,
              50.22411681391416
            ],
            [
              -5.090729325269981,
              50.223533273781456
            ],
            [
              -5.091045450908581,
              50.22314424702632
            ],
            [
              -5.089306759896285,
              50.22304699033754
            ],
            [
              -5.088042257341888,
              50.22187991007213
            ],
            [
              -5.087726131703288,
              50.221490883316996
            ],
            [
              -5.087410006064689,
              50.22168539669456
            ],
            [
              -5.088042257341888,
              50.22217168013848
            ],
            [
              -5.086145503510292,
              50.22285247695997
            ],
            [
              -5.085197126594495,
              50.2226579635824
            ],
            [
              -5.085355189413794,
              50.22187991007213
            ],
            [
              -5.086303566329592,
              50.221490883316996
            ],
            [
              -5.086777754787491,
              50.22168539669456
            ],
            [
              -5.086935817606791,
              50.22119911325064
            ],
            [
              -5.087726131703288,
              50.22129636993943
            ],
            [
              -5.088042257341888,
              50.22071282980673
            ],
            [
              -5.086303566329592,
              50.22071282980673
            ],
            [
              -5.085671315052394,
              50.22032380305159
            ],
            [
              -5.088516445799787,
              50.218864952719834
            ],
            [
              -5.091677702185779,
              50.21653079218902
            ],
            [
              -5.092468016282277,
              50.21653079218902
            ],
            [
              -5.0932583303787755,
              50.2172115890105
            ],
            [
              -5.09547120984897,
              50.2166280488778
            ],
            [
              -5.094522832933172,
              50.21507194185726
            ],
            [
              -5.092942204740176,
              50.21507194185726
            ],
            [
              -5.092309953462977,
              50.214877428479696
            ],
            [
              -5.091993827824378,
              50.214196631658204
            ],
            [
              -5.090729325269981,
              50.21390486159186
            ],
            [
              -5.091677702185779,
              50.21293229470402
            ],
            [
              -5.09136157654718,
              50.212737781326446
            ],
            [
              -5.090571262450681,
              50.212348754571316
            ],
            [
              -5.09151963936648,
              50.2118624711274
            ],
            [
              -5.090571262450681,
              50.21127893099469
            ],
            [
              -5.089464822715584,
              50.211181674305905
            ],
            [
              -5.089464822715584,
              50.21176521443861
            ],
            [
              -5.0872519432453895,
              50.2118624711274
            ],
            [
              -5.086777754787491,
              50.21127893099469
            ],
            [
              -5.086777754787491,
              50.21050087748442
            ],
            [
              -5.087410006064689,
              50.20991733735172
            ],
            [
              -5.0888325714383855,
              50.2100145940405
            ],
            [
              -5.0886745086190865,
              50.2094310539078
            ],
            [
              -5.091677702185779,
              50.20933379721901
            ],
            [
              -5.0918357650050785,
              50.20982008066293
            ],
            [
              -5.092468016282277,
              50.2100145940405
            ],
            [
              -5.092151890643678,
              50.20933379721901
            ],
            [
              -5.093100267559476,
              50.2094310539078
            ],
            [
              -5.093100267559476,
              50.20972282397415
            ],
            [
              -5.0934163931980745,
              50.2094310539078
            ],
            [
              -5.094680895752472,
              50.20952831059658
            ],
            [
              -5.097367963680565,
              50.21127893099469
            ],
            [
              -5.095629272668269,
              50.20952831059658
            ],
            [
              -5.093732518836674,
              50.20904202715266
            ],
            [
              -5.095629272668269,
              50.20894477046388
            ],
            [
              -5.0964195867647675,
              50.20933379721901
            ],
            [
              -5.0964195867647675,
              50.20982008066293
            ],
            [
              -5.097526026499865,
              50.210209107418066
            ],
            [
              -5.098158277777063,
              50.210695390861986
            ],
            [
              -5.098474403415663,
              50.212348754571316
            ],
            [
              -5.0980002149577635,
              50.211667957749825
            ],
            [
              -5.097051838041966,
              50.212154241193744
            ],
            [
              -5.097367963680565,
              50.21293229470402
            ],
            [
              -5.098632466234962,
              50.2124460112601
            ],
            [
              -5.098632466234962,
              50.21195972781618
            ],
            [
              -5.098948591873562,
              50.2124460112601
            ],
            [
              -5.100845345705157,
              50.21614176543388
            ],
            [
              -5.10369047645255,
              50.21867043934226
            ],
            [
              -5.105903355922745,
              50.22226893682727
            ],
            [
              -5.106377544380644,
              50.22440858398051
            ],
            [
              -5.108590423850838,
              50.226159204378625
            ],
            [
              -5.110171052043834,
              50.22713177126646
            ],
            [
              -5.114122622526325,
              50.228687878287005
            ],
            [
              -5.117916130189516,
              50.22936867510849
            ],
            [
              -5.122341889129905,
              50.229660445174844
            ],
            [
              -5.130086967275586,
              50.23160557895052
            ],
            [
              -5.134670789035275,
              50.23296717259349
            ],
            [
              -5.1356191659510735,
              50.23364796941498
            ],
            [
              -5.137515919782668,
              50.23384248279255
            ],
            [
              -5.139254610794964,
              50.234328766236466
            ],
            [
              -5.139886862072163,
              50.23491230636917
            ],
            [
              -5.140835238987961,
              50.23491230636917
            ],
            [
              -5.142099741542357,
              50.236371156700926
            ],
            [
              -5.14494487228975,
              50.2377327503439
            ],
            [
              -5.146683563302046,
              50.23792726372147
            ],
            [
              -5.146683563302046,
              50.23812177709904
            ],
            [
              -5.148264191495043,
              50.2377327503439
            ],
            [
              -5.149844819688039,
              50.2377327503439
            ],
            [
              -5.152531887616132,
              50.23851080385417
            ],
            [
              -5.154428641447728,
              50.24045593762985
            ],
            [
              -5.15774796065302,
              50.242498328094314
            ],
            [
              -5.159170526026717,
              50.24337363829336
            ],
            [
              -5.161225342677612,
              50.243568151670935
            ],
            [
              -5.161067279858312,
              50.2443462051812
            ],
            [
              -5.158064086291619,
              50.2461940822681
            ],
            [
              -5.157273772195121,
              50.24580505551296
            ],
            [
              -5.156325395279324,
              50.24687487908958
            ],
            [
              -5.1553770183635255,
              50.24668036571202
            ],
            [
              -5.1552189555442265,
              50.24901452624283
            ],
            [
              -5.153480264531931,
              50.24882001286526
            ],
            [
              -5.153322201712631,
              50.248139216043775
            ],
            [
              -5.1522157619775335,
              50.247166649155936
            ],
            [
              -5.150951259423136,
              50.248139216043775
            ],
            [
              -5.150319008145938,
              50.24940355299796
            ],
            [
              -5.1492125684108405,
              50.24833372942134
            ],
            [
              -5.147473877398545,
              50.24843098611013
            ],
            [
              -5.146683563302046,
              50.248139216043775
            ],
            [
              -5.144786809470451,
              50.24843098611013
            ],
            [
              -5.14115136462656,
              50.24959806637553
            ],
            [
              -5.143522306916054,
              50.25300205048297
            ],
            [
              -5.146999688940646,
              50.25407187405959
            ],
            [
              -5.147473877398545,
              50.25514169763621
            ],
            [
              -5.145735186386249,
              50.257281344789455
            ],
            [
              -5.145577123566949,
              50.259420991942704
            ],
            [
              -5.146051312024849,
              50.260490815519326
            ],
            [
              -5.141941678723058,
              50.26175515247351
            ],
            [
              -5.14099330180726,
              50.26058807220811
            ],
            [
              -5.138464296698467,
              50.25961550532027
            ],
            [
              -5.135461103131774,
              50.25883745181
            ],
            [
              -5.131983721107182,
              50.25912922187635
            ],
            [
              -5.130245030094886,
              50.25854568174365
            ],
            [
              -5.128980527540489,
              50.258448425054866
            ],
            [
              -5.1250289570579985,
              50.256795061345535
            ],
            [
              -5.122974140407104,
              50.25621152121283
            ],
            [
              -5.115545187900022,
              50.25494718425865
            ],
            [
              -5.113964559707025,
              50.25348833392689
            ],
            [
              -5.112541994333329,
              50.25300205048297
            ],
            [
              -5.104954979006947,
              50.25202948359513
            ],
            [
              -5.096735712403367,
              50.251737713528776
            ],
            [
              -5.094364770113873,
              50.252223996972695
            ],
            [
              -5.090571262450681,
              50.25358559061567
            ],
            [
              -5.088990634257685,
              50.25348833392689
            ],
            [
              -5.084722938136595,
              50.25407187405959
            ],
            [
              -5.082826184305,
              50.255238954324994
            ],
            [
              -5.080297179196206,
              50.255822494457696
            ]
          ]
        ]
      },
      "properties": {
        "slot_id": "gas_emissions_6",
        "lineage_id": "LOCAL-NEW-92271296-1318-4c0c-a293-d0d4ebc2d06b",
        "page_generation": 1,
        "semantic_mode": "AREA_JOIN",
        "partition": {
          "start": 76904,
          "end": 92283,
          "count": 15380
        },
        "evidence_scope": "coverage_area",
        "coverage_area_id": "E01018817",
        "coverage_area_name": "Cornwall 047B",
        "coverage_area_identifier_scheme": "ONS_GSS_LSOA11",
        "parent_area_id": "E06000052",
        "parent_area_name": "Cornwall",
        "boundary_vintage": "LSOA 2011",
        "source_area_record": true,
        "accepted_parcel_record": false,
        "spatial_binding_method": "OFFICIAL_POLYGON_AND_EXACT_IDENTIFIER",
        "source_window_record_index": 16,
        "source_url": "https://raw.githubusercontent.com/ONSdigital/cdn.ons.gov.uk-assets/130bb351004270950dd4a434e27d80b588e7d0af/assets/topojson/lsoa_by_lad/topo_E06000052.json",
        "final_url": "https://raw.githubusercontent.com/ONSdigital/cdn.ons.gov.uk-assets/130bb351004270950dd4a434e27d80b588e7d0af/assets/topojson/lsoa_by_lad/topo_E06000052.json",
        "source_access_utc": "2026-10-02T05:46:30Z",
        "source_blob_sha": "5122ed59a03427c9913f20d0db5b9b203e7be41c",
        "source_file_sha256": "e313e88941def9339fe827e65196b707403d8baf6817be8b1b5216998e358b21",
        "field_evidence": {
          "LSOA11CD": "E01018817",
          "LSOA11NM": "Cornwall 047B",
          "geometry_type": "Polygon",
          "parent_LAD": "E06000052"
        },
        "evidence_slice_sha256": "f695cbe6b432e8dbd4c2cd9c6751c3e56861656b63d71d3cf81f9f95414d14a8",
        "confidence_score_0_100": 96,
        "evidence_grade": "A",
        "licence": "Open Government Licence v3.0",
        "licence_evidence_url": "https://www.ons.gov.uk/methodology/geography/licences",
        "fake_data": false,
        "local_spatial_join_status": "DEFERRED_TO_LOCAL_OPENCODE"
      }
    },
    {
      "type": "Feature",
      "id": "E01018818",
      "geometry": {
        "type": "Polygon",
        "coordinates": [
          [
            [
              -5.077610111268113,
              50.228590621598215
            ],
            [
              -5.0812455561120045,
              50.225575664245916
            ],
            [
              -5.0812455561120045,
              50.22440858398051
            ],
            [
              -5.079348802280409,
              50.22343601709267
            ],
            [
              -5.077610111268113,
              50.223533273781456
            ],
            [
              -5.07492304334002,
              50.222949733648754
            ],
            [
              -5.07049728439963,
              50.22372778715903
            ],
            [
              -5.070023095941731,
              50.221004599873076
            ],
            [
              -5.072868226689124,
              50.22110185656186
            ],
            [
              -5.073500477966323,
              50.22071282980673
            ],
            [
              -5.0720779125926265,
              50.218962209408616
            ],
            [
              -5.075081106159319,
              50.2190594660974
            ],
            [
              -5.074290792062821,
              50.22061557311794
            ],
            [
              -5.07492304334002,
              50.22110185656186
            ],
            [
              -5.076345608713716,
              50.22081008649551
            ],
            [
              -5.077452048448813,
              50.22003203298524
            ],
            [
              -5.079981053557607,
              50.220421059740374
            ],
            [
              -5.081087493292705,
              50.21983751960767
            ],
            [
              -5.083458435582199,
              50.22012928967402
            ],
            [
              -5.084090686859398,
              50.21935123616375
            ],
            [
              -5.085829377871693,
              50.21925397947497
            ],
            [
              -5.085671315052394,
              50.22032380305159
            ],
            [
              -5.086303566329592,
              50.22071282980673
            ],
            [
              -5.088042257341888,
              50.22071282980673
            ],
            [
              -5.087726131703288,
              50.22129636993943
            ],
            [
              -5.086935817606791,
              50.22119911325064
            ],
            [
              -5.086777754787491,
              50.22168539669456
            ],
            [
              -5.086303566329592,
              50.221490883316996
            ],
            [
              -5.085355189413794,
              50.22187991007213
            ],
            [
              -5.085197126594495,
              50.2226579635824
            ],
            [
              -5.086145503510292,
              50.22285247695997
            ],
            [
              -5.088042257341888,
              50.22217168013848
            ],
            [
              -5.087410006064689,
              50.22168539669456
            ],
            [
              -5.087726131703288,
              50.221490883316996
            ],
            [
              -5.088042257341888,
              50.22187991007213
            ],
            [
              -5.089306759896285,
              50.22304699033754
            ],
            [
              -5.091045450908581,
              50.22314424702632
            ],
            [
              -5.090729325269981,
              50.223533273781456
            ],
            [
              -5.0932583303787755,
              50.22411681391416
            ],
            [
              -5.092309953462977,
              50.22489486742443
            ],
            [
              -5.092468016282277,
              50.226159204378625
            ],
            [
              -5.089622885534884,
              50.22722902795525
            ],
            [
              -5.090097073992783,
              50.22800708146551
            ],
            [
              -5.091677702185779,
              50.22800708146551
            ],
            [
              -5.090887388089281,
              50.228687878287005
            ],
            [
              -5.092151890643678,
              50.228590621598215
            ],
            [
              -5.0934163931980745,
              50.22800708146551
            ],
            [
              -5.0948389585717715,
              50.227715311399166
            ],
            [
              -5.100845345705157,
              50.22732628464403
            ],
            [
              -5.102584036717452,
              50.22936867510849
            ],
            [
              -5.099738905970059,
              50.2311192955066
            ],
            [
              -5.097526026499865,
              50.23141106557295
            ],
            [
              -5.09547120984897,
              50.233745226103764
            ],
            [
              -5.090887388089281,
              50.23218911908322
            ],
            [
              -5.0902551368120825,
              50.230730268751465
            ],
            [
              -5.089148697076985,
              50.23082752544025
            ],
            [
              -5.088990634257685,
              50.23063301206268
            ],
            [
              -5.081877807389203,
              50.230730268751465
            ],
            [
              -5.083300372762899,
              50.23160557895052
            ],
            [
              -5.0768197971716145,
              50.23316168597106
            ],
            [
              -5.075871420255817,
              50.23549584650187
            ],
            [
              -5.074290792062821,
              50.235787616568224
            ],
            [
              -5.074290792062821,
              50.2347177929916
            ],
            [
              -5.071603724134727,
              50.23286991590471
            ],
            [
              -5.071445661315428,
              50.23442602292525
            ],
            [
              -5.07049728439963,
              50.23588487325701
            ],
            [
              -5.07049728439963,
              50.2371492102112
            ],
            [
              -5.069232781845233,
              50.23870531723174
            ],
            [
              -5.066545713917139,
              50.24045593762985
            ],
            [
              -5.064965085724143,
              50.24084496438498
            ],
            [
              -5.063858645989046,
              50.24045593762985
            ],
            [
              -5.062910269073249,
              50.241914787961605
            ],
            [
              -5.062436080615349,
              50.242012044650394
            ],
            [
              -5.057378070397761,
              50.2413312478289
            ],
            [
              -5.054849065288968,
              50.2413312478289
            ],
            [
              -5.049000740974882,
              50.239386114053225
            ],
            [
              -5.0510555576257765,
              50.23695469683363
            ],
            [
              -5.053426499915271,
              50.23238363246079
            ],
            [
              -5.054691002469668,
              50.23267540252714
            ],
            [
              -5.057694196036361,
              50.232286375772006
            ],
            [
              -5.061487703699552,
              50.23335619934863
            ],
            [
              -5.064174771627645,
              50.23296717259349
            ],
            [
              -5.063858645989046,
              50.231702835639304
            ],
            [
              -5.064016708808346,
              50.23102203881781
            ],
            [
              -5.064807022904843,
              50.23102203881781
            ],
            [
              -5.064807022904843,
              50.23004947192997
            ],
            [
              -5.063068331892548,
              50.23004947192997
            ],
            [
              -5.0616457665188515,
              50.229563188486054
            ],
            [
              -5.062594143434649,
              50.228590621598215
            ],
            [
              -5.064332834446945,
              50.22800708146551
            ],
            [
              -5.0676521536522365,
              50.22664548782254
            ],
            [
              -5.0690747190259335,
              50.226548231133755
            ],
            [
              -5.070971472857529,
              50.229076905042135
            ],
            [
              -5.072710163869825,
              50.228687878287005
            ],
            [
              -5.0738166036049215,
              50.22985495855241
            ],
            [
              -5.0720779125926265,
              50.23150832226173
            ],
            [
              -5.0720779125926265,
              50.23189734901687
            ],
            [
              -5.072710163869825,
              50.23199460570565
            ],
            [
              -5.07460691770142,
              50.23131380888417
            ],
            [
              -5.077610111268113,
              50.23102203881781
            ],
            [
              -5.078400425364611,
              50.22849336490943
            ],
            [
              -5.077610111268113,
              50.228590621598215
            ]
          ]
        ]
      },
      "properties": {
        "slot_id": "gas_emissions_6",
        "lineage_id": "LOCAL-NEW-92271296-1318-4c0c-a293-d0d4ebc2d06b",
        "page_generation": 1,
        "semantic_mode": "AREA_JOIN",
        "partition": {
          "start": 76904,
          "end": 92283,
          "count": 15380
        },
        "evidence_scope": "coverage_area",
        "coverage_area_id": "E01018818",
        "coverage_area_name": "Cornwall 047C",
        "coverage_area_identifier_scheme": "ONS_GSS_LSOA11",
        "parent_area_id": "E06000052",
        "parent_area_name": "Cornwall",
        "boundary_vintage": "LSOA 2011",
        "source_area_record": true,
        "accepted_parcel_record": false,
        "spatial_binding_method": "OFFICIAL_POLYGON_AND_EXACT_IDENTIFIER",
        "source_window_record_index": 17,
        "source_url": "https://raw.githubusercontent.com/ONSdigital/cdn.ons.gov.uk-assets/130bb351004270950dd4a434e27d80b588e7d0af/assets/topojson/lsoa_by_lad/topo_E06000052.json",
        "final_url": "https://raw.githubusercontent.com/ONSdigital/cdn.ons.gov.uk-assets/130bb351004270950dd4a434e27d80b588e7d0af/assets/topojson/lsoa_by_lad/topo_E06000052.json",
        "source_access_utc": "2026-10-02T05:46:30Z",
        "source_blob_sha": "5122ed59a03427c9913f20d0db5b9b203e7be41c",
        "source_file_sha256": "e313e88941def9339fe827e65196b707403d8baf6817be8b1b5216998e358b21",
        "field_evidence": {
          "LSOA11CD": "E01018818",
          "LSOA11NM": "Cornwall 047C",
          "geometry_type": "Polygon",
          "parent_LAD": "E06000052"
        },
        "evidence_slice_sha256": "f695cbe6b432e8dbd4c2cd9c6751c3e56861656b63d71d3cf81f9f95414d14a8",
        "confidence_score_0_100": 96,
        "evidence_grade": "A",
        "licence": "Open Government Licence v3.0",
        "licence_evidence_url": "https://www.ons.gov.uk/methodology/geography/licences",
        "fake_data": false,
        "local_spatial_join_status": "DEFERRED_TO_LOCAL_OPENCODE"
      }
    },
    {
      "type": "Feature",
      "id": "E01018819",
      "geometry": {
        "type": "Polygon",
        "coordinates": [
          [
            [
              -5.094522832933172,
              50.274301265326635
            ],
            [
              -5.096103461126169,
              50.27167533472947
            ],
            [
              -5.0978421521384645,
              50.271091794596764
            ],
            [
              -5.101003408524456,
              50.2690494041323
            ],
            [
              -5.104006602091149,
              50.26778506717812
            ],
            [
              -5.104796916187647,
              50.26720152704541
            ],
            [
              -5.104480790549048,
              50.26700701366784
            ],
            [
              -5.1054291674648455,
              50.266617986912706
            ],
            [
              -5.106219481561344,
              50.26700701366784
            ],
            [
              -5.107009795657842,
              50.26681250029028
            ],
            [
              -5.106377544380644,
              50.266034446780004
            ],
            [
              -5.105903355922745,
              50.26593719009122
            ],
            [
              -5.105745293103445,
              50.26467285313703
            ],
            [
              -5.106377544380644,
              50.26477010982582
            ],
            [
              -5.1054291674648455,
              50.26370028624919
            ],
            [
              -5.110803303321033,
              50.2642838263819
            ],
            [
              -5.114122622526325,
              50.264478339759464
            ],
            [
              -5.1144387481649245,
              50.26389479962676
            ],
            [
              -5.116651627635119,
              50.263992056315544
            ],
            [
              -5.11617743917722,
              50.263505772871625
            ],
            [
              -5.116967753273718,
              50.263505772871625
            ],
            [
              -5.116335501996519,
              50.261463382407165
            ],
            [
              -5.115861313538621,
              50.26010178876419
            ],
            [
              -5.114754873803523,
              50.260490815519326
            ],
            [
              -5.1144387481649245,
              50.26010178876419
            ],
            [
              -5.1130161827912275,
              50.260490815519326
            ],
            [
              -5.11175168023683,
              50.25981001869784
            ],
            [
              -5.113174245610527,
              50.25922647856513
            ],
            [
              -5.1145968109842235,
              50.25932373525392
            ],
            [
              -5.115229062261422,
              50.25825391167729
            ],
            [
              -5.113490371249126,
              50.256795061345535
            ],
            [
              -5.10811623539294,
              50.255919751146486
            ],
            [
              -5.104796916187647,
              50.25815665498851
            ],
            [
              -5.101003408524456,
              50.25757311485581
            ],
            [
              -5.097051838041966,
              50.25747585816703
            ],
            [
              -5.09531314702967,
              50.25932373525392
            ],
            [
              -5.0948389585717715,
              50.25883745181
            ],
            [
              -5.094048644475273,
              50.25912922187635
            ],
            [
              -5.092784141920877,
              50.25903196518757
            ],
            [
              -5.09120351372788,
              50.25864293843243
            ],
            [
              -5.0888325714383855,
              50.255336211013784
            ],
            [
              -5.085829377871693,
              50.255822494457696
            ],
            [
              -5.07871655100321,
              50.25708683141189
            ],
            [
              -5.079506865099709,
              50.25611426452405
            ],
            [
              -5.080297179196206,
              50.255822494457696
            ],
            [
              -5.082826184305,
              50.255238954324994
            ],
            [
              -5.084722938136595,
              50.25407187405959
            ],
            [
              -5.088990634257685,
              50.25348833392689
            ],
            [
              -5.090571262450681,
              50.25358559061567
            ],
            [
              -5.094364770113873,
              50.252223996972695
            ],
            [
              -5.096735712403367,
              50.251737713528776
            ],
            [
              -5.104954979006947,
              50.25202948359513
            ],
            [
              -5.112541994333329,
              50.25300205048297
            ],
            [
              -5.113964559707025,
              50.25348833392689
            ],
            [
              -5.115545187900022,
              50.25494718425865
            ],
            [
              -5.122974140407104,
              50.25621152121283
            ],
            [
              -5.1250289570579985,
              50.256795061345535
            ],
            [
              -5.128980527540489,
              50.258448425054866
            ],
            [
              -5.130245030094886,
              50.25854568174365
            ],
            [
              -5.131983721107182,
              50.25912922187635
            ],
            [
              -5.135461103131774,
              50.25883745181
            ],
            [
              -5.138464296698467,
              50.25961550532027
            ],
            [
              -5.14099330180726,
              50.26058807220811
            ],
            [
              -5.141941678723058,
              50.26175515247351
            ],
            [
              -5.142731992819556,
              50.263505772871625
            ],
            [
              -5.14130942744586,
              50.26379754293798
            ],
            [
              -5.1402029877107625,
              50.26214417922865
            ],
            [
              -5.1296127788176875,
              50.263992056315544
            ],
            [
              -5.12866440190189,
              50.26263046267257
            ],
            [
              -5.127083773708894,
              50.26331125949406
            ],
            [
              -5.127557962166793,
              50.26418656969311
            ],
            [
              -5.1266095852509945,
              50.26408931300433
            ],
            [
              -5.1264515224316956,
              50.264575596448246
            ],
            [
              -5.126925710889594,
              50.2648673665146
            ],
            [
              -5.128190213443991,
              50.264478339759464
            ],
            [
              -5.128190213443991,
              50.265061879892166
            ],
            [
              -5.127716024986093,
              50.26496462320338
            ],
            [
              -5.12866440190189,
              50.26574267671366
            ],
            [
              -5.128190213443991,
              50.266617986912706
            ],
            [
              -5.135303040312474,
              50.2690494041323
            ],
            [
              -5.1341966005773765,
              50.270119227708925
            ],
            [
              -5.136093354408972,
              50.27459303539298
            ],
            [
              -5.139096547975665,
              50.275857372347176
            ],
            [
              -5.133406286480879,
              50.2769271959238
            ],
            [
              -5.130245030094886,
              50.27780250612285
            ],
            [
              -5.12866440190189,
              50.278386046255555
            ],
            [
              -5.127716024986093,
              50.27760799274529
            ],
            [
              -5.1266095852509945,
              50.274787548770554
            ],
            [
              -5.127399899347493,
              50.27284241499488
            ],
            [
              -5.1245547686001,
              50.272745158306094
            ],
            [
              -5.123132203226403,
              50.27323144175001
            ],
            [
              -5.119496758382512,
              50.27342595512758
            ],
            [
              -5.115703250719321,
              50.27293967168366
            ],
            [
              -5.110329114863134,
              50.273328698438796
            ],
            [
              -5.106219481561344,
              50.27420400863785
            ],
            [
              -5.104164664910449,
              50.27439852201542
            ],
            [
              -5.101635659801655,
              50.27400949526028
            ],
            [
              -5.097526026499865,
              50.27498206214812
            ],
            [
              -5.096103461126169,
              50.27488480545934
            ],
            [
              -5.094522832933172,
              50.274301265326635
            ]
          ]
        ]
      },
      "properties": {
        "slot_id": "gas_emissions_6",
        "lineage_id": "LOCAL-NEW-92271296-1318-4c0c-a293-d0d4ebc2d06b",
        "page_generation": 1,
        "semantic_mode": "AREA_JOIN",
        "partition": {
          "start": 76904,
          "end": 92283,
          "count": 15380
        },
        "evidence_scope": "coverage_area",
        "coverage_area_id": "E01018819",
        "coverage_area_name": "Cornwall 043A",
        "coverage_area_identifier_scheme": "ONS_GSS_LSOA11",
        "parent_area_id": "E06000052",
        "parent_area_name": "Cornwall",
        "boundary_vintage": "LSOA 2011",
        "source_area_record": true,
        "accepted_parcel_record": false,
        "spatial_binding_method": "OFFICIAL_POLYGON_AND_EXACT_IDENTIFIER",
        "source_window_record_index": 18,
        "source_url": "https://raw.githubusercontent.com/ONSdigital/cdn.ons.gov.uk-assets/130bb351004270950dd4a434e27d80b588e7d0af/assets/topojson/lsoa_by_lad/topo_E06000052.json",
        "final_url": "https://raw.githubusercontent.com/ONSdigital/cdn.ons.gov.uk-assets/130bb351004270950dd4a434e27d80b588e7d0af/assets/topojson/lsoa_by_lad/topo_E06000052.json",
        "source_access_utc": "2026-10-02T05:46:30Z",
        "source_blob_sha": "5122ed59a03427c9913f20d0db5b9b203e7be41c",
        "source_file_sha256": "e313e88941def9339fe827e65196b707403d8baf6817be8b1b5216998e358b21",
        "field_evidence": {
          "LSOA11CD": "E01018819",
          "LSOA11NM": "Cornwall 043A",
          "geometry_type": "Polygon",
          "parent_LAD": "E06000052"
        },
        "evidence_slice_sha256": "f695cbe6b432e8dbd4c2cd9c6751c3e56861656b63d71d3cf81f9f95414d14a8",
        "confidence_score_0_100": 96,
        "evidence_grade": "A",
        "licence": "Open Government Licence v3.0",
        "licence_evidence_url": "https://www.ons.gov.uk/methodology/geography/licences",
        "fake_data": false,
        "local_spatial_join_status": "DEFERRED_TO_LOCAL_OPENCODE"
      }
    },
    {
      "type": "Feature",
      "id": "E01018820",
      "geometry": {
        "type": "Polygon",
        "coordinates": [
          [
            [
              -5.130245030094886,
              50.27780250612285
            ],
            [
              -5.133406286480879,
              50.2769271959238
            ],
            [
              -5.139096547975665,
              50.275857372347176
            ],
            [
              -5.136093354408972,
              50.27459303539298
            ],
            [
              -5.1341966005773765,
              50.270119227708925
            ],
            [
              -5.135303040312474,
              50.2690494041323
            ],
            [
              -5.128190213443991,
              50.266617986912706
            ],
            [
              -5.12866440190189,
              50.26574267671366
            ],
            [
              -5.127716024986093,
              50.26496462320338
            ],
            [
              -5.128190213443991,
              50.265061879892166
            ],
            [
              -5.128190213443991,
              50.264478339759464
            ],
            [
              -5.126925710889594,
              50.2648673665146
            ],
            [
              -5.1264515224316956,
              50.264575596448246
            ],
            [
              -5.1266095852509945,
              50.26408931300433
            ],
            [
              -5.127557962166793,
              50.26418656969311
            ],
            [
              -5.127083773708894,
              50.26331125949406
            ],
            [
              -5.12866440190189,
              50.26263046267257
            ],
            [
              -5.1296127788176875,
              50.263992056315544
            ],
            [
              -5.1402029877107625,
              50.26214417922865
            ],
            [
              -5.14130942744586,
              50.26379754293798
            ],
            [
              -5.142731992819556,
              50.263505772871625
            ],
            [
              -5.141941678723058,
              50.26175515247351
            ],
            [
              -5.146051312024849,
              50.260490815519326
            ],
            [
              -5.145577123566949,
              50.259420991942704
            ],
            [
              -5.145735186386249,
              50.257281344789455
            ],
            [
              -5.147473877398545,
              50.25514169763621
            ],
            [
              -5.146999688940646,
              50.25407187405959
            ],
            [
              -5.143522306916054,
              50.25300205048297
            ],
            [
              -5.14115136462656,
              50.24959806637553
            ],
            [
              -5.144786809470451,
              50.24843098611013
            ],
            [
              -5.146683563302046,
              50.248139216043775
            ],
            [
              -5.147473877398545,
              50.24843098611013
            ],
            [
              -5.1492125684108405,
              50.24833372942134
            ],
            [
              -5.150319008145938,
              50.24940355299796
            ],
            [
              -5.150951259423136,
              50.248139216043775
            ],
            [
              -5.1522157619775335,
              50.247166649155936
            ],
            [
              -5.153322201712631,
              50.248139216043775
            ],
            [
              -5.153480264531931,
              50.24882001286526
            ],
            [
              -5.1552189555442265,
              50.24901452624283
            ],
            [
              -5.1553770183635255,
              50.24668036571202
            ],
            [
              -5.156325395279324,
              50.24687487908958
            ],
            [
              -5.157273772195121,
              50.24580505551296
            ],
            [
              -5.158064086291619,
              50.2461940822681
            ],
            [
              -5.161067279858312,
              50.2443462051812
            ],
            [
              -5.161225342677612,
              50.243568151670935
            ],
            [
              -5.166283352895199,
              50.24347089498215
            ],
            [
              -5.1689704208232925,
              50.2443462051812
            ],
            [
              -5.170076860558391,
              50.24463797524756
            ],
            [
              -5.171025237474188,
              50.24541602875782
            ],
            [
              -5.175134870775978,
              50.247166649155936
            ],
            [
              -5.177347750246173,
              50.247652932599856
            ],
            [
              -5.180509006632165,
              50.24775018928864
            ],
            [
              -5.1839863886567565,
              50.24843098611013
            ],
            [
              -5.185092828391854,
              50.24891726955405
            ],
            [
              -5.187463770681348,
              50.25027886319702
            ],
            [
              -5.187937959139247,
              50.25125143008486
            ],
            [
              -5.189044398874344,
              50.252223996972695
            ],
            [
              -5.19094115270594,
              50.253196563860534
            ],
            [
              -5.194418534730532,
              50.25416913074837
            ],
            [
              -5.196473351381426,
              50.25514169763621
            ],
            [
              -5.192837906537536,
              50.25903196518757
            ],
            [
              -5.190625027067341,
              50.26087984227446
            ],
            [
              -5.185250891211154,
              50.26632621684636
            ],
            [
              -5.181299320728663,
              50.26943843088744
            ],
            [
              -5.1779800015233715,
              50.271286307974336
            ],
            [
              -5.177189687426873,
              50.27196710479582
            ],
            [
              -5.176241310511076,
              50.27216161817339
            ],
            [
              -5.172763928486484,
              50.2739122385715
            ],
            [
              -5.171657488751387,
              50.27498206214812
            ],
            [
              -5.170076860558391,
              50.275857372347176
            ],
            [
              -5.166283352895199,
              50.27828878956677
            ],
            [
              -5.159960840123214,
              50.281984543740556
            ],
            [
              -5.156167332460024,
              50.284513217648936
            ],
            [
              -5.1492125684108405,
              50.28850074188908
            ],
            [
              -5.1462093748441475,
              50.28976507884327
            ],
            [
              -5.143838432554653,
              50.29141844255259
            ],
            [
              -5.1432061812774545,
              50.29054313235354
            ],
            [
              -5.134986914673875,
              50.28879251195543
            ],
            [
              -5.135144977493175,
              50.28772268837881
            ],
            [
              -5.134038537758077,
              50.28684737817975
            ],
            [
              -5.13277403520368,
              50.28694463486853
            ],
            [
              -5.133248223661579,
              50.28266534056205
            ],
            [
              -5.130245030094886,
              50.278872329699475
            ],
            [
              -5.130245030094886,
              50.27780250612285
            ]
          ]
        ]
      },
      "properties": {
        "slot_id": "gas_emissions_6",
        "lineage_id": "LOCAL-NEW-92271296-1318-4c0c-a293-d0d4ebc2d06b",
        "page_generation": 1,
        "semantic_mode": "AREA_JOIN",
        "partition": {
          "start": 76904,
          "end": 92283,
          "count": 15380
        },
        "evidence_scope": "coverage_area",
        "coverage_area_id": "E01018820",
        "coverage_area_name": "Cornwall 047D",
        "coverage_area_identifier_scheme": "ONS_GSS_LSOA11",
        "parent_area_id": "E06000052",
        "parent_area_name": "Cornwall",
        "boundary_vintage": "LSOA 2011",
        "source_area_record": true,
        "accepted_parcel_record": false,
        "spatial_binding_method": "OFFICIAL_POLYGON_AND_EXACT_IDENTIFIER",
        "source_window_record_index": 19,
        "source_url": "https://raw.githubusercontent.com/ONSdigital/cdn.ons.gov.uk-assets/130bb351004270950dd4a434e27d80b588e7d0af/assets/topojson/lsoa_by_lad/topo_E06000052.json",
        "final_url": "https://raw.githubusercontent.com/ONSdigital/cdn.ons.gov.uk-assets/130bb351004270950dd4a434e27d80b588e7d0af/assets/topojson/lsoa_by_lad/topo_E06000052.json",
        "source_access_utc": "2026-10-02T05:46:30Z",
        "source_blob_sha": "5122ed59a03427c9913f20d0db5b9b203e7be41c",
        "source_file_sha256": "e313e88941def9339fe827e65196b707403d8baf6817be8b1b5216998e358b21",
        "field_evidence": {
          "LSOA11CD": "E01018820",
          "LSOA11NM": "Cornwall 047D",
          "geometry_type": "Polygon",
          "parent_LAD": "E06000052"
        },
        "evidence_slice_sha256": "f695cbe6b432e8dbd4c2cd9c6751c3e56861656b63d71d3cf81f9f95414d14a8",
        "confidence_score_0_100": 96,
        "evidence_grade": "A",
        "licence": "Open Government Licence v3.0",
        "licence_evidence_url": "https://www.ons.gov.uk/methodology/geography/licences",
        "fake_data": false,
        "local_spatial_join_status": "DEFERRED_TO_LOCAL_OPENCODE"
      }
    },
    {
      "type": "Feature",
      "id": "E01018821",
      "geometry": {
        "type": "Polygon",
        "coordinates": [
          [
            [
              -5.051529746083675,
              50.292196496062864
            ],
            [
              -5.052636185818773,
              50.29161295593016
            ],
            [
              -5.053110374276672,
              50.29064038904232
            ],
            [
              -5.054532939650368,
              50.29005684890962
            ],
            [
              -5.055797442204765,
              50.28752817500124
            ],
            [
              -5.056903881939863,
              50.28675012149097
            ],
            [
              -5.057378070397761,
              50.28480498771529
            ],
            [
              -5.058800635771458,
              50.28276259725083
            ],
            [
              -5.05785225885566,
              50.28169277367421
            ],
            [
              -5.05785225885566,
              50.28062295009759
            ],
            [
              -5.056745819120563,
              50.27965038320975
            ],
            [
              -5.056587756301264,
              50.27867781632191
            ],
            [
              -5.0556393793854655,
              50.27760799274529
            ],
            [
              -5.056113567843365,
              50.27624639910231
            ],
            [
              -5.055797442204765,
              50.275273832214474
            ],
            [
              -5.056113567843365,
              50.27517657552569
            ],
            [
              -5.0572200075784615,
              50.2750793188369
            ],
            [
              -5.059116761410057,
              50.27517657552569
            ],
            [
              -5.061013515241653,
              50.275857372347176
            ],
            [
              -5.063068331892548,
              50.275273832214474
            ],
            [
              -5.063542520350447,
              50.27546834559204
            ],
            [
              -5.064490897266245,
              50.27546834559204
            ],
            [
              -5.064332834446945,
              50.27673268254623
            ],
            [
              -5.064016708808346,
              50.27984489658731
            ],
            [
              -5.066703776736439,
              50.28013666665367
            ],
            [
              -5.068442467748735,
              50.278386046255555
            ],
            [
              -5.071287598496128,
              50.277316222678934
            ],
            [
              -5.071129535676828,
              50.2769271959238
            ],
            [
              -5.072868226689124,
              50.27702445261258
            ],
            [
              -5.07476498052072,
              50.275857372347176
            ],
            [
              -5.0752391689786185,
              50.275857372347176
            ],
            [
              -5.077610111268113,
              50.2720643614846
            ],
            [
              -5.079981053557607,
              50.27216161817339
            ],
            [
              -5.080297179196206,
              50.272745158306094
            ],
            [
              -5.084406812497996,
              50.272745158306094
            ],
            [
              -5.08709388042609,
              50.27303692837244
            ],
            [
              -5.090097073992783,
              50.27459303539298
            ],
            [
              -5.094364770113873,
              50.2744957787042
            ],
            [
              -5.094522832933172,
              50.274301265326635
            ],
            [
              -5.096103461126169,
              50.27488480545934
            ],
            [
              -5.097526026499865,
              50.27498206214812
            ],
            [
              -5.101635659801655,
              50.27400949526028
            ],
            [
              -5.104164664910449,
              50.27439852201542
            ],
            [
              -5.106219481561344,
              50.27420400863785
            ],
            [
              -5.110329114863134,
              50.273328698438796
            ],
            [
              -5.115703250719321,
              50.27293967168366
            ],
            [
              -5.119496758382512,
              50.27342595512758
            ],
            [
              -5.123132203226403,
              50.27323144175001
            ],
            [
              -5.1245547686001,
              50.272745158306094
            ],
            [
              -5.127399899347493,
              50.27284241499488
            ],
            [
              -5.1266095852509945,
              50.274787548770554
            ],
            [
              -5.127716024986093,
              50.27760799274529
            ],
            [
              -5.12866440190189,
              50.278386046255555
            ],
            [
              -5.130245030094886,
              50.27780250612285
            ],
            [
              -5.130245030094886,
              50.278872329699475
            ],
            [
              -5.133248223661579,
              50.28266534056205
            ],
            [
              -5.13277403520368,
              50.28694463486853
            ],
            [
              -5.134038537758077,
              50.28684737817975
            ],
            [
              -5.135144977493175,
              50.28772268837881
            ],
            [
              -5.134986914673875,
              50.28879251195543
            ],
            [
              -5.1432061812774545,
              50.29054313235354
            ],
            [
              -5.143838432554653,
              50.29141844255259
            ],
            [
              -5.14115136462656,
              50.29287729288435
            ],
            [
              -5.132299846745781,
              50.2956004801703
            ],
            [
              -5.121551575033407,
              50.29812915407868
            ],
            [
              -5.11190974305613,
              50.30124136811976
            ],
            [
              -5.104796916187647,
              50.30425632547206
            ],
            [
              -5.102267911078854,
              50.30308924520666
            ],
            [
              -5.099738905970059,
              50.3027974751403
            ],
            [
              -5.0948389585717715,
              50.30065782798706
            ],
            [
              -5.091993827824378,
              50.30007428785436
            ],
            [
              -5.08709388042609,
              50.30007428785436
            ],
            [
              -5.086145503510292,
              50.29987977447679
            ],
            [
              -5.084881000955895,
              50.2991989776553
            ],
            [
              -5.082035870208502,
              50.29871269421138
            ],
            [
              -5.080139116376907,
              50.29871269421138
            ],
            [
              -5.077610111268113,
              50.29774012732354
            ],
            [
              -5.069232781845233,
              50.298809950900164
            ],
            [
              -5.0676521536522365,
              50.29910172096652
            ],
            [
              -5.067494090832938,
              50.299977031165575
            ],
            [
              -5.065123148543443,
              50.30036605792071
            ],
            [
              -5.064016708808346,
              50.30260296176274
            ],
            [
              -5.060381263964454,
              50.3022139350076
            ],
            [
              -5.059116761410057,
              50.30270021845152
            ],
            [
              -5.059432887048657,
              50.30308924520666
            ],
            [
              -5.057378070397761,
              50.30338101527301
            ],
            [
              -5.056745819120563,
              50.3027974751403
            ],
            [
              -5.055797442204765,
              50.29667030374692
            ],
            [
              -5.053584562734571,
              50.29394711646098
            ],
            [
              -5.051845871722275,
              50.292780036195566
            ],
            [
              -5.051529746083675,
              50.292196496062864
            ]
          ]
        ]
      },
      "properties": {
        "slot_id": "gas_emissions_6",
        "lineage_id": "LOCAL-NEW-92271296-1318-4c0c-a293-d0d4ebc2d06b",
        "page_generation": 1,
        "semantic_mode": "AREA_JOIN",
        "partition": {
          "start": 76904,
          "end": 92283,
          "count": 15380
        },
        "evidence_scope": "coverage_area",
        "coverage_area_id": "E01018821",
        "coverage_area_name": "Cornwall 047E",
        "coverage_area_identifier_scheme": "ONS_GSS_LSOA11",
        "parent_area_id": "E06000052",
        "parent_area_name": "Cornwall",
        "boundary_vintage": "LSOA 2011",
        "source_area_record": true,
        "accepted_parcel_record": false,
        "spatial_binding_method": "OFFICIAL_POLYGON_AND_EXACT_IDENTIFIER",
        "source_window_record_index": 20,
        "source_url": "https://raw.githubusercontent.com/ONSdigital/cdn.ons.gov.uk-assets/130bb351004270950dd4a434e27d80b588e7d0af/assets/topojson/lsoa_by_lad/topo_E06000052.json",
        "final_url": "https://raw.githubusercontent.com/ONSdigital/cdn.ons.gov.uk-assets/130bb351004270950dd4a434e27d80b588e7d0af/assets/topojson/lsoa_by_lad/topo_E06000052.json",
        "source_access_utc": "2026-10-02T05:46:30Z",
        "source_blob_sha": "5122ed59a03427c9913f20d0db5b9b203e7be41c",
        "source_file_sha256": "e313e88941def9339fe827e65196b707403d8baf6817be8b1b5216998e358b21",
        "field_evidence": {
          "LSOA11CD": "E01018821",
          "LSOA11NM": "Cornwall 047E",
          "geometry_type": "Polygon",
          "parent_LAD": "E06000052"
        },
        "evidence_slice_sha256": "f695cbe6b432e8dbd4c2cd9c6751c3e56861656b63d71d3cf81f9f95414d14a8",
        "confidence_score_0_100": 96,
        "evidence_grade": "A",
        "licence": "Open Government Licence v3.0",
        "licence_evidence_url": "https://www.ons.gov.uk/methodology/geography/licences",
        "fake_data": false,
        "local_spatial_join_status": "DEFERRED_TO_LOCAL_OPENCODE"
      }
    },
    {
      "type": "Feature",
      "id": "E01018822",
      "geometry": {
        "type": "Polygon",
        "coordinates": [
          [
            [
              -5.1054291674648455,
              50.26370028624919
            ],
            [
              -5.106219481561344,
              50.26370028624919
            ],
            [
              -5.105271104645547,
              50.26233869260622
            ],
            [
              -5.105587230284145,
              50.26165789578473
            ],
            [
              -5.098474403415663,
              50.25922647856513
            ],
            [
              -5.096577649584067,
              50.25883745181
            ],
            [
              -5.096103461126169,
              50.259420991942704
            ],
            [
              -5.09531314702967,
              50.25932373525392
            ],
            [
              -5.097051838041966,
              50.25747585816703
            ],
            [
              -5.101003408524456,
              50.25757311485581
            ],
            [
              -5.104796916187647,
              50.25815665498851
            ],
            [
              -5.10811623539294,
              50.255919751146486
            ],
            [
              -5.113490371249126,
              50.256795061345535
            ],
            [
              -5.115229062261422,
              50.25825391167729
            ],
            [
              -5.1145968109842235,
              50.25932373525392
            ],
            [
              -5.113174245610527,
              50.25922647856513
            ],
            [
              -5.11175168023683,
              50.25981001869784
            ],
            [
              -5.1130161827912275,
              50.260490815519326
            ],
            [
              -5.1144387481649245,
              50.26010178876419
            ],
            [
              -5.114754873803523,
              50.260490815519326
            ],
            [
              -5.115861313538621,
              50.26010178876419
            ],
            [
              -5.116335501996519,
              50.261463382407165
            ],
            [
              -5.116967753273718,
              50.263505772871625
            ],
            [
              -5.11617743917722,
              50.263505772871625
            ],
            [
              -5.116651627635119,
              50.263992056315544
            ],
            [
              -5.1144387481649245,
              50.26389479962676
            ],
            [
              -5.114122622526325,
              50.264478339759464
            ],
            [
              -5.110803303321033,
              50.2642838263819
            ],
            [
              -5.1054291674648455,
              50.26370028624919
            ]
          ]
        ]
      },
      "properties": {
        "slot_id": "gas_emissions_6",
        "lineage_id": "LOCAL-NEW-92271296-1318-4c0c-a293-d0d4ebc2d06b",
        "page_generation": 1,
        "semantic_mode": "AREA_JOIN",
        "partition": {
          "start": 76904,
          "end": 92283,
          "count": 15380
        },
        "evidence_scope": "coverage_area",
        "coverage_area_id": "E01018822",
        "coverage_area_name": "Cornwall 043B",
        "coverage_area_identifier_scheme": "ONS_GSS_LSOA11",
        "parent_area_id": "E06000052",
        "parent_area_name": "Cornwall",
        "boundary_vintage": "LSOA 2011",
        "source_area_record": true,
        "accepted_parcel_record": false,
        "spatial_binding_method": "OFFICIAL_POLYGON_AND_EXACT_IDENTIFIER",
        "source_window_record_index": 21,
        "source_url": "https://raw.githubusercontent.com/ONSdigital/cdn.ons.gov.uk-assets/130bb351004270950dd4a434e27d80b588e7d0af/assets/topojson/lsoa_by_lad/topo_E06000052.json",
        "final_url": "https://raw.githubusercontent.com/ONSdigital/cdn.ons.gov.uk-assets/130bb351004270950dd4a434e27d80b588e7d0af/assets/topojson/lsoa_by_lad/topo_E06000052.json",
        "source_access_utc": "2026-10-02T05:46:30Z",
        "source_blob_sha": "5122ed59a03427c9913f20d0db5b9b203e7be41c",
        "source_file_sha256": "e313e88941def9339fe827e65196b707403d8baf6817be8b1b5216998e358b21",
        "field_evidence": {
          "LSOA11CD": "E01018822",
          "LSOA11NM": "Cornwall 043B",
          "geometry_type": "Polygon",
          "parent_LAD": "E06000052"
        },
        "evidence_slice_sha256": "f695cbe6b432e8dbd4c2cd9c6751c3e56861656b63d71d3cf81f9f95414d14a8",
        "confidence_score_0_100": 96,
        "evidence_grade": "A",
        "licence": "Open Government Licence v3.0",
        "licence_evidence_url": "https://www.ons.gov.uk/methodology/geography/licences",
        "fake_data": false,
        "local_spatial_join_status": "DEFERRED_TO_LOCAL_OPENCODE"
      }
    },
    {
      "type": "Feature",
      "id": "E01018823",
      "geometry": {
        "type": "Polygon",
        "coordinates": [
          [
            [
              -5.039991160274804,
              50.26768781048933
            ],
            [
              -5.040623411552001,
              50.26749329711176
            ],
            [
              -5.043310479480096,
              50.26574267671366
            ],
            [
              -5.043942730757294,
              50.26525639326974
            ],
            [
              -5.044574982034493,
              50.26467285313703
            ],
            [
              -5.046787861504687,
              50.26515913658095
            ],
            [
              -5.047420112781886,
              50.26535364995852
            ],
            [
              -5.048526552516983,
              50.2654509066473
            ],
            [
              -5.050423306348578,
              50.266034446780004
            ],
            [
              -5.051371683264376,
              50.266715243601496
            ],
            [
              -5.052161997360874,
              50.26681250029028
            ],
            [
              -5.052636185818773,
              50.26613170346879
            ],
            [
              -5.053426499915271,
              50.266715243601496
            ],
            [
              -5.053584562734571,
              50.26739604042298
            ],
            [
              -5.053110374276672,
              50.2684658639996
            ],
            [
              -5.052952311457372,
              50.26895214744352
            ],
            [
              -5.051529746083675,
              50.268757634065956
            ],
            [
              -5.050739431987178,
              50.2690494041323
            ],
            [
              -5.050423306348578,
              50.268757634065956
            ],
            [
              -5.049791055071379,
              50.269146660821086
            ],
            [
              -5.0494749294327805,
              50.2684658639996
            ],
            [
              -5.050581369167878,
              50.2684658639996
            ],
            [
              -5.0508974948064775,
              50.268076837244465
            ],
            [
              -5.0508974948064775,
              50.26768781048933
            ],
            [
              -5.049949117890679,
              50.26739604042298
            ],
            [
              -5.048842678155582,
              50.26749329711176
            ],
            [
              -5.046629798685387,
              50.2690494041323
            ],
            [
              -5.0478943012397846,
              50.269730200953795
            ],
            [
              -5.047420112781886,
              50.27041099777528
            ],
            [
              -5.045839484588889,
              50.270702767841634
            ],
            [
              -5.045997547408189,
              50.270119227708925
            ],
            [
              -5.04552335895029,
              50.27002197102014
            ],
            [
              -5.045997547408189,
              50.268757634065956
            ],
            [
              -5.044100793576593,
              50.26836860731082
            ],
            [
              -5.043626605118694,
              50.26827135062204
            ],
            [
              -5.043152416660796,
              50.26895214744352
            ],
            [
              -5.0420459769256984,
              50.26895214744352
            ],
            [
              -5.042678228202897,
              50.27050825446406
            ],
            [
              -5.042362102564297,
              50.271772591418255
            ],
            [
              -5.041097600009901,
              50.27157807804068
            ],
            [
              -5.041097600009901,
              50.2708972812192
            ],
            [
              -5.041887914106399,
              50.27050825446406
            ],
            [
              -5.0417298512871,
              50.27041099777528
            ],
            [
              -5.040781474371301,
              50.2703137410865
            ],
            [
              -5.039991160274804,
              50.269632944265005
            ],
            [
              -5.038884720539706,
              50.269632944265005
            ],
            [
              -5.038726657720407,
              50.2684658639996
            ],
            [
              -5.038884720539706,
              50.26827135062204
            ],
            [
              -5.039833097455504,
              50.2684658639996
            ],
            [
              -5.040149223094103,
              50.26827135062204
            ],
            [
              -5.039991160274804,
              50.26768781048933
            ]
          ]
        ]
      },
      "properties": {
        "slot_id": "gas_emissions_6",
        "lineage_id": "LOCAL-NEW-92271296-1318-4c0c-a293-d0d4ebc2d06b",
        "page_generation": 1,
        "semantic_mode": "AREA_JOIN",
        "partition": {
          "start": 76904,
          "end": 92283,
          "count": 15380
        },
        "evidence_scope": "coverage_area",
        "coverage_area_id": "E01018823",
        "coverage_area_name": "Cornwall 042A",
        "coverage_area_identifier_scheme": "ONS_GSS_LSOA11",
        "parent_area_id": "E06000052",
        "parent_area_name": "Cornwall",
        "boundary_vintage": "LSOA 2011",
        "source_area_record": true,
        "accepted_parcel_record": false,
        "spatial_binding_method": "OFFICIAL_POLYGON_AND_EXACT_IDENTIFIER",
        "source_window_record_index": 22,
        "source_url": "https://raw.githubusercontent.com/ONSdigital/cdn.ons.gov.uk-assets/130bb351004270950dd4a434e27d80b588e7d0af/assets/topojson/lsoa_by_lad/topo_E06000052.json",
        "final_url": "https://raw.githubusercontent.com/ONSdigital/cdn.ons.gov.uk-assets/130bb351004270950dd4a434e27d80b588e7d0af/assets/topojson/lsoa_by_lad/topo_E06000052.json",
        "source_access_utc": "2026-10-02T05:46:30Z",
        "source_blob_sha": "5122ed59a03427c9913f20d0db5b9b203e7be41c",
        "source_file_sha256": "e313e88941def9339fe827e65196b707403d8baf6817be8b1b5216998e358b21",
        "field_evidence": {
          "LSOA11CD": "E01018823",
          "LSOA11NM": "Cornwall 042A",
          "geometry_type": "Polygon",
          "parent_LAD": "E06000052"
        },
        "evidence_slice_sha256": "f695cbe6b432e8dbd4c2cd9c6751c3e56861656b63d71d3cf81f9f95414d14a8",
        "confidence_score_0_100": 96,
        "evidence_grade": "A",
        "licence": "Open Government Licence v3.0",
        "licence_evidence_url": "https://www.ons.gov.uk/methodology/geography/licences",
        "fake_data": false,
        "local_spatial_join_status": "DEFERRED_TO_LOCAL_OPENCODE"
      }
    },
    {
      "type": "Feature",
      "id": "E01018824",
      "geometry": {
        "type": "Polygon",
        "coordinates": [
          [
            [
              -5.030507391116826,
              50.27323144175001
            ],
            [
              -5.0344589615993165,
              50.27216161817339
            ],
            [
              -5.035723464153714,
              50.2708972812192
            ],
            [
              -5.0358815269730135,
              50.27041099777528
            ],
            [
              -5.036197652611612,
              50.26992471433136
            ],
            [
              -5.036671841069511,
              50.2684658639996
            ],
            [
              -5.039991160274804,
              50.26768781048933
            ],
            [
              -5.040149223094103,
              50.26827135062204
            ],
            [
              -5.039833097455504,
              50.2684658639996
            ],
            [
              -5.038884720539706,
              50.26827135062204
            ],
            [
              -5.038726657720407,
              50.2684658639996
            ],
            [
              -5.038884720539706,
              50.269632944265005
            ],
            [
              -5.039991160274804,
              50.269632944265005
            ],
            [
              -5.040781474371301,
              50.2703137410865
            ],
            [
              -5.0417298512871,
              50.27041099777528
            ],
            [
              -5.041887914106399,
              50.27050825446406
            ],
            [
              -5.041097600009901,
              50.2708972812192
            ],
            [
              -5.041097600009901,
              50.27157807804068
            ],
            [
              -5.042362102564297,
              50.271772591418255
            ],
            [
              -5.042678228202897,
              50.27050825446406
            ],
            [
              -5.0420459769256984,
              50.26895214744352
            ],
            [
              -5.043152416660796,
              50.26895214744352
            ],
            [
              -5.043626605118694,
              50.26827135062204
            ],
            [
              -5.044100793576593,
              50.26836860731082
            ],
            [
              -5.045997547408189,
              50.268757634065956
            ],
            [
              -5.04552335895029,
              50.27002197102014
            ],
            [
              -5.045997547408189,
              50.270119227708925
            ],
            [
              -5.045839484588889,
              50.270702767841634
            ],
            [
              -5.047420112781886,
              50.27041099777528
            ],
            [
              -5.0478943012397846,
              50.269730200953795
            ],
            [
              -5.046629798685387,
              50.2690494041323
            ],
            [
              -5.048842678155582,
              50.26749329711176
            ],
            [
              -5.049949117890679,
              50.26739604042298
            ],
            [
              -5.0508974948064775,
              50.26768781048933
            ],
            [
              -5.0508974948064775,
              50.268076837244465
            ],
            [
              -5.050581369167878,
              50.2684658639996
            ],
            [
              -5.0494749294327805,
              50.2684658639996
            ],
            [
              -5.049791055071379,
              50.269146660821086
            ],
            [
              -5.050423306348578,
              50.268757634065956
            ],
            [
              -5.050739431987178,
              50.2690494041323
            ],
            [
              -5.051529746083675,
              50.268757634065956
            ],
            [
              -5.052952311457372,
              50.26895214744352
            ],
            [
              -5.052952311457372,
              50.270800024530416
            ],
            [
              -5.0540587511924695,
              50.27196710479582
            ],
            [
              -5.04963299225208,
              50.271772591418255
            ],
            [
              -5.048526552516983,
              50.27167533472947
            ],
            [
              -5.047420112781886,
              50.27362046850514
            ],
            [
              -5.046787861504687,
              50.275273832214474
            ],
            [
              -5.044416919215193,
              50.2775107360565
            ],
            [
              -5.043152416660796,
              50.27819153287799
            ],
            [
              -5.040939537190601,
              50.27799701950042
            ],
            [
              -5.038568594901107,
              50.27819153287799
            ],
            [
              -5.039200846178305,
              50.27770524943407
            ],
            [
              -5.038252469262508,
              50.275857372347176
            ],
            [
              -5.036513778250212,
              50.274787548770554
            ],
            [
              -5.036987966708111,
              50.27420400863785
            ],
            [
              -5.035565401334414,
              50.2744957787042
            ],
            [
              -5.034933150057215,
              50.27342595512758
            ],
            [
              -5.030823516755426,
              50.27400949526028
            ],
            [
              -5.030507391116826,
              50.27323144175001
            ]
          ]
        ]
      },
      "properties": {
        "slot_id": "gas_emissions_6",
        "lineage_id": "LOCAL-NEW-92271296-1318-4c0c-a293-d0d4ebc2d06b",
        "page_generation": 1,
        "semantic_mode": "AREA_JOIN",
        "partition": {
          "start": 76904,
          "end": 92283,
          "count": 15380
        },
        "evidence_scope": "coverage_area",
        "coverage_area_id": "E01018824",
        "coverage_area_name": "Cornwall 042B",
        "coverage_area_identifier_scheme": "ONS_GSS_LSOA11",
        "parent_area_id": "E06000052",
        "parent_area_name": "Cornwall",
        "boundary_vintage": "LSOA 2011",
        "source_area_record": true,
        "accepted_parcel_record": false,
        "spatial_binding_method": "OFFICIAL_POLYGON_AND_EXACT_IDENTIFIER",
        "source_window_record_index": 23,
        "source_url": "https://raw.githubusercontent.com/ONSdigital/cdn.ons.gov.uk-assets/130bb351004270950dd4a434e27d80b588e7d0af/assets/topojson/lsoa_by_lad/topo_E06000052.json",
        "final_url": "https://raw.githubusercontent.com/ONSdigital/cdn.ons.gov.uk-assets/130bb351004270950dd4a434e27d80b588e7d0af/assets/topojson/lsoa_by_lad/topo_E06000052.json",
        "source_access_utc": "2026-10-02T05:46:30Z",
        "source_blob_sha": "5122ed59a03427c9913f20d0db5b9b203e7be41c",
        "source_file_sha256": "e313e88941def9339fe827e65196b707403d8baf6817be8b1b5216998e358b21",
        "field_evidence": {
          "LSOA11CD": "E01018824",
          "LSOA11NM": "Cornwall 042B",
          "geometry_type": "Polygon",
          "parent_LAD": "E06000052"
        },
        "evidence_slice_sha256": "f695cbe6b432e8dbd4c2cd9c6751c3e56861656b63d71d3cf81f9f95414d14a8",
        "confidence_score_0_100": 96,
        "evidence_grade": "A",
        "licence": "Open Government Licence v3.0",
        "licence_evidence_url": "https://www.ons.gov.uk/methodology/geography/licences",
        "fake_data": false,
        "local_spatial_join_status": "DEFERRED_TO_LOCAL_OPENCODE"
      }
    },
    {
      "type": "Feature",
      "id": "E01018825",
      "geometry": {
        "type": "Polygon",
        "coordinates": [
          [
            [
              -5.214492512781583,
              50.29141844255259
            ],
            [
              -5.214018324323685,
              50.29005684890962
            ],
            [
              -5.214492512781583,
              50.28986233553205
            ],
            [
              -5.215440889697381,
              50.285485784536775
            ],
            [
              -5.216073140974579,
              50.28519401447043
            ],
            [
              -5.218602146083374,
              50.28529127115921
            ],
            [
              -5.22018277427637,
              50.283443394072314
            ],
            [
              -5.22002471145707,
              50.282470827184476
            ],
            [
              -5.214650575600883,
              50.28130374691907
            ],
            [
              -5.21180544485349,
              50.28023392334245
            ],
            [
              -5.21196350767279,
              50.279942153276096
            ],
            [
              -5.212911884588587,
              50.27974763989853
            ],
            [
              -5.212121570492089,
              50.279358613143394
            ],
            [
              -5.212437696130689,
              50.27877507301069
            ],
            [
              -5.21180544485349,
              50.277899762811636
            ],
            [
              -5.210382879479793,
              50.279942153276096
            ],
            [
              -5.2095925653832955,
              50.279942153276096
            ],
            [
              -5.207853874371,
              50.27984489658731
            ],
            [
              -5.208960314106097,
              50.27848330294434
            ],
            [
              -5.204218429527108,
              50.2775107360565
            ],
            [
              -5.203902303888508,
              50.277316222678934
            ],
            [
              -5.203744241069209,
              50.27614914241353
            ],
            [
              -5.200108796225318,
              50.275371088903256
            ],
            [
              -5.1975797911165245,
              50.27566285896961
            ],
            [
              -5.195366911646329,
              50.275857372347176
            ],
            [
              -5.195366911646329,
              50.27410675194906
            ],
            [
              -5.192363718079637,
              50.271286307974336
            ],
            [
              -5.193628220634034,
              50.270800024530416
            ],
            [
              -5.192837906537536,
              50.268757634065956
            ],
            [
              -5.19125727834454,
              50.266617986912706
            ],
            [
              -5.190308901428741,
              50.26593719009122
            ],
            [
              -5.190625027067341,
              50.26282497605014
            ],
            [
              -5.191415341163839,
              50.26224143591743
            ],
            [
              -5.192521780898936,
              50.26224143591743
            ],
            [
              -5.1929959693568355,
              50.26136612571838
            ],
            [
              -5.192363718079637,
              50.26087984227446
            ],
            [
              -5.190625027067341,
              50.26087984227446
            ],
            [
              -5.192837906537536,
              50.25903196518757
            ],
            [
              -5.196473351381426,
              50.25514169763621
            ],
            [
              -5.198844293670921,
              50.255919751146486
            ],
            [
              -5.200266859044618,
              50.25805939829973
            ],
            [
              -5.201689424418314,
              50.25922647856513
            ],
            [
              -5.205482932081505,
              50.259907275386624
            ],
            [
              -5.209276439744696,
              50.259420991942704
            ],
            [
              -5.210540942299093,
              50.25971276200905
            ],
            [
              -5.215440889697381,
              50.26340851618284
            ],
            [
              -5.218286020444774,
              50.26438108307068
            ],
            [
              -5.2187602089026734,
              50.2648673665146
            ],
            [
              -5.22002471145707,
              50.2648673665146
            ],
            [
              -5.2231859678430625,
              50.265061879892166
            ],
            [
              -5.225873035771156,
              50.26720152704541
            ],
            [
              -5.227453663964152,
              50.26768781048933
            ],
            [
              -5.2307729831694445,
              50.267590553800545
            ],
            [
              -5.233460051097538,
              50.26817409393325
            ],
            [
              -5.235040679290534,
              50.271772591418255
            ],
            [
              -5.237727747218628,
              50.2744957787042
            ],
            [
              -5.239624501050223,
              50.27721896599015
            ],
            [
              -5.24057287796602,
              50.276829939235014
            ],
            [
              -5.242153506159017,
              50.27809427618921
            ],
            [
              -5.24088900360462,
              50.27867781632191
            ],
            [
              -5.24104706642392,
              50.279942153276096
            ],
            [
              -5.2427857574362156,
              50.27945586983218
            ],
            [
              -5.245630888183609,
              50.27712170930137
            ],
            [
              -5.250372772762597,
              50.28110923354151
            ],
            [
              -5.251163086859095,
              50.28169277367421
            ],
            [
              -5.249582458666099,
              50.28276259725083
            ],
            [
              -5.250688898401196,
              50.28334613738353
            ],
            [
              -5.248792144569601,
              50.283540650761104
            ],
            [
              -5.246105076641507,
              50.28470773102651
            ],
            [
              -5.245314762545009,
              50.28568029791435
            ],
            [
              -5.2459470138222075,
              50.286652864802186
            ],
            [
              -5.2429438202555145,
              50.28704189155732
            ],
            [
              -5.242627694616916,
              50.28733366162367
            ],
            [
              -5.241837380520417,
              50.28830622851151
            ],
            [
              -5.243418008713414,
              50.29025136228719
            ],
            [
              -5.24120512924322,
              50.29141844255259
            ],
            [
              -5.2413631920625186,
              50.2920019826853
            ],
            [
              -5.241995443339717,
              50.292196496062864
            ],
            [
              -5.24120512924322,
              50.29229375275165
            ],
            [
              -5.241837380520417,
              50.293266319639486
            ],
            [
              -5.240256752327421,
              50.29384985977219
            ],
            [
              -5.240414815146721,
              50.29462791328246
            ],
            [
              -5.238834186953725,
              50.295405966792735
            ],
            [
              -5.238518061315125,
              50.29608676361422
            ],
            [
              -5.2353568049291335,
              50.296184020303
            ],
            [
              -5.234408428013335,
              50.294919683348816
            ],
            [
              -5.232985862639639,
              50.29433614321611
            ],
            [
              -5.231089108808043,
              50.29414162983854
            ],
            [
              -5.228718166518549,
              50.29346083301706
            ],
            [
              -5.226979475506253,
              50.29229375275165
            ],
            [
              -5.225714972951856,
              50.29054313235354
            ],
            [
              -5.225240784493957,
              50.28995959222083
            ],
            [
              -5.221605339650067,
              50.29093215910867
            ],
            [
              -5.214492512781583,
              50.29141844255259
            ]
          ]
        ]
      },
      "properties": {
        "slot_id": "gas_emissions_6",
        "lineage_id": "LOCAL-NEW-92271296-1318-4c0c-a293-d0d4ebc2d06b",
        "page_generation": 1,
        "semantic_mode": "AREA_JOIN",
        "partition": {
          "start": 76904,
          "end": 92283,
          "count": 15380
        },
        "evidence_scope": "coverage_area",
        "coverage_area_id": "E01018825",
        "coverage_area_name": "Cornwall 040A",
        "coverage_area_identifier_scheme": "ONS_GSS_LSOA11",
        "parent_area_id": "E06000052",
        "parent_area_name": "Cornwall",
        "boundary_vintage": "LSOA 2011",
        "source_area_record": true,
        "accepted_parcel_record": false,
        "spatial_binding_method": "OFFICIAL_POLYGON_AND_EXACT_IDENTIFIER",
        "source_window_record_index": 24,
        "source_url": "https://raw.githubusercontent.com/ONSdigital/cdn.ons.gov.uk-assets/130bb351004270950dd4a434e27d80b588e7d0af/assets/topojson/lsoa_by_lad/topo_E06000052.json",
        "final_url": "https://raw.githubusercontent.com/ONSdigital/cdn.ons.gov.uk-assets/130bb351004270950dd4a434e27d80b588e7d0af/assets/topojson/lsoa_by_lad/topo_E06000052.json",
        "source_access_utc": "2026-10-02T05:46:30Z",
        "source_blob_sha": "5122ed59a03427c9913f20d0db5b9b203e7be41c",
        "source_file_sha256": "e313e88941def9339fe827e65196b707403d8baf6817be8b1b5216998e358b21",
        "field_evidence": {
          "LSOA11CD": "E01018825",
          "LSOA11NM": "Cornwall 040A",
          "geometry_type": "Polygon",
          "parent_LAD": "E06000052"
        },
        "evidence_slice_sha256": "f695cbe6b432e8dbd4c2cd9c6751c3e56861656b63d71d3cf81f9f95414d14a8",
        "confidence_score_0_100": 96,
        "evidence_grade": "A",
        "licence": "Open Government Licence v3.0",
        "licence_evidence_url": "https://www.ons.gov.uk/methodology/geography/licences",
        "fake_data": false,
        "local_spatial_join_status": "DEFERRED_TO_LOCAL_OPENCODE"
      }
    },
    {
      "type": "Feature",
      "id": "E01018826",
      "geometry": {
        "type": "Polygon",
        "coordinates": [
          [
            [
              -5.166283352895199,
              50.27828878956677
            ],
            [
              -5.170076860558391,
              50.275857372347176
            ],
            [
              -5.171657488751387,
              50.27498206214812
            ],
            [
              -5.172763928486484,
              50.2739122385715
            ],
            [
              -5.176241310511076,
              50.27216161817339
            ],
            [
              -5.177189687426873,
              50.27196710479582
            ],
            [
              -5.1779800015233715,
              50.271286307974336
            ],
            [
              -5.181299320728663,
              50.26943843088744
            ],
            [
              -5.185250891211154,
              50.26632621684636
            ],
            [
              -5.190625027067341,
              50.26087984227446
            ],
            [
              -5.192363718079637,
              50.26087984227446
            ],
            [
              -5.1929959693568355,
              50.26136612571838
            ],
            [
              -5.192521780898936,
              50.26224143591743
            ],
            [
              -5.191415341163839,
              50.26224143591743
            ],
            [
              -5.190625027067341,
              50.26282497605014
            ],
            [
              -5.190308901428741,
              50.26593719009122
            ],
            [
              -5.19125727834454,
              50.266617986912706
            ],
            [
              -5.192837906537536,
              50.268757634065956
            ],
            [
              -5.193628220634034,
              50.270800024530416
            ],
            [
              -5.192363718079637,
              50.271286307974336
            ],
            [
              -5.195366911646329,
              50.27410675194906
            ],
            [
              -5.195366911646329,
              50.275857372347176
            ],
            [
              -5.1975797911165245,
              50.27566285896961
            ],
            [
              -5.200108796225318,
              50.275371088903256
            ],
            [
              -5.203744241069209,
              50.27614914241353
            ],
            [
              -5.203902303888508,
              50.277316222678934
            ],
            [
              -5.204218429527108,
              50.2775107360565
            ],
            [
              -5.208960314106097,
              50.27848330294434
            ],
            [
              -5.207853874371,
              50.27984489658731
            ],
            [
              -5.2095925653832955,
              50.279942153276096
            ],
            [
              -5.210382879479793,
              50.279942153276096
            ],
            [
              -5.21180544485349,
              50.277899762811636
            ],
            [
              -5.212437696130689,
              50.27877507301069
            ],
            [
              -5.212121570492089,
              50.279358613143394
            ],
            [
              -5.212911884588587,
              50.27974763989853
            ],
            [
              -5.21196350767279,
              50.279942153276096
            ],
            [
              -5.21180544485349,
              50.28023392334245
            ],
            [
              -5.214650575600883,
              50.28130374691907
            ],
            [
              -5.22002471145707,
              50.282470827184476
            ],
            [
              -5.22018277427637,
              50.283443394072314
            ],
            [
              -5.218602146083374,
              50.28529127115921
            ],
            [
              -5.216073140974579,
              50.28519401447043
            ],
            [
              -5.215440889697381,
              50.285485784536775
            ],
            [
              -5.214492512781583,
              50.28986233553205
            ],
            [
              -5.214018324323685,
              50.29005684890962
            ],
            [
              -5.214492512781583,
              50.29141844255259
            ],
            [
              -5.202637801334112,
              50.29161295593016
            ],
            [
              -5.192205655260337,
              50.29229375275165
            ],
            [
              -5.189044398874344,
              50.29102941579746
            ],
            [
              -5.184618639933955,
              50.28830622851151
            ],
            [
              -5.17813806434267,
              50.29044587566475
            ],
            [
              -5.170867174654888,
              50.29384985977219
            ],
            [
              -5.167073666991698,
              50.29453065659368
            ],
            [
              -5.160909217039013,
              50.2950169400376
            ],
            [
              -5.160276965761814,
              50.294238886527324
            ],
            [
              -5.160751154219713,
              50.29346083301706
            ],
            [
              -5.160593091400413,
              50.292780036195566
            ],
            [
              -5.161067279858312,
              50.292682779506784
            ],
            [
              -5.160909217039013,
              50.29180746930773
            ],
            [
              -5.162489845232009,
              50.2895705654657
            ],
            [
              -5.164228536244305,
              50.28830622851151
            ],
            [
              -5.164228536244305,
              50.28733366162367
            ],
            [
              -5.163122096509207,
              50.28490224440407
            ],
            [
              -5.163596284967106,
              50.283540650761104
            ],
            [
              -5.162647908051309,
              50.282470827184476
            ],
            [
              -5.166283352895199,
              50.27828878956677
            ]
          ]
        ]
      },
      "properties": {
        "slot_id": "gas_emissions_6",
        "lineage_id": "LOCAL-NEW-92271296-1318-4c0c-a293-d0d4ebc2d06b",
        "page_generation": 1,
        "semantic_mode": "AREA_JOIN",
        "partition": {
          "start": 76904,
          "end": 92283,
          "count": 15380
        },
        "evidence_scope": "coverage_area",
        "coverage_area_id": "E01018826",
        "coverage_area_name": "Cornwall 040B",
        "coverage_area_identifier_scheme": "ONS_GSS_LSOA11",
        "parent_area_id": "E06000052",
        "parent_area_name": "Cornwall",
        "boundary_vintage": "LSOA 2011",
        "source_area_record": true,
        "accepted_parcel_record": false,
        "spatial_binding_method": "OFFICIAL_POLYGON_AND_EXACT_IDENTIFIER",
        "source_window_record_index": 25,
        "source_url": "https://raw.githubusercontent.com/ONSdigital/cdn.ons.gov.uk-assets/130bb351004270950dd4a434e27d80b588e7d0af/assets/topojson/lsoa_by_lad/topo_E06000052.json",
        "final_url": "https://raw.githubusercontent.com/ONSdigital/cdn.ons.gov.uk-assets/130bb351004270950dd4a434e27d80b588e7d0af/assets/topojson/lsoa_by_lad/topo_E06000052.json",
        "source_access_utc": "2026-10-02T05:46:30Z",
        "source_blob_sha": "5122ed59a03427c9913f20d0db5b9b203e7be41c",
        "source_file_sha256": "e313e88941def9339fe827e65196b707403d8baf6817be8b1b5216998e358b21",
        "field_evidence": {
          "LSOA11CD": "E01018826",
          "LSOA11NM": "Cornwall 040B",
          "geometry_type": "Polygon",
          "parent_LAD": "E06000052"
        },
        "evidence_slice_sha256": "f695cbe6b432e8dbd4c2cd9c6751c3e56861656b63d71d3cf81f9f95414d14a8",
        "confidence_score_0_100": 96,
        "evidence_grade": "A",
        "licence": "Open Government Licence v3.0",
        "licence_evidence_url": "https://www.ons.gov.uk/methodology/geography/licences",
        "fake_data": false,
        "local_spatial_join_status": "DEFERRED_TO_LOCAL_OPENCODE"
      }
    },
    {
      "type": "Feature",
      "id": "E01018827",
      "geometry": {
        "type": "Polygon",
        "coordinates": [
          [
            [
              -5.112383931514029,
              50.20670786662185
            ],
            [
              -5.113964559707025,
              50.20651335324428
            ],
            [
              -5.1145968109842235,
              50.206610609933065
            ],
            [
              -5.114122622526325,
              50.20622158317793
            ],
            [
              -5.11617743917722,
              50.20495724622374
            ],
            [
              -5.116967753273718,
              50.20515175960131
            ],
            [
              -5.117283878912318,
              50.20524901629009
            ],
            [
              -5.117758067370216,
              50.20495724622374
            ],
            [
              -5.118232255828115,
              50.20427644940225
            ],
            [
              -5.117283878912318,
              50.205054502912525
            ],
            [
              -5.11617743917722,
              50.20485998953495
            ],
            [
              -5.114122622526325,
              50.20602706980036
            ],
            [
              -5.113806496887726,
              50.20651335324428
            ],
            [
              -5.112541994333329,
              50.206610609933065
            ],
            [
              -5.1100129892245345,
              50.20729140675455
            ],
            [
              -5.108274298212239,
              50.2069996366882
            ],
            [
              -5.107009795657842,
              50.20768043350969
            ],
            [
              -5.105903355922745,
              50.20768043350969
            ],
            [
              -5.103216287994651,
              50.208653000397526
            ],
            [
              -5.100845345705157,
              50.20904202715266
            ],
            [
              -5.099738905970059,
              50.20894477046388
            ],
            [
              -5.0980002149577635,
              50.20787494688726
            ],
            [
              -5.095629272668269,
              50.20768043350969
            ],
            [
              -5.094997021391071,
              50.207096893376985
            ],
            [
              -5.092942204740176,
              50.20651335324428
            ],
            [
              -5.088042257341888,
              50.207096893376985
            ],
            [
              -5.084564875317296,
              50.20651335324428
            ],
            [
              -5.083616498401499,
              50.20563804304523
            ],
            [
              -5.0812455561120045,
              50.2064160965555
            ],
            [
              -5.079190739461109,
              50.2064160965555
            ],
            [
              -5.076187545894416,
              50.20563804304523
            ],
            [
              -5.075397231797918,
              50.20466547615739
            ],
            [
              -5.075555294617217,
              50.20262308569293
            ],
            [
              -5.0738166036049215,
              50.20165051880509
            ],
            [
              -5.0738166036049215,
              50.199899898406976
            ],
            [
              -5.0722359754119255,
              50.19970538502941
            ],
            [
              -5.07049728439963,
              50.198830074830354
            ],
            [
              -5.0690747190259335,
              50.19873281814157
            ],
            [
              -5.0660715254592406,
              50.196787684365894
            ],
            [
              -5.065913462639941,
              50.19620414423319
            ],
            [
              -5.064332834446945,
              50.19649591429955
            ],
            [
              -5.063858645989046,
              50.19639865761076
            ],
            [
              -5.064016708808346,
              50.19610688754441
            ],
            [
              -5.063384457531147,
              50.19620414423319
            ],
            [
              -5.064016708808346,
              50.19562060410049
            ],
            [
              -5.064174771627645,
              50.194939807279
            ],
            [
              -5.063384457531147,
              50.1943562671463
            ],
            [
              -5.063384457531147,
              50.19348095694724
            ],
            [
              -5.062752206253949,
              50.192702903436974
            ],
            [
              -5.060381263964454,
              50.191244053105216
            ],
            [
              -5.05832644731356,
              50.19046599959494
            ],
            [
              -5.056429693481964,
              50.190174229528594
            ],
            [
              -5.055955505024065,
              50.18881263588562
            ],
            [
              -5.054849065288968,
              50.18784006899778
            ],
            [
              -5.054374876831069,
              50.186575732043586
            ],
            [
              -5.054849065288968,
              50.184630598267916
            ],
            [
              -5.0540587511924695,
              50.181907410981964
            ],
            [
              -5.054374876831069,
              50.18035130396142
            ],
            [
              -5.055323253746867,
              50.17967050713994
            ],
            [
              -5.05801032167496,
              50.178892453629665
            ],
            [
              -5.060697389603053,
              50.17850342687453
            ],
            [
              -5.063384457531147,
              50.1792814803848
            ],
            [
              -5.065597337001342,
              50.17957325045115
            ],
            [
              -5.066703776736439,
              50.18035130396142
            ],
            [
              -5.066703776736439,
              50.18064307402777
            ],
            [
              -5.067019902375038,
              50.18054581733899
            ],
            [
              -5.0690747190259335,
              50.18210192435953
            ],
            [
              -5.071603724134727,
              50.182490951114666
            ],
            [
              -5.077293985629513,
              50.18424157151278
            ],
            [
              -5.075555294617217,
              50.18326900462494
            ],
            [
              -5.0752391689786185,
              50.182490951114666
            ],
            [
              -5.0720779125926265,
              50.18103210078291
            ],
            [
              -5.071445661315428,
              50.18035130396142
            ],
            [
              -5.069390844664532,
              50.17918422369602
            ],
            [
              -5.064965085724143,
              50.17830891349696
            ],
            [
              -5.064807022904843,
              50.17772537336426
            ],
            [
              -5.063858645989046,
              50.17830891349696
            ],
            [
              -5.063226394711847,
              50.17830891349696
            ],
            [
              -5.0616457665188515,
              50.17762811667547
            ],
            [
              -5.058484510132859,
              50.177336346609124
            ],
            [
              -5.059274824229357,
              50.175682982899794
            ],
            [
              -5.059116761410057,
              50.17461315932317
            ],
            [
              -5.062910269073249,
              50.175293956144664
            ],
            [
              -5.067810216471536,
              50.17441864594561
            ],
            [
              -5.07049728439963,
              50.17500218607831
            ],
            [
              -5.073974666424221,
              50.18005953389507
            ],
            [
              -5.074448854882121,
              50.18064307402777
            ],
            [
              -5.075081106159319,
              50.18074033071656
            ],
            [
              -5.076029483075117,
              50.17967050713994
            ],
            [
              -5.077926236906712,
              50.17860068356331
            ],
            [
              -5.077452048448813,
              50.179865020517504
            ],
            [
              -5.0752391689786185,
              50.18132387084926
            ],
            [
              -5.076345608713716,
              50.18161564091561
            ],
            [
              -5.075713357436517,
              50.182004667670746
            ],
            [
              -5.0768197971716145,
              50.18307449124737
            ],
            [
              -5.077452048448813,
              50.18268546449224
            ],
            [
              -5.077926236906712,
              50.18326900462494
            ],
            [
              -5.077610111268113,
              50.18424157151278
            ],
            [
              -5.075871420255817,
              50.18492236833426
            ],
            [
              -5.076029483075117,
              50.184533341579126
            ],
            [
              -5.075713357436517,
              50.184144314823996
            ],
            [
              -5.074132729243521,
              50.18424157151278
            ],
            [
              -5.069232781845233,
              50.186478475354804
            ],
            [
              -5.0690747190259335,
              50.18784006899778
            ],
            [
              -5.0676521536522365,
              50.189687946084675
            ],
            [
              -5.068916656206634,
              50.19036874290616
            ],
            [
              -5.068600530568035,
              50.190660512972514
            ],
            [
              -5.071287598496128,
              50.192216619993054
            ],
            [
              -5.0720779125926265,
              50.19163307986035
            ],
            [
              -5.07476498052072,
              50.192702903436974
            ],
            [
              -5.075713357436517,
              50.19143856648278
            ],
            [
              -5.0752391689786185,
              50.18997971615102
            ],
            [
              -5.07460691770142,
              50.1894934327071
            ],
            [
              -5.075555294617217,
              50.1883263524417
            ],
            [
              -5.0766617343523155,
              50.18822909575292
            ],
            [
              -5.076345608713716,
              50.187645555620215
            ],
            [
              -5.076977859990914,
              50.18725652886508
            ],
            [
              -5.0766617343523155,
              50.18725652886508
            ],
            [
              -5.076503671533016,
              50.18696475879872
            ],
            [
              -5.076503671533016,
              50.186575732043586
            ],
            [
              -5.076977859990914,
              50.186478475354804
            ],
            [
              -5.077926236906712,
              50.18628396197724
            ],
            [
              -5.081719744569903,
              50.18638121866602
            ],
            [
              -5.081561681750603,
              50.18696475879872
            ],
            [
              -5.082668121485701,
              50.187159272176295
            ],
            [
              -5.083142309943599,
              50.186575732043586
            ],
            [
              -5.085355189413794,
              50.18579767853332
            ],
            [
              -5.086461629148891,
              50.186186705288456
            ],
            [
              -5.085197126594495,
              50.18696475879872
            ],
            [
              -5.085513252233094,
              50.188034582375344
            ],
            [
              -5.088990634257685,
              50.188715379196836
            ],
            [
              -5.093100267559476,
              50.188131839064134
            ],
            [
              -5.098790529054262,
              50.18677024542116
            ],
            [
              -5.102900162356052,
              50.188520865819264
            ],
            [
              -5.106535607199943,
              50.190757769661296
            ],
            [
              -5.109696863585936,
              50.19182759323792
            ],
            [
              -5.110961366140333,
              50.19241113337062
            ],
            [
              -5.113174245610527,
              50.19484255059022
            ],
            [
              -5.117916130189516,
              50.19591237416684
            ],
            [
              -5.121393512214107,
              50.19610688754441
            ],
            [
              -5.123606391684302,
              50.19659317098833
            ],
            [
              -5.123922517322901,
              50.198343791386435
            ],
            [
              -5.1247128314194,
              50.199413614963056
            ],
            [
              -5.123922517322901,
              50.199997155095765
            ],
            [
              -5.122974140407104,
              50.20106697867239
            ],
            [
              -5.121551575033407,
              50.20116423536117
            ],
            [
              -5.121393512214107,
              50.201553262116306
            ],
            [
              -5.120919323756208,
              50.201553262116306
            ],
            [
              -5.121235449394808,
              50.20174777549387
            ],
            [
              -5.1190225699246135,
              50.20320662582563
            ],
            [
              -5.118706444286014,
              50.20447096277982
            ],
            [
              -5.119496758382512,
              50.203887422647114
            ],
            [
              -5.12044513529831,
              50.20447096277982
            ],
            [
              -5.121077386575508,
              50.20379016595833
            ],
            [
              -5.121867700672007,
              50.20427644940225
            ],
            [
              -5.121709637852707,
              50.20437370609103
            ],
            [
              -5.1243967057808,
              50.20476273284617
            ],
            [
              -5.1243967057808,
              50.20515175960131
            ],
            [
              -5.122183826310605,
              50.20622158317793
            ],
            [
              -5.121393512214107,
              50.20622158317793
            ],
            [
              -5.120761260936909,
              50.20583255642279
            ],
            [
              -5.119812884021111,
              50.20670786662185
            ],
            [
              -5.1190225699246135,
              50.208653000397526
            ],
            [
              -5.119654821201812,
              50.20904202715266
            ],
            [
              -5.118864507105314,
              50.210209107418066
            ],
            [
              -5.119496758382512,
              50.21050087748442
            ],
            [
              -5.119496758382512,
              50.210695390861986
            ],
            [
              -5.1190225699246135,
              50.210695390861986
            ],
            [
              -5.118706444286014,
              50.211667957749825
            ],
            [
              -5.118232255828115,
              50.211667957749825
            ],
            [
              -5.118390318647415,
              50.212737781326446
            ],
            [
              -5.117758067370216,
              50.21293229470402
            ],
            [
              -5.118390318647415,
              50.21351583483672
            ],
            [
              -5.117758067370216,
              50.213710348214285
            ],
            [
              -5.114280685345625,
              50.21293229470402
            ],
            [
              -5.117758067370216,
              50.212348754571316
            ],
            [
              -5.115861313538621,
              50.21030636410685
            ],
            [
              -5.11190974305613,
              50.21176521443861
            ],
            [
              -5.112700057152629,
              50.21098716092834
            ],
            [
              -5.111593617417531,
              50.20826397364239
            ],
            [
              -5.112700057152629,
              50.20738866344334
            ],
            [
              -5.112383931514029,
              50.20670786662185
            ]
          ]
        ]
      },
      "properties": {
        "slot_id": "gas_emissions_6",
        "lineage_id": "LOCAL-NEW-92271296-1318-4c0c-a293-d0d4ebc2d06b",
        "page_generation": 1,
        "semantic_mode": "AREA_JOIN",
        "partition": {
          "start": 76904,
          "end": 92283,
          "count": 15380
        },
        "evidence_scope": "coverage_area",
        "coverage_area_id": "E01018827",
        "coverage_area_name": "Cornwall 056A",
        "coverage_area_identifier_scheme": "ONS_GSS_LSOA11",
        "parent_area_id": "E06000052",
        "parent_area_name": "Cornwall",
        "boundary_vintage": "LSOA 2011",
        "source_area_record": true,
        "accepted_parcel_record": false,
        "spatial_binding_method": "OFFICIAL_POLYGON_AND_EXACT_IDENTIFIER",
        "source_window_record_index": 26,
        "source_url": "https://raw.githubusercontent.com/ONSdigital/cdn.ons.gov.uk-assets/130bb351004270950dd4a434e27d80b588e7d0af/assets/topojson/lsoa_by_lad/topo_E06000052.json",
        "final_url": "https://raw.githubusercontent.com/ONSdigital/cdn.ons.gov.uk-assets/130bb351004270950dd4a434e27d80b588e7d0af/assets/topojson/lsoa_by_lad/topo_E06000052.json",
        "source_access_utc": "2026-10-02T05:46:30Z",
        "source_blob_sha": "5122ed59a03427c9913f20d0db5b9b203e7be41c",
        "source_file_sha256": "e313e88941def9339fe827e65196b707403d8baf6817be8b1b5216998e358b21",
        "field_evidence": {
          "LSOA11CD": "E01018827",
          "LSOA11NM": "Cornwall 056A",
          "geometry_type": "Polygon",
          "parent_LAD": "E06000052"
        },
        "evidence_slice_sha256": "f695cbe6b432e8dbd4c2cd9c6751c3e56861656b63d71d3cf81f9f95414d14a8",
        "confidence_score_0_100": 96,
        "evidence_grade": "A",
        "licence": "Open Government Licence v3.0",
        "licence_evidence_url": "https://www.ons.gov.uk/methodology/geography/licences",
        "fake_data": false,
        "local_spatial_join_status": "DEFERRED_TO_LOCAL_OPENCODE"
      }
    },
    {
      "type": "Feature",
      "id": "E01018828",
      "geometry": {
        "type": "Polygon",
        "coordinates": [
          [
            [
              -5.058484510132859,
              50.177336346609124
            ],
            [
              -5.05785225885566,
              50.17743360329791
            ],
            [
              -5.057694196036361,
              50.177919886741826
            ],
            [
              -5.055165190927567,
              50.177919886741826
            ],
            [
              -5.055007128108267,
              50.17821165680818
            ],
            [
              -5.055797442204765,
              50.178406170185745
            ],
            [
              -5.054532939650368,
              50.178406170185745
            ],
            [
              -5.053742625553871,
              50.17821165680818
            ],
            [
              -5.054691002469668,
              50.17811440011939
            ],
            [
              -5.053268437095971,
              50.17714183323155
            ],
            [
              -5.052794248638072,
              50.17714183323155
            ],
            [
              -5.052636185818773,
              50.17782263005304
            ],
            [
              -5.0524781229994735,
              50.177336346609124
            ],
            [
              -5.050265243529279,
              50.177336346609124
            ],
            [
              -5.048526552516983,
              50.17655829309885
            ],
            [
              -5.04552335895029,
              50.17578023958858
            ],
            [
              -5.044733044853792,
              50.17509944276709
            ],
            [
              -5.044574982034493,
              50.17412687587925
            ],
            [
              -5.04568142176959,
              50.172278998792365
            ],
            [
              -5.04552335895029,
              50.170820148460606
            ],
            [
              -5.045839484588889,
              50.16945855481763
            ],
            [
              -5.0510555576257765,
              50.164595720378436
            ],
            [
              -5.052636185818773,
              50.16333138342424
            ],
            [
              -5.053584562734571,
              50.16323412673546
            ],
            [
              -5.053110374276672,
              50.16294235666911
            ],
            [
              -5.05390068837317,
              50.16206704647006
            ],
            [
              -5.056745819120563,
              50.16128899295978
            ],
            [
              -5.057536133217061,
              50.161483506337355
            ],
            [
              -5.05832644731356,
              50.16216430315884
            ],
            [
              -5.059749012687256,
              50.16216430315884
            ],
            [
              -5.0600651383258555,
              50.162553329913976
            ],
            [
              -5.060855452422353,
              50.16226155984762
            ],
            [
              -5.06227801779605,
              50.16235881653641
            ],
            [
              -5.063858645989046,
              50.16206704647006
            ],
            [
              -5.0646489600855435,
              50.16226155984762
            ],
            [
              -5.069232781845233,
              50.1617752764037
            ],
            [
              -5.069706970303132,
              50.16294235666911
            ],
            [
              -5.07049728439963,
              50.16313687004668
            ],
            [
              -5.070023095941731,
              50.16333138342424
            ],
            [
              -5.0706553472189295,
              50.1642066936233
            ],
            [
              -5.07049728439963,
              50.164498463689654
            ],
            [
              -5.071761786954027,
              50.165082003822356
            ],
            [
              -5.072552101050525,
              50.16498474713357
            ],
            [
              -5.072394038231225,
              50.165082003822356
            ],
            [
              -5.0722359754119255,
              50.165082003822356
            ],
            [
              -5.07476498052072,
              50.16566554395506
            ],
            [
              -5.075081106159319,
              50.16692988090925
            ],
            [
              -5.075555294617217,
              50.16702713759803
            ],
            [
              -5.07476498052072,
              50.16751342104195
            ],
            [
              -5.0752391689786185,
              50.16731890766439
            ],
            [
              -5.076503671533016,
              50.16751342104195
            ],
            [
              -5.07887461382251,
              50.16683262422047
            ],
            [
              -5.0798229907383075,
              50.167124394286816
            ],
            [
              -5.079981053557607,
              50.16799970448587
            ],
            [
              -5.080771367654105,
              50.16887501468493
            ],
            [
              -5.081087493292705,
              50.16751342104195
            ],
            [
              -5.082826184305,
              50.16702713759803
            ],
            [
              -5.084722938136595,
              50.16692988090925
            ],
            [
              -5.086935817606791,
              50.16819421786344
            ],
            [
              -5.0902551368120825,
              50.169166784751276
            ],
            [
              -5.090571262450681,
              50.17004209495033
            ],
            [
              -5.091677702185779,
              50.170625635083034
            ],
            [
              -5.093574456017374,
              50.17402961919047
            ],
            [
              -5.094997021391071,
              50.17548846952223
            ],
            [
              -5.096893775222666,
              50.1762665230325
            ],
            [
              -5.097367963680565,
              50.17694731985399
            ],
            [
              -5.097051838041966,
              50.177336346609124
            ],
            [
              -5.098948591873562,
              50.17830891349696
            ],
            [
              -5.098948591873562,
              50.17850342687453
            ],
            [
              -5.096893775222666,
              50.17898971031845
            ],
            [
              -5.094997021391071,
              50.179865020517504
            ],
            [
              -5.090097073992783,
              50.181421127538044
            ],
            [
              -5.089148697076985,
              50.18219918104832
            ],
            [
              -5.086461629148891,
              50.186186705288456
            ],
            [
              -5.085355189413794,
              50.18579767853332
            ],
            [
              -5.083142309943599,
              50.186575732043586
            ],
            [
              -5.082668121485701,
              50.187159272176295
            ],
            [
              -5.081561681750603,
              50.18696475879872
            ],
            [
              -5.081719744569903,
              50.18638121866602
            ],
            [
              -5.077926236906712,
              50.18628396197724
            ],
            [
              -5.076977859990914,
              50.186478475354804
            ],
            [
              -5.076503671533016,
              50.186575732043586
            ],
            [
              -5.076503671533016,
              50.18696475879872
            ],
            [
              -5.0766617343523155,
              50.18725652886508
            ],
            [
              -5.076977859990914,
              50.18725652886508
            ],
            [
              -5.076345608713716,
              50.187645555620215
            ],
            [
              -5.0766617343523155,
              50.18822909575292
            ],
            [
              -5.075555294617217,
              50.1883263524417
            ],
            [
              -5.07460691770142,
              50.1894934327071
            ],
            [
              -5.0752391689786185,
              50.18997971615102
            ],
            [
              -5.075713357436517,
              50.19143856648278
            ],
            [
              -5.07476498052072,
              50.192702903436974
            ],
            [
              -5.0720779125926265,
              50.19163307986035
            ],
            [
              -5.071287598496128,
              50.192216619993054
            ],
            [
              -5.068600530568035,
              50.190660512972514
            ],
            [
              -5.068916656206634,
              50.19036874290616
            ],
            [
              -5.0676521536522365,
              50.189687946084675
            ],
            [
              -5.0690747190259335,
              50.18784006899778
            ],
            [
              -5.069232781845233,
              50.186478475354804
            ],
            [
              -5.074132729243521,
              50.18424157151278
            ],
            [
              -5.075713357436517,
              50.184144314823996
            ],
            [
              -5.076029483075117,
              50.184533341579126
            ],
            [
              -5.075871420255817,
              50.18492236833426
            ],
            [
              -5.077610111268113,
              50.18424157151278
            ],
            [
              -5.077926236906712,
              50.18326900462494
            ],
            [
              -5.077452048448813,
              50.18268546449224
            ],
            [
              -5.0768197971716145,
              50.18307449124737
            ],
            [
              -5.075713357436517,
              50.182004667670746
            ],
            [
              -5.076345608713716,
              50.18161564091561
            ],
            [
              -5.0752391689786185,
              50.18132387084926
            ],
            [
              -5.077452048448813,
              50.179865020517504
            ],
            [
              -5.077926236906712,
              50.17860068356331
            ],
            [
              -5.076029483075117,
              50.17967050713994
            ],
            [
              -5.075081106159319,
              50.18074033071656
            ],
            [
              -5.074448854882121,
              50.18064307402777
            ],
            [
              -5.073974666424221,
              50.18005953389507
            ],
            [
              -5.07049728439963,
              50.17500218607831
            ],
            [
              -5.067810216471536,
              50.17441864594561
            ],
            [
              -5.062910269073249,
              50.175293956144664
            ],
            [
              -5.059116761410057,
              50.17461315932317
            ],
            [
              -5.059274824229357,
              50.175682982899794
            ],
            [
              -5.058484510132859,
              50.177336346609124
            ]
          ]
        ]
      },
      "properties": {
        "slot_id": "gas_emissions_6",
        "lineage_id": "LOCAL-NEW-92271296-1318-4c0c-a293-d0d4ebc2d06b",
        "page_generation": 1,
        "semantic_mode": "AREA_JOIN",
        "partition": {
          "start": 76904,
          "end": 92283,
          "count": 15380
        },
        "evidence_scope": "coverage_area",
        "coverage_area_id": "E01018828",
        "coverage_area_name": "Cornwall 056B",
        "coverage_area_identifier_scheme": "ONS_GSS_LSOA11",
        "parent_area_id": "E06000052",
        "parent_area_name": "Cornwall",
        "boundary_vintage": "LSOA 2011",
        "source_area_record": true,
        "accepted_parcel_record": false,
        "spatial_binding_method": "OFFICIAL_POLYGON_AND_EXACT_IDENTIFIER",
        "source_window_record_index": 27,
        "source_url": "https://raw.githubusercontent.com/ONSdigital/cdn.ons.gov.uk-assets/130bb351004270950dd4a434e27d80b588e7d0af/assets/topojson/lsoa_by_lad/topo_E06000052.json",
        "final_url": "https://raw.githubusercontent.com/ONSdigital/cdn.ons.gov.uk-assets/130bb351004270950dd4a434e27d80b588e7d0af/assets/topojson/lsoa_by_lad/topo_E06000052.json",
        "source_access_utc": "2026-10-02T05:46:30Z",
        "source_blob_sha": "5122ed59a03427c9913f20d0db5b9b203e7be41c",
        "source_file_sha256": "e313e88941def9339fe827e65196b707403d8baf6817be8b1b5216998e358b21",
        "field_evidence": {
          "LSOA11CD": "E01018828",
          "LSOA11NM": "Cornwall 056B",
          "geometry_type": "Polygon",
          "parent_LAD": "E06000052"
        },
        "evidence_slice_sha256": "f695cbe6b432e8dbd4c2cd9c6751c3e56861656b63d71d3cf81f9f95414d14a8",
        "confidence_score_0_100": 96,
        "evidence_grade": "A",
        "licence": "Open Government Licence v3.0",
        "licence_evidence_url": "https://www.ons.gov.uk/methodology/geography/licences",
        "fake_data": false,
        "local_spatial_join_status": "DEFERRED_TO_LOCAL_OPENCODE"
      }
    },
    {
      "type": "Feature",
      "id": "E01018829",
      "geometry": {
        "type": "Polygon",
        "coordinates": [
          [
            [
              -5.122341889129905,
              50.229660445174844
            ],
            [
              -5.122816077587804,
              50.229076905042135
            ],
            [
              -5.122816077587804,
              50.227618054710376
            ],
            [
              -5.122183826310605,
              50.22742354133281
            ],
            [
              -5.122658014768504,
              50.22635371775619
            ],
            [
              -5.123764454503601,
              50.225478407557134
            ],
            [
              -5.125661208335197,
              50.22363053047024
            ],
            [
              -5.125661208335197,
              50.22324150371511
            ],
            [
              -5.127083773708894,
              50.22285247695997
            ],
            [
              -5.129928904456287,
              50.22129636993943
            ],
            [
              -5.130086967275586,
              50.22081008649551
            ],
            [
              -5.131351469829983,
              50.220421059740374
            ],
            [
              -5.133722412119478,
              50.22314424702632
            ],
            [
              -5.135144977493175,
              50.22187991007213
            ],
            [
              -5.137673982601968,
              50.22129636993943
            ],
            [
              -5.136883668505471,
              50.2196430062301
            ],
            [
              -5.137515919782668,
              50.21954574954132
            ],
            [
              -5.13704173132477,
              50.218864952719834
            ],
            [
              -5.137673982601968,
              50.21857318265348
            ],
            [
              -5.139096547975665,
              50.21915672278618
            ],
            [
              -5.140044924891463,
              50.218864952719834
            ],
            [
              -5.140519113349361,
              50.218378669275914
            ],
            [
              -5.141467490265159,
              50.218378669275914
            ],
            [
              -5.141783615903758,
              50.21760061576564
            ],
            [
              -5.14130942744586,
              50.21711433232172
            ],
            [
              -5.14510293510905,
              50.216725305566584
            ],
            [
              -5.144312621012553,
              50.21876769603105
            ],
            [
              -5.145577123566949,
              50.219448492852536
            ],
            [
              -5.146841626121346,
              50.21925397947497
            ],
            [
              -5.146841626121346,
              50.21701707563294
            ],
            [
              -5.146683563302046,
              50.21653079218902
            ],
            [
              -5.146051312024849,
              50.2166280488778
            ],
            [
              -5.145893249205549,
              50.21565548198996
            ],
            [
              -5.147315814579245,
              50.21555822530118
            ],
            [
              -5.148896442772241,
              50.216239022122664
            ],
            [
              -5.146999688940646,
              50.21643353550024
            ],
            [
              -5.147790003037144,
              50.21730884569929
            ],
            [
              -5.14937063123014,
              50.21682256225537
            ],
            [
              -5.149054505591541,
              50.216239022122664
            ],
            [
              -5.152848013254732,
              50.21614176543388
            ],
            [
              -5.151425447881035,
              50.2130295513928
            ],
            [
              -5.151741573519635,
              50.2118624711274
            ],
            [
              -5.151267385061735,
              50.211667957749825
            ],
            [
              -5.145735186386249,
              50.21225149788253
            ],
            [
              -5.144470683831852,
              50.21390486159186
            ],
            [
              -5.143996495373953,
              50.213710348214285
            ],
            [
              -5.143522306916054,
              50.214196631658204
            ],
            [
              -5.14099330180726,
              50.21351583483672
            ],
            [
              -5.140519113349361,
              50.21400211828064
            ],
            [
              -5.134828851854575,
              50.21390486159186
            ],
            [
              -5.134670789035275,
              50.2136130915255
            ],
            [
              -5.142099741542357,
              50.21254326794888
            ],
            [
              -5.14494487228975,
              50.21127893099469
            ],
            [
              -5.147315814579245,
              50.20933379721901
            ],
            [
              -5.150477070965238,
              50.20845848701996
            ],
            [
              -5.151741573519635,
              50.20690237999942
            ],
            [
              -5.152531887616132,
              50.20670786662185
            ],
            [
              -5.1552189555442265,
              50.20602706980036
            ],
            [
              -5.156325395279324,
              50.20534627297887
            ],
            [
              -5.160593091400413,
              50.20485998953495
            ],
            [
              -5.162173719593409,
              50.204081936024686
            ],
            [
              -5.163122096509207,
              50.20194228887144
            ],
            [
              -5.164702724702203,
              50.203012112448064
            ],
            [
              -5.167547855449596,
              50.20116423536117
            ],
            [
              -5.166915604172398,
              50.200872465294815
            ],
            [
              -5.170551049016289,
              50.20077520860603
            ],
            [
              -5.172447802847884,
              50.200483438539685
            ],
            [
              -5.173554242582982,
              50.20067795191725
            ],
            [
              -5.175292933595278,
              50.20028892516211
            ],
            [
              -5.176083247691776,
              50.20077520860603
            ],
            [
              -5.177821938704072,
              50.200969721983604
            ],
            [
              -5.177663875884772,
              50.20194228887144
            ],
            [
              -5.181615446367262,
              50.20106697867239
            ],
            [
              -5.184934765572555,
              50.200969721983604
            ],
            [
              -5.184934765572555,
              50.20009441178455
            ],
            [
              -5.187621833500648,
              50.19717671112103
            ],
            [
              -5.189360524512944,
              50.197857507942516
            ],
            [
              -5.191415341163839,
              50.199510871651846
            ],
            [
              -5.194102409091933,
              50.20019166847333
            ],
            [
              -5.197263665477925,
              50.20077520860603
            ],
            [
              -5.19931848212882,
              50.20184503218265
            ],
            [
              -5.195524974465629,
              50.203401139203194
            ],
            [
              -5.192521780898936,
              50.20534627297887
            ],
            [
              -5.190308901428741,
              50.20592981311158
            ],
            [
              -5.190150838609442,
              50.20729140675455
            ],
            [
              -5.189360524512944,
              50.20797220357604
            ],
            [
              -5.187779896319948,
              50.208166716953606
            ],
            [
              -5.187463770681348,
              50.20904202715266
            ],
            [
              -5.185725079669052,
              50.20972282397415
            ],
            [
              -5.185092828391854,
              50.21040362079564
            ],
            [
              -5.184302514295356,
              50.210111850729284
            ],
            [
              -5.182247697644461,
              50.21205698450496
            ],
            [
              -5.181773509186562,
              50.21205698450496
            ],
            [
              -5.181773509186562,
              50.212737781326446
            ],
            [
              -5.184144451476056,
              50.212835038015236
            ],
            [
              -5.184776702753255,
              50.21448840172456
            ],
            [
              -5.184776702753255,
              50.21478017179091
            ],
            [
              -5.182405760463761,
              50.214682915102124
            ],
            [
              -5.18256382328306,
              50.21497468516848
            ],
            [
              -5.181931572005862,
              50.21497468516848
            ],
            [
              -5.182879948921659,
              50.2172115890105
            ],
            [
              -5.183828325837458,
              50.21828141258713
            ],
            [
              -5.183512200198858,
              50.21915672278618
            ],
            [
              -5.183670263018158,
              50.21935123616375
            ],
            [
              -5.184776702753255,
              50.218962209408616
            ],
            [
              -5.185250891211154,
              50.22119911325064
            ],
            [
              -5.185725079669052,
              50.22129636993943
            ],
            [
              -5.184934765572555,
              50.2220744234497
            ],
            [
              -5.185725079669052,
              50.22236619351605
            ],
            [
              -5.184302514295356,
              50.22285247695997
            ],
            [
              -5.184302514295356,
              50.22304699033754
            ],
            [
              -5.184460577114656,
              50.224505840669295
            ],
            [
              -5.179560629716367,
              50.22538115086835
            ],
            [
              -5.179876755354966,
              50.22596469100105
            ],
            [
              -5.176873561788274,
              50.22635371775619
            ],
            [
              -5.173712305402281,
              50.22684000120011
            ],
            [
              -5.173870368221581,
              50.22839610822065
            ],
            [
              -5.174818745137379,
              50.228687878287005
            ],
            [
              -5.175609059233877,
              50.22946593179727
            ],
            [
              -5.174818745137379,
              50.229757701863626
            ],
            [
              -5.173238116944383,
              50.230730268751465
            ],
            [
              -5.172605865667184,
              50.23004947192997
            ],
            [
              -5.1719736143899855,
              50.23034124199633
            ],
            [
              -5.173712305402281,
              50.23218911908322
            ],
            [
              -5.175134870775978,
              50.23286991590471
            ],
            [
              -5.176715498968974,
              50.232286375772006
            ],
            [
              -5.1779800015233715,
              50.23248088914957
            ],
            [
              -5.17861225280057,
              50.233258942659845
            ],
            [
              -5.179560629716367,
              50.23286991590471
            ],
            [
              -5.179560629716367,
              50.23510681974674
            ],
            [
              -5.17845418998127,
              50.23607938663458
            ],
            [
              -5.177821938704072,
              50.23802452041025
            ],
            [
              -5.177663875884772,
              50.238899830609306
            ],
            [
              -5.177347750246173,
              50.24026142425228
            ],
            [
              -5.180825132270765,
              50.242401071405524
            ],
            [
              -5.184302514295356,
              50.243568151670935
            ],
            [
              -5.184776702753255,
              50.24424894849242
            ],
            [
              -5.186199268126951,
              50.24463797524756
            ],
            [
              -5.186041205307652,
              50.24570779882418
            ],
            [
              -5.185883142488352,
              50.246583109023234
            ],
            [
              -5.184618639933955,
              50.247652932599856
            ],
            [
              -5.185092828391854,
              50.24891726955405
            ],
            [
              -5.1839863886567565,
              50.24843098611013
            ],
            [
              -5.180509006632165,
              50.24775018928864
            ],
            [
              -5.177347750246173,
              50.247652932599856
            ],
            [
              -5.175134870775978,
              50.247166649155936
            ],
            [
              -5.171025237474188,
              50.24541602875782
            ],
            [
              -5.170076860558391,
              50.24463797524756
            ],
            [
              -5.1689704208232925,
              50.2443462051812
            ],
            [
              -5.166283352895199,
              50.24347089498215
            ],
            [
              -5.161225342677612,
              50.243568151670935
            ],
            [
              -5.159170526026717,
              50.24337363829336
            ],
            [
              -5.15774796065302,
              50.242498328094314
            ],
            [
              -5.154428641447728,
              50.24045593762985
            ],
            [
              -5.152531887616132,
              50.23851080385417
            ],
            [
              -5.149844819688039,
              50.2377327503439
            ],
            [
              -5.148264191495043,
              50.2377327503439
            ],
            [
              -5.146683563302046,
              50.23812177709904
            ],
            [
              -5.146683563302046,
              50.23792726372147
            ],
            [
              -5.14494487228975,
              50.2377327503439
            ],
            [
              -5.142099741542357,
              50.236371156700926
            ],
            [
              -5.140835238987961,
              50.23491230636917
            ],
            [
              -5.139886862072163,
              50.23491230636917
            ],
            [
              -5.139254610794964,
              50.234328766236466
            ],
            [
              -5.137515919782668,
              50.23384248279255
            ],
            [
              -5.1356191659510735,
              50.23364796941498
            ],
            [
              -5.134670789035275,
              50.23296717259349
            ],
            [
              -5.130086967275586,
              50.23160557895052
            ],
            [
              -5.122341889129905,
              50.229660445174844
            ]
          ]
        ]
      },
      "properties": {
        "slot_id": "gas_emissions_6",
        "lineage_id": "LOCAL-NEW-92271296-1318-4c0c-a293-d0d4ebc2d06b",
        "page_generation": 1,
        "semantic_mode": "AREA_JOIN",
        "partition": {
          "start": 76904,
          "end": 92283,
          "count": 15380
        },
        "evidence_scope": "coverage_area",
        "coverage_area_id": "E01018829",
        "coverage_area_name": "Cornwall 056C",
        "coverage_area_identifier_scheme": "ONS_GSS_LSOA11",
        "parent_area_id": "E06000052",
        "parent_area_name": "Cornwall",
        "boundary_vintage": "LSOA 2011",
        "source_area_record": true,
        "accepted_parcel_record": false,
        "spatial_binding_method": "OFFICIAL_POLYGON_AND_EXACT_IDENTIFIER",
        "source_window_record_index": 28,
        "source_url": "https://raw.githubusercontent.com/ONSdigital/cdn.ons.gov.uk-assets/130bb351004270950dd4a434e27d80b588e7d0af/assets/topojson/lsoa_by_lad/topo_E06000052.json",
        "final_url": "https://raw.githubusercontent.com/ONSdigital/cdn.ons.gov.uk-assets/130bb351004270950dd4a434e27d80b588e7d0af/assets/topojson/lsoa_by_lad/topo_E06000052.json",
        "source_access_utc": "2026-10-02T05:46:30Z",
        "source_blob_sha": "5122ed59a03427c9913f20d0db5b9b203e7be41c",
        "source_file_sha256": "e313e88941def9339fe827e65196b707403d8baf6817be8b1b5216998e358b21",
        "field_evidence": {
          "LSOA11CD": "E01018829",
          "LSOA11NM": "Cornwall 056C",
          "geometry_type": "Polygon",
          "parent_LAD": "E06000052"
        },
        "evidence_slice_sha256": "f695cbe6b432e8dbd4c2cd9c6751c3e56861656b63d71d3cf81f9f95414d14a8",
        "confidence_score_0_100": 96,
        "evidence_grade": "A",
        "licence": "Open Government Licence v3.0",
        "licence_evidence_url": "https://www.ons.gov.uk/methodology/geography/licences",
        "fake_data": false,
        "local_spatial_join_status": "DEFERRED_TO_LOCAL_OPENCODE"
      }
    },
    {
      "type": "Feature",
      "id": "E01018830",
      "geometry": {
        "type": "Polygon",
        "coordinates": [
          [
            [
              -5.098632466234962,
              50.21195972781618
            ],
            [
              -5.0980002149577635,
              50.210209107418066
            ],
            [
              -5.096735712403367,
              50.20982008066293
            ],
            [
              -5.096103461126169,
              50.2088475137751
            ],
            [
              -5.090571262450681,
              50.20748592013212
            ],
            [
              -5.087410006064689,
              50.20768043350969
            ],
            [
              -5.087410006064689,
              50.20738866344334
            ],
            [
              -5.091993827824378,
              50.20738866344334
            ],
            [
              -5.097051838041966,
              50.20836123033118
            ],
            [
              -5.096577649584067,
              50.208069460264824
            ],
            [
              -5.097209900861266,
              50.208166716953606
            ],
            [
              -5.09958084315076,
              50.20982008066293
            ],
            [
              -5.100687282885858,
              50.213321321459155
            ],
            [
              -5.099738905970059,
              50.20972282397415
            ],
            [
              -5.097526026499865,
              50.208069460264824
            ],
            [
              -5.099738905970059,
              50.20904202715266
            ],
            [
              -5.101319534163056,
              50.20923654053023
            ],
            [
              -5.104796916187647,
              50.20845848701996
            ],
            [
              -5.105745293103445,
              50.20787494688726
            ],
            [
              -5.107167858477141,
              50.20768043350969
            ],
            [
              -5.1084323610315385,
              50.207096893376985
            ],
            [
              -5.1098549264052355,
              50.20738866344334
            ],
            [
              -5.11190974305613,
              50.20680512331063
            ],
            [
              -5.112383931514029,
              50.20670786662185
            ],
            [
              -5.112700057152629,
              50.20738866344334
            ],
            [
              -5.111593617417531,
              50.20826397364239
            ],
            [
              -5.112700057152629,
              50.21098716092834
            ],
            [
              -5.11190974305613,
              50.21176521443861
            ],
            [
              -5.115861313538621,
              50.21030636410685
            ],
            [
              -5.117758067370216,
              50.212348754571316
            ],
            [
              -5.114280685345625,
              50.21293229470402
            ],
            [
              -5.117758067370216,
              50.213710348214285
            ],
            [
              -5.118390318647415,
              50.21351583483672
            ],
            [
              -5.117758067370216,
              50.21293229470402
            ],
            [
              -5.118390318647415,
              50.212737781326446
            ],
            [
              -5.118232255828115,
              50.211667957749825
            ],
            [
              -5.118706444286014,
              50.211667957749825
            ],
            [
              -5.1190225699246135,
              50.210695390861986
            ],
            [
              -5.119496758382512,
              50.210695390861986
            ],
            [
              -5.119496758382512,
              50.21050087748442
            ],
            [
              -5.118864507105314,
              50.210209107418066
            ],
            [
              -5.119654821201812,
              50.20904202715266
            ],
            [
              -5.1190225699246135,
              50.208653000397526
            ],
            [
              -5.119812884021111,
              50.20670786662185
            ],
            [
              -5.120761260936909,
              50.20583255642279
            ],
            [
              -5.121393512214107,
              50.20622158317793
            ],
            [
              -5.122183826310605,
              50.20622158317793
            ],
            [
              -5.1243967057808,
              50.20515175960131
            ],
            [
              -5.1243967057808,
              50.20476273284617
            ],
            [
              -5.121709637852707,
              50.20437370609103
            ],
            [
              -5.121867700672007,
              50.20427644940225
            ],
            [
              -5.121077386575508,
              50.20379016595833
            ],
            [
              -5.12044513529831,
              50.20447096277982
            ],
            [
              -5.119496758382512,
              50.203887422647114
            ],
            [
              -5.118706444286014,
              50.20447096277982
            ],
            [
              -5.1190225699246135,
              50.20320662582563
            ],
            [
              -5.121235449394808,
              50.20174777549387
            ],
            [
              -5.120919323756208,
              50.201553262116306
            ],
            [
              -5.121393512214107,
              50.201553262116306
            ],
            [
              -5.121551575033407,
              50.20116423536117
            ],
            [
              -5.122974140407104,
              50.20106697867239
            ],
            [
              -5.123922517322901,
              50.199997155095765
            ],
            [
              -5.124870894238699,
              50.20019166847333
            ],
            [
              -5.125661208335197,
              50.19960812834063
            ],
            [
              -5.126767648070294,
              50.199899898406976
            ],
            [
              -5.127241836528193,
              50.19912184489671
            ],
            [
              -5.1280321506246915,
              50.198830074830354
            ],
            [
              -5.130719218552785,
              50.198343791386435
            ],
            [
              -5.131509532649283,
              50.19853830476401
            ],
            [
              -5.133248223661579,
              50.19892733151914
            ],
            [
              -5.134354663396676,
              50.19853830476401
            ],
            [
              -5.134038537758077,
              50.19756573787617
            ],
            [
              -5.134354663396676,
              50.19707945443225
            ],
            [
              -5.136409480047571,
              50.19639865761076
            ],
            [
              -5.1386223595177665,
              50.196787684365894
            ],
            [
              -5.140361050530061,
              50.19756573787617
            ],
            [
              -5.141941678723058,
              50.19766299456495
            ],
            [
              -5.142573930000257,
              50.19805202132009
            ],
            [
              -5.142731992819556,
              50.19892733151914
            ],
            [
              -5.144154558193253,
              50.19921910158549
            ],
            [
              -5.14510293510905,
              50.19892733151914
            ],
            [
              -5.147157751759946,
              50.199316358274274
            ],
            [
              -5.145893249205549,
              50.20233131562657
            ],
            [
              -5.146367437663447,
              50.20369290926955
            ],
            [
              -5.148580317133642,
              50.20379016595833
            ],
            [
              -5.1492125684108405,
              50.205054502912525
            ],
            [
              -5.151741573519635,
              50.20690237999942
            ],
            [
              -5.150477070965238,
              50.20845848701996
            ],
            [
              -5.147315814579245,
              50.20933379721901
            ],
            [
              -5.14494487228975,
              50.21127893099469
            ],
            [
              -5.142099741542357,
              50.21254326794888
            ],
            [
              -5.134670789035275,
              50.2136130915255
            ],
            [
              -5.134828851854575,
              50.21390486159186
            ],
            [
              -5.140519113349361,
              50.21400211828064
            ],
            [
              -5.14099330180726,
              50.21351583483672
            ],
            [
              -5.143522306916054,
              50.214196631658204
            ],
            [
              -5.143996495373953,
              50.213710348214285
            ],
            [
              -5.144470683831852,
              50.21390486159186
            ],
            [
              -5.145735186386249,
              50.21225149788253
            ],
            [
              -5.151267385061735,
              50.211667957749825
            ],
            [
              -5.151741573519635,
              50.2118624711274
            ],
            [
              -5.151425447881035,
              50.2130295513928
            ],
            [
              -5.152848013254732,
              50.21614176543388
            ],
            [
              -5.149054505591541,
              50.216239022122664
            ],
            [
              -5.14937063123014,
              50.21682256225537
            ],
            [
              -5.147790003037144,
              50.21730884569929
            ],
            [
              -5.146999688940646,
              50.21643353550024
            ],
            [
              -5.148896442772241,
              50.216239022122664
            ],
            [
              -5.147315814579245,
              50.21555822530118
            ],
            [
              -5.145893249205549,
              50.21565548198996
            ],
            [
              -5.146051312024849,
              50.2166280488778
            ],
            [
              -5.146683563302046,
              50.21653079218902
            ],
            [
              -5.146841626121346,
              50.21701707563294
            ],
            [
              -5.146841626121346,
              50.21925397947497
            ],
            [
              -5.145577123566949,
              50.219448492852536
            ],
            [
              -5.144312621012553,
              50.21876769603105
            ],
            [
              -5.14510293510905,
              50.216725305566584
            ],
            [
              -5.14130942744586,
              50.21711433232172
            ],
            [
              -5.141783615903758,
              50.21760061576564
            ],
            [
              -5.141467490265159,
              50.218378669275914
            ],
            [
              -5.140519113349361,
              50.218378669275914
            ],
            [
              -5.140044924891463,
              50.218864952719834
            ],
            [
              -5.139096547975665,
              50.21915672278618
            ],
            [
              -5.137673982601968,
              50.21857318265348
            ],
            [
              -5.13704173132477,
              50.218864952719834
            ],
            [
              -5.137515919782668,
              50.21954574954132
            ],
            [
              -5.136883668505471,
              50.2196430062301
            ],
            [
              -5.137673982601968,
              50.22129636993943
            ],
            [
              -5.135144977493175,
              50.22187991007213
            ],
            [
              -5.133722412119478,
              50.22314424702632
            ],
            [
              -5.131351469829983,
              50.220421059740374
            ],
            [
              -5.130086967275586,
              50.22081008649551
            ],
            [
              -5.129928904456287,
              50.22129636993943
            ],
            [
              -5.127083773708894,
              50.22285247695997
            ],
            [
              -5.125661208335197,
              50.22324150371511
            ],
            [
              -5.125661208335197,
              50.22363053047024
            ],
            [
              -5.123764454503601,
              50.225478407557134
            ],
            [
              -5.122658014768504,
              50.22635371775619
            ],
            [
              -5.122183826310605,
              50.22742354133281
            ],
            [
              -5.122816077587804,
              50.227618054710376
            ],
            [
              -5.122816077587804,
              50.229076905042135
            ],
            [
              -5.122341889129905,
              50.229660445174844
            ],
            [
              -5.117916130189516,
              50.22936867510849
            ],
            [
              -5.114122622526325,
              50.228687878287005
            ],
            [
              -5.110171052043834,
              50.22713177126646
            ],
            [
              -5.108590423850838,
              50.226159204378625
            ],
            [
              -5.106377544380644,
              50.22440858398051
            ],
            [
              -5.105903355922745,
              50.22226893682727
            ],
            [
              -5.10369047645255,
              50.21867043934226
            ],
            [
              -5.100845345705157,
              50.21614176543388
            ],
            [
              -5.098948591873562,
              50.2124460112601
            ],
            [
              -5.098632466234962,
              50.21195972781618
            ]
          ]
        ]
      },
      "properties": {
        "slot_id": "gas_emissions_6",
        "lineage_id": "LOCAL-NEW-92271296-1318-4c0c-a293-d0d4ebc2d06b",
        "page_generation": 1,
        "semantic_mode": "AREA_JOIN",
        "partition": {
          "start": 76904,
          "end": 92283,
          "count": 15380
        },
        "evidence_scope": "coverage_area",
        "coverage_area_id": "E01018830",
        "coverage_area_name": "Cornwall 056D",
        "coverage_area_identifier_scheme": "ONS_GSS_LSOA11",
        "parent_area_id": "E06000052",
        "parent_area_name": "Cornwall",
        "boundary_vintage": "LSOA 2011",
        "source_area_record": true,
        "accepted_parcel_record": false,
        "spatial_binding_method": "OFFICIAL_POLYGON_AND_EXACT_IDENTIFIER",
        "source_window_record_index": 29,
        "source_url": "https://raw.githubusercontent.com/ONSdigital/cdn.ons.gov.uk-assets/130bb351004270950dd4a434e27d80b588e7d0af/assets/topojson/lsoa_by_lad/topo_E06000052.json",
        "final_url": "https://raw.githubusercontent.com/ONSdigital/cdn.ons.gov.uk-assets/130bb351004270950dd4a434e27d80b588e7d0af/assets/topojson/lsoa_by_lad/topo_E06000052.json",
        "source_access_utc": "2026-10-02T05:46:30Z",
        "source_blob_sha": "5122ed59a03427c9913f20d0db5b9b203e7be41c",
        "source_file_sha256": "e313e88941def9339fe827e65196b707403d8baf6817be8b1b5216998e358b21",
        "field_evidence": {
          "LSOA11CD": "E01018830",
          "LSOA11NM": "Cornwall 056D",
          "geometry_type": "Polygon",
          "parent_LAD": "E06000052"
        },
        "evidence_slice_sha256": "f695cbe6b432e8dbd4c2cd9c6751c3e56861656b63d71d3cf81f9f95414d14a8",
        "confidence_score_0_100": 96,
        "evidence_grade": "A",
        "licence": "Open Government Licence v3.0",
        "licence_evidence_url": "https://www.ons.gov.uk/methodology/geography/licences",
        "fake_data": false,
        "local_spatial_join_status": "DEFERRED_TO_LOCAL_OPENCODE"
      }
    },
    {
      "type": "Feature",
      "id": "E01018831",
      "geometry": {
        "type": "Polygon",
        "coordinates": [
          [
            [
              -5.066387651097839,
              50.39460778935227
            ],
            [
              -5.063542520350447,
              50.394413275974706
            ],
            [
              -5.063068331892548,
              50.39344070908687
            ],
            [
              -5.0616457665188515,
              50.39344070908687
            ],
            [
              -5.061329640880252,
              50.39402424921957
            ],
            [
              -5.060697389603053,
              50.393829735842
            ],
            [
              -5.0602232011451544,
              50.394218762597134
            ],
            [
              -5.05832644731356,
              50.393732479153215
            ],
            [
              -5.057378070397761,
              50.39392699253079
            ],
            [
              -5.055797442204765,
              50.39363522246443
            ],
            [
              -5.055481316566166,
              50.393246195709295
            ],
            [
              -5.054216814011769,
              50.39353796577565
            ],
            [
              -5.053426499915271,
              50.39305168233173
            ],
            [
              -5.052794248638072,
              50.39314893902051
            ],
            [
              -5.052794248638072,
              50.392759912265376
            ],
            [
              -5.051371683264376,
              50.393343452398085
            ],
            [
              -5.049158803794182,
              50.393343452398085
            ],
            [
              -5.046945924323987,
              50.39295442564295
            ],
            [
              -5.046945924323987,
              50.393829735842
            ],
            [
              -5.04536529613099,
              50.394413275974706
            ],
            [
              -5.045839484588889,
              50.39451053266349
            ],
            [
              -5.045049170492391,
              50.39509407279619
            ],
            [
              -5.0434685422993955,
              50.395385842862545
            ],
            [
              -5.040781474371301,
              50.39519132948497
            ],
            [
              -5.0390427833590055,
              50.395385842862545
            ],
            [
              -5.033984773141418,
              50.395385842862545
            ],
            [
              -5.030981579574725,
              50.39567761292889
            ],
            [
              -5.027820323188733,
              50.39431601928592
            ],
            [
              -5.025291318079939,
              50.39392699253079
            ],
            [
              -5.021497810416748,
              50.392857168954166
            ],
            [
              -5.0148591720061635,
              50.39246814219903
            ],
            [
              -5.013120480993868,
              50.39266265557659
            ],
            [
              -5.009326973330677,
              50.39431601928592
            ],
            [
              -5.004901214390288,
              50.39558035624011
            ],
            [
              -5.002530272100794,
              50.395774869617675
            ],
            [
              -4.998578701618303,
              50.39567761292889
            ],
            [
              -4.99573357087091,
              50.39451053266349
            ],
            [
              -4.990833623472621,
              50.393343452398085
            ],
            [
              -4.98735624144803,
              50.39139831862241
            ],
            [
              -4.986249801712932,
              50.39091203517849
            ],
            [
              -4.984036922242738,
              50.38896690140281
            ],
            [
              -4.986882052990131,
              50.38634097080564
            ],
            [
              -4.988146555544528,
              50.38585468736172
            ],
            [
              -4.989727183737524,
              50.383423270142124
            ],
            [
              -4.990675560653322,
              50.38371504020848
            ],
            [
              -4.995259382413011,
              50.382547959943075
            ],
            [
              -4.997788387521805,
              50.382936986698205
            ],
            [
              -4.998736764437603,
              50.382061676499156
            ],
            [
              -5.000475455449898,
              50.3781714089478
            ],
            [
              -5.000791581088498,
              50.3781714089478
            ],
            [
              -5.005691528486786,
              50.3811863663001
            ],
            [
              -5.018336554030755,
              50.37807415225902
            ],
            [
              -5.017072051476359,
              50.37467016815158
            ],
            [
              -5.017388177114958,
              50.372725034375904
            ],
            [
              -5.016123674560561,
              50.37107167066657
            ],
            [
              -5.019442993765853,
              50.37087715728901
            ],
            [
              -5.021971998874647,
              50.370196360467524
            ],
            [
              -5.023236501429044,
              50.37029361715631
            ],
            [
              -5.022288124513246,
              50.36737591649279
            ],
            [
              -5.025923569357137,
              50.36795945662549
            ],
            [
              -5.033194459044919,
              50.368153970003064
            ],
            [
              -5.032720270587021,
              50.365041755961975
            ],
            [
              -5.03303639622562,
              50.36387467569657
            ],
            [
              -5.033510584683519,
              50.36406918907414
            ],
            [
              -5.033668647502819,
              50.363485648941435
            ],
            [
              -5.033510584683519,
              50.36173502854333
            ],
            [
              -5.0344589615993165,
              50.36056794827792
            ],
            [
              -5.035565401334414,
              50.36076246165549
            ],
            [
              -5.036197652611612,
              50.35755299092562
            ],
            [
              -5.039200846178305,
              50.35755299092562
            ],
            [
              -5.042836291022197,
              50.356872194104135
            ],
            [
              -5.046787861504687,
              50.35444077688454
            ],
            [
              -5.049158803794182,
              50.354343520195755
            ],
            [
              -5.052161997360874,
              50.35366272337426
            ],
            [
              -5.055007128108267,
              50.351134049465884
            ],
            [
              -5.0540587511924695,
              50.351328562843456
            ],
            [
              -5.052794248638072,
              50.344520594628584
            ],
            [
              -5.077135922810214,
              50.3414083805875
            ],
            [
              -5.090413199631382,
              50.34121386720993
            ],
            [
              -5.092151890643678,
              50.34481236469493
            ],
            [
              -5.09136157654718,
              50.35210661635372
            ],
            [
              -5.097209900861266,
              50.35833104443589
            ],
            [
              -5.098474403415663,
              50.359887151456434
            ],
            [
              -5.097209900861266,
              50.36231856867603
            ],
            [
              -5.095629272668269,
              50.363485648941435
            ],
            [
              -5.095629272668269,
              50.36523626933955
            ],
            [
              -5.096893775222666,
              50.36572255278347
            ],
            [
              -5.093890581655973,
              50.36951556364603
            ],
            [
              -5.091677702185779,
              50.37097441397779
            ],
            [
              -5.090571262450681,
              50.3721414942432
            ],
            [
              -5.085671315052394,
              50.36990459040117
            ],
            [
              -5.084881000955895,
              50.37107167066657
            ],
            [
              -5.0829842471243,
              50.37097441397779
            ],
            [
              -5.083458435582199,
              50.37291954775347
            ],
            [
              -5.081719744569903,
              50.37398937133009
            ],
            [
              -5.080929430473405,
              50.375350964973066
            ],
            [
              -5.080139116376907,
              50.375350964973066
            ],
            [
              -5.079664927919008,
              50.37554547835064
            ],
            [
              -5.079506865099709,
              50.37612901848334
            ],
            [
              -5.080771367654105,
              50.37826866563658
            ],
            [
              -5.080139116376907,
              50.37963025927956
            ],
            [
              -5.076977859990914,
              50.38128362298888
            ],
            [
              -5.072552101050525,
              50.3817699064328
            ],
            [
              -5.068442467748735,
              50.38371504020848
            ],
            [
              -5.070339221580331,
              50.38527114722902
            ],
            [
              -5.0720779125926265,
              50.387605307759834
            ],
            [
              -5.0722359754119255,
              50.38848061795889
            ],
            [
              -5.073026289508424,
              50.38886964471402
            ],
            [
              -5.0736585407856225,
              50.39207911544389
            ],
            [
              -5.071761786954027,
              50.39402424921957
            ],
            [
              -5.070339221580331,
              50.394705046041054
            ],
            [
              -5.068126342110135,
              50.39392699253079
            ],
            [
              -5.066861839555739,
              50.39412150590835
            ],
            [
              -5.066387651097839,
              50.39460778935227
            ]
          ]
        ]
      },
      "properties": {
        "slot_id": "gas_emissions_6",
        "lineage_id": "LOCAL-NEW-92271296-1318-4c0c-a293-d0d4ebc2d06b",
        "page_generation": 1,
        "semantic_mode": "AREA_JOIN",
        "partition": {
          "start": 76904,
          "end": 92283,
          "count": 15380
        },
        "evidence_scope": "coverage_area",
        "coverage_area_id": "E01018831",
        "coverage_area_name": "Cornwall 032B",
        "coverage_area_identifier_scheme": "ONS_GSS_LSOA11",
        "parent_area_id": "E06000052",
        "parent_area_name": "Cornwall",
        "boundary_vintage": "LSOA 2011",
        "source_area_record": true,
        "accepted_parcel_record": false,
        "spatial_binding_method": "OFFICIAL_POLYGON_AND_EXACT_IDENTIFIER",
        "source_window_record_index": 30,
        "source_url": "https://raw.githubusercontent.com/ONSdigital/cdn.ons.gov.uk-assets/130bb351004270950dd4a434e27d80b588e7d0af/assets/topojson/lsoa_by_lad/topo_E06000052.json",
        "final_url": "https://raw.githubusercontent.com/ONSdigital/cdn.ons.gov.uk-assets/130bb351004270950dd4a434e27d80b588e7d0af/assets/topojson/lsoa_by_lad/topo_E06000052.json",
        "source_access_utc": "2026-10-02T05:46:30Z",
        "source_blob_sha": "5122ed59a03427c9913f20d0db5b9b203e7be41c",
        "source_file_sha256": "e313e88941def9339fe827e65196b707403d8baf6817be8b1b5216998e358b21",
        "field_evidence": {
          "LSOA11CD": "E01018831",
          "LSOA11NM": "Cornwall 032B",
          "geometry_type": "Polygon",
          "parent_LAD": "E06000052"
        },
        "evidence_slice_sha256": "f695cbe6b432e8dbd4c2cd9c6751c3e56861656b63d71d3cf81f9f95414d14a8",
        "confidence_score_0_100": 96,
        "evidence_grade": "A",
        "licence": "Open Government Licence v3.0",
        "licence_evidence_url": "https://www.ons.gov.uk/methodology/geography/licences",
        "fake_data": false,
        "local_spatial_join_status": "DEFERRED_TO_LOCAL_OPENCODE"
      }
    },
    {
      "type": "Feature",
      "id": "E01018832",
      "geometry": {
        "type": "Polygon",
        "coordinates": [
          [
            [
              -5.1356191659510735,
              50.40122124418957
            ],
            [
              -5.133564349300178,
              50.39966513716903
            ],
            [
              -5.133406286480879,
              50.39849805690363
            ],
            [
              -5.131667595468583,
              50.39781726008214
            ],
            [
              -5.1310353441913845,
              50.39781726008214
            ],
            [
              -5.130561155733485,
              50.39820628683727
            ],
            [
              -5.1243967057808,
              50.3968446931943
            ],
            [
              -5.121393512214107,
              50.39713646326065
            ],
            [
              -5.119812884021111,
              50.39772000339335
            ],
            [
              -5.1176000045509165,
              50.39733097663822
            ],
            [
              -5.1160193763579205,
              50.39645566643917
            ],
            [
              -5.111277491778932,
              50.39519132948497
            ],
            [
              -5.109064612308737,
              50.39499681610741
            ],
            [
              -5.10811623539294,
              50.39451053266349
            ],
            [
              -5.101477596982355,
              50.393732479153215
            ],
            [
              -5.099264717512161,
              50.39314893902051
            ],
            [
              -5.098316340596363,
              50.396358409750384
            ],
            [
              -5.096103461126169,
              50.39548309955133
            ],
            [
              -5.095945398306869,
              50.39703920657187
            ],
            [
              -5.0932583303787755,
              50.39752549001579
            ],
            [
              -5.090729325269981,
              50.3968446931943
            ],
            [
              -5.090729325269981,
              50.39762274670457
            ],
            [
              -5.090097073992783,
              50.39820628683727
            ],
            [
              -5.088200320161187,
              50.39713646326065
            ],
            [
              -5.0872519432453895,
              50.39810903014849
            ],
            [
              -5.081719744569903,
              50.39781726008214
            ],
            [
              -5.081561681750603,
              50.39937336710268
            ],
            [
              -5.079190739461109,
              50.39878982696998
            ],
            [
              -5.077926236906712,
              50.39878982696998
            ],
            [
              -5.078084299726012,
              50.39733097663822
            ],
            [
              -5.075397231797918,
              50.39772000339335
            ],
            [
              -5.075397231797918,
              50.397428233327005
            ],
            [
              -5.073974666424221,
              50.39772000339335
            ],
            [
              -5.073974666424221,
              50.39733097663822
            ],
            [
              -5.071129535676828,
              50.39810903014849
            ],
            [
              -5.070339221580331,
              50.39801177345971
            ],
            [
              -5.07049728439963,
              50.39966513716903
            ],
            [
              -5.070023095941731,
              50.39927611041389
            ],
            [
              -5.069390844664532,
              50.397914516770925
            ],
            [
              -5.069706970303132,
              50.396941949883086
            ],
            [
              -5.0676521536522365,
              50.39509407279619
            ],
            [
              -5.066387651097839,
              50.39460778935227
            ],
            [
              -5.066861839555739,
              50.39412150590835
            ],
            [
              -5.068126342110135,
              50.39392699253079
            ],
            [
              -5.070339221580331,
              50.394705046041054
            ],
            [
              -5.071761786954027,
              50.39402424921957
            ],
            [
              -5.0736585407856225,
              50.39207911544389
            ],
            [
              -5.073026289508424,
              50.38886964471402
            ],
            [
              -5.0722359754119255,
              50.38848061795889
            ],
            [
              -5.0720779125926265,
              50.387605307759834
            ],
            [
              -5.070339221580331,
              50.38527114722902
            ],
            [
              -5.068442467748735,
              50.38371504020848
            ],
            [
              -5.072552101050525,
              50.3817699064328
            ],
            [
              -5.076977859990914,
              50.38128362298888
            ],
            [
              -5.080139116376907,
              50.37963025927956
            ],
            [
              -5.080771367654105,
              50.37826866563658
            ],
            [
              -5.079506865099709,
              50.37612901848334
            ],
            [
              -5.079664927919008,
              50.37554547835064
            ],
            [
              -5.080139116376907,
              50.375350964973066
            ],
            [
              -5.080929430473405,
              50.375350964973066
            ],
            [
              -5.081719744569903,
              50.37398937133009
            ],
            [
              -5.083458435582199,
              50.37291954775347
            ],
            [
              -5.0829842471243,
              50.37097441397779
            ],
            [
              -5.084881000955895,
              50.37107167066657
            ],
            [
              -5.085671315052394,
              50.36990459040117
            ],
            [
              -5.090571262450681,
              50.3721414942432
            ],
            [
              -5.091677702185779,
              50.37097441397779
            ],
            [
              -5.093890581655973,
              50.36951556364603
            ],
            [
              -5.096893775222666,
              50.36572255278347
            ],
            [
              -5.100371157247258,
              50.366500606293734
            ],
            [
              -5.102742099536752,
              50.36795945662549
            ],
            [
              -5.104954979006947,
              50.368056713314274
            ],
            [
              -5.10780010975434,
              50.36902928020211
            ],
            [
              -5.110961366140333,
              50.36961282033482
            ],
            [
              -5.1114355545982315,
              50.37000184708995
            ],
            [
              -5.117283878912318,
              50.37116892735536
            ],
            [
              -5.117283878912318,
              50.37097441397779
            ],
            [
              -5.118548381466715,
              50.37116892735536
            ],
            [
              -5.119338695563212,
              50.370779900600226
            ],
            [
              -5.122183826310605,
              50.372725034375904
            ],
            [
              -5.121709637852707,
              50.37301680444225
            ],
            [
              -5.122341889129905,
              50.373308574508606
            ],
            [
              -5.125819271154497,
              50.37437839808523
            ],
            [
              -5.127874087805392,
              50.37593450510577
            ],
            [
              -5.130561155733485,
              50.37603176179455
            ],
            [
              -5.130877281372085,
              50.37700432868239
            ],
            [
              -5.13277403520368,
              50.37768512550388
            ],
            [
              -5.133722412119478,
              50.37914397583564
            ],
            [
              -5.135935291589672,
              50.38070008285618
            ],
            [
              -5.137515919782668,
              50.382936986698205
            ],
            [
              -5.138464296698467,
              50.382936986698205
            ],
            [
              -5.140835238987961,
              50.383909553586044
            ],
            [
              -5.14115136462656,
              50.38468760709632
            ],
            [
              -5.140519113349361,
              50.38488212047388
            ],
            [
              -5.140677176168661,
              50.3853684039178
            ],
            [
              -5.142731992819556,
              50.38643822749443
            ],
            [
              -5.142257804361657,
              50.38702176762713
            ],
            [
              -5.142731992819556,
              50.38750805107105
            ],
            [
              -5.142415867180957,
              50.38789707782618
            ],
            [
              -5.143522306916054,
              50.38877238802524
            ],
            [
              -5.1446287466511516,
              50.389161414780375
            ],
            [
              -5.145577123566949,
              50.38877238802524
            ],
            [
              -5.146841626121346,
              50.390231238356996
            ],
            [
              -5.143364244096754,
              50.39451053266349
            ],
            [
              -5.142731992819556,
              50.39558035624011
            ],
            [
              -5.1432061812774545,
              50.396358409750384
            ],
            [
              -5.143838432554653,
              50.396261153061594
            ],
            [
              -5.144154558193253,
              50.39665017981673
            ],
            [
              -5.144470683831852,
              50.39723371994943
            ],
            [
              -5.143996495373953,
              50.39723371994943
            ],
            [
              -5.143838432554653,
              50.39752549001579
            ],
            [
              -5.144470683831852,
              50.39752549001579
            ],
            [
              -5.1446287466511516,
              50.39820628683727
            ],
            [
              -5.145735186386249,
              50.39781726008214
            ],
            [
              -5.1462093748441475,
              50.39810903014849
            ],
            [
              -5.145893249205549,
              50.39849805690363
            ],
            [
              -5.147473877398545,
              50.398887083658764
            ],
            [
              -5.147157751759946,
              50.39917885372511
            ],
            [
              -5.147473877398545,
              50.399470623791466
            ],
            [
              -5.146525500482747,
              50.39976239385781
            ],
            [
              -5.147315814579245,
              50.399956907235385
            ],
            [
              -5.146841626121346,
              50.40015142061295
            ],
            [
              -5.148738379952942,
              50.40063770405687
            ],
            [
              -5.148264191495043,
              50.40161027094471
            ],
            [
              -5.149528694049439,
              50.40170752763349
            ],
            [
              -5.147948065856443,
              50.40209655438863
            ],
            [
              -5.147473877398545,
              50.402485581143765
            ],
            [
              -5.148738379952942,
              50.402485581143765
            ],
            [
              -5.148896442772241,
              50.40268009452133
            ],
            [
              -5.147948065856443,
              50.40268009452133
            ],
            [
              -5.1476319402178445,
              50.40306912127647
            ],
            [
              -5.146841626121346,
              50.40277735121012
            ],
            [
              -5.148264191495043,
              50.404041688164305
            ],
            [
              -5.147315814579245,
              50.40423620154188
            ],
            [
              -5.147948065856443,
              50.40462522829701
            ],
            [
              -5.147157751759946,
              50.405014255052144
            ],
            [
              -5.1476319402178445,
              50.40511151174093
            ],
            [
              -5.146525500482747,
              50.4053060251185
            ],
            [
              -5.1462093748441475,
              50.40491699836336
            ],
            [
              -5.1462093748441475,
              50.4053060251185
            ],
            [
              -5.14526099792835,
              50.40511151174093
            ],
            [
              -5.143996495373953,
              50.40540328180728
            ],
            [
              -5.142415867180957,
              50.40365266140917
            ],
            [
              -5.142257804361657,
              50.404041688164305
            ],
            [
              -5.14115136462656,
              50.40413894485309
            ],
            [
              -5.140835238987961,
              50.40374991809796
            ],
            [
              -5.14115136462656,
              50.403555404720386
            ],
            [
              -5.139412673614264,
              50.40306912127647
            ],
            [
              -5.139254610794964,
              50.40238832445498
            ],
            [
              -5.138148171059867,
              50.40238832445498
            ],
            [
              -5.138306233879167,
              50.40277735121012
            ],
            [
              -5.137515919782668,
              50.40258283783255
            ],
            [
              -5.1356191659510735,
              50.40122124418957
            ]
          ]
        ]
      },
      "properties": {
        "slot_id": "gas_emissions_6",
        "lineage_id": "LOCAL-NEW-92271296-1318-4c0c-a293-d0d4ebc2d06b",
        "page_generation": 1,
        "semantic_mode": "AREA_JOIN",
        "partition": {
          "start": 76904,
          "end": 92283,
          "count": 15380
        },
        "evidence_scope": "coverage_area",
        "coverage_area_id": "E01018832",
        "coverage_area_name": "Cornwall 032C",
        "coverage_area_identifier_scheme": "ONS_GSS_LSOA11",
        "parent_area_id": "E06000052",
        "parent_area_name": "Cornwall",
        "boundary_vintage": "LSOA 2011",
        "source_area_record": true,
        "accepted_parcel_record": false,
        "spatial_binding_method": "OFFICIAL_POLYGON_AND_EXACT_IDENTIFIER",
        "source_window_record_index": 31,
        "source_url": "https://raw.githubusercontent.com/ONSdigital/cdn.ons.gov.uk-assets/130bb351004270950dd4a434e27d80b588e7d0af/assets/topojson/lsoa_by_lad/topo_E06000052.json",
        "final_url": "https://raw.githubusercontent.com/ONSdigital/cdn.ons.gov.uk-assets/130bb351004270950dd4a434e27d80b588e7d0af/assets/topojson/lsoa_by_lad/topo_E06000052.json",
        "source_access_utc": "2026-10-02T05:46:30Z",
        "source_blob_sha": "5122ed59a03427c9913f20d0db5b9b203e7be41c",
        "source_file_sha256": "e313e88941def9339fe827e65196b707403d8baf6817be8b1b5216998e358b21",
        "field_evidence": {
          "LSOA11CD": "E01018832",
          "LSOA11NM": "Cornwall 032C",
          "geometry_type": "Polygon",
          "parent_LAD": "E06000052"
        },
        "evidence_slice_sha256": "f695cbe6b432e8dbd4c2cd9c6751c3e56861656b63d71d3cf81f9f95414d14a8",
        "confidence_score_0_100": 96,
        "evidence_grade": "A",
        "licence": "Open Government Licence v3.0",
        "licence_evidence_url": "https://www.ons.gov.uk/methodology/geography/licences",
        "fake_data": false,
        "local_spatial_join_status": "DEFERRED_TO_LOCAL_OPENCODE"
      }
    },
    {
      "type": "Feature",
      "id": "E01018833",
      "geometry": {
        "type": "Polygon",
        "coordinates": [
          [
            [
              -5.143522306916054,
              50.38877238802524
            ],
            [
              -5.142415867180957,
              50.38789707782618
            ],
            [
              -5.142731992819556,
              50.38750805107105
            ],
            [
              -5.142257804361657,
              50.38702176762713
            ],
            [
              -5.142731992819556,
              50.38643822749443
            ],
            [
              -5.140677176168661,
              50.3853684039178
            ],
            [
              -5.140519113349361,
              50.38488212047388
            ],
            [
              -5.14115136462656,
              50.38468760709632
            ],
            [
              -5.140835238987961,
              50.383909553586044
            ],
            [
              -5.138464296698467,
              50.382936986698205
            ],
            [
              -5.137515919782668,
              50.382936986698205
            ],
            [
              -5.135935291589672,
              50.38070008285618
            ],
            [
              -5.133722412119478,
              50.37914397583564
            ],
            [
              -5.13277403520368,
              50.37768512550388
            ],
            [
              -5.130877281372085,
              50.37700432868239
            ],
            [
              -5.130561155733485,
              50.37603176179455
            ],
            [
              -5.127874087805392,
              50.37593450510577
            ],
            [
              -5.125819271154497,
              50.37437839808523
            ],
            [
              -5.122341889129905,
              50.373308574508606
            ],
            [
              -5.121709637852707,
              50.37301680444225
            ],
            [
              -5.122183826310605,
              50.372725034375904
            ],
            [
              -5.119338695563212,
              50.370779900600226
            ],
            [
              -5.118548381466715,
              50.37116892735536
            ],
            [
              -5.117283878912318,
              50.37097441397779
            ],
            [
              -5.117283878912318,
              50.37116892735536
            ],
            [
              -5.1114355545982315,
              50.37000184708995
            ],
            [
              -5.110961366140333,
              50.36961282033482
            ],
            [
              -5.10780010975434,
              50.36902928020211
            ],
            [
              -5.104954979006947,
              50.368056713314274
            ],
            [
              -5.102742099536752,
              50.36795945662549
            ],
            [
              -5.100371157247258,
              50.366500606293734
            ],
            [
              -5.096893775222666,
              50.36572255278347
            ],
            [
              -5.095629272668269,
              50.36523626933955
            ],
            [
              -5.095629272668269,
              50.363485648941435
            ],
            [
              -5.097209900861266,
              50.36231856867603
            ],
            [
              -5.098474403415663,
              50.359887151456434
            ],
            [
              -5.097209900861266,
              50.35833104443589
            ],
            [
              -5.09136157654718,
              50.35210661635372
            ],
            [
              -5.092151890643678,
              50.34481236469493
            ],
            [
              -5.090413199631382,
              50.34121386720993
            ],
            [
              -5.092626079101577,
              50.338879706679116
            ],
            [
              -5.09136157654718,
              50.33722634296979
            ],
            [
              -5.090887388089281,
              50.33605926270439
            ],
            [
              -5.088990634257685,
              50.33508669581655
            ],
            [
              -5.087568068883989,
              50.33518395250533
            ],
            [
              -5.086935817606791,
              50.334308642306276
            ],
            [
              -5.088042257341888,
              50.33401687223993
            ],
            [
              -5.087568068883989,
              50.33343333210722
            ],
            [
              -5.085987440690992,
              50.3329470486633
            ],
            [
              -5.085039063775195,
              50.33187722508668
            ],
            [
              -5.084090686859398,
              50.33187722508668
            ],
            [
              -5.082510058666401,
              50.3293485511783
            ],
            [
              -5.09136157654718,
              50.328181470912895
            ],
            [
              -5.090571262450681,
              50.327500674091404
            ],
            [
              -5.0888325714383855,
              50.327208904025056
            ],
            [
              -5.0886745086190865,
              50.326528107203565
            ],
            [
              -5.086935817606791,
              50.324972000183024
            ],
            [
              -5.087726131703288,
              50.323124123096136
            ],
            [
              -5.0842487496786966,
              50.319428368922345
            ],
            [
              -5.084406812497996,
              50.31767774852424
            ],
            [
              -5.085513252233094,
              50.31660792494761
            ],
            [
              -5.091677702185779,
              50.31242588732991
            ],
            [
              -5.093100267559476,
              50.313690224284095
            ],
            [
              -5.094522832933172,
              50.31466279117193
            ],
            [
              -5.093732518836674,
              50.31621889819248
            ],
            [
              -5.094048644475273,
              50.31680243832518
            ],
            [
              -5.095945398306869,
              50.31796951859059
            ],
            [
              -5.098948591873562,
              50.31865031541207
            ],
            [
              -5.101635659801655,
              50.31884482878964
            ],
            [
              -5.102584036717452,
              50.31933111223356
            ],
            [
              -5.109064612308737,
              50.32117898932046
            ],
            [
              -5.108590423850838,
              50.32526377024938
            ],
            [
              -5.112541994333329,
              50.325555540315726
            ],
            [
              -5.117441941731617,
              50.32643085051478
            ],
            [
              -5.118706444286014,
              50.32798695753532
            ],
            [
              -5.119970946840411,
              50.328667754356815
            ],
            [
              -5.127399899347493,
              50.33061288813249
            ],
            [
              -5.129770841636987,
              50.33158545502033
            ],
            [
              -5.1310353441913845,
              50.332752535285735
            ],
            [
              -5.132141783926482,
              50.33304430535209
            ],
            [
              -5.134512726215976,
              50.33343333210722
            ],
            [
              -5.135461103131774,
              50.333238818729654
            ],
            [
              -5.137673982601968,
              50.33362784548479
            ],
            [
              -5.1386223595177665,
              50.334308642306276
            ],
            [
              -5.138938485156365,
              50.33489218243898
            ],
            [
              -5.139412673614264,
              50.33956050350061
            ],
            [
              -5.139254610794964,
              50.34111661052115
            ],
            [
              -5.137357856963369,
              50.34325625767439
            ],
            [
              -5.133090160842279,
              50.350161482578045
            ],
            [
              -5.1357772287703725,
              50.351328562843456
            ],
            [
              -5.136725605686171,
              50.35074502271075
            ],
            [
              -5.139570736433564,
              50.351328562843456
            ],
            [
              -5.144154558193253,
              50.353857236751836
            ],
            [
              -5.1492125684108405,
              50.35599688390508
            ],
            [
              -5.149844819688039,
              50.35580237052751
            ],
            [
              -5.153322201712631,
              50.355705113838724
            ],
            [
              -5.152848013254732,
              50.35580237052751
            ],
            [
              -5.153164138893331,
              50.35609414059386
            ],
            [
              -5.1523738247968325,
              50.35677493741535
            ],
            [
              -5.151425447881035,
              50.358914584568595
            ],
            [
              -5.146525500482747,
              50.375350964973066
            ],
            [
              -5.149686756868739,
              50.37719884205996
            ],
            [
              -5.151109322242436,
              50.377296098748744
            ],
            [
              -5.151583510700335,
              50.377393355437526
            ],
            [
              -5.151425447881035,
              50.37768512550388
            ],
            [
              -5.152531887616132,
              50.37768512550388
            ],
            [
              -5.152531887616132,
              50.37807415225902
            ],
            [
              -5.153480264531931,
              50.3781714089478
            ],
            [
              -5.154270578628428,
              50.3787549490805
            ],
            [
              -5.1553770183635255,
              50.37894946245807
            ],
            [
              -5.155851206821424,
              50.379338489213204
            ],
            [
              -5.155535081182825,
              50.379533002590776
            ],
            [
              -5.156009269640724,
              50.38011654272348
            ],
            [
              -5.155535081182825,
              50.38031105610104
            ],
            [
              -5.154428641447728,
              50.379922029345906
            ],
            [
              -5.154586704267028,
              50.380505569478615
            ],
            [
              -5.153322201712631,
              50.380408312789825
            ],
            [
              -5.151109322242436,
              50.38128362298888
            ],
            [
              -5.150319008145938,
              50.380505569478615
            ],
            [
              -5.150635133784537,
              50.38128362298888
            ],
            [
              -5.149686756868739,
              50.38108910961132
            ],
            [
              -5.149528694049439,
              50.38167264974402
            ],
            [
              -5.151109322242436,
              50.38186716312158
            ],
            [
              -5.152689950435432,
              50.38274247332064
            ],
            [
              -5.151899636338934,
              50.383520526830914
            ],
            [
              -5.151109322242436,
              50.383423270142124
            ],
            [
              -5.1523738247968325,
              50.384104066963616
            ],
            [
              -5.151741573519635,
              50.38429858034118
            ],
            [
              -5.154428641447728,
              50.3847848637851
            ],
            [
              -5.154744767086327,
              50.38527114722902
            ],
            [
              -5.15363832735123,
              50.38527114722902
            ],
            [
              -5.153954452989829,
              50.38566017398416
            ],
            [
              -5.153006076074031,
              50.385562917295374
            ],
            [
              -5.153006076074031,
              50.38585468736172
            ],
            [
              -5.155693144002125,
              50.38702176762713
            ],
            [
              -5.155851206821424,
              50.38731353769348
            ],
            [
              -5.154270578628428,
              50.38750805107105
            ],
            [
              -5.1553770183635255,
              50.388091591203754
            ],
            [
              -5.156167332460024,
              50.38828610458132
            ],
            [
              -5.156641520917923,
              50.38799433451497
            ],
            [
              -5.157431835014421,
              50.3883833612701
            ],
            [
              -5.156483458098623,
              50.38857787464767
            ],
            [
              -5.156957646556522,
              50.38877238802524
            ],
            [
              -5.156325395279324,
              50.38896690140281
            ],
            [
              -5.157431835014421,
              50.38906415809159
            ],
            [
              -5.15758989783372,
              50.38945318484673
            ],
            [
              -5.156957646556522,
              50.38974495491308
            ],
            [
              -5.156009269640724,
              50.38935592815794
            ],
            [
              -5.154902829905627,
              50.38945318484673
            ],
            [
              -5.154744767086327,
              50.38906415809159
            ],
            [
              -5.15363832735123,
              50.38925867146916
            ],
            [
              -5.152848013254732,
              50.38906415809159
            ],
            [
              -5.151425447881035,
              50.389647698224294
            ],
            [
              -5.150160945326638,
              50.38945318484673
            ],
            [
              -5.149054505591541,
              50.38984221160186
            ],
            [
              -5.149054505591541,
              50.390231238356996
            ],
            [
              -5.147315814579245,
              50.390133981668214
            ],
            [
              -5.148264191495043,
              50.39042575173457
            ],
            [
              -5.147473877398545,
              50.39052300842335
            ],
            [
              -5.145893249205549,
              50.388675131336456
            ],
            [
              -5.143522306916054,
              50.38877238802524
            ]
          ]
        ]
      },
      "properties": {
        "slot_id": "gas_emissions_6",
        "lineage_id": "LOCAL-NEW-92271296-1318-4c0c-a293-d0d4ebc2d06b",
        "page_generation": 1,
        "semantic_mode": "AREA_JOIN",
        "partition": {
          "start": 76904,
          "end": 92283,
          "count": 15380
        },
        "evidence_scope": "coverage_area",
        "coverage_area_id": "E01018833",
        "coverage_area_name": "Cornwall 033A",
        "coverage_area_identifier_scheme": "ONS_GSS_LSOA11",
        "parent_area_id": "E06000052",
        "parent_area_name": "Cornwall",
        "boundary_vintage": "LSOA 2011",
        "source_area_record": true,
        "accepted_parcel_record": false,
        "spatial_binding_method": "OFFICIAL_POLYGON_AND_EXACT_IDENTIFIER",
        "source_window_record_index": 32,
        "source_url": "https://raw.githubusercontent.com/ONSdigital/cdn.ons.gov.uk-assets/130bb351004270950dd4a434e27d80b588e7d0af/assets/topojson/lsoa_by_lad/topo_E06000052.json",
        "final_url": "https://raw.githubusercontent.com/ONSdigital/cdn.ons.gov.uk-assets/130bb351004270950dd4a434e27d80b588e7d0af/assets/topojson/lsoa_by_lad/topo_E06000052.json",
        "source_access_utc": "2026-10-02T05:46:30Z",
        "source_blob_sha": "5122ed59a03427c9913f20d0db5b9b203e7be41c",
        "source_file_sha256": "e313e88941def9339fe827e65196b707403d8baf6817be8b1b5216998e358b21",
        "field_evidence": {
          "LSOA11CD": "E01018833",
          "LSOA11NM": "Cornwall 033A",
          "geometry_type": "Polygon",
          "parent_LAD": "E06000052"
        },
        "evidence_slice_sha256": "f695cbe6b432e8dbd4c2cd9c6751c3e56861656b63d71d3cf81f9f95414d14a8",
        "confidence_score_0_100": 96,
        "evidence_grade": "A",
        "licence": "Open Government Licence v3.0",
        "licence_evidence_url": "https://www.ons.gov.uk/methodology/geography/licences",
        "fake_data": false,
        "local_spatial_join_status": "DEFERRED_TO_LOCAL_OPENCODE"
      }
    },
    {
      "type": "Feature",
      "id": "E01018834",
      "geometry": {
        "type": "Polygon",
        "coordinates": [
          [
            [
              -5.110329114863134,
              50.16780519110831
            ],
            [
              -5.109380737947337,
              50.1666381108429
            ],
            [
              -5.110487177682434,
              50.1642066936233
            ],
            [
              -5.110329114863134,
              50.16294235666911
            ],
            [
              -5.111119428959633,
              50.162553329913976
            ],
            [
              -5.11190974305613,
              50.16294235666911
            ],
            [
              -5.115861313538621,
              50.16138624964857
            ],
            [
              -5.116651627635119,
              50.161483506337355
            ],
            [
              -5.117283878912318,
              50.16158076302614
            ],
            [
              -5.118390318647415,
              50.16080270951586
            ],
            [
              -5.119812884021111,
              50.160510939449516
            ],
            [
              -5.119970946840411,
              50.16080270951586
            ],
            [
              -5.121551575033407,
              50.16021916938316
            ],
            [
              -5.123448328865003,
              50.16012191269438
            ],
            [
              -5.123606391684302,
              50.161483506337355
            ],
            [
              -5.124870894238699,
              50.162456073225194
            ],
            [
              -5.125503145515897,
              50.16235881653641
            ],
            [
              -5.1266095852509945,
              50.16333138342424
            ],
            [
              -5.1264515224316956,
              50.16372041017938
            ],
            [
              -5.125503145515897,
              50.16430395031208
            ],
            [
              -5.1247128314194,
              50.16430395031208
            ],
            [
              -5.1247128314194,
              50.16527651719992
            ],
            [
              -5.122658014768504,
              50.16576280064384
            ],
            [
              -5.122025763491306,
              50.16683262422047
            ],
            [
              -5.119812884021111,
              50.17043112170547
            ],
            [
              -5.119970946840411,
              50.170820148460606
            ],
            [
              -5.117125816093018,
              50.17257076885871
            ],
            [
              -5.116335501996519,
              50.172278998792365
            ],
            [
              -5.11617743917722,
              50.171792715348445
            ],
            [
              -5.115070999442123,
              50.17150094528209
            ],
            [
              -5.115387125080722,
              50.170820148460606
            ],
            [
              -5.115861313538621,
              50.17072289177182
            ],
            [
              -5.116335501996519,
              50.1702366083279
            ],
            [
              -5.115861313538621,
              50.16984758157277
            ],
            [
              -5.116651627635119,
              50.16984758157277
            ],
            [
              -5.116651627635119,
              50.16955581150641
            ],
            [
              -5.115545187900022,
              50.168777757996146
            ],
            [
              -5.1145968109842235,
              50.169653068195196
            ],
            [
              -5.113964559707025,
              50.169653068195196
            ],
            [
              -5.1130161827912275,
              50.16770793441952
            ],
            [
              -5.112541994333329,
              50.167610677730735
            ],
            [
              -5.112225868694729,
              50.16819421786344
            ],
            [
              -5.1114355545982315,
              50.16829147455223
            ],
            [
              -5.110961366140333,
              50.16780519110831
            ],
            [
              -5.110329114863134,
              50.16780519110831
            ]
          ]
        ]
      },
      "properties": {
        "slot_id": "gas_emissions_6",
        "lineage_id": "LOCAL-NEW-92271296-1318-4c0c-a293-d0d4ebc2d06b",
        "page_generation": 1,
        "semantic_mode": "AREA_JOIN",
        "partition": {
          "start": 76904,
          "end": 92283,
          "count": 15380
        },
        "evidence_scope": "coverage_area",
        "coverage_area_id": "E01018834",
        "coverage_area_name": "Cornwall 060A",
        "coverage_area_identifier_scheme": "ONS_GSS_LSOA11",
        "parent_area_id": "E06000052",
        "parent_area_name": "Cornwall",
        "boundary_vintage": "LSOA 2011",
        "source_area_record": true,
        "accepted_parcel_record": false,
        "spatial_binding_method": "OFFICIAL_POLYGON_AND_EXACT_IDENTIFIER",
        "source_window_record_index": 33,
        "source_url": "https://raw.githubusercontent.com/ONSdigital/cdn.ons.gov.uk-assets/130bb351004270950dd4a434e27d80b588e7d0af/assets/topojson/lsoa_by_lad/topo_E06000052.json",
        "final_url": "https://raw.githubusercontent.com/ONSdigital/cdn.ons.gov.uk-assets/130bb351004270950dd4a434e27d80b588e7d0af/assets/topojson/lsoa_by_lad/topo_E06000052.json",
        "source_access_utc": "2026-10-02T05:46:30Z",
        "source_blob_sha": "5122ed59a03427c9913f20d0db5b9b203e7be41c",
        "source_file_sha256": "e313e88941def9339fe827e65196b707403d8baf6817be8b1b5216998e358b21",
        "field_evidence": {
          "LSOA11CD": "E01018834",
          "LSOA11NM": "Cornwall 060A",
          "geometry_type": "Polygon",
          "parent_LAD": "E06000052"
        },
        "evidence_slice_sha256": "f695cbe6b432e8dbd4c2cd9c6751c3e56861656b63d71d3cf81f9f95414d14a8",
        "confidence_score_0_100": 96,
        "evidence_grade": "A",
        "licence": "Open Government Licence v3.0",
        "licence_evidence_url": "https://www.ons.gov.uk/methodology/geography/licences",
        "fake_data": false,
        "local_spatial_join_status": "DEFERRED_TO_LOCAL_OPENCODE"
      }
    },
    {
      "type": "Feature",
      "id": "E01018835",
      "geometry": {
        "type": "Polygon",
        "coordinates": [
          [
            [
              -5.113490371249126,
              50.176850063165205
            ],
            [
              -5.110645240501733,
              50.17422413256804
            ],
            [
              -5.109222675128037,
              50.173154308991414
            ],
            [
              -5.107642046935041,
              50.17072289177182
            ],
            [
              -5.106693670019243,
              50.17052837839425
            ],
            [
              -5.106535607199943,
              50.16984758157277
            ],
            [
              -5.1068517328385425,
              50.16936129812885
            ],
            [
              -5.106377544380644,
              50.16897227137371
            ],
            [
              -5.1084323610315385,
              50.169166784751276
            ],
            [
              -5.10795817257364,
              50.169653068195196
            ],
            [
              -5.108748486670138,
              50.16984758157277
            ],
            [
              -5.109538800766636,
              50.17101466183817
            ],
            [
              -5.1100129892245345,
              50.170625635083034
            ],
            [
              -5.110487177682434,
              50.170139351639115
            ],
            [
              -5.1100129892245345,
              50.16936129812885
            ],
            [
              -5.109380737947337,
              50.16926404144006
            ],
            [
              -5.109696863585936,
              50.16897227137371
            ],
            [
              -5.109538800766636,
              50.168583244618574
            ],
            [
              -5.110487177682434,
              50.16848598792979
            ],
            [
              -5.110329114863134,
              50.16780519110831
            ],
            [
              -5.110961366140333,
              50.16780519110831
            ],
            [
              -5.1114355545982315,
              50.16829147455223
            ],
            [
              -5.112225868694729,
              50.16819421786344
            ],
            [
              -5.112541994333329,
              50.167610677730735
            ],
            [
              -5.1130161827912275,
              50.16770793441952
            ],
            [
              -5.113964559707025,
              50.169653068195196
            ],
            [
              -5.1145968109842235,
              50.169653068195196
            ],
            [
              -5.115545187900022,
              50.168777757996146
            ],
            [
              -5.116651627635119,
              50.16955581150641
            ],
            [
              -5.116651627635119,
              50.16984758157277
            ],
            [
              -5.115861313538621,
              50.16984758157277
            ],
            [
              -5.116335501996519,
              50.1702366083279
            ],
            [
              -5.115861313538621,
              50.17072289177182
            ],
            [
              -5.115387125080722,
              50.170820148460606
            ],
            [
              -5.115070999442123,
              50.17150094528209
            ],
            [
              -5.11617743917722,
              50.171792715348445
            ],
            [
              -5.116335501996519,
              50.172278998792365
            ],
            [
              -5.117125816093018,
              50.17257076885871
            ],
            [
              -5.1176000045509165,
              50.173348822368986
            ],
            [
              -5.119338695563212,
              50.17354333574655
            ],
            [
              -5.119970946840411,
              50.17373784912412
            ],
            [
              -5.120761260936909,
              50.17451590263439
            ],
            [
              -5.12044513529831,
              50.174807672700744
            ],
            [
              -5.1206031981176094,
              50.17548846952223
            ],
            [
              -5.119338695563212,
              50.17548846952223
            ],
            [
              -5.115070999442123,
              50.17665554978763
            ],
            [
              -5.113490371249126,
              50.176850063165205
            ]
          ]
        ]
      },
      "properties": {
        "slot_id": "gas_emissions_6",
        "lineage_id": "LOCAL-NEW-92271296-1318-4c0c-a293-d0d4ebc2d06b",
        "page_generation": 1,
        "semantic_mode": "AREA_JOIN",
        "partition": {
          "start": 76904,
          "end": 92283,
          "count": 15380
        },
        "evidence_scope": "coverage_area",
        "coverage_area_id": "E01018835",
        "coverage_area_name": "Cornwall 060B",
        "coverage_area_identifier_scheme": "ONS_GSS_LSOA11",
        "parent_area_id": "E06000052",
        "parent_area_name": "Cornwall",
        "boundary_vintage": "LSOA 2011",
        "source_area_record": true,
        "accepted_parcel_record": false,
        "spatial_binding_method": "OFFICIAL_POLYGON_AND_EXACT_IDENTIFIER",
        "source_window_record_index": 34,
        "source_url": "https://raw.githubusercontent.com/ONSdigital/cdn.ons.gov.uk-assets/130bb351004270950dd4a434e27d80b588e7d0af/assets/topojson/lsoa_by_lad/topo_E06000052.json",
        "final_url": "https://raw.githubusercontent.com/ONSdigital/cdn.ons.gov.uk-assets/130bb351004270950dd4a434e27d80b588e7d0af/assets/topojson/lsoa_by_lad/topo_E06000052.json",
        "source_access_utc": "2026-10-02T05:46:30Z",
        "source_blob_sha": "5122ed59a03427c9913f20d0db5b9b203e7be41c",
        "source_file_sha256": "e313e88941def9339fe827e65196b707403d8baf6817be8b1b5216998e358b21",
        "field_evidence": {
          "LSOA11CD": "E01018835",
          "LSOA11NM": "Cornwall 060B",
          "geometry_type": "Polygon",
          "parent_LAD": "E06000052"
        },
        "evidence_slice_sha256": "f695cbe6b432e8dbd4c2cd9c6751c3e56861656b63d71d3cf81f9f95414d14a8",
        "confidence_score_0_100": 96,
        "evidence_grade": "A",
        "licence": "Open Government Licence v3.0",
        "licence_evidence_url": "https://www.ons.gov.uk/methodology/geography/licences",
        "fake_data": false,
        "local_spatial_join_status": "DEFERRED_TO_LOCAL_OPENCODE"
      }
    },
    {
      "type": "Feature",
      "id": "E01018836",
      "geometry": {
        "type": "Polygon",
        "coordinates": [
          [
            [
              -5.106535607199943,
              50.16984758157277
            ],
            [
              -5.105587230284145,
              50.16926404144006
            ],
            [
              -5.105271104645547,
              50.17043112170547
            ],
            [
              -5.105113041826247,
              50.17043112170547
            ],
            [
              -5.104322727729748,
              50.170625635083034
            ],
            [
              -5.10384853927185,
              50.17004209495033
            ],
            [
              -5.102900162356052,
              50.16975032488398
            ],
            [
              -5.10369047645255,
              50.168583244618574
            ],
            [
              -5.103058225175351,
              50.16829147455223
            ],
            [
              -5.101951785440255,
              50.16838873124101
            ],
            [
              -5.101793722620955,
              50.16790244779709
            ],
            [
              -5.099896968789359,
              50.16741616435317
            ],
            [
              -5.100213094427959,
              50.167124394286816
            ],
            [
              -5.100845345705157,
              50.167124394286816
            ],
            [
              -5.102900162356052,
              50.16673536753168
            ],
            [
              -5.102425973898153,
              50.16634634077655
            ],
            [
              -5.103058225175351,
              50.16547103057749
            ],
            [
              -5.104006602091149,
              50.165568287266275
            ],
            [
              -5.1054291674648455,
              50.16469297706722
            ],
            [
              -5.106693670019243,
              50.164595720378436
            ],
            [
              -5.110487177682434,
              50.16265058660276
            ],
            [
              -5.111119428959633,
              50.162553329913976
            ],
            [
              -5.110329114863134,
              50.16294235666911
            ],
            [
              -5.110487177682434,
              50.1642066936233
            ],
            [
              -5.109380737947337,
              50.1666381108429
            ],
            [
              -5.110329114863134,
              50.16780519110831
            ],
            [
              -5.110487177682434,
              50.16848598792979
            ],
            [
              -5.109538800766636,
              50.168583244618574
            ],
            [
              -5.109696863585936,
              50.16897227137371
            ],
            [
              -5.109380737947337,
              50.16926404144006
            ],
            [
              -5.1100129892245345,
              50.16936129812885
            ],
            [
              -5.110487177682434,
              50.170139351639115
            ],
            [
              -5.1100129892245345,
              50.170625635083034
            ],
            [
              -5.109538800766636,
              50.17101466183817
            ],
            [
              -5.108748486670138,
              50.16984758157277
            ],
            [
              -5.10795817257364,
              50.169653068195196
            ],
            [
              -5.1084323610315385,
              50.169166784751276
            ],
            [
              -5.106377544380644,
              50.16897227137371
            ],
            [
              -5.1068517328385425,
              50.16936129812885
            ],
            [
              -5.106535607199943,
              50.16984758157277
            ]
          ]
        ]
      },
      "properties": {
        "slot_id": "gas_emissions_6",
        "lineage_id": "LOCAL-NEW-92271296-1318-4c0c-a293-d0d4ebc2d06b",
        "page_generation": 1,
        "semantic_mode": "AREA_JOIN",
        "partition": {
          "start": 76904,
          "end": 92283,
          "count": 15380
        },
        "evidence_scope": "coverage_area",
        "coverage_area_id": "E01018836",
        "coverage_area_name": "Cornwall 060C",
        "coverage_area_identifier_scheme": "ONS_GSS_LSOA11",
        "parent_area_id": "E06000052",
        "parent_area_name": "Cornwall",
        "boundary_vintage": "LSOA 2011",
        "source_area_record": true,
        "accepted_parcel_record": false,
        "spatial_binding_method": "OFFICIAL_POLYGON_AND_EXACT_IDENTIFIER",
        "source_window_record_index": 35,
        "source_url": "https://raw.githubusercontent.com/ONSdigital/cdn.ons.gov.uk-assets/130bb351004270950dd4a434e27d80b588e7d0af/assets/topojson/lsoa_by_lad/topo_E06000052.json",
        "final_url": "https://raw.githubusercontent.com/ONSdigital/cdn.ons.gov.uk-assets/130bb351004270950dd4a434e27d80b588e7d0af/assets/topojson/lsoa_by_lad/topo_E06000052.json",
        "source_access_utc": "2026-10-02T05:46:30Z",
        "source_blob_sha": "5122ed59a03427c9913f20d0db5b9b203e7be41c",
        "source_file_sha256": "e313e88941def9339fe827e65196b707403d8baf6817be8b1b5216998e358b21",
        "field_evidence": {
          "LSOA11CD": "E01018836",
          "LSOA11NM": "Cornwall 060C",
          "geometry_type": "Polygon",
          "parent_LAD": "E06000052"
        },
        "evidence_slice_sha256": "f695cbe6b432e8dbd4c2cd9c6751c3e56861656b63d71d3cf81f9f95414d14a8",
        "confidence_score_0_100": 96,
        "evidence_grade": "A",
        "licence": "Open Government Licence v3.0",
        "licence_evidence_url": "https://www.ons.gov.uk/methodology/geography/licences",
        "fake_data": false,
        "local_spatial_join_status": "DEFERRED_TO_LOCAL_OPENCODE"
      }
    },
    {
      "type": "Feature",
      "id": "E01018837",
      "geometry": {
        "type": "MultiPolygon",
        "coordinates": [
          [
            [
              [
                -5.083300372762899,
                50.163039613357896
              ],
              [
                -5.085197126594495,
                50.16226155984762
              ],
              [
                -5.085987440690992,
                50.16235881653641
              ],
              [
                -5.085987440690992,
                50.16323412673546
              ],
              [
                -5.085355189413794,
                50.16342864011303
              ],
              [
                -5.085671315052394,
                50.16265058660276
              ],
              [
                -5.083300372762899,
                50.163039613357896
              ]
            ]
          ],
          [
            [
              [
                -5.098948591873562,
                50.17830891349696
              ],
              [
                -5.097051838041966,
                50.177336346609124
              ],
              [
                -5.097367963680565,
                50.17694731985399
              ],
              [
                -5.096893775222666,
                50.1762665230325
              ],
              [
                -5.094997021391071,
                50.17548846952223
              ],
              [
                -5.093574456017374,
                50.17402961919047
              ],
              [
                -5.091677702185779,
                50.170625635083034
              ],
              [
                -5.092151890643678,
                50.169653068195196
              ],
              [
                -5.0918357650050785,
                50.16868050130736
              ],
              [
                -5.0932583303787755,
                50.16770793441952
              ],
              [
                -5.094364770113873,
                50.167610677730735
              ],
              [
                -5.096261523945468,
                50.16819421786344
              ],
              [
                -5.0978421521384645,
                50.16926404144006
              ],
              [
                -5.09958084315076,
                50.16975032488398
              ],
              [
                -5.099896968789359,
                50.16975032488398
              ],
              [
                -5.100055031608659,
                50.16975032488398
              ],
              [
                -5.100687282885858,
                50.16936129812885
              ],
              [
                -5.101319534163056,
                50.16955581150641
              ],
              [
                -5.102109848259554,
                50.16984758157277
              ],
              [
                -5.102109848259554,
                50.169653068195196
              ],
              [
                -5.099738905970059,
                50.16897227137371
              ],
              [
                -5.097367963680565,
                50.167610677730735
              ],
              [
                -5.097209900861266,
                50.16741616435317
              ],
              [
                -5.0978421521384645,
                50.1672216509756
              ],
              [
                -5.097051838041966,
                50.1672216509756
              ],
              [
                -5.097051838041966,
                50.16692988090925
              ],
              [
                -5.097684089319165,
                50.16673536753168
              ],
              [
                -5.098316340596363,
                50.1666381108429
              ],
              [
                -5.100055031608659,
                50.16634634077655
              ],
              [
                -5.100845345705157,
                50.16644359746533
              ],
              [
                -5.100371157247258,
                50.16615182739898
              ],
              [
                -5.094997021391071,
                50.1666381108429
              ],
              [
                -5.092784141920877,
                50.16634634077655
              ],
              [
                -5.09136157654718,
                50.16615182739898
              ],
              [
                -5.089464822715584,
                50.16517926051114
              ],
              [
                -5.088358382980487,
                50.16517926051114
              ],
              [
                -5.086935817606791,
                50.16430395031208
              ],
              [
                -5.088200320161187,
                50.16333138342424
              ],
              [
                -5.089464822715584,
                50.1636231534906
              ],
              [
                -5.089939011173483,
                50.16430395031208
              ],
              [
                -5.09120351372788,
                50.16226155984762
              ],
              [
                -5.092626079101577,
                50.16226155984762
              ],
              [
                -5.093890581655973,
                50.161191736271
              ],
              [
                -5.09515508421037,
                50.16274784329154
              ],
              [
                -5.096577649584067,
                50.16372041017938
              ],
              [
                -5.100529220066558,
                50.164498463689654
              ],
              [
                -5.1054291674648455,
                50.16469297706722
              ],
              [
                -5.104006602091149,
                50.165568287266275
              ],
              [
                -5.103058225175351,
                50.16547103057749
              ],
              [
                -5.102425973898153,
                50.16634634077655
              ],
              [
                -5.102900162356052,
                50.16673536753168
              ],
              [
                -5.100845345705157,
                50.167124394286816
              ],
              [
                -5.100213094427959,
                50.167124394286816
              ],
              [
                -5.099896968789359,
                50.16741616435317
              ],
              [
                -5.101793722620955,
                50.16790244779709
              ],
              [
                -5.101951785440255,
                50.16838873124101
              ],
              [
                -5.103058225175351,
                50.16829147455223
              ],
              [
                -5.10369047645255,
                50.168583244618574
              ],
              [
                -5.102900162356052,
                50.16975032488398
              ],
              [
                -5.10384853927185,
                50.17004209495033
              ],
              [
                -5.104322727729748,
                50.170625635083034
              ],
              [
                -5.105113041826247,
                50.17043112170547
              ],
              [
                -5.105271104645547,
                50.17043112170547
              ],
              [
                -5.105587230284145,
                50.16926404144006
              ],
              [
                -5.106535607199943,
                50.16984758157277
              ],
              [
                -5.106693670019243,
                50.17052837839425
              ],
              [
                -5.107642046935041,
                50.17072289177182
              ],
              [
                -5.109222675128037,
                50.173154308991414
              ],
              [
                -5.110645240501733,
                50.17422413256804
              ],
              [
                -5.113490371249126,
                50.176850063165205
              ],
              [
                -5.112225868694729,
                50.17801714343061
              ],
              [
                -5.11175168023683,
                50.17782263005304
              ],
              [
                -5.109222675128037,
                50.178892453629665
              ],
              [
                -5.106693670019243,
                50.17918422369602
              ],
              [
                -5.103374350813951,
                50.180448560650206
              ],
              [
                -5.102109848259554,
                50.178406170185745
              ],
              [
                -5.098948591873562,
                50.17830891349696
              ]
            ]
          ]
        ]
      },
      "properties": {
        "slot_id": "gas_emissions_6",
        "lineage_id": "LOCAL-NEW-92271296-1318-4c0c-a293-d0d4ebc2d06b",
        "page_generation": 1,
        "semantic_mode": "AREA_JOIN",
        "partition": {
          "start": 76904,
          "end": 92283,
          "count": 15380
        },
        "evidence_scope": "coverage_area",
        "coverage_area_id": "E01018837",
        "coverage_area_name": "Cornwall 060D",
        "coverage_area_identifier_scheme": "ONS_GSS_LSOA11",
        "parent_area_id": "E06000052",
        "parent_area_name": "Cornwall",
        "boundary_vintage": "LSOA 2011",
        "source_area_record": true,
        "accepted_parcel_record": false,
        "spatial_binding_method": "OFFICIAL_POLYGON_AND_EXACT_IDENTIFIER",
        "source_window_record_index": 36,
        "source_url": "https://raw.githubusercontent.com/ONSdigital/cdn.ons.gov.uk-assets/130bb351004270950dd4a434e27d80b588e7d0af/assets/topojson/lsoa_by_lad/topo_E06000052.json",
        "final_url": "https://raw.githubusercontent.com/ONSdigital/cdn.ons.gov.uk-assets/130bb351004270950dd4a434e27d80b588e7d0af/assets/topojson/lsoa_by_lad/topo_E06000052.json",
        "source_access_utc": "2026-10-02T05:46:30Z",
        "source_blob_sha": "5122ed59a03427c9913f20d0db5b9b203e7be41c",
        "source_file_sha256": "e313e88941def9339fe827e65196b707403d8baf6817be8b1b5216998e358b21",
        "field_evidence": {
          "LSOA11CD": "E01018837",
          "LSOA11NM": "Cornwall 060D",
          "geometry_type": "MultiPolygon",
          "parent_LAD": "E06000052"
        },
        "evidence_slice_sha256": "f695cbe6b432e8dbd4c2cd9c6751c3e56861656b63d71d3cf81f9f95414d14a8",
        "confidence_score_0_100": 96,
        "evidence_grade": "A",
        "licence": "Open Government Licence v3.0",
        "licence_evidence_url": "https://www.ons.gov.uk/methodology/geography/licences",
        "fake_data": false,
        "local_spatial_join_status": "DEFERRED_TO_LOCAL_OPENCODE"
      }
    },
    {
      "type": "Feature",
      "id": "E01018838",
      "geometry": {
        "type": "Polygon",
        "coordinates": [
          [
            [
              -5.077768174087413,
              50.159830142628024
            ],
            [
              -5.078400425364611,
              50.158857575740186
            ],
            [
              -5.078084299726012,
              50.15866306236262
            ],
            [
              -5.077610111268113,
              50.15914934580654
            ],
            [
              -5.076977859990914,
              50.158954832428975
            ],
            [
              -5.0768197971716145,
              50.15807952222992
            ],
            [
              -5.075713357436517,
              50.15788500885235
            ],
            [
              -5.0752391689786185,
              50.15671792858694
            ],
            [
              -5.0768197971716145,
              50.15603713176546
            ],
            [
              -5.076187545894416,
              50.15555084832154
            ],
            [
              -5.0766617343523155,
              50.1551618215664
            ],
            [
              -5.077135922810214,
              50.155259078255185
            ],
            [
              -5.077768174087413,
              50.15438376805613
            ],
            [
              -5.079032676641809,
              50.15467553812248
            ],
            [
              -5.079664927919008,
              50.15448102474492
            ],
            [
              -5.080455242015506,
              50.1545782814337
            ],
            [
              -5.081087493292705,
              50.154286511367346
            ],
            [
              -5.081087493292705,
              50.1545782814337
            ],
            [
              -5.081719744569903,
              50.15467553812248
            ],
            [
              -5.081719744569903,
              50.154772794811265
            ],
            [
              -5.081719744569903,
              50.15564810501032
            ],
            [
              -5.083300372762899,
              50.15739872540843
            ],
            [
              -5.084564875317296,
              50.15914934580654
            ],
            [
              -5.085197126594495,
              50.15963562925046
            ],
            [
              -5.083932624040098,
              50.160316426071944
            ],
            [
              -5.082351995847102,
              50.159927399316814
            ],
            [
              -5.082351995847102,
              50.160316426071944
            ],
            [
              -5.081561681750603,
              50.16041368276073
            ],
            [
              -5.081087493292705,
              50.160316426071944
            ],
            [
              -5.080455242015506,
              50.160997222893435
            ],
            [
              -5.079032676641809,
              50.161483506337355
            ],
            [
              -5.07871655100321,
              50.16109447958222
            ],
            [
              -5.079190739461109,
              50.16080270951586
            ],
            [
              -5.079190739461109,
              50.16041368276073
            ],
            [
              -5.077768174087413,
              50.159830142628024
            ]
          ]
        ]
      },
      "properties": {
        "slot_id": "gas_emissions_6",
        "lineage_id": "LOCAL-NEW-92271296-1318-4c0c-a293-d0d4ebc2d06b",
        "page_generation": 1,
        "semantic_mode": "AREA_JOIN",
        "partition": {
          "start": 76904,
          "end": 92283,
          "count": 15380
        },
        "evidence_scope": "coverage_area",
        "coverage_area_id": "E01018838",
        "coverage_area_name": "Cornwall 062A",
        "coverage_area_identifier_scheme": "ONS_GSS_LSOA11",
        "parent_area_id": "E06000052",
        "parent_area_name": "Cornwall",
        "boundary_vintage": "LSOA 2011",
        "source_area_record": true,
        "accepted_parcel_record": false,
        "spatial_binding_method": "OFFICIAL_POLYGON_AND_EXACT_IDENTIFIER",
        "source_window_record_index": 37,
        "source_url": "https://raw.githubusercontent.com/ONSdigital/cdn.ons.gov.uk-assets/130bb351004270950dd4a434e27d80b588e7d0af/assets/topojson/lsoa_by_lad/topo_E06000052.json",
        "final_url": "https://raw.githubusercontent.com/ONSdigital/cdn.ons.gov.uk-assets/130bb351004270950dd4a434e27d80b588e7d0af/assets/topojson/lsoa_by_lad/topo_E06000052.json",
        "source_access_utc": "2026-10-02T05:46:30Z",
        "source_blob_sha": "5122ed59a03427c9913f20d0db5b9b203e7be41c",
        "source_file_sha256": "e313e88941def9339fe827e65196b707403d8baf6817be8b1b5216998e358b21",
        "field_evidence": {
          "LSOA11CD": "E01018838",
          "LSOA11NM": "Cornwall 062A",
          "geometry_type": "Polygon",
          "parent_LAD": "E06000052"
        },
        "evidence_slice_sha256": "f695cbe6b432e8dbd4c2cd9c6751c3e56861656b63d71d3cf81f9f95414d14a8",
        "confidence_score_0_100": 96,
        "evidence_grade": "A",
        "licence": "Open Government Licence v3.0",
        "licence_evidence_url": "https://www.ons.gov.uk/methodology/geography/licences",
        "fake_data": false,
        "local_spatial_join_status": "DEFERRED_TO_LOCAL_OPENCODE"
      }
    },
    {
      "type": "Feature",
      "id": "E01018839",
      "geometry": {
        "type": "Polygon",
        "coordinates": [
          [
            [
              -5.07492304334002,
              50.16167801971492
            ],
            [
              -5.073974666424221,
              50.16109447958222
            ],
            [
              -5.073342415147023,
              50.16128899295978
            ],
            [
              -5.073974666424221,
              50.1606081961383
            ],
            [
              -5.073500477966323,
              50.15905208911776
            ],
            [
              -5.073184352327724,
              50.1587603190514
            ],
            [
              -5.072394038231225,
              50.1587603190514
            ],
            [
              -5.072868226689124,
              50.158371292296266
            ],
            [
              -5.071761786954027,
              50.15749598209722
            ],
            [
              -5.071445661315428,
              50.15749598209722
            ],
            [
              -5.071287598496128,
              50.15749598209722
            ],
            [
              -5.07049728439963,
              50.15652341520938
            ],
            [
              -5.069865033122431,
              50.15671792858694
            ],
            [
              -5.071129535676828,
              50.156328901831806
            ],
            [
              -5.070813410038229,
              50.155939875076676
            ],
            [
              -5.071919849773327,
              50.155939875076676
            ],
            [
              -5.072552101050525,
              50.15623164514302
            ],
            [
              -5.071919849773327,
              50.15671792858694
            ],
            [
              -5.072868226689124,
              50.157301468719645
            ],
            [
              -5.072710163869825,
              50.157593238786
            ],
            [
              -5.073184352327724,
              50.15788500885235
            ],
            [
              -5.074132729243521,
              50.15807952222992
            ],
            [
              -5.073974666424221,
              50.157787752163564
            ],
            [
              -5.073342415147023,
              50.156426158520595
            ],
            [
              -5.074290792062821,
              50.15613438845424
            ],
            [
              -5.07476498052072,
              50.15623164514302
            ],
            [
              -5.075871420255817,
              50.15564810501032
            ],
            [
              -5.076187545894416,
              50.15555084832154
            ],
            [
              -5.0768197971716145,
              50.15603713176546
            ],
            [
              -5.0752391689786185,
              50.15671792858694
            ],
            [
              -5.075713357436517,
              50.15788500885235
            ],
            [
              -5.0768197971716145,
              50.15807952222992
            ],
            [
              -5.076977859990914,
              50.158954832428975
            ],
            [
              -5.077610111268113,
              50.15914934580654
            ],
            [
              -5.078084299726012,
              50.15866306236262
            ],
            [
              -5.078400425364611,
              50.158857575740186
            ],
            [
              -5.077768174087413,
              50.159830142628024
            ],
            [
              -5.077768174087413,
              50.16021916938316
            ],
            [
              -5.0768197971716145,
              50.16041368276073
            ],
            [
              -5.076503671533016,
              50.160510939449516
            ],
            [
              -5.0768197971716145,
              50.16089996620465
            ],
            [
              -5.078400425364611,
              50.16187253309249
            ],
            [
              -5.078400425364611,
              50.162456073225194
            ],
            [
              -5.077768174087413,
              50.16216430315884
            ],
            [
              -5.077610111268113,
              50.162553329913976
            ],
            [
              -5.0782423625453115,
              50.16274784329154
            ],
            [
              -5.077293985629513,
              50.16284509998033
            ],
            [
              -5.07492304334002,
              50.16167801971492
            ]
          ]
        ]
      },
      "properties": {
        "slot_id": "gas_emissions_6",
        "lineage_id": "LOCAL-NEW-92271296-1318-4c0c-a293-d0d4ebc2d06b",
        "page_generation": 1,
        "semantic_mode": "AREA_JOIN",
        "partition": {
          "start": 76904,
          "end": 92283,
          "count": 15380
        },
        "evidence_scope": "coverage_area",
        "coverage_area_id": "E01018839",
        "coverage_area_name": "Cornwall 062B",
        "coverage_area_identifier_scheme": "ONS_GSS_LSOA11",
        "parent_area_id": "E06000052",
        "parent_area_name": "Cornwall",
        "boundary_vintage": "LSOA 2011",
        "source_area_record": true,
        "accepted_parcel_record": false,
        "spatial_binding_method": "OFFICIAL_POLYGON_AND_EXACT_IDENTIFIER",
        "source_window_record_index": 38,
        "source_url": "https://raw.githubusercontent.com/ONSdigital/cdn.ons.gov.uk-assets/130bb351004270950dd4a434e27d80b588e7d0af/assets/topojson/lsoa_by_lad/topo_E06000052.json",
        "final_url": "https://raw.githubusercontent.com/ONSdigital/cdn.ons.gov.uk-assets/130bb351004270950dd4a434e27d80b588e7d0af/assets/topojson/lsoa_by_lad/topo_E06000052.json",
        "source_access_utc": "2026-10-02T05:46:30Z",
        "source_blob_sha": "5122ed59a03427c9913f20d0db5b9b203e7be41c",
        "source_file_sha256": "e313e88941def9339fe827e65196b707403d8baf6817be8b1b5216998e358b21",
        "field_evidence": {
          "LSOA11CD": "E01018839",
          "LSOA11NM": "Cornwall 062B",
          "geometry_type": "Polygon",
          "parent_LAD": "E06000052"
        },
        "evidence_slice_sha256": "f695cbe6b432e8dbd4c2cd9c6751c3e56861656b63d71d3cf81f9f95414d14a8",
        "confidence_score_0_100": 96,
        "evidence_grade": "A",
        "licence": "Open Government Licence v3.0",
        "licence_evidence_url": "https://www.ons.gov.uk/methodology/geography/licences",
        "fake_data": false,
        "local_spatial_join_status": "DEFERRED_TO_LOCAL_OPENCODE"
      }
    },
    {
      "type": "Feature",
      "id": "E01018840",
      "geometry": {
        "type": "Polygon",
        "coordinates": [
          [
            [
              -5.070813410038229,
              50.155939875076676
            ],
            [
              -5.071287598496128,
              50.155745361699104
            ],
            [
              -5.071445661315428,
              50.155259078255185
            ],
            [
              -5.070971472857529,
              50.15496730818884
            ],
            [
              -5.071287598496128,
              50.1545782814337
            ],
            [
              -5.073026289508424,
              50.15302217441316
            ],
            [
              -5.073500477966323,
              50.15331394447951
            ],
            [
              -5.0738166036049215,
              50.15302217441316
            ],
            [
              -5.07476498052072,
              50.15234137759167
            ],
            [
              -5.076345608713716,
              50.15136881070383
            ],
            [
              -5.077135922810214,
              50.15078527057113
            ],
            [
              -5.0768197971716145,
              50.15059075719356
            ],
            [
              -5.076977859990914,
              50.15039624381599
            ],
            [
              -5.077768174087413,
              50.15078527057113
            ],
            [
              -5.078084299726012,
              50.15059075719356
            ],
            [
              -5.078400425364611,
              50.15136881070383
            ],
            [
              -5.07887461382251,
              50.15195235083653
            ],
            [
              -5.080929430473405,
              50.15253589096924
            ],
            [
              -5.081719744569903,
              50.15350845785708
            ],
            [
              -5.081719744569903,
              50.15467553812248
            ],
            [
              -5.081087493292705,
              50.1545782814337
            ],
            [
              -5.081087493292705,
              50.154286511367346
            ],
            [
              -5.080455242015506,
              50.1545782814337
            ],
            [
              -5.079664927919008,
              50.15448102474492
            ],
            [
              -5.079032676641809,
              50.15467553812248
            ],
            [
              -5.077768174087413,
              50.15438376805613
            ],
            [
              -5.077135922810214,
              50.155259078255185
            ],
            [
              -5.0766617343523155,
              50.1551618215664
            ],
            [
              -5.076187545894416,
              50.15555084832154
            ],
            [
              -5.075871420255817,
              50.15564810501032
            ],
            [
              -5.07476498052072,
              50.15623164514302
            ],
            [
              -5.074290792062821,
              50.15613438845424
            ],
            [
              -5.073342415147023,
              50.156426158520595
            ],
            [
              -5.073974666424221,
              50.157787752163564
            ],
            [
              -5.074132729243521,
              50.15807952222992
            ],
            [
              -5.073184352327724,
              50.15788500885235
            ],
            [
              -5.072710163869825,
              50.157593238786
            ],
            [
              -5.072868226689124,
              50.157301468719645
            ],
            [
              -5.071919849773327,
              50.15671792858694
            ],
            [
              -5.072552101050525,
              50.15623164514302
            ],
            [
              -5.071919849773327,
              50.155939875076676
            ],
            [
              -5.070813410038229,
              50.155939875076676
            ]
          ]
        ]
      },
      "properties": {
        "slot_id": "gas_emissions_6",
        "lineage_id": "LOCAL-NEW-92271296-1318-4c0c-a293-d0d4ebc2d06b",
        "page_generation": 1,
        "semantic_mode": "AREA_JOIN",
        "partition": {
          "start": 76904,
          "end": 92283,
          "count": 15380
        },
        "evidence_scope": "coverage_area",
        "coverage_area_id": "E01018840",
        "coverage_area_name": "Cornwall 062C",
        "coverage_area_identifier_scheme": "ONS_GSS_LSOA11",
        "parent_area_id": "E06000052",
        "parent_area_name": "Cornwall",
        "boundary_vintage": "LSOA 2011",
        "source_area_record": true,
        "accepted_parcel_record": false,
        "spatial_binding_method": "OFFICIAL_POLYGON_AND_EXACT_IDENTIFIER",
        "source_window_record_index": 39,
        "source_url": "https://raw.githubusercontent.com/ONSdigital/cdn.ons.gov.uk-assets/130bb351004270950dd4a434e27d80b588e7d0af/assets/topojson/lsoa_by_lad/topo_E06000052.json",
        "final_url": "https://raw.githubusercontent.com/ONSdigital/cdn.ons.gov.uk-assets/130bb351004270950dd4a434e27d80b588e7d0af/assets/topojson/lsoa_by_lad/topo_E06000052.json",
        "source_access_utc": "2026-10-02T05:46:30Z",
        "source_blob_sha": "5122ed59a03427c9913f20d0db5b9b203e7be41c",
        "source_file_sha256": "e313e88941def9339fe827e65196b707403d8baf6817be8b1b5216998e358b21",
        "field_evidence": {
          "LSOA11CD": "E01018840",
          "LSOA11NM": "Cornwall 062C",
          "geometry_type": "Polygon",
          "parent_LAD": "E06000052"
        },
        "evidence_slice_sha256": "f695cbe6b432e8dbd4c2cd9c6751c3e56861656b63d71d3cf81f9f95414d14a8",
        "confidence_score_0_100": 96,
        "evidence_grade": "A",
        "licence": "Open Government Licence v3.0",
        "licence_evidence_url": "https://www.ons.gov.uk/methodology/geography/licences",
        "fake_data": false,
        "local_spatial_join_status": "DEFERRED_TO_LOCAL_OPENCODE"
      }
    },
    {
      "type": "Feature",
      "id": "E01018841",
      "geometry": {
        "type": "Polygon",
        "coordinates": [
          [
            [
              -5.07492304334002,
              50.16167801971492
            ],
            [
              -5.077293985629513,
              50.16284509998033
            ],
            [
              -5.0782423625453115,
              50.16274784329154
            ],
            [
              -5.077610111268113,
              50.162553329913976
            ],
            [
              -5.077768174087413,
              50.16216430315884
            ],
            [
              -5.078400425364611,
              50.162456073225194
            ],
            [
              -5.078400425364611,
              50.16187253309249
            ],
            [
              -5.0768197971716145,
              50.16089996620465
            ],
            [
              -5.076503671533016,
              50.160510939449516
            ],
            [
              -5.0768197971716145,
              50.16041368276073
            ],
            [
              -5.077768174087413,
              50.16021916938316
            ],
            [
              -5.077768174087413,
              50.159830142628024
            ],
            [
              -5.079190739461109,
              50.16041368276073
            ],
            [
              -5.079190739461109,
              50.16080270951586
            ],
            [
              -5.07871655100321,
              50.16109447958222
            ],
            [
              -5.079032676641809,
              50.161483506337355
            ],
            [
              -5.080455242015506,
              50.160997222893435
            ],
            [
              -5.081087493292705,
              50.160316426071944
            ],
            [
              -5.081561681750603,
              50.16041368276073
            ],
            [
              -5.082351995847102,
              50.160316426071944
            ],
            [
              -5.082351995847102,
              50.159927399316814
            ],
            [
              -5.083932624040098,
              50.160316426071944
            ],
            [
              -5.085197126594495,
              50.15963562925046
            ],
            [
              -5.086777754787491,
              50.16109447958222
            ],
            [
              -5.088200320161187,
              50.16333138342424
            ],
            [
              -5.086935817606791,
              50.16430395031208
            ],
            [
              -5.085987440690992,
              50.16323412673546
            ],
            [
              -5.085987440690992,
              50.16235881653641
            ],
            [
              -5.085197126594495,
              50.16226155984762
            ],
            [
              -5.083300372762899,
              50.163039613357896
            ],
            [
              -5.082668121485701,
              50.16410943693452
            ],
            [
              -5.081719744569903,
              50.16440120700087
            ],
            [
              -5.081877807389203,
              50.16488749044479
            ],
            [
              -5.080771367654105,
              50.165082003822356
            ],
            [
              -5.080613304834806,
              50.164498463689654
            ],
            [
              -5.077135922810214,
              50.16323412673546
            ],
            [
              -5.0766617343523155,
              50.16274784329154
            ],
            [
              -5.07492304334002,
              50.16167801971492
            ]
          ]
        ]
      },
      "properties": {
        "slot_id": "gas_emissions_6",
        "lineage_id": "LOCAL-NEW-92271296-1318-4c0c-a293-d0d4ebc2d06b",
        "page_generation": 1,
        "semantic_mode": "AREA_JOIN",
        "partition": {
          "start": 76904,
          "end": 92283,
          "count": 15380
        },
        "evidence_scope": "coverage_area",
        "coverage_area_id": "E01018841",
        "coverage_area_name": "Cornwall 062D",
        "coverage_area_identifier_scheme": "ONS_GSS_LSOA11",
        "parent_area_id": "E06000052",
        "parent_area_name": "Cornwall",
        "boundary_vintage": "LSOA 2011",
        "source_area_record": true,
        "accepted_parcel_record": false,
        "spatial_binding_method": "OFFICIAL_POLYGON_AND_EXACT_IDENTIFIER",
        "source_window_record_index": 40,
        "source_url": "https://raw.githubusercontent.com/ONSdigital/cdn.ons.gov.uk-assets/130bb351004270950dd4a434e27d80b588e7d0af/assets/topojson/lsoa_by_lad/topo_E06000052.json",
        "final_url": "https://raw.githubusercontent.com/ONSdigital/cdn.ons.gov.uk-assets/130bb351004270950dd4a434e27d80b588e7d0af/assets/topojson/lsoa_by_lad/topo_E06000052.json",
        "source_access_utc": "2026-10-02T05:46:30Z",
        "source_blob_sha": "5122ed59a03427c9913f20d0db5b9b203e7be41c",
        "source_file_sha256": "e313e88941def9339fe827e65196b707403d8baf6817be8b1b5216998e358b21",
        "field_evidence": {
          "LSOA11CD": "E01018841",
          "LSOA11NM": "Cornwall 062D",
          "geometry_type": "Polygon",
          "parent_LAD": "E06000052"
        },
        "evidence_slice_sha256": "f695cbe6b432e8dbd4c2cd9c6751c3e56861656b63d71d3cf81f9f95414d14a8",
        "confidence_score_0_100": 96,
        "evidence_grade": "A",
        "licence": "Open Government Licence v3.0",
        "licence_evidence_url": "https://www.ons.gov.uk/methodology/geography/licences",
        "fake_data": false,
        "local_spatial_join_status": "DEFERRED_TO_LOCAL_OPENCODE"
      }
    },
    {
      "type": "Feature",
      "id": "E01018842",
      "geometry": {
        "type": "Polygon",
        "coordinates": [
          [
            [
              -5.137357856963369,
              50.34325625767439
            ],
            [
              -5.140519113349361,
              50.34296448760804
            ],
            [
              -5.143838432554653,
              50.343061744296826
            ],
            [
              -5.145577123566949,
              50.34111661052115
            ],
            [
              -5.1476319402178445,
              50.34063032707723
            ],
            [
              -5.148738379952942,
              50.33868519330155
            ],
            [
              -5.151109322242436,
              50.33956050350061
            ],
            [
              -5.151583510700335,
              50.338004396480066
            ],
            [
              -5.154270578628428,
              50.33858793661277
            ],
            [
              -5.154428641447728,
              50.338879706679116
            ],
            [
              -5.156641520917923,
              50.340338557010874
            ],
            [
              -5.158064086291619,
              50.33810165316885
            ],
            [
              -5.160909217039013,
              50.33508669581655
            ],
            [
              -5.161383405496911,
              50.33557297926047
            ],
            [
              -5.159486651665316,
              50.33712908628101
            ],
            [
              -5.160593091400413,
              50.33771262641371
            ],
            [
              -5.162331782412709,
              50.33790713979128
            ],
            [
              -5.162964033689907,
              50.338004396480066
            ],
            [
              -5.162647908051309,
              50.33917147674547
            ],
            [
              -5.16169953113551,
              50.33956050350061
            ],
            [
              -5.160593091400413,
              50.33965776018939
            ],
            [
              -5.159802777303915,
              50.340338557010874
            ],
            [
              -5.159960840123214,
              50.34063032707723
            ],
            [
              -5.162173719593409,
              50.34014404363331
            ],
            [
              -5.162331782412709,
              50.34043581369966
            ],
            [
              -5.16154146831621,
              50.34092209714358
            ],
            [
              -5.162173719593409,
              50.3414083805875
            ],
            [
              -5.162647908051309,
              50.342380947475334
            ],
            [
              -5.163912410605705,
              50.344617851317366
            ],
            [
              -5.1628059708706076,
              50.34481236469493
            ],
            [
              -5.162964033689907,
              50.34539590482764
            ],
            [
              -5.162489845232009,
              50.34617395833791
            ],
            [
              -5.160435028581113,
              50.34588218827156
            ],
            [
              -5.157273772195121,
              50.34617395833791
            ],
            [
              -5.157431835014421,
              50.34646572840426
            ],
            [
              -5.156957646556522,
              50.34646572840426
            ],
            [
              -5.156483458098623,
              50.34597944496034
            ],
            [
              -5.156957646556522,
              50.34345077105196
            ],
            [
              -5.15758989783372,
              50.34296448760804
            ],
            [
              -5.157431835014421,
              50.34228369078655
            ],
            [
              -5.158064086291619,
              50.341894664031415
            ],
            [
              -5.157431835014421,
              50.34179740734263
            ],
            [
              -5.156957646556522,
              50.34218643409777
            ],
            [
              -5.155851206821424,
              50.34228369078655
            ],
            [
              -5.1552189555442265,
              50.34276997423047
            ],
            [
              -5.155060892724927,
              50.34364528442953
            ],
            [
              -5.154586704267028,
              50.34374254111831
            ],
            [
              -5.154744767086327,
              50.341505637276285
            ],
            [
              -5.153322201712631,
              50.34179740734263
            ],
            [
              -5.152689950435432,
              50.34121386720993
            ],
            [
              -5.150635133784537,
              50.341505637276285
            ],
            [
              -5.150635133784537,
              50.34082484045479
            ],
            [
              -5.149844819688039,
              50.34063032707723
            ],
            [
              -5.148738379952942,
              50.341019353832365
            ],
            [
              -5.1492125684108405,
              50.34228369078655
            ],
            [
              -5.148738379952942,
              50.34276997423047
            ],
            [
              -5.148896442772241,
              50.34315900098561
            ],
            [
              -5.150160945326638,
              50.34296448760804
            ],
            [
              -5.150477070965238,
              50.34374254111831
            ],
            [
              -5.14937063123014,
              50.343548027740745
            ],
            [
              -5.148738379952942,
              50.3444233379398
            ],
            [
              -5.148896442772241,
              50.34471510800615
            ],
            [
              -5.1476319402178445,
              50.345104134761286
            ],
            [
              -5.147157751759946,
              50.34588218827156
            ],
            [
              -5.14510293510905,
              50.34568767489399
            ],
            [
              -5.14541906074765,
              50.34597944496034
            ],
            [
              -5.143680369735354,
              50.3474382952921
            ],
            [
              -5.143364244096754,
              50.34831360549115
            ],
            [
              -5.144154558193253,
              50.353857236751836
            ],
            [
              -5.139570736433564,
              50.351328562843456
            ],
            [
              -5.136725605686171,
              50.35074502271075
            ],
            [
              -5.1357772287703725,
              50.351328562843456
            ],
            [
              -5.133090160842279,
              50.350161482578045
            ],
            [
              -5.137357856963369,
              50.34325625767439
            ]
          ]
        ]
      },
      "properties": {
        "slot_id": "gas_emissions_6",
        "lineage_id": "LOCAL-NEW-92271296-1318-4c0c-a293-d0d4ebc2d06b",
        "page_generation": 1,
        "semantic_mode": "AREA_JOIN",
        "partition": {
          "start": 76904,
          "end": 92283,
          "count": 15380
        },
        "evidence_scope": "coverage_area",
        "coverage_area_id": "E01018842",
        "coverage_area_name": "Cornwall 033B",
        "coverage_area_identifier_scheme": "ONS_GSS_LSOA11",
        "parent_area_id": "E06000052",
        "parent_area_name": "Cornwall",
        "boundary_vintage": "LSOA 2011",
        "source_area_record": true,
        "accepted_parcel_record": false,
        "spatial_binding_method": "OFFICIAL_POLYGON_AND_EXACT_IDENTIFIER",
        "source_window_record_index": 41,
        "source_url": "https://raw.githubusercontent.com/ONSdigital/cdn.ons.gov.uk-assets/130bb351004270950dd4a434e27d80b588e7d0af/assets/topojson/lsoa_by_lad/topo_E06000052.json",
        "final_url": "https://raw.githubusercontent.com/ONSdigital/cdn.ons.gov.uk-assets/130bb351004270950dd4a434e27d80b588e7d0af/assets/topojson/lsoa_by_lad/topo_E06000052.json",
        "source_access_utc": "2026-10-02T05:46:30Z",
        "source_blob_sha": "5122ed59a03427c9913f20d0db5b9b203e7be41c",
        "source_file_sha256": "e313e88941def9339fe827e65196b707403d8baf6817be8b1b5216998e358b21",
        "field_evidence": {
          "LSOA11CD": "E01018842",
          "LSOA11NM": "Cornwall 033B",
          "geometry_type": "Polygon",
          "parent_LAD": "E06000052"
        },
        "evidence_slice_sha256": "f695cbe6b432e8dbd4c2cd9c6751c3e56861656b63d71d3cf81f9f95414d14a8",
        "confidence_score_0_100": 96,
        "evidence_grade": "A",
        "licence": "Open Government Licence v3.0",
        "licence_evidence_url": "https://www.ons.gov.uk/methodology/geography/licences",
        "fake_data": false,
        "local_spatial_join_status": "DEFERRED_TO_LOCAL_OPENCODE"
      }
    },
    {
      "type": "Feature",
      "id": "E01018843",
      "geometry": {
        "type": "Polygon",
        "coordinates": [
          [
            [
              -5.137357856963369,
              50.34325625767439
            ],
            [
              -5.139254610794964,
              50.34111661052115
            ],
            [
              -5.139412673614264,
              50.33956050350061
            ],
            [
              -5.138938485156365,
              50.33489218243898
            ],
            [
              -5.1386223595177665,
              50.334308642306276
            ],
            [
              -5.137673982601968,
              50.33362784548479
            ],
            [
              -5.135461103131774,
              50.333238818729654
            ],
            [
              -5.134512726215976,
              50.33343333210722
            ],
            [
              -5.132141783926482,
              50.33304430535209
            ],
            [
              -5.1310353441913845,
              50.332752535285735
            ],
            [
              -5.129770841636987,
              50.33158545502033
            ],
            [
              -5.127399899347493,
              50.33061288813249
            ],
            [
              -5.119970946840411,
              50.328667754356815
            ],
            [
              -5.118706444286014,
              50.32798695753532
            ],
            [
              -5.117441941731617,
              50.32643085051478
            ],
            [
              -5.112541994333329,
              50.325555540315726
            ],
            [
              -5.108590423850838,
              50.32526377024938
            ],
            [
              -5.109064612308737,
              50.32117898932046
            ],
            [
              -5.102584036717452,
              50.31933111223356
            ],
            [
              -5.101635659801655,
              50.31884482878964
            ],
            [
              -5.098948591873562,
              50.31865031541207
            ],
            [
              -5.095945398306869,
              50.31796951859059
            ],
            [
              -5.094048644475273,
              50.31680243832518
            ],
            [
              -5.093732518836674,
              50.31621889819248
            ],
            [
              -5.094522832933172,
              50.31466279117193
            ],
            [
              -5.093100267559476,
              50.313690224284095
            ],
            [
              -5.09531314702967,
              50.312328630641126
            ],
            [
              -5.096577649584067,
              50.310772523620585
            ],
            [
              -5.094522832933172,
              50.310286240176666
            ],
            [
              -5.096893775222666,
              50.307563052890714
            ],
            [
              -5.098948591873562,
              50.30629871593653
            ],
            [
              -5.102584036717452,
              50.3052288923599
            ],
            [
              -5.104796916187647,
              50.30425632547206
            ],
            [
              -5.11190974305613,
              50.30124136811976
            ],
            [
              -5.121551575033407,
              50.29812915407868
            ],
            [
              -5.132299846745781,
              50.2956004801703
            ],
            [
              -5.14115136462656,
              50.29287729288435
            ],
            [
              -5.143838432554653,
              50.29141844255259
            ],
            [
              -5.1462093748441475,
              50.28976507884327
            ],
            [
              -5.1492125684108405,
              50.28850074188908
            ],
            [
              -5.156167332460024,
              50.284513217648936
            ],
            [
              -5.159960840123214,
              50.281984543740556
            ],
            [
              -5.166283352895199,
              50.27828878956677
            ],
            [
              -5.162647908051309,
              50.282470827184476
            ],
            [
              -5.163596284967106,
              50.283540650761104
            ],
            [
              -5.163122096509207,
              50.28490224440407
            ],
            [
              -5.164228536244305,
              50.28733366162367
            ],
            [
              -5.164228536244305,
              50.28830622851151
            ],
            [
              -5.162489845232009,
              50.2895705654657
            ],
            [
              -5.160909217039013,
              50.29180746930773
            ],
            [
              -5.161067279858312,
              50.292682779506784
            ],
            [
              -5.160593091400413,
              50.292780036195566
            ],
            [
              -5.160751154219713,
              50.29346083301706
            ],
            [
              -5.160276965761814,
              50.294238886527324
            ],
            [
              -5.160909217039013,
              50.2950169400376
            ],
            [
              -5.161225342677612,
              50.29598950692544
            ],
            [
              -5.160909217039013,
              50.29715658719084
            ],
            [
              -5.159802777303915,
              50.29910172096652
            ],
            [
              -5.161067279858312,
              50.30231119169638
            ],
            [
              -5.160909217039013,
              50.30338101527301
            ],
            [
              -5.164070473425005,
              50.30581243249261
            ],
            [
              -5.164228536244305,
              50.30668774269166
            ],
            [
              -5.1658091644373005,
              50.308632876467335
            ],
            [
              -5.1659672272566,
              50.310675266931796
            ],
            [
              -5.166599478533799,
              50.31339845421775
            ],
            [
              -5.165018850340802,
              50.31592712812613
            ],
            [
              -5.164544661882903,
              50.31777500521302
            ],
            [
              -5.164544661882903,
              50.317872261901805
            ],
            [
              -5.164544661882903,
              50.31796951859059
            ],
            [
              -5.164544661882903,
              50.31806677527937
            ],
            [
              -5.164544661882903,
              50.31816403196816
            ],
            [
              -5.164702724702203,
              50.31884482878964
            ],
            [
              -5.164544661882903,
              50.318942085478426
            ],
            [
              -5.163754347786406,
              50.32069270587654
            ],
            [
              -5.164070473425005,
              50.322735096341
            ],
            [
              -5.163754347786406,
              50.323610406540055
            ],
            [
              -5.163754347786406,
              50.324485716739105
            ],
            [
              -5.1628059708706076,
              50.325652797004516
            ],
            [
              -5.1628059708706076,
              50.32983483462222
            ],
            [
              -5.16185759395481,
              50.33197448177546
            ],
            [
              -5.163280159328506,
              50.3323635085306
            ],
            [
              -5.167073666991698,
              50.33148819833154
            ],
            [
              -5.171183300293488,
              50.33255802190817
            ],
            [
              -5.175925184872476,
              50.33460041237263
            ],
            [
              -5.180667069451465,
              50.33498943912777
            ],
            [
              -5.180983195090064,
              50.33557297926047
            ],
            [
              -5.180192880993566,
              50.335767492638034
            ],
            [
              -5.180192880993566,
              50.33674005952587
            ],
            [
              -5.180667069451465,
              50.33819890985763
            ],
            [
              -5.180509006632165,
              50.33858793661277
            ],
            [
              -5.181457383547963,
              50.338976963367905
            ],
            [
              -5.181773509186562,
              50.33965776018939
            ],
            [
              -5.181773509186562,
              50.339949530255744
            ],
            [
              -5.181141257909363,
              50.339949530255744
            ],
            [
              -5.181457383547963,
              50.34043581369966
            ],
            [
              -5.177505813065473,
              50.341019353832365
            ],
            [
              -5.175925184872476,
              50.34072758376601
            ],
            [
              -5.174818745137379,
              50.34111661052115
            ],
            [
              -5.1733961797636825,
              50.34072758376601
            ],
            [
              -5.172289740028585,
              50.34111661052115
            ],
            [
              -5.171499425932087,
              50.34092209714358
            ],
            [
              -5.170709111835588,
              50.34170015065385
            ],
            [
              -5.169760734919791,
              50.3414083805875
            ],
            [
              -5.169918797739091,
              50.341894664031415
            ],
            [
              -5.168180106726795,
              50.34345077105196
            ],
            [
              -5.168496232365394,
              50.34432608125101
            ],
            [
              -5.163912410605705,
              50.344617851317366
            ],
            [
              -5.162647908051309,
              50.342380947475334
            ],
            [
              -5.162173719593409,
              50.3414083805875
            ],
            [
              -5.16154146831621,
              50.34092209714358
            ],
            [
              -5.162331782412709,
              50.34043581369966
            ],
            [
              -5.162173719593409,
              50.34014404363331
            ],
            [
              -5.159960840123214,
              50.34063032707723
            ],
            [
              -5.159802777303915,
              50.340338557010874
            ],
            [
              -5.160593091400413,
              50.33965776018939
            ],
            [
              -5.16169953113551,
              50.33956050350061
            ],
            [
              -5.162647908051309,
              50.33917147674547
            ],
            [
              -5.162964033689907,
              50.338004396480066
            ],
            [
              -5.162331782412709,
              50.33790713979128
            ],
            [
              -5.160593091400413,
              50.33771262641371
            ],
            [
              -5.159486651665316,
              50.33712908628101
            ],
            [
              -5.161383405496911,
              50.33557297926047
            ],
            [
              -5.160909217039013,
              50.33508669581655
            ],
            [
              -5.158064086291619,
              50.33810165316885
            ],
            [
              -5.156641520917923,
              50.340338557010874
            ],
            [
              -5.154428641447728,
              50.338879706679116
            ],
            [
              -5.154270578628428,
              50.33858793661277
            ],
            [
              -5.151583510700335,
              50.338004396480066
            ],
            [
              -5.151109322242436,
              50.33956050350061
            ],
            [
              -5.148738379952942,
              50.33868519330155
            ],
            [
              -5.1476319402178445,
              50.34063032707723
            ],
            [
              -5.145577123566949,
              50.34111661052115
            ],
            [
              -5.143838432554653,
              50.343061744296826
            ],
            [
              -5.140519113349361,
              50.34296448760804
            ],
            [
              -5.137357856963369,
              50.34325625767439
            ]
          ]
        ]
      },
      "properties": {
        "slot_id": "gas_emissions_6",
        "lineage_id": "LOCAL-NEW-92271296-1318-4c0c-a293-d0d4ebc2d06b",
        "page_generation": 1,
        "semantic_mode": "AREA_JOIN",
        "partition": {
          "start": 76904,
          "end": 92283,
          "count": 15380
        },
        "evidence_scope": "coverage_area",
        "coverage_area_id": "E01018843",
        "coverage_area_name": "Cornwall 033C",
        "coverage_area_identifier_scheme": "ONS_GSS_LSOA11",
        "parent_area_id": "E06000052",
        "parent_area_name": "Cornwall",
        "boundary_vintage": "LSOA 2011",
        "source_area_record": true,
        "accepted_parcel_record": false,
        "spatial_binding_method": "OFFICIAL_POLYGON_AND_EXACT_IDENTIFIER",
        "source_window_record_index": 42,
        "source_url": "https://raw.githubusercontent.com/ONSdigital/cdn.ons.gov.uk-assets/130bb351004270950dd4a434e27d80b588e7d0af/assets/topojson/lsoa_by_lad/topo_E06000052.json",
        "final_url": "https://raw.githubusercontent.com/ONSdigital/cdn.ons.gov.uk-assets/130bb351004270950dd4a434e27d80b588e7d0af/assets/topojson/lsoa_by_lad/topo_E06000052.json",
        "source_access_utc": "2026-10-02T05:46:30Z",
        "source_blob_sha": "5122ed59a03427c9913f20d0db5b9b203e7be41c",
        "source_file_sha256": "e313e88941def9339fe827e65196b707403d8baf6817be8b1b5216998e358b21",
        "field_evidence": {
          "LSOA11CD": "E01018843",
          "LSOA11NM": "Cornwall 033C",
          "geometry_type": "Polygon",
          "parent_LAD": "E06000052"
        },
        "evidence_slice_sha256": "f695cbe6b432e8dbd4c2cd9c6751c3e56861656b63d71d3cf81f9f95414d14a8",
        "confidence_score_0_100": 96,
        "evidence_grade": "A",
        "licence": "Open Government Licence v3.0",
        "licence_evidence_url": "https://www.ons.gov.uk/methodology/geography/licences",
        "fake_data": false,
        "local_spatial_join_status": "DEFERRED_TO_LOCAL_OPENCODE"
      }
    },
    {
      "type": "Feature",
      "id": "E01018844",
      "geometry": {
        "type": "Polygon",
        "coordinates": [
          [
            [
              -5.144154558193253,
              50.353857236751836
            ],
            [
              -5.143364244096754,
              50.34831360549115
            ],
            [
              -5.143680369735354,
              50.3474382952921
            ],
            [
              -5.14541906074765,
              50.34597944496034
            ],
            [
              -5.14510293510905,
              50.34568767489399
            ],
            [
              -5.147157751759946,
              50.34588218827156
            ],
            [
              -5.1476319402178445,
              50.345104134761286
            ],
            [
              -5.148896442772241,
              50.34471510800615
            ],
            [
              -5.148738379952942,
              50.3444233379398
            ],
            [
              -5.14937063123014,
              50.343548027740745
            ],
            [
              -5.150477070965238,
              50.34374254111831
            ],
            [
              -5.150160945326638,
              50.34296448760804
            ],
            [
              -5.148896442772241,
              50.34315900098561
            ],
            [
              -5.148738379952942,
              50.34276997423047
            ],
            [
              -5.1492125684108405,
              50.34228369078655
            ],
            [
              -5.148738379952942,
              50.341019353832365
            ],
            [
              -5.149844819688039,
              50.34063032707723
            ],
            [
              -5.150635133784537,
              50.34082484045479
            ],
            [
              -5.150635133784537,
              50.341505637276285
            ],
            [
              -5.152689950435432,
              50.34121386720993
            ],
            [
              -5.153322201712631,
              50.34179740734263
            ],
            [
              -5.154744767086327,
              50.341505637276285
            ],
            [
              -5.154586704267028,
              50.34374254111831
            ],
            [
              -5.155060892724927,
              50.34364528442953
            ],
            [
              -5.1552189555442265,
              50.34276997423047
            ],
            [
              -5.155851206821424,
              50.34228369078655
            ],
            [
              -5.156957646556522,
              50.34218643409777
            ],
            [
              -5.157431835014421,
              50.34179740734263
            ],
            [
              -5.158064086291619,
              50.341894664031415
            ],
            [
              -5.157431835014421,
              50.34228369078655
            ],
            [
              -5.15758989783372,
              50.34296448760804
            ],
            [
              -5.156957646556522,
              50.34345077105196
            ],
            [
              -5.156483458098623,
              50.34597944496034
            ],
            [
              -5.156957646556522,
              50.34646572840426
            ],
            [
              -5.157431835014421,
              50.34646572840426
            ],
            [
              -5.157273772195121,
              50.34617395833791
            ],
            [
              -5.160435028581113,
              50.34588218827156
            ],
            [
              -5.162489845232009,
              50.34617395833791
            ],
            [
              -5.16154146831621,
              50.34666024178183
            ],
            [
              -5.160435028581113,
              50.34627121502669
            ],
            [
              -5.159960840123214,
              50.34646572840426
            ],
            [
              -5.160751154219713,
              50.346562985093044
            ],
            [
              -5.159802777303915,
              50.34666024178183
            ],
            [
              -5.157431835014421,
              50.34773006535845
            ],
            [
              -5.155060892724927,
              50.34597944496034
            ],
            [
              -5.154586704267028,
              50.34627121502669
            ],
            [
              -5.1537963901705295,
              50.34617395833791
            ],
            [
              -5.154428641447728,
              50.34675749847061
            ],
            [
              -5.154270578628428,
              50.34724378191453
            ],
            [
              -5.1552189555442265,
              50.34695201184818
            ],
            [
              -5.155693144002125,
              50.34753555198088
            ],
            [
              -5.154744767086327,
              50.35006422588926
            ],
            [
              -5.153480264531931,
              50.35191210297616
            ],
            [
              -5.153954452989829,
              50.35210661635372
            ],
            [
              -5.154270578628428,
              50.35298192655278
            ],
            [
              -5.15363832735123,
              50.353370953307916
            ],
            [
              -5.1537963901705295,
              50.354343520195755
            ],
            [
              -5.153006076074031,
              50.35492706032846
            ],
            [
              -5.153480264531931,
              50.355218830394804
            ],
            [
              -5.153322201712631,
              50.355705113838724
            ],
            [
              -5.149844819688039,
              50.35580237052751
            ],
            [
              -5.1492125684108405,
              50.35599688390508
            ],
            [
              -5.144154558193253,
              50.353857236751836
            ]
          ]
        ]
      },
      "properties": {
        "slot_id": "gas_emissions_6",
        "lineage_id": "LOCAL-NEW-92271296-1318-4c0c-a293-d0d4ebc2d06b",
        "page_generation": 1,
        "semantic_mode": "AREA_JOIN",
        "partition": {
          "start": 76904,
          "end": 92283,
          "count": 15380
        },
        "evidence_scope": "coverage_area",
        "coverage_area_id": "E01018844",
        "coverage_area_name": "Cornwall 033D",
        "coverage_area_identifier_scheme": "ONS_GSS_LSOA11",
        "parent_area_id": "E06000052",
        "parent_area_name": "Cornwall",
        "boundary_vintage": "LSOA 2011",
        "source_area_record": true,
        "accepted_parcel_record": false,
        "spatial_binding_method": "OFFICIAL_POLYGON_AND_EXACT_IDENTIFIER",
        "source_window_record_index": 43,
        "source_url": "https://raw.githubusercontent.com/ONSdigital/cdn.ons.gov.uk-assets/130bb351004270950dd4a434e27d80b588e7d0af/assets/topojson/lsoa_by_lad/topo_E06000052.json",
        "final_url": "https://raw.githubusercontent.com/ONSdigital/cdn.ons.gov.uk-assets/130bb351004270950dd4a434e27d80b588e7d0af/assets/topojson/lsoa_by_lad/topo_E06000052.json",
        "source_access_utc": "2026-10-02T05:46:30Z",
        "source_blob_sha": "5122ed59a03427c9913f20d0db5b9b203e7be41c",
        "source_file_sha256": "e313e88941def9339fe827e65196b707403d8baf6817be8b1b5216998e358b21",
        "field_evidence": {
          "LSOA11CD": "E01018844",
          "LSOA11NM": "Cornwall 033D",
          "geometry_type": "Polygon",
          "parent_LAD": "E06000052"
        },
        "evidence_slice_sha256": "f695cbe6b432e8dbd4c2cd9c6751c3e56861656b63d71d3cf81f9f95414d14a8",
        "confidence_score_0_100": 96,
        "evidence_grade": "A",
        "licence": "Open Government Licence v3.0",
        "licence_evidence_url": "https://www.ons.gov.uk/methodology/geography/licences",
        "fake_data": false,
        "local_spatial_join_status": "DEFERRED_TO_LOCAL_OPENCODE"
      }
    },
    {
      "type": "Feature",
      "id": "E01018845",
      "geometry": {
        "type": "Polygon",
        "coordinates": [
          [
            [
              -4.905163575412228,
              50.3052288923599
            ],
            [
              -4.902002319026235,
              50.30260296176274
            ],
            [
              -4.901844256206936,
              50.30124136811976
            ],
            [
              -4.9031087587613325,
              50.29939349103287
            ],
            [
              -4.904689386954329,
              50.299977031165575
            ],
            [
              -4.909747397171917,
              50.30056057129828
            ],
            [
              -4.910695774087714,
              50.3010468547422
            ],
            [
              -4.91259252791931,
              50.30056057129828
            ],
            [
              -4.911328025364913,
              50.298809950900164
            ],
            [
              -4.911169962545613,
              50.29764287063476
            ],
            [
              -4.910221585629816,
              50.29764287063476
            ],
            [
              -4.909431271533318,
              50.296767560435704
            ],
            [
              -4.909431271533318,
              50.29511419672638
            ],
            [
              -4.906744203605224,
              50.295405966792735
            ],
            [
              -4.906428077966625,
              50.293752603083405
            ],
            [
              -4.904057135677131,
              50.2920019826853
            ],
            [
              -4.903424884399932,
              50.291223929175025
            ],
            [
              -4.903266821580632,
              50.290154105598404
            ],
            [
              -4.905005512592928,
              50.287625431690024
            ],
            [
              -4.903741010038531,
              50.28733366162367
            ],
            [
              -4.900895879291138,
              50.285583041225564
            ],
            [
              -4.90026362801394,
              50.28568029791435
            ],
            [
              -4.898050748543745,
              50.28645835142461
            ],
            [
              -4.894889492157753,
              50.28675012149097
            ],
            [
              -4.889989544759464,
              50.28801445844516
            ],
            [
              -4.886828288373472,
              50.28772268837881
            ],
            [
              -4.884615408903278,
              50.288111715133944
            ],
            [
              -4.883983157626079,
              50.28801445844516
            ],
            [
              -4.880031587143589,
              50.290154105598404
            ],
            [
              -4.875605828203199,
              50.29093215910867
            ],
            [
              -4.874025200010203,
              50.2920019826853
            ],
            [
              -4.873076823094405,
              50.29209923937408
            ],
            [
              -4.870705880804911,
              50.28850074188908
            ],
            [
              -4.870389755166312,
              50.28577755460313
            ],
            [
              -4.868809126973315,
              50.284999501092855
            ],
            [
              -4.869757503889113,
              50.28490224440407
            ],
            [
              -4.869915566708412,
              50.281595516985426
            ],
            [
              -4.868018812876818,
              50.27877507301069
            ],
            [
              -4.868334938515416,
              50.27799701950042
            ],
            [
              -4.875921953841798,
              50.27488480545934
            ],
            [
              -4.8773445192154945,
              50.2739122385715
            ],
            [
              -4.87924127304709,
              50.27196710479582
            ],
            [
              -4.881612215336585,
              50.271091794596764
            ],
            [
              -4.881928340975184,
              50.270702767841634
            ],
            [
              -4.881454152517285,
              50.27002197102014
            ],
            [
              -4.878609021769892,
              50.267590553800545
            ],
            [
              -4.8787670845891915,
              50.26622896015758
            ],
            [
              -4.877028393576896,
              50.26477010982582
            ],
            [
              -4.8752897025646,
              50.26408931300433
            ],
            [
              -4.8751316397453,
              50.26340851618284
            ],
            [
              -4.875921953841798,
              50.263019489427705
            ],
            [
              -4.8757638910224985,
              50.26233869260622
            ],
            [
              -4.8741832628295025,
              50.260977098963245
            ],
            [
              -4.875921953841798,
              50.25932373525392
            ],
            [
              -4.876396142299697,
              50.257281344789455
            ],
            [
              -4.877502582034794,
              50.255725237768914
            ],
            [
              -4.8773445192154945,
              50.25455815750351
            ],
            [
              -4.8757638910224985,
              50.253391077238106
            ],
            [
              -4.875605828203199,
              50.25232125366148
            ],
            [
              -4.874499388468101,
              50.251154173396074
            ],
            [
              -4.874499388468101,
              50.249695323064316
            ],
            [
              -4.871970383359308,
              50.24843098611013
            ],
            [
              -4.874973576926001,
              50.24745841922229
            ],
            [
              -4.878292896131293,
              50.249209039620396
            ],
            [
              -4.883034780710281,
              50.250181606508235
            ],
            [
              -4.884773471722577,
              50.250181606508235
            ],
            [
              -4.886670225554172,
              50.25164045683999
            ],
            [
              -4.888566979385768,
              50.25232125366148
            ],
            [
              -4.888883105024367,
              50.25329382054932
            ],
            [
              -4.889515356301565,
              50.253780103993236
            ],
            [
              -4.894731429338453,
              50.254752670881075
            ],
            [
              -4.897260434447247,
              50.256892318034325
            ],
            [
              -4.9015281305683365,
              50.256892318034325
            ],
            [
              -4.904847449773628,
              50.25718408810067
            ],
            [
              -4.905479701050827,
              50.25747585816703
            ],
            [
              -4.904847449773628,
              50.25903196518757
            ],
            [
              -4.905637763870127,
              50.26126886902959
            ],
            [
              -4.906428077966625,
              50.26175515247351
            ],
            [
              -4.911802213822812,
              50.26272771936135
            ],
            [
              -4.914805407389505,
              50.26370028624919
            ],
            [
              -4.918598915052696,
              50.26331125949406
            ],
            [
              -4.920179543245692,
              50.26496462320338
            ],
            [
              -4.918440852233396,
              50.26564542002487
            ],
            [
              -4.9181247265947965,
              50.266034446780004
            ],
            [
              -4.918756977871995,
              50.26642347353514
            ],
            [
              -4.917650538136898,
              50.26749329711176
            ],
            [
              -4.917334412498299,
              50.268757634065956
            ],
            [
              -4.917966663775497,
              50.26953568757622
            ],
            [
              -4.918282789414096,
              50.271286307974336
            ],
            [
              -4.915911847124602,
              50.27410675194906
            ],
            [
              -4.917018286859699,
              50.27488480545934
            ],
            [
              -4.922076297077287,
              50.27624639910231
            ],
            [
              -4.927134307294875,
              50.27566285896961
            ],
            [
              -4.92918912394577,
              50.27576011565839
            ],
            [
              -4.9315600662352646,
              50.27517657552569
            ],
            [
              -4.9331406944282605,
              50.27566285896961
            ],
            [
              -4.935827762356354,
              50.27556560228082
            ],
            [
              -4.93756645336865,
              50.276343655791095
            ],
            [
              -4.940253521296744,
              50.27488480545934
            ],
            [
              -4.944521217417833,
              50.27420400863785
            ],
            [
              -4.94594378279153,
              50.27352321181636
            ],
            [
              -4.947050222526627,
              50.27157807804068
            ],
            [
              -4.946576034068729,
              50.26836860731082
            ],
            [
              -4.948156662261725,
              50.267590553800545
            ],
            [
              -4.949263101996822,
              50.26613170346879
            ],
            [
              -4.951950169924915,
              50.2648673665146
            ],
            [
              -4.953372735298612,
              50.26292223273892
            ],
            [
              -4.954479175033709,
              50.26233869260622
            ],
            [
              -4.95416304939511,
              50.26136612571838
            ],
            [
              -4.9557436775881065,
              50.26107435565203
            ],
            [
              -4.9589049339740985,
              50.26126886902959
            ],
            [
              -4.961275876263593,
              50.2618524091623
            ],
            [
              -4.963330692914488,
              50.26156063909595
            ],
            [
              -4.968388703132076,
              50.26340851618284
            ],
            [
              -4.968862891589975,
              50.26418656969311
            ],
            [
              -4.970601582602271,
              50.26477010982582
            ],
            [
              -4.972814462072465,
              50.26535364995852
            ],
            [
              -4.97502734154266,
              50.26535364995852
            ],
            [
              -4.97518540436196,
              50.26739604042298
            ],
            [
              -4.975975718458457,
              50.26895214744352
            ],
            [
              -4.972656399253165,
              50.27118905128555
            ],
            [
              -4.971233833879469,
              50.27284241499488
            ],
            [
              -4.970285456963671,
              50.276343655791095
            ],
            [
              -4.975975718458457,
              50.27712170930137
            ],
            [
              -4.978346660747952,
              50.278872329699475
            ],
            [
              -4.9785047235672515,
              50.28023392334245
            ],
            [
              -4.9816659799532435,
              50.28130374691907
            ],
            [
              -4.985143361977835,
              50.283443394072314
            ],
            [
              -4.985301424797135,
              50.283929677516234
            ],
            [
              -4.984669173519936,
              50.284513217648936
            ],
            [
              -4.984669173519936,
              50.28538852784799
            ],
            [
              -4.989885246556824,
              50.28519401447043
            ],
            [
              -4.9905174978340225,
              50.28441596096015
            ],
            [
              -4.9905174978340225,
              50.28315162400597
            ],
            [
              -4.99162393756912,
              50.282568083873265
            ],
            [
              -4.993046502942816,
              50.28285985393961
            ],
            [
              -4.994469068316513,
              50.28227631380691
            ],
            [
              -4.997630324702506,
              50.28179003036299
            ],
            [
              -4.998736764437603,
              50.2805256934088
            ],
            [
              -5.000159329811299,
              50.28120649023029
            ],
            [
              -5.004585088751688,
              50.281984543740556
            ],
            [
              -5.006165716944685,
              50.28227631380691
            ],
            [
              -5.005849591306085,
              50.28519401447043
            ],
            [
              -5.007430219499081,
              50.28587481129191
            ],
            [
              -5.0086947220534785,
              50.28568029791435
            ],
            [
              -5.010433413065774,
              50.28587481129191
            ],
            [
              -5.01217210407807,
              50.285583041225564
            ],
            [
              -5.015649486102662,
              50.28636109473583
            ],
            [
              -5.017230114295658,
              50.28704189155732
            ],
            [
              -5.017388177114958,
              50.28743091831245
            ],
            [
              -5.016597863018459,
              50.288111715133944
            ],
            [
              -5.010591475885074,
              50.290737645731106
            ],
            [
              -5.010433413065774,
              50.29151569924138
            ],
            [
              -5.004901214390288,
              50.292196496062864
            ],
            [
              -5.00395283747449,
              50.292780036195566
            ],
            [
              -5.000317392630599,
              50.29394711646098
            ],
            [
              -5.001739958004295,
              50.29598950692544
            ],
            [
              -5.001423832365696,
              50.29725384387962
            ],
            [
              -5.002214146462194,
              50.29725384387962
            ],
            [
              -5.002846397739392,
              50.29910172096652
            ],
            [
              -5.002056083642895,
              50.299782517788
            ],
            [
              -5.000475455449898,
              50.30026880123192
            ],
            [
              -4.995259382413011,
              50.3010468547422
            ],
            [
              -4.995259382413011,
              50.30182490825246
            ],
            [
              -4.996840010606007,
              50.30542340573747
            ],
            [
              -4.997630324702506,
              50.306104202558956
            ],
            [
              -4.994785193955112,
              50.30834110640099
            ],
            [
              -4.992414251665618,
              50.30970270004396
            ],
            [
              -4.99146587474982,
              50.311258807064505
            ],
            [
              -4.989569120918225,
              50.31155057713085
            ],
            [
              -4.988146555544528,
              50.31106429368693
            ],
            [
              -4.986565927351532,
              50.30892464653369
            ],
            [
              -4.987198178628731,
              50.30853561977855
            ],
            [
              -4.986882052990131,
              50.30697951275801
            ],
            [
              -4.98324660814624,
              50.30785482295707
            ],
            [
              -4.982614356869042,
              50.30736853951315
            ],
            [
              -4.9815079171339445,
              50.30727128282436
            ],
            [
              -4.97486927872336,
              50.30843836308977
            ],
            [
              -4.968388703132076,
              50.30882738984491
            ],
            [
              -4.966966137758379,
              50.30853561977855
            ],
            [
              -4.965701635203982,
              50.308632876467335
            ],
            [
              -4.964279069830286,
              50.31145332044207
            ],
            [
              -4.96269844163729,
              50.31349571090653
            ],
            [
              -4.957166242961803,
              50.31300942746261
            ],
            [
              -4.956375928865304,
              50.31476004786072
            ],
            [
              -4.956850117323204,
              50.31660792494761
            ],
            [
              -4.955269489130208,
              50.31660792494761
            ],
            [
              -4.9527404840214135,
              50.3172887217691
            ],
            [
              -4.951475981467016,
              50.31621889819248
            ],
            [
              -4.94989535327402,
              50.3167051816364
            ],
            [
              -4.946734096888028,
              50.316413411570046
            ],
            [
              -4.944995405875732,
              50.31553810137099
            ],
            [
              -4.944047028959934,
              50.31446827779437
            ],
            [
              -4.9407277097546425,
              50.31476004786072
            ],
            [
              -4.938514830284448,
              50.314273764416804
            ],
            [
              -4.93756645336865,
              50.313690224284095
            ],
            [
              -4.935353573898455,
              50.31349571090653
            ],
            [
              -4.9331406944282605,
              50.313787480972884
            ],
            [
              -4.932982631608961,
              50.31407925103923
            ],
            [
              -4.931402003415965,
              50.31388473766167
            ],
            [
              -4.928082684210673,
              50.31388473766167
            ],
            [
              -4.927766558572074,
              50.31310668415139
            ],
            [
              -4.926660118836976,
              50.313301197528965
            ],
            [
              -4.926027867559778,
              50.310772523620585
            ],
            [
              -4.921602108619388,
              50.31106429368693
            ],
            [
              -4.921444045800088,
              50.310675266931796
            ],
            [
              -4.918915040691295,
              50.310188983487876
            ],
            [
              -4.914331218931606,
              50.30882738984491
            ],
            [
              -4.913066716377209,
              50.3082438497122
            ],
            [
              -4.91259252791931,
              50.30688225606923
            ],
            [
              -4.909273208714018,
              50.30590968918139
            ],
            [
              -4.906586140785924,
              50.306104202558956
            ],
            [
              -4.906586140785924,
              50.305034378982334
            ],
            [
              -4.905163575412228,
              50.3052288923599
            ]
          ],
          [
            [
              -4.9513179186477165,
              50.298907207588954
            ],
            [
              -4.952108232744215,
              50.29521145341516
            ],
            [
              -4.952898546840713,
              50.295308710103946
            ],
            [
              -4.953214672479312,
              50.294822426660026
            ],
            [
              -4.954004986575811,
              50.29462791328246
            ],
            [
              -4.957798494239001,
              50.294725169971244
            ],
            [
              -4.959695248070597,
              50.29287729288435
            ],
            [
              -4.960169436528496,
              50.29287729288435
            ],
            [
              -4.959853310889896,
              50.29346083301706
            ],
            [
              -4.959853310889896,
              50.29453065659368
            ],
            [
              -4.960801687805694,
              50.2944333999049
            ],
            [
              -4.961275876263593,
              50.296281276991785
            ],
            [
              -4.963646818553087,
              50.297837384012325
            ],
            [
              -4.963962944191686,
              50.29715658719084
            ],
            [
              -4.964595195468885,
              50.29715658719084
            ],
            [
              -4.966175823661881,
              50.292682779506784
            ],
            [
              -4.964595195468885,
              50.28976507884327
            ],
            [
              -4.9649113211074845,
              50.28859799857786
            ],
            [
              -4.9603274993477955,
              50.28626383804705
            ],
            [
              -4.957166242961803,
              50.2865556081134
            ],
            [
              -4.954795300672308,
              50.28577755460313
            ],
            [
              -4.952424358382814,
              50.28859799857786
            ],
            [
              -4.95005341609332,
              50.28840348520029
            ],
            [
              -4.949421164816122,
              50.288695255266646
            ],
            [
              -4.947682473803826,
              50.289181538710565
            ],
            [
              -4.948314725081024,
              50.29044587566475
            ],
            [
              -4.947998599442425,
              50.29083490241989
            ],
            [
              -4.946576034068729,
              50.29054313235354
            ],
            [
              -4.94610184561083,
              50.29102941579746
            ],
            [
              -4.9453115315143314,
              50.29141844255259
            ],
            [
              -4.942782526405537,
              50.29025136228719
            ],
            [
              -4.94167608667044,
              50.29190472599651
            ],
            [
              -4.94151802385114,
              50.292682779506784
            ],
            [
              -4.943414777682736,
              50.29297454957314
            ],
            [
              -4.946576034068729,
              50.29287729288435
            ],
            [
              -4.946734096888028,
              50.29355808970584
            ],
            [
              -4.94594378279153,
              50.2944333999049
            ],
            [
              -4.947682473803826,
              50.296281276991785
            ],
            [
              -4.947366348165226,
              50.29812915407868
            ],
            [
              -4.9513179186477165,
              50.298907207588954
            ]
          ]
        ]
      },
      "properties": {
        "slot_id": "gas_emissions_6",
        "lineage_id": "LOCAL-NEW-92271296-1318-4c0c-a293-d0d4ebc2d06b",
        "page_generation": 1,
        "semantic_mode": "AREA_JOIN",
        "partition": {
          "start": 76904,
          "end": 92283,
          "count": 15380
        },
        "evidence_scope": "coverage_area",
        "coverage_area_id": "E01018845",
        "coverage_area_name": "Cornwall 048A",
        "coverage_area_identifier_scheme": "ONS_GSS_LSOA11",
        "parent_area_id": "E06000052",
        "parent_area_name": "Cornwall",
        "boundary_vintage": "LSOA 2011",
        "source_area_record": true,
        "accepted_parcel_record": false,
        "spatial_binding_method": "OFFICIAL_POLYGON_AND_EXACT_IDENTIFIER",
        "source_window_record_index": 44,
        "source_url": "https://raw.githubusercontent.com/ONSdigital/cdn.ons.gov.uk-assets/130bb351004270950dd4a434e27d80b588e7d0af/assets/topojson/lsoa_by_lad/topo_E06000052.json",
        "final_url": "https://raw.githubusercontent.com/ONSdigital/cdn.ons.gov.uk-assets/130bb351004270950dd4a434e27d80b588e7d0af/assets/topojson/lsoa_by_lad/topo_E06000052.json",
        "source_access_utc": "2026-10-02T05:46:30Z",
        "source_blob_sha": "5122ed59a03427c9913f20d0db5b9b203e7be41c",
        "source_file_sha256": "e313e88941def9339fe827e65196b707403d8baf6817be8b1b5216998e358b21",
        "field_evidence": {
          "LSOA11CD": "E01018845",
          "LSOA11NM": "Cornwall 048A",
          "geometry_type": "Polygon",
          "parent_LAD": "E06000052"
        },
        "evidence_slice_sha256": "f695cbe6b432e8dbd4c2cd9c6751c3e56861656b63d71d3cf81f9f95414d14a8",
        "confidence_score_0_100": 96,
        "evidence_grade": "A",
        "licence": "Open Government Licence v3.0",
        "licence_evidence_url": "https://www.ons.gov.uk/methodology/geography/licences",
        "fake_data": false,
        "local_spatial_join_status": "DEFERRED_TO_LOCAL_OPENCODE"
      }
    },
    {
      "type": "Feature",
      "id": "E01018846",
      "geometry": {
        "type": "Polygon",
        "coordinates": [
          [
            [
              -5.010433413065774,
              50.29151569924138
            ],
            [
              -5.010591475885074,
              50.290737645731106
            ],
            [
              -5.016597863018459,
              50.288111715133944
            ],
            [
              -5.017388177114958,
              50.28743091831245
            ],
            [
              -5.017230114295658,
              50.28704189155732
            ],
            [
              -5.015649486102662,
              50.28636109473583
            ],
            [
              -5.01217210407807,
              50.285583041225564
            ],
            [
              -5.010433413065774,
              50.28587481129191
            ],
            [
              -5.0086947220534785,
              50.28568029791435
            ],
            [
              -5.007430219499081,
              50.28587481129191
            ],
            [
              -5.005849591306085,
              50.28519401447043
            ],
            [
              -5.006165716944685,
              50.28227631380691
            ],
            [
              -5.004585088751688,
              50.281984543740556
            ],
            [
              -5.000159329811299,
              50.28120649023029
            ],
            [
              -4.998736764437603,
              50.2805256934088
            ],
            [
              -4.997630324702506,
              50.28179003036299
            ],
            [
              -4.994469068316513,
              50.28227631380691
            ],
            [
              -4.993046502942816,
              50.28285985393961
            ],
            [
              -4.99162393756912,
              50.282568083873265
            ],
            [
              -4.9905174978340225,
              50.28315162400597
            ],
            [
              -4.9905174978340225,
              50.28441596096015
            ],
            [
              -4.989885246556824,
              50.28519401447043
            ],
            [
              -4.984669173519936,
              50.28538852784799
            ],
            [
              -4.984669173519936,
              50.284513217648936
            ],
            [
              -4.985301424797135,
              50.283929677516234
            ],
            [
              -4.985143361977835,
              50.283443394072314
            ],
            [
              -4.9816659799532435,
              50.28130374691907
            ],
            [
              -4.9785047235672515,
              50.28023392334245
            ],
            [
              -4.978346660747952,
              50.278872329699475
            ],
            [
              -4.975975718458457,
              50.27712170930137
            ],
            [
              -4.970285456963671,
              50.276343655791095
            ],
            [
              -4.971233833879469,
              50.27284241499488
            ],
            [
              -4.972656399253165,
              50.27118905128555
            ],
            [
              -4.975975718458457,
              50.26895214744352
            ],
            [
              -4.97518540436196,
              50.26739604042298
            ],
            [
              -4.97502734154266,
              50.26535364995852
            ],
            [
              -4.972814462072465,
              50.26535364995852
            ],
            [
              -4.970601582602271,
              50.26477010982582
            ],
            [
              -4.968862891589975,
              50.26418656969311
            ],
            [
              -4.968388703132076,
              50.26340851618284
            ],
            [
              -4.963330692914488,
              50.26156063909595
            ],
            [
              -4.961275876263593,
              50.2618524091623
            ],
            [
              -4.9589049339740985,
              50.26126886902959
            ],
            [
              -4.9557436775881065,
              50.26107435565203
            ],
            [
              -4.95416304939511,
              50.26136612571838
            ],
            [
              -4.954479175033709,
              50.26233869260622
            ],
            [
              -4.953372735298612,
              50.26292223273892
            ],
            [
              -4.951950169924915,
              50.2648673665146
            ],
            [
              -4.949263101996822,
              50.26613170346879
            ],
            [
              -4.948156662261725,
              50.267590553800545
            ],
            [
              -4.946576034068729,
              50.26836860731082
            ],
            [
              -4.947050222526627,
              50.27157807804068
            ],
            [
              -4.94594378279153,
              50.27352321181636
            ],
            [
              -4.944521217417833,
              50.27420400863785
            ],
            [
              -4.940253521296744,
              50.27488480545934
            ],
            [
              -4.93756645336865,
              50.276343655791095
            ],
            [
              -4.935827762356354,
              50.27556560228082
            ],
            [
              -4.9331406944282605,
              50.27566285896961
            ],
            [
              -4.9315600662352646,
              50.27517657552569
            ],
            [
              -4.92918912394577,
              50.27576011565839
            ],
            [
              -4.927134307294875,
              50.27566285896961
            ],
            [
              -4.922076297077287,
              50.27624639910231
            ],
            [
              -4.917018286859699,
              50.27488480545934
            ],
            [
              -4.915911847124602,
              50.27410675194906
            ],
            [
              -4.918282789414096,
              50.271286307974336
            ],
            [
              -4.917966663775497,
              50.26953568757622
            ],
            [
              -4.917334412498299,
              50.268757634065956
            ],
            [
              -4.917650538136898,
              50.26749329711176
            ],
            [
              -4.918756977871995,
              50.26642347353514
            ],
            [
              -4.9181247265947965,
              50.266034446780004
            ],
            [
              -4.918440852233396,
              50.26564542002487
            ],
            [
              -4.920179543245692,
              50.26496462320338
            ],
            [
              -4.918598915052696,
              50.26331125949406
            ],
            [
              -4.914805407389505,
              50.26370028624919
            ],
            [
              -4.911802213822812,
              50.26272771936135
            ],
            [
              -4.906428077966625,
              50.26175515247351
            ],
            [
              -4.905637763870127,
              50.26126886902959
            ],
            [
              -4.904847449773628,
              50.25903196518757
            ],
            [
              -4.905479701050827,
              50.25747585816703
            ],
            [
              -4.912118339461411,
              50.25912922187635
            ],
            [
              -4.914331218931606,
              50.259420991942704
            ],
            [
              -4.914489281750906,
              50.25805939829973
            ],
            [
              -4.915911847124602,
              50.25562798108013
            ],
            [
              -4.915911847124602,
              50.254849927569865
            ],
            [
              -4.917334412498299,
              50.253780103993236
            ],
            [
              -4.919073103510595,
              50.255725237768914
            ],
            [
              -4.921760171438688,
              50.25747585816703
            ],
            [
              -4.922866611173785,
              50.25903196518757
            ],
            [
              -4.92523755346328,
              50.259420991942704
            ],
            [
              -4.927608495752774,
              50.259420991942704
            ],
            [
              -4.92934718676507,
              50.257378601478244
            ],
            [
              -4.932824568789662,
              50.25562798108013
            ],
            [
              -4.937882579007249,
              50.25504444094743
            ],
            [
              -4.939621270019545,
              50.25446090081473
            ],
            [
              -4.944363154598534,
              50.25125143008486
            ],
            [
              -4.946417971249429,
              50.24823647273256
            ],
            [
              -4.949105039177522,
              50.2461940822681
            ],
            [
              -4.951001793009118,
              50.24570779882418
            ],
            [
              -4.952582421202114,
              50.24580505551296
            ],
            [
              -4.957640431419701,
              50.2467776224008
            ],
            [
              -4.961592001902192,
              50.24531877206904
            ],
            [
              -4.964279069830286,
              50.24327638160458
            ],
            [
              -4.963804881372386,
              50.24210930133918
            ],
            [
              -4.965859698023282,
              50.24045593762985
            ],
            [
              -4.964753258288185,
              50.238413547165386
            ],
            [
              -4.964753258288185,
              50.23802452041025
            ],
            [
              -4.966017760842582,
              50.23744098027755
            ],
            [
              -4.965701635203982,
              50.23909434398688
            ],
            [
              -4.966966137758379,
              50.23928885736444
            ],
            [
              -4.96665001211978,
              50.2401641675635
            ],
            [
              -4.967282263396978,
              50.24026142425228
            ],
            [
              -4.966966137758379,
              50.23977514080836
            ],
            [
              -4.968388703132076,
              50.23870531723174
            ],
            [
              -4.968704828770675,
              50.23802452041025
            ],
            [
              -4.969337080047874,
              50.23792726372147
            ],
            [
              -4.971075771060169,
              50.23617664332336
            ],
            [
              -4.972182210795267,
              50.235787616568224
            ],
            [
              -4.975659592819858,
              50.236273900012144
            ],
            [
              -4.976291844097057,
              50.23588487325701
            ],
            [
              -4.976291844097057,
              50.23695469683363
            ],
            [
              -4.975817655639158,
              50.23666292676728
            ],
            [
              -4.975975718458457,
              50.23695469683363
            ],
            [
              -4.9755015300005585,
              50.23705195352242
            ],
            [
              -4.97518540436196,
              50.23646841338971
            ],
            [
              -4.97502734154266,
              50.2371492102112
            ],
            [
              -4.976449906916356,
              50.2371492102112
            ],
            [
              -4.976766032554956,
              50.23753823696634
            ],
            [
              -4.978662786386551,
              50.23802452041025
            ],
            [
              -4.97882084920585,
              50.23763549365512
            ],
            [
              -4.9770821581935545,
              50.2371492102112
            ],
            [
              -4.977240221012854,
              50.23617664332336
            ],
            [
              -4.9769240953742555,
              50.23559310319066
            ],
            [
              -4.97471121590406,
              50.23520407643552
            ],
            [
              -4.97486927872336,
              50.23442602292525
            ],
            [
              -4.975975718458457,
              50.23393973948133
            ],
            [
              -4.979453100483049,
              50.23423150954768
            ],
            [
              -4.984194985062038,
              50.23286991590471
            ],
            [
              -4.985617550435734,
              50.23160557895052
            ],
            [
              -4.984827236339236,
              50.228687878287005
            ],
            [
              -4.986407864532232,
              50.22849336490943
            ],
            [
              -4.990201372195424,
              50.22713177126646
            ],
            [
              -4.9905174978340225,
              50.22722902795525
            ],
            [
              -4.9905174978340225,
              50.22684000120011
            ],
            [
              -4.99178200038842,
              50.22635371775619
            ],
            [
              -4.993836817039314,
              50.226061947689836
            ],
            [
              -4.9951013195937115,
              50.22645097444497
            ],
            [
              -4.996365822148109,
              50.22635371775619
            ],
            [
              -4.998894827256902,
              50.225672920934706
            ],
            [
              -4.9996851413534005,
              50.225186637490786
            ],
            [
              -5.001423832365696,
              50.22489486742443
            ],
            [
              -5.001898020823595,
              50.225089380802
            ],
            [
              -5.0012657695463965,
              50.226548231133755
            ],
            [
              -5.003478649016591,
              50.225672920934706
            ],
            [
              -5.005533465667487,
              50.22790982477673
            ],
            [
              -5.007272156679782,
              50.228590621598215
            ],
            [
              -5.011065664342973,
              50.22878513497579
            ],
            [
              -5.013910795090366,
              50.22742354133281
            ],
            [
              -5.0148591720061635,
              50.22790982477673
            ],
            [
              -5.0147011091868645,
              50.22897964835335
            ],
            [
              -5.013436606632467,
              50.230243985307546
            ],
            [
              -5.015175297644763,
              50.230243985307546
            ],
            [
              -5.0148591720061635,
              50.23092478212903
            ],
            [
              -5.015965611741262,
              50.231702835639304
            ],
            [
              -5.0162817373798605,
              50.234328766236466
            ],
            [
              -5.015333360464063,
              50.23646841338971
            ],
            [
              -5.0147011091868645,
              50.236857440144846
            ],
            [
              -5.012962418174569,
              50.23705195352242
            ],
            [
              -5.014226920728966,
              50.23744098027755
            ],
            [
              -5.012646292535969,
              50.239386114053225
            ],
            [
              -5.01201404125877,
              50.24084496438498
            ],
            [
              -5.0132785438131675,
              50.242595584783096
            ],
            [
              -5.015333360464063,
              50.2437626650485
            ],
            [
              -5.017388177114958,
              50.24463797524756
            ],
            [
              -5.02054943350095,
              50.24473523193634
            ],
            [
              -5.021813936055347,
              50.244929745313904
            ],
            [
              -5.021813936055347,
              50.24522151538026
            ],
            [
              -5.019759119404452,
              50.246583109023234
            ],
            [
              -5.016597863018459,
              50.2473611625335
            ],
            [
              -5.01217210407807,
              50.249111782931614
            ],
            [
              -5.010275350246475,
              50.24901452624283
            ],
            [
              -5.010433413065774,
              50.24959806637553
            ],
            [
              -5.009010847692078,
              50.25086240332972
            ],
            [
              -5.0086947220534785,
              50.25183497021756
            ],
            [
              -5.009010847692078,
              50.253780103993236
            ],
            [
              -5.009959224607876,
              50.25407187405959
            ],
            [
              -5.010591475885074,
              50.254849927569865
            ],
            [
              -5.010591475885074,
              50.256308777901616
            ],
            [
              -5.0101172874271755,
              50.25767037154459
            ],
            [
              -5.00837859641488,
              50.25951824863149
            ],
            [
              -5.00837859641488,
              50.260490815519326
            ],
            [
              -5.006165716944685,
              50.26389479962676
            ],
            [
              -5.005691528486786,
              50.26642347353514
            ],
            [
              -5.004585088751688,
              50.266715243601496
            ],
            [
              -5.001898020823595,
              50.268757634065956
            ],
            [
              -5.002372209281494,
              50.27099453790798
            ],
            [
              -5.0011077067270975,
              50.27371772519393
            ],
            [
              -4.994785193955112,
              50.277413479367716
            ],
            [
              -4.994152942677914,
              50.27712170930137
            ],
            [
              -4.994627131135813,
              50.27760799274529
            ],
            [
              -4.994627131135813,
              50.27819153287799
            ],
            [
              -4.993204565762116,
              50.27848330294434
            ],
            [
              -4.992730377304217,
              50.279358613143394
            ],
            [
              -4.99146587474982,
              50.279942153276096
            ],
            [
              -4.992572314484917,
              50.27955312652096
            ],
            [
              -4.9936787542200145,
              50.27858055963312
            ],
            [
              -4.994152942677914,
              50.27877507301069
            ],
            [
              -4.995259382413011,
              50.277413479367716
            ],
            [
              -4.997314199063906,
              50.27673268254623
            ],
            [
              -5.000001266991999,
              50.274787548770554
            ],
            [
              -5.002846397739392,
              50.27352321181636
            ],
            [
              -5.004427025932389,
              50.2708972812192
            ],
            [
              -5.004268963113089,
              50.27050825446406
            ],
            [
              -5.003478649016591,
              50.270216484397714
            ],
            [
              -5.003636711835891,
              50.269632944265005
            ],
            [
              -5.004901214390288,
              50.268563120688384
            ],
            [
              -5.005533465667487,
              50.2684658639996
            ],
            [
              -5.007114093860483,
              50.267590553800545
            ],
            [
              -5.007272156679782,
              50.267104270356626
            ],
            [
              -5.00806247077628,
              50.26583993340244
            ],
            [
              -5.009326973330677,
              50.2648673665146
            ],
            [
              -5.010749538704374,
              50.261463382407165
            ],
            [
              -5.01217210407807,
              50.26058807220811
            ],
            [
              -5.011855978439471,
              50.26039355883054
            ],
            [
              -5.013436606632467,
              50.25805939829973
            ],
            [
              -5.013752732271066,
              50.256892318034325
            ],
            [
              -5.015333360464063,
              50.255725237768914
            ],
            [
              -5.013752732271066,
              50.255238954324994
            ],
            [
              -5.011855978439471,
              50.2528075371054
            ],
            [
              -5.011539852800872,
              50.25134868677364
            ],
            [
              -5.013436606632467,
              50.25047337657459
            ],
            [
              -5.016123674560561,
              50.250181606508235
            ],
            [
              -5.019759119404452,
              50.24804195935499
            ],
            [
              -5.020233307862351,
              50.24804195935499
            ],
            [
              -5.021023621958849,
              50.24940355299796
            ],
            [
              -5.021339747597448,
              50.24852824279891
            ],
            [
              -5.021023621958849,
              50.24775018928864
            ],
            [
              -5.023078438609744,
              50.24648585233445
            ],
            [
              -5.02481712962204,
              50.2443462051812
            ],
            [
              -5.025765506537837,
              50.244054435114855
            ],
            [
              -5.025607443718538,
              50.24385992173728
            ],
            [
              -5.026713883453636,
              50.2431791249158
            ],
            [
              -5.027978386008032,
              50.24298461153823
            ],
            [
              -5.031613830851923,
              50.24629133895688
            ],
            [
              -5.033510584683519,
              50.249209039620396
            ],
            [
              -5.0344589615993165,
              50.249695323064316
            ],
            [
              -5.03303639622562,
              50.251154173396074
            ],
            [
              -5.0314557680326235,
              50.25358559061567
            ],
            [
              -5.030349328297526,
              50.254266387437156
            ],
            [
              -5.030349328297526,
              50.25543346770257
            ],
            [
              -5.027978386008032,
              50.254752670881075
            ],
            [
              -5.025923569357137,
              50.257962141610946
            ],
            [
              -5.024501003983441,
              50.25864293843243
            ],
            [
              -5.02513325526064,
              50.258934708498785
            ],
            [
              -5.0238687527062424,
              50.26010178876419
            ],
            [
              -5.025291318079939,
              50.26078258558568
            ],
            [
              -5.026713883453636,
              50.261949665851084
            ],
            [
              -5.027346134730834,
              50.26175515247351
            ],
            [
              -5.027820323188733,
              50.26340851618284
            ],
            [
              -5.0298751398396275,
              50.264478339759464
            ],
            [
              -5.02908482574313,
              50.26535364995852
            ],
            [
              -5.028610637285231,
              50.26496462320338
            ],
            [
              -5.027820323188733,
              50.26525639326974
            ],
            [
              -5.026397757815036,
              50.265061879892166
            ],
            [
              -5.028610637285231,
              50.266715243601496
            ],
            [
              -5.029242888562429,
              50.26700701366784
            ],
            [
              -5.0298751398396275,
              50.26797958055568
            ],
            [
              -5.030191265478227,
              50.26992471433136
            ],
            [
              -5.029717077020328,
              50.270119227708925
            ],
            [
              -5.030665453936126,
              50.27138356466312
            ],
            [
              -5.0298751398396275,
              50.27245338823974
            ],
            [
              -5.030507391116826,
              50.27323144175001
            ],
            [
              -5.030823516755426,
              50.27400949526028
            ],
            [
              -5.034933150057215,
              50.27342595512758
            ],
            [
              -5.035565401334414,
              50.2744957787042
            ],
            [
              -5.036987966708111,
              50.27420400863785
            ],
            [
              -5.036513778250212,
              50.274787548770554
            ],
            [
              -5.038252469262508,
              50.275857372347176
            ],
            [
              -5.039200846178305,
              50.27770524943407
            ],
            [
              -5.038568594901107,
              50.27819153287799
            ],
            [
              -5.040939537190601,
              50.27799701950042
            ],
            [
              -5.043152416660796,
              50.27819153287799
            ],
            [
              -5.044416919215193,
              50.2775107360565
            ],
            [
              -5.046787861504687,
              50.275273832214474
            ],
            [
              -5.047420112781886,
              50.27362046850514
            ],
            [
              -5.048526552516983,
              50.27167533472947
            ],
            [
              -5.04963299225208,
              50.271772591418255
            ],
            [
              -5.0540587511924695,
              50.27196710479582
            ],
            [
              -5.054691002469668,
              50.27400949526028
            ],
            [
              -5.056113567843365,
              50.27517657552569
            ],
            [
              -5.055797442204765,
              50.275273832214474
            ],
            [
              -5.056113567843365,
              50.27624639910231
            ],
            [
              -5.0556393793854655,
              50.27760799274529
            ],
            [
              -5.056587756301264,
              50.27867781632191
            ],
            [
              -5.056745819120563,
              50.27965038320975
            ],
            [
              -5.05785225885566,
              50.28062295009759
            ],
            [
              -5.05785225885566,
              50.28169277367421
            ],
            [
              -5.058800635771458,
              50.28276259725083
            ],
            [
              -5.057378070397761,
              50.28480498771529
            ],
            [
              -5.056903881939863,
              50.28675012149097
            ],
            [
              -5.055797442204765,
              50.28752817500124
            ],
            [
              -5.054532939650368,
              50.29005684890962
            ],
            [
              -5.053110374276672,
              50.29064038904232
            ],
            [
              -5.052636185818773,
              50.29161295593016
            ],
            [
              -5.051529746083675,
              50.292196496062864
            ],
            [
              -5.049158803794182,
              50.29248826612922
            ],
            [
              -5.0478943012397846,
              50.29297454957314
            ],
            [
              -5.047736238420485,
              50.29336357632827
            ],
            [
              -5.048684615336282,
              50.29521145341516
            ],
            [
              -5.045997547408189,
              50.2950169400376
            ],
            [
              -5.042362102564297,
              50.29521145341516
            ],
            [
              -5.036671841069511,
              50.296281276991785
            ],
            [
              -5.034142835960718,
              50.29764287063476
            ],
            [
              -5.033510584683519,
              50.299296234344084
            ],
            [
              -5.0312977052133245,
              50.30007428785436
            ],
            [
              -5.0298751398396275,
              50.298809950900164
            ],
            [
              -5.02908482574313,
              50.298323667456245
            ],
            [
              -5.027504197550133,
              50.29822641076746
            ],
            [
              -5.026555820634336,
              50.297448357257196
            ],
            [
              -5.019442993765853,
              50.29764287063476
            ],
            [
              -5.016913988657059,
              50.29686481712449
            ],
            [
              -5.010591475885074,
              50.29657304705814
            ],
            [
              -5.009168910511377,
              50.296184020303
            ],
            [
              -5.009168910511377,
              50.29521145341516
            ],
            [
              -5.0101172874271755,
              50.293752603083405
            ],
            [
              -5.010433413065774,
              50.29151569924138
            ]
          ]
        ]
      },
      "properties": {
        "slot_id": "gas_emissions_6",
        "lineage_id": "LOCAL-NEW-92271296-1318-4c0c-a293-d0d4ebc2d06b",
        "page_generation": 1,
        "semantic_mode": "AREA_JOIN",
        "partition": {
          "start": 76904,
          "end": 92283,
          "count": 15380
        },
        "evidence_scope": "coverage_area",
        "coverage_area_id": "E01018846",
        "coverage_area_name": "Cornwall 048B",
        "coverage_area_identifier_scheme": "ONS_GSS_LSOA11",
        "parent_area_id": "E06000052",
        "parent_area_name": "Cornwall",
        "boundary_vintage": "LSOA 2011",
        "source_area_record": true,
        "accepted_parcel_record": false,
        "spatial_binding_method": "OFFICIAL_POLYGON_AND_EXACT_IDENTIFIER",
        "source_window_record_index": 45,
        "source_url": "https://raw.githubusercontent.com/ONSdigital/cdn.ons.gov.uk-assets/130bb351004270950dd4a434e27d80b588e7d0af/assets/topojson/lsoa_by_lad/topo_E06000052.json",
        "final_url": "https://raw.githubusercontent.com/ONSdigital/cdn.ons.gov.uk-assets/130bb351004270950dd4a434e27d80b588e7d0af/assets/topojson/lsoa_by_lad/topo_E06000052.json",
        "source_access_utc": "2026-10-02T05:46:30Z",
        "source_blob_sha": "5122ed59a03427c9913f20d0db5b9b203e7be41c",
        "source_file_sha256": "e313e88941def9339fe827e65196b707403d8baf6817be8b1b5216998e358b21",
        "field_evidence": {
          "LSOA11CD": "E01018846",
          "LSOA11NM": "Cornwall 048B",
          "geometry_type": "Polygon",
          "parent_LAD": "E06000052"
        },
        "evidence_slice_sha256": "f695cbe6b432e8dbd4c2cd9c6751c3e56861656b63d71d3cf81f9f95414d14a8",
        "confidence_score_0_100": 96,
        "evidence_grade": "A",
        "licence": "Open Government Licence v3.0",
        "licence_evidence_url": "https://www.ons.gov.uk/methodology/geography/licences",
        "fake_data": false,
        "local_spatial_join_status": "DEFERRED_TO_LOCAL_OPENCODE"
      }
    },
    {
      "type": "Feature",
      "id": "E01018847",
      "geometry": {
        "type": "Polygon",
        "coordinates": [
          [
            [
              -4.926818181656276,
              50.36085971834427
            ],
            [
              -4.927292370114174,
              50.35872007119103
            ],
            [
              -4.926502056017677,
              50.35833104443589
            ],
            [
              -4.926343993198377,
              50.35833104443589
            ],
            [
              -4.922234359896587,
              50.354732546950885
            ],
            [
              -4.922392422715887,
              50.3534682099967
            ],
            [
              -4.924447239366781,
              50.35006422588926
            ],
            [
              -4.924605302186081,
              50.347632808669665
            ],
            [
              -4.923973050908883,
              50.34597944496034
            ],
            [
              -4.924763365005381,
              50.34335351436317
            ],
            [
              -4.92507949064398,
              50.338490679923986
            ],
            [
              -4.92507949064398,
              50.338296166546414
            ],
            [
              -4.92507949064398,
              50.338004396480066
            ],
            [
              -4.92492142782468,
              50.33771262641371
            ],
            [
              -4.924447239366781,
              50.33498943912777
            ],
            [
              -4.922392422715887,
              50.33012660468857
            ],
            [
              -4.9181247265947965,
              50.33109917157641
            ],
            [
              -4.917018286859699,
              50.33109917157641
            ],
            [
              -4.906902266424524,
              50.32886226773438
            ],
            [
              -4.907376454882423,
              50.32759793078019
            ],
            [
              -4.907218392063123,
              50.3269171339587
            ],
            [
              -4.905163575412228,
              50.32438846005032
            ],
            [
              -4.904057135677131,
              50.32370766322884
            ],
            [
              -4.903424884399932,
              50.3233186364737
            ],
            [
              -4.899789439556041,
              50.32127624600924
            ],
            [
              -4.899315251098142,
              50.31923385554478
            ],
            [
              -4.900737816471839,
              50.31709420839153
            ],
            [
              -4.900421690833239,
              50.31651066825883
            ],
            [
              -4.90026362801394,
              50.31476004786072
            ],
            [
              -4.899157188278842,
              50.31184234719721
            ],
            [
              -4.899157188278842,
              50.31086978030937
            ],
            [
              -4.905321638231528,
              50.3076603095795
            ],
            [
              -4.905637763870127,
              50.30717402613558
            ],
            [
              -4.905163575412228,
              50.3052288923599
            ],
            [
              -4.906586140785924,
              50.305034378982334
            ],
            [
              -4.906586140785924,
              50.306104202558956
            ],
            [
              -4.909273208714018,
              50.30590968918139
            ],
            [
              -4.91259252791931,
              50.30688225606923
            ],
            [
              -4.913066716377209,
              50.3082438497122
            ],
            [
              -4.914331218931606,
              50.30882738984491
            ],
            [
              -4.918915040691295,
              50.310188983487876
            ],
            [
              -4.921444045800088,
              50.310675266931796
            ],
            [
              -4.921602108619388,
              50.31106429368693
            ],
            [
              -4.926027867559778,
              50.310772523620585
            ],
            [
              -4.926660118836976,
              50.313301197528965
            ],
            [
              -4.927766558572074,
              50.31310668415139
            ],
            [
              -4.928082684210673,
              50.31388473766167
            ],
            [
              -4.931402003415965,
              50.31388473766167
            ],
            [
              -4.932982631608961,
              50.31407925103923
            ],
            [
              -4.9331406944282605,
              50.313787480972884
            ],
            [
              -4.935353573898455,
              50.31349571090653
            ],
            [
              -4.93756645336865,
              50.313690224284095
            ],
            [
              -4.938514830284448,
              50.314273764416804
            ],
            [
              -4.9407277097546425,
              50.31476004786072
            ],
            [
              -4.944047028959934,
              50.31446827779437
            ],
            [
              -4.944995405875732,
              50.31553810137099
            ],
            [
              -4.946734096888028,
              50.316413411570046
            ],
            [
              -4.94989535327402,
              50.3167051816364
            ],
            [
              -4.951475981467016,
              50.31621889819248
            ],
            [
              -4.9527404840214135,
              50.3172887217691
            ],
            [
              -4.955269489130208,
              50.31660792494761
            ],
            [
              -4.956850117323204,
              50.31660792494761
            ],
            [
              -4.956375928865304,
              50.31476004786072
            ],
            [
              -4.957166242961803,
              50.31300942746261
            ],
            [
              -4.96269844163729,
              50.31349571090653
            ],
            [
              -4.964279069830286,
              50.31145332044207
            ],
            [
              -4.965701635203982,
              50.308632876467335
            ],
            [
              -4.966966137758379,
              50.30853561977855
            ],
            [
              -4.968388703132076,
              50.30882738984491
            ],
            [
              -4.97486927872336,
              50.30843836308977
            ],
            [
              -4.9815079171339445,
              50.30727128282436
            ],
            [
              -4.982614356869042,
              50.30736853951315
            ],
            [
              -4.98324660814624,
              50.30785482295707
            ],
            [
              -4.986882052990131,
              50.30697951275801
            ],
            [
              -4.987198178628731,
              50.30853561977855
            ],
            [
              -4.986565927351532,
              50.30892464653369
            ],
            [
              -4.988146555544528,
              50.31106429368693
            ],
            [
              -4.989569120918225,
              50.31155057713085
            ],
            [
              -4.99146587474982,
              50.311258807064505
            ],
            [
              -5.002530272100794,
              50.31135606375329
            ],
            [
              -5.00837859641488,
              50.316316154881264
            ],
            [
              -5.011065664342973,
              50.31796951859059
            ],
            [
              -5.009959224607876,
              50.31845580203451
            ],
            [
              -5.009959224607876,
              50.31816403196816
            ],
            [
              -5.009326973330677,
              50.318358545345724
            ],
            [
              -5.006481842583284,
              50.3197201389887
            ],
            [
              -5.005375402848187,
              50.319914652366265
            ],
            [
              -5.007114093860483,
              50.32234606958586
            ],
            [
              -5.006797968221884,
              50.322929609718564
            ],
            [
              -5.007114093860483,
              50.323124123096136
            ],
            [
              -5.007114093860483,
              50.323999433295185
            ],
            [
              -5.007746345137681,
              50.32477748680546
            ],
            [
              -5.0086947220534785,
              50.32506925687181
            ],
            [
              -5.009643098969276,
              50.32584731038208
            ],
            [
              -5.0101172874271755,
              50.32740341740262
            ],
            [
              -5.004901214390288,
              50.32730616071384
            ],
            [
              -5.004585088751688,
              50.3305156314437
            ],
            [
              -5.005217340028887,
              50.33061288813249
            ],
            [
              -5.005375402848187,
              50.331196428265194
            ],
            [
              -5.005691528486786,
              50.33401687223993
            ],
            [
              -5.006639905402584,
              50.333725102173574
            ],
            [
              -5.007904407956981,
              50.33401687223993
            ],
            [
              -5.0086947220534785,
              50.333822358862356
            ],
            [
              -5.0101172874271755,
              50.33469766906141
            ],
            [
              -5.010907601523673,
              50.33460041237263
            ],
            [
              -5.01217210407807,
              50.33498943912777
            ],
            [
              -5.0148591720061635,
              50.33489218243898
            ],
            [
              -5.015649486102662,
              50.33518395250533
            ],
            [
              -5.017388177114958,
              50.33810165316885
            ],
            [
              -5.018968805307954,
              50.339463246811825
            ],
            [
              -5.019759119404452,
              50.34111661052115
            ],
            [
              -5.019759119404452,
              50.342478204164124
            ],
            [
              -5.023236501429044,
              50.3450068780725
            ],
            [
              -5.024184878344841,
              50.347146525225746
            ],
            [
              -5.017388177114958,
              50.34666024178183
            ],
            [
              -5.013120480993868,
              50.34549316151642
            ],
            [
              -5.009326973330677,
              50.3450068780725
            ],
            [
              -5.009010847692078,
              50.344617851317366
            ],
            [
              -5.004268963113089,
              50.34471510800615
            ],
            [
              -5.000475455449898,
              50.34374254111831
            ],
            [
              -4.994943256774412,
              50.34160289396507
            ],
            [
              -4.993362628581416,
              50.34082484045479
            ],
            [
              -4.992572314484917,
              50.34179740734263
            ],
            [
              -4.99162393756912,
              50.34179740734263
            ],
            [
              -4.99146587474982,
              50.342380947475334
            ],
            [
              -4.989569120918225,
              50.34170015065385
            ],
            [
              -4.987988492725228,
              50.341991920720204
            ],
            [
              -4.987830429905929,
              50.34170015065385
            ],
            [
              -4.977556346651454,
              50.34082484045479
            ],
            [
              -4.977556346651454,
              50.33956050350061
            ],
            [
              -4.9739209018075625,
              50.339463246811825
            ],
            [
              -4.972972524891764,
              50.33586474932682
            ],
            [
              -4.972182210795267,
              50.33693457290344
            ],
            [
              -4.9709177082408695,
              50.33761536972493
            ],
            [
              -4.971233833879469,
              50.33878244999033
            ],
            [
              -4.971866085156668,
              50.339365990123035
            ],
            [
              -4.971708022337368,
              50.34024130032209
            ],
            [
              -4.9724983364338655,
              50.340338557010874
            ],
            [
              -4.9739209018075625,
              50.342575460852906
            ],
            [
              -4.9723402736145665,
              50.34345077105196
            ],
            [
              -4.971708022337368,
              50.34520139145007
            ],
            [
              -4.971233833879469,
              50.34539590482764
            ],
            [
              -4.967124200577679,
              50.344617851317366
            ],
            [
              -4.967124200577679,
              50.3450068780725
            ],
            [
              -4.961750064721492,
              50.34520139145007
            ],
            [
              -4.9543211122144095,
              50.34471510800615
            ],
            [
              -4.95005341609332,
              50.34481236469493
            ],
            [
              -4.944205091779234,
              50.34325625767439
            ],
            [
              -4.9423083379476385,
              50.344617851317366
            ],
            [
              -4.942782526405537,
              50.34782732204723
            ],
            [
              -4.947998599442425,
              50.352690156486425
            ],
            [
              -4.9511598558284176,
              50.35755299092562
            ],
            [
              -4.952424358382814,
              50.359400868012514
            ],
            [
              -4.950369541731919,
              50.359887151456434
            ],
            [
              -4.947524410984526,
              50.359887151456434
            ],
            [
              -4.9453115315143314,
              50.359400868012514
            ],
            [
              -4.944837343056433,
              50.3570667074817
            ],
            [
              -4.937092264910751,
              50.35969263807886
            ],
            [
              -4.936934202091452,
              50.359400868012514
            ],
            [
              -4.932192317512463,
              50.360956975033055
            ],
            [
              -4.931876191873863,
              50.36056794827792
            ],
            [
              -4.930927814958066,
              50.36056794827792
            ],
            [
              -4.928556872668572,
              50.36115148841062
            ],
            [
              -4.926818181656276,
              50.36085971834427
            ]
          ]
        ]
      },
      "properties": {
        "slot_id": "gas_emissions_6",
        "lineage_id": "LOCAL-NEW-92271296-1318-4c0c-a293-d0d4ebc2d06b",
        "page_generation": 1,
        "semantic_mode": "AREA_JOIN",
        "partition": {
          "start": 76904,
          "end": 92283,
          "count": 15380
        },
        "evidence_scope": "coverage_area",
        "coverage_area_id": "E01018847",
        "coverage_area_name": "Cornwall 032D",
        "coverage_area_identifier_scheme": "ONS_GSS_LSOA11",
        "parent_area_id": "E06000052",
        "parent_area_name": "Cornwall",
        "boundary_vintage": "LSOA 2011",
        "source_area_record": true,
        "accepted_parcel_record": false,
        "spatial_binding_method": "OFFICIAL_POLYGON_AND_EXACT_IDENTIFIER",
        "source_window_record_index": 46,
        "source_url": "https://raw.githubusercontent.com/ONSdigital/cdn.ons.gov.uk-assets/130bb351004270950dd4a434e27d80b588e7d0af/assets/topojson/lsoa_by_lad/topo_E06000052.json",
        "final_url": "https://raw.githubusercontent.com/ONSdigital/cdn.ons.gov.uk-assets/130bb351004270950dd4a434e27d80b588e7d0af/assets/topojson/lsoa_by_lad/topo_E06000052.json",
        "source_access_utc": "2026-10-02T05:46:30Z",
        "source_blob_sha": "5122ed59a03427c9913f20d0db5b9b203e7be41c",
        "source_file_sha256": "e313e88941def9339fe827e65196b707403d8baf6817be8b1b5216998e358b21",
        "field_evidence": {
          "LSOA11CD": "E01018847",
          "LSOA11NM": "Cornwall 032D",
          "geometry_type": "Polygon",
          "parent_LAD": "E06000052"
        },
        "evidence_slice_sha256": "f695cbe6b432e8dbd4c2cd9c6751c3e56861656b63d71d3cf81f9f95414d14a8",
        "confidence_score_0_100": 96,
        "evidence_grade": "A",
        "licence": "Open Government Licence v3.0",
        "licence_evidence_url": "https://www.ons.gov.uk/methodology/geography/licences",
        "fake_data": false,
        "local_spatial_join_status": "DEFERRED_TO_LOCAL_OPENCODE"
      }
    },
    {
      "type": "Feature",
      "id": "E01018848",
      "geometry": {
        "type": "Polygon",
        "coordinates": [
          [
            [
              -4.9513179186477165,
              50.298907207588954
            ],
            [
              -4.947366348165226,
              50.29812915407868
            ],
            [
              -4.947682473803826,
              50.296281276991785
            ],
            [
              -4.94594378279153,
              50.2944333999049
            ],
            [
              -4.946734096888028,
              50.29355808970584
            ],
            [
              -4.946576034068729,
              50.29287729288435
            ],
            [
              -4.943414777682736,
              50.29297454957314
            ],
            [
              -4.94151802385114,
              50.292682779506784
            ],
            [
              -4.94167608667044,
              50.29190472599651
            ],
            [
              -4.942782526405537,
              50.29025136228719
            ],
            [
              -4.9453115315143314,
              50.29141844255259
            ],
            [
              -4.94610184561083,
              50.29102941579746
            ],
            [
              -4.946576034068729,
              50.29054313235354
            ],
            [
              -4.947998599442425,
              50.29083490241989
            ],
            [
              -4.948314725081024,
              50.29044587566475
            ],
            [
              -4.947682473803826,
              50.289181538710565
            ],
            [
              -4.949421164816122,
              50.288695255266646
            ],
            [
              -4.95005341609332,
              50.28840348520029
            ],
            [
              -4.952424358382814,
              50.28859799857786
            ],
            [
              -4.954795300672308,
              50.28577755460313
            ],
            [
              -4.957166242961803,
              50.2865556081134
            ],
            [
              -4.9603274993477955,
              50.28626383804705
            ],
            [
              -4.9649113211074845,
              50.28859799857786
            ],
            [
              -4.964595195468885,
              50.28976507884327
            ],
            [
              -4.966175823661881,
              50.292682779506784
            ],
            [
              -4.964595195468885,
              50.29715658719084
            ],
            [
              -4.963962944191686,
              50.29715658719084
            ],
            [
              -4.963646818553087,
              50.297837384012325
            ],
            [
              -4.961275876263593,
              50.296281276991785
            ],
            [
              -4.960801687805694,
              50.2944333999049
            ],
            [
              -4.959853310889896,
              50.29453065659368
            ],
            [
              -4.959853310889896,
              50.29346083301706
            ],
            [
              -4.960169436528496,
              50.29287729288435
            ],
            [
              -4.959695248070597,
              50.29287729288435
            ],
            [
              -4.957798494239001,
              50.294725169971244
            ],
            [
              -4.954004986575811,
              50.29462791328246
            ],
            [
              -4.953214672479312,
              50.294822426660026
            ],
            [
              -4.952898546840713,
              50.295308710103946
            ],
            [
              -4.952108232744215,
              50.29521145341516
            ],
            [
              -4.9513179186477165,
              50.298907207588954
            ]
          ]
        ]
      },
      "properties": {
        "slot_id": "gas_emissions_6",
        "lineage_id": "LOCAL-NEW-92271296-1318-4c0c-a293-d0d4ebc2d06b",
        "page_generation": 1,
        "semantic_mode": "AREA_JOIN",
        "partition": {
          "start": 76904,
          "end": 92283,
          "count": 15380
        },
        "evidence_scope": "coverage_area",
        "coverage_area_id": "E01018848",
        "coverage_area_name": "Cornwall 048C",
        "coverage_area_identifier_scheme": "ONS_GSS_LSOA11",
        "parent_area_id": "E06000052",
        "parent_area_name": "Cornwall",
        "boundary_vintage": "LSOA 2011",
        "source_area_record": true,
        "accepted_parcel_record": false,
        "spatial_binding_method": "OFFICIAL_POLYGON_AND_EXACT_IDENTIFIER",
        "source_window_record_index": 47,
        "source_url": "https://raw.githubusercontent.com/ONSdigital/cdn.ons.gov.uk-assets/130bb351004270950dd4a434e27d80b588e7d0af/assets/topojson/lsoa_by_lad/topo_E06000052.json",
        "final_url": "https://raw.githubusercontent.com/ONSdigital/cdn.ons.gov.uk-assets/130bb351004270950dd4a434e27d80b588e7d0af/assets/topojson/lsoa_by_lad/topo_E06000052.json",
        "source_access_utc": "2026-10-02T05:46:30Z",
        "source_blob_sha": "5122ed59a03427c9913f20d0db5b9b203e7be41c",
        "source_file_sha256": "e313e88941def9339fe827e65196b707403d8baf6817be8b1b5216998e358b21",
        "field_evidence": {
          "LSOA11CD": "E01018848",
          "LSOA11NM": "Cornwall 048C",
          "geometry_type": "Polygon",
          "parent_LAD": "E06000052"
        },
        "evidence_slice_sha256": "f695cbe6b432e8dbd4c2cd9c6751c3e56861656b63d71d3cf81f9f95414d14a8",
        "confidence_score_0_100": 96,
        "evidence_grade": "A",
        "licence": "Open Government Licence v3.0",
        "licence_evidence_url": "https://www.ons.gov.uk/methodology/geography/licences",
        "fake_data": false,
        "local_spatial_join_status": "DEFERRED_TO_LOCAL_OPENCODE"
      }
    },
    {
      "type": "Feature",
      "id": "E01018849",
      "geometry": {
        "type": "Polygon",
        "coordinates": [
          [
            [
              -4.951634044286316,
              50.20427644940225
            ],
            [
              -4.957482368600402,
              50.20223405893779
            ],
            [
              -4.957640431419701,
              50.20174777549387
            ],
            [
              -4.9585888083355,
              50.20126149204995
            ],
            [
              -4.9585888083355,
              50.200872465294815
            ],
            [
              -4.960011373709196,
              50.20019166847333
            ],
            [
              -4.959695248070597,
              50.20009441178455
            ],
            [
              -4.9604855621670945,
              50.199413614963056
            ],
            [
              -4.960011373709196,
              50.198830074830354
            ],
            [
              -4.9604855621670945,
              50.198830074830354
            ],
            [
              -4.960169436528496,
              50.19902458820793
            ],
            [
              -4.960959750624994,
              50.198830074830354
            ],
            [
              -4.96269844163729,
              50.19776025125373
            ],
            [
              -4.962856504456589,
              50.19707945443225
            ],
            [
              -4.9619081275407915,
              50.19649591429955
            ],
            [
              -4.96222425317939,
              50.19610688754441
            ],
            [
              -4.963646818553087,
              50.19591237416684
            ],
            [
              -4.965227446746083,
              50.194939807279
            ],
            [
              -4.965701635203982,
              50.193772727013595
            ],
            [
              -4.966017760842582,
              50.19367547032481
            ],
            [
              -4.966175823661881,
              50.19386998370238
            ],
            [
              -4.968546765951375,
              50.19211936330427
            ],
            [
              -4.968704828770675,
              50.19163307986035
            ],
            [
              -4.968388703132076,
              50.19153582317157
            ],
            [
              -4.969020954409274,
              50.19143856648278
            ],
            [
              -4.968388703132076,
              50.19114679641643
            ],
            [
              -4.969020954409274,
              50.19095228303886
            ],
            [
              -4.968546765951375,
              50.19085502635008
            ],
            [
              -4.968862891589975,
              50.19027148621738
            ],
            [
              -4.968388703132076,
              50.189687946084675
            ],
            [
              -4.968704828770675,
              50.18939617601832
            ],
            [
              -4.9679145146741766,
              50.18861812250805
            ],
            [
              -4.968546765951375,
              50.1883263524417
            ],
            [
              -4.967756451854878,
              50.18784006899778
            ],
            [
              -4.968072577493476,
              50.187742812309
            ],
            [
              -4.967756451854878,
              50.18735378555386
            ],
            [
              -4.968230640312776,
              50.18638121866602
            ],
            [
              -4.967756451854878,
              50.18638121866602
            ],
            [
              -4.968072577493476,
              50.186089448599674
            ],
            [
              -4.967756451854878,
              50.186089448599674
            ],
            [
              -4.968072577493476,
              50.1858949352221
            ],
            [
              -4.967598389035578,
              50.185992191910884
            ],
            [
              -4.967598389035578,
              50.18579767853332
            ],
            [
              -4.968230640312776,
              50.185603165155754
            ],
            [
              -4.968546765951375,
              50.186089448599674
            ],
            [
              -4.969179017228574,
              50.18579767853332
            ],
            [
              -4.969969331325072,
              50.1858949352221
            ],
            [
              -4.97075964542157,
              50.186478475354804
            ],
            [
              -4.972182210795267,
              50.18638121866602
            ],
            [
              -4.973446713349664,
              50.185505908466965
            ],
            [
              -4.97471121590406,
              50.18219918104832
            ],
            [
              -4.974395090265461,
              50.18122661416048
            ],
            [
              -4.97486927872336,
              50.180448560650206
            ],
            [
              -4.974395090265461,
              50.17967050713994
            ],
            [
              -4.973762838988263,
              50.17908696700723
            ],
            [
              -4.972972524891764,
              50.17908696700723
            ],
            [
              -4.972656399253165,
              50.179378737073584
            ],
            [
              -4.972656399253165,
              50.17908696700723
            ],
            [
              -4.971549959518068,
              50.17898971031845
            ],
            [
              -4.971549959518068,
              50.17821165680818
            ],
            [
              -4.971075771060169,
              50.17830891349696
            ],
            [
              -4.971075771060169,
              50.17782263005304
            ],
            [
              -4.9724983364338655,
              50.176363779721285
            ],
            [
              -4.9724983364338655,
              50.17548846952223
            ],
            [
              -4.973130587711064,
              50.175391212833446
            ],
            [
              -4.972814462072465,
              50.17500218607831
            ],
            [
              -4.9739209018075625,
              50.17295979561385
            ],
            [
              -4.974078964626862,
              50.171306431904526
            ],
            [
              -4.973604776168964,
              50.17072289177182
            ],
            [
              -4.974078964626862,
              50.16984758157277
            ],
            [
              -4.9739209018075625,
              50.16936129812885
            ],
            [
              -4.973446713349664,
              50.16936129812885
            ],
            [
              -4.973446713349664,
              50.166054570710195
            ],
            [
              -4.9724983364338655,
              50.165082003822356
            ],
            [
              -4.972656399253165,
              50.16410943693452
            ],
            [
              -4.973288650530364,
              50.1636231534906
            ],
            [
              -4.973604776168964,
              50.16391492355695
            ],
            [
              -4.97471121590406,
              50.16342864011303
            ],
            [
              -4.97486927872336,
              50.163525896801815
            ],
            [
              -4.97502734154266,
              50.16313687004668
            ],
            [
              -4.976449906916356,
              50.162456073225194
            ],
            [
              -4.9769240953742555,
              50.16158076302614
            ],
            [
              -4.977556346651454,
              50.16138624964857
            ],
            [
              -4.977714409470753,
              50.16109447958222
            ],
            [
              -4.977240221012854,
              50.160997222893435
            ],
            [
              -4.977714409470753,
              50.1606081961383
            ],
            [
              -4.978346660747952,
              50.1606081961383
            ],
            [
              -4.97882084920585,
              50.16021916938316
            ],
            [
              -4.9800853517602475,
              50.16021916938316
            ],
            [
              -4.9816659799532435,
              50.15953837256168
            ],
            [
              -4.983404670965539,
              50.1581767789187
            ],
            [
              -4.984353047881338,
              50.156912441964515
            ],
            [
              -4.984669173519936,
              50.15603713176546
            ],
            [
              -4.983720796604139,
              50.1551618215664
            ],
            [
              -4.984036922242738,
              50.153800227923426
            ],
            [
              -4.983720796604139,
              50.15331394447951
            ],
            [
              -4.982614356869042,
              50.15341120116829
            ],
            [
              -4.982298231230442,
              50.15282766103559
            ],
            [
              -4.982614356869042,
              50.15243863428045
            ],
            [
              -4.981982105591843,
              50.15263314765802
            ],
            [
              -4.982456294049742,
              50.152244120902886
            ],
            [
              -4.9816659799532435,
              50.1521468642141
            ],
            [
              -4.981824042772543,
              50.15185509414775
            ],
            [
              -4.982772419688342,
              50.151174297326264
            ],
            [
              -4.9830885453269405,
              50.15127155401505
            ],
            [
              -4.983720796604139,
              50.150201730438425
            ],
            [
              -4.984353047881338,
              50.14990996037207
            ],
            [
              -4.985301424797135,
              50.14990996037207
            ],
            [
              -4.984827236339236,
              50.15039624381599
            ],
            [
              -4.985143361977835,
              50.15049350050478
            ],
            [
              -4.987198178628731,
              50.14961819030572
            ],
            [
              -4.987830429905929,
              50.149715446994506
            ],
            [
              -4.98751430426733,
              50.15010447374964
            ],
            [
              -4.987830429905929,
              50.15000721706086
            ],
            [
              -4.98751430426733,
              50.150201730438425
            ],
            [
              -4.988146555544528,
              50.15059075719356
            ],
            [
              -4.990359435014723,
              50.14981270368329
            ],
            [
              -4.990991686291921,
              50.15029898712721
            ],
            [
              -4.99589163369021,
              50.1485483667291
            ],
            [
              -4.996998073425307,
              50.147673056530046
            ],
            [
              -4.997630324702506,
              50.146603232953424
            ],
            [
              -4.9998432041727,
              50.14485261255531
            ],
            [
              -5.003636711835891,
              50.142907478779634
            ],
            [
              -5.004743151570988,
              50.143101992157206
            ],
            [
              -5.005217340028887,
              50.14183765520301
            ],
            [
              -5.006323779763984,
              50.14076783162639
            ],
            [
              -5.007114093860483,
              50.14076783162639
            ],
            [
              -5.007272156679782,
              50.140378804871254
            ],
            [
              -5.008852784872778,
              50.139406237983415
            ],
            [
              -5.009010847692078,
              50.139892521427335
            ],
            [
              -5.009801161788576,
              50.13921172460585
            ],
            [
              -5.010749538704374,
              50.13960075136099
            ],
            [
              -5.010907601523673,
              50.14067057493761
            ],
            [
              -5.0116979156201715,
              50.14028154818247
            ],
            [
              -5.0116979156201715,
              50.14076783162639
            ],
            [
              -5.01233016689737,
              50.14057331824882
            ],
            [
              -5.01248822971667,
              50.14135137175909
            ],
            [
              -5.014068857909666,
              50.14047606156004
            ],
            [
              -5.014068857909666,
              50.14076783162639
            ],
            [
              -5.0148591720061635,
              50.14047606156004
            ],
            [
              -5.0162817373798605,
              50.14125411507031
            ],
            [
              -5.0148591720061635,
              50.14319924884599
            ],
            [
              -5.0148591720061635,
              50.14436632911139
            ],
            [
              -5.014226920728966,
              50.14465809917775
            ],
            [
              -5.015175297644763,
              50.145047125932884
            ],
            [
              -5.015175297644763,
              50.14572792275437
            ],
            [
              -5.01643980019916,
              50.14592243613193
            ],
            [
              -5.015965611741262,
              50.146505976264635
            ],
            [
              -5.0162817373798605,
              50.14679774633099
            ],
            [
              -5.016597863018459,
              50.146603232953424
            ],
            [
              -5.01643980019916,
              50.14786756990761
            ],
            [
              -5.017546239934258,
              50.14796482659639
            ],
            [
              -5.018020428392156,
              50.1485483667291
            ],
            [
              -5.0177043027535575,
              50.14903465017302
            ],
            [
              -5.017388177114958,
              50.14952093361694
            ],
            [
              -5.012962418174569,
              50.1515633240814
            ],
            [
              -5.010907601523673,
              50.153702971234644
            ],
            [
              -5.009485036149977,
              50.15409199798978
            ],
            [
              -5.00837859641488,
              50.153702971234644
            ],
            [
              -5.007746345137681,
              50.15282766103559
            ],
            [
              -5.009010847692078,
              50.1521468642141
            ],
            [
              -5.00853665923418,
              50.151174297326264
            ],
            [
              -5.007114093860483,
              50.150688013882345
            ],
            [
              -5.005849591306085,
              50.15127155401505
            ],
            [
              -5.004585088751688,
              50.15039624381599
            ],
            [
              -5.00395283747449,
              50.15059075719356
            ],
            [
              -5.003636711835891,
              50.15088252725991
            ],
            [
              -5.004427025932389,
              50.151660580770184
            ],
            [
              -5.00395283747449,
              50.153216687790724
            ],
            [
              -5.000791581088498,
              50.15545359163276
            ],
            [
              -5.000317392630599,
              50.15671792858694
            ],
            [
              -4.999369015714802,
              50.157301468719645
            ],
            [
              -4.999210952895502,
              50.157982265541136
            ],
            [
              -4.9998432041727,
              50.15866306236262
            ],
            [
              -5.000001266991999,
              50.15953837256168
            ],
            [
              -4.998736764437603,
              50.1617752764037
            ],
            [
              -4.997156136244606,
              50.1617752764037
            ],
            [
              -4.993362628581416,
              50.16080270951586
            ],
            [
              -4.990675560653322,
              50.16138624964857
            ],
            [
              -4.987830429905929,
              50.160997222893435
            ],
            [
              -4.987040115809431,
              50.16206704647006
            ],
            [
              -4.985301424797135,
              50.163039613357896
            ],
            [
              -4.986882052990131,
              50.16274784329154
            ],
            [
              -4.987988492725228,
              50.1617752764037
            ],
            [
              -4.990991686291921,
              50.16226155984762
            ],
            [
              -4.992730377304217,
              50.16167801971492
            ],
            [
              -4.9936787542200145,
              50.16167801971492
            ],
            [
              -4.99573357087091,
              50.16313687004668
            ],
            [
              -4.997156136244606,
              50.163039613357896
            ],
            [
              -4.996998073425307,
              50.16391492355695
            ],
            [
              -4.99589163369021,
              50.16547103057749
            ],
            [
              -4.9935206914007155,
              50.16741616435317
            ],
            [
              -4.993836817039314,
              50.168096961174655
            ],
            [
              -4.994627131135813,
              50.16799970448587
            ],
            [
              -4.99573357087091,
              50.16702713759803
            ],
            [
              -4.9966819477867075,
              50.16673536753168
            ],
            [
              -4.999052890076202,
              50.16692988090925
            ],
            [
              -4.9998432041727,
              50.16741616435317
            ],
            [
              -5.0011077067270975,
              50.16741616435317
            ],
            [
              -5.001898020823595,
              50.16829147455223
            ],
            [
              -5.001423832365696,
              50.16975032488398
            ],
            [
              -4.998578701618303,
              50.16936129812885
            ],
            [
              -4.997472261883206,
              50.169653068195196
            ],
            [
              -4.996207759328809,
              50.17043112170547
            ],
            [
              -4.99557550805161,
              50.17101466183817
            ],
            [
              -4.996049696509509,
              50.171792715348445
            ],
            [
              -4.99573357087091,
              50.172181742103575
            ],
            [
              -4.994627131135813,
              50.17247351216993
            ],
            [
              -4.993204565762116,
              50.17402961919047
            ],
            [
              -4.993362628581416,
              50.175682982899794
            ],
            [
              -4.989252995279625,
              50.17772537336426
            ],
            [
              -4.989411058098925,
              50.17801714343061
            ],
            [
              -4.988462681183128,
              50.17850342687453
            ],
            [
              -4.988778806821727,
              50.179378737073584
            ],
            [
              -4.988936869641027,
              50.179865020517504
            ],
            [
              -4.9890949324603255,
              50.1786979402521
            ],
            [
              -4.990675560653322,
              50.17772537336426
            ],
            [
              -4.993836817039314,
              50.176850063165205
            ],
            [
              -4.996365822148109,
              50.175293956144664
            ],
            [
              -4.996523884967408,
              50.17665554978763
            ],
            [
              -4.99541744523231,
              50.17801714343061
            ],
            [
              -4.9951013195937115,
              50.1792814803848
            ],
            [
              -4.996207759328809,
              50.18064307402777
            ],
            [
              -4.99541744523231,
              50.182004667670746
            ],
            [
              -4.99573357087091,
              50.18278272118102
            ],
            [
              -4.996840010606007,
              50.18365803138008
            ],
            [
              -4.998420638799003,
              50.18385254475764
            ],
            [
              -4.997156136244606,
              50.18521413840062
            ],
            [
              -4.996840010606007,
              50.18725652886508
            ],
            [
              -4.997472261883206,
              50.18861812250805
            ],
            [
              -4.997946450341105,
              50.185603165155754
            ],
            [
              -4.999369015714802,
              50.18385254475764
            ],
            [
              -4.999369015714802,
              50.18326900462494
            ],
            [
              -4.997788387521805,
              50.18317174793616
            ],
            [
              -4.996365822148109,
              50.182004667670746
            ],
            [
              -4.997314199063906,
              50.180934844094125
            ],
            [
              -4.996840010606007,
              50.1792814803848
            ],
            [
              -4.997472261883206,
              50.17762811667547
            ],
            [
              -4.998578701618303,
              50.175877496277366
            ],
            [
              -4.997946450341105,
              50.17441864594561
            ],
            [
              -4.996523884967408,
              50.17364059243533
            ],
            [
              -4.998420638799003,
              50.171792715348445
            ],
            [
              -4.999052890076202,
              50.171792715348445
            ],
            [
              -4.999052890076202,
              50.171209175215736
            ],
            [
              -4.9998432041727,
              50.17091740514939
            ],
            [
              -5.002056083642895,
              50.171111918526954
            ],
            [
              -5.003794774655191,
              50.17072289177182
            ],
            [
              -5.005849591306085,
              50.170820148460606
            ],
            [
              -5.005849591306085,
              50.170625635083034
            ],
            [
              -5.00411090029379,
              50.170139351639115
            ],
            [
              -5.004268963113089,
              50.16984758157277
            ],
            [
              -5.00395283747449,
              50.169653068195196
            ],
            [
              -5.004901214390288,
              50.16926404144006
            ],
            [
              -5.005533465667487,
              50.168777757996146
            ],
            [
              -5.004743151570988,
              50.168777757996146
            ],
            [
              -5.004427025932389,
              50.16790244779709
            ],
            [
              -5.000633518269198,
              50.16527651719992
            ],
            [
              -5.002530272100794,
              50.16430395031208
            ],
            [
              -5.0026883349200935,
              50.16333138342424
            ],
            [
              -5.003478649016591,
              50.16274784329154
            ],
            [
              -5.006007654125385,
              50.16158076302614
            ],
            [
              -5.006007654125385,
              50.160997222893435
            ],
            [
              -5.004743151570988,
              50.1600246560056
            ],
            [
              -5.004743151570988,
              50.15914934580654
            ],
            [
              -5.00411090029379,
              50.15856580567384
            ],
            [
              -5.004427025932389,
              50.15739872540843
            ],
            [
              -5.006165716944685,
              50.156426158520595
            ],
            [
              -5.00806247077628,
              50.156815185275725
            ],
            [
              -5.0086947220534785,
              50.15720421203086
            ],
            [
              -5.010275350246475,
              50.158468548985056
            ],
            [
              -5.0116979156201715,
              50.158954832428975
            ],
            [
              -5.014068857909666,
              50.15905208911776
            ],
            [
              -5.015017234825463,
              50.1581767789187
            ],
            [
              -5.014068857909666,
              50.15807952222992
            ],
            [
              -5.015175297644763,
              50.157982265541136
            ],
            [
              -5.017072051476359,
              50.157301468719645
            ],
            [
              -5.019442993765853,
              50.15739872540843
            ],
            [
              -5.0208655591395495,
              50.15671792858694
            ],
            [
              -5.022130061693947,
              50.15545359163276
            ],
            [
              -5.023710689886943,
              50.154772794811265
            ],
            [
              -5.024342941164141,
              50.15496730818884
            ],
            [
              -5.02481712962204,
              50.15564810501032
            ],
            [
              -5.026081632176437,
              50.15613438845424
            ],
            [
              -5.026555820634336,
              50.156912441964515
            ],
            [
              -5.027188071911534,
              50.15710695534208
            ],
            [
              -5.0282945116466315,
              50.15905208911776
            ],
            [
              -5.027346134730834,
              50.161483506337355
            ],
            [
              -5.024501003983441,
              50.16381766686816
            ],
            [
              -5.0238687527062424,
              50.16547103057749
            ],
            [
              -5.023710689886943,
              50.166540854154114
            ],
            [
              -5.022920375790444,
              50.16751342104195
            ],
            [
              -5.023236501429044,
              50.16819421786344
            ],
            [
              -5.021497810416748,
              50.171306431904526
            ],
            [
              -5.022920375790444,
              50.172668025547495
            ],
            [
              -5.023078438609744,
              50.17373784912412
            ],
            [
              -5.022288124513246,
              50.175196699455874
            ],
            [
              -5.02054943350095,
              50.175877496277366
            ],
            [
              -5.019759119404452,
              50.17723908992034
            ],
            [
              -5.019759119404452,
              50.180448560650206
            ],
            [
              -5.02054943350095,
              50.18132387084926
            ],
            [
              -5.017230114295658,
              50.18278272118102
            ],
            [
              -5.015807548921962,
              50.184630598267916
            ],
            [
              -5.016913988657059,
              50.182977234558585
            ],
            [
              -5.016123674560561,
              50.1828799778698
            ],
            [
              -5.0147011091868645,
              50.182004667670746
            ],
            [
              -5.014226920728966,
              50.1822964377371
            ],
            [
              -5.0148591720061635,
              50.18326900462494
            ],
            [
              -5.014068857909666,
              50.18336626131372
            ],
            [
              -5.013910795090366,
              50.18385254475764
            ],
            [
              -5.015017234825463,
              50.18375528806886
            ],
            [
              -5.015175297644763,
              50.18433882820156
            ],
            [
              -5.013910795090366,
              50.18784006899778
            ],
            [
              -5.014384983548265,
              50.18881263588562
            ],
            [
              -5.014384983548265,
              50.19046599959494
            ],
            [
              -5.015175297644763,
              50.18959068939589
            ],
            [
              -5.015491423283362,
              50.187742812309
            ],
            [
              -5.016597863018459,
              50.18784006899778
            ],
            [
              -5.015649486102662,
              50.187159272176295
            ],
            [
              -5.017230114295658,
              50.18443608489034
            ],
            [
              -5.019126868127254,
              50.183949801446424
            ],
            [
              -5.019917182223752,
              50.184144314823996
            ],
            [
              -5.020391370681651,
              50.18375528806886
            ],
            [
              -5.021497810416748,
              50.18385254475764
            ],
            [
              -5.021813936055347,
              50.18326900462494
            ],
            [
              -5.024184878344841,
              50.181907410981964
            ],
            [
              -5.025607443718538,
              50.18219918104832
            ],
            [
              -5.027820323188733,
              50.186186705288456
            ],
            [
              -5.028452574465931,
              50.19182759323792
            ],
            [
              -5.029400951381729,
              50.19289741681454
            ],
            [
              -5.02908482574313,
              50.1943562671463
            ],
            [
              -5.030665453936126,
              50.19853830476401
            ],
            [
              -5.0314557680326235,
              50.20028892516211
            ],
            [
              -5.0343008987800175,
              50.202525829004145
            ],
            [
              -5.034933150057215,
              50.203401139203194
            ],
            [
              -5.033826710322118,
              50.20495724622374
            ],
            [
              -5.031771893671223,
              50.20544352966766
            ],
            [
              -5.030191265478227,
              50.20534627297887
            ],
            [
              -5.027820323188733,
              50.20417919271347
            ],
            [
              -5.026713883453636,
              50.2039846793359
            ],
            [
              -5.029559014201029,
              50.20602706980036
            ],
            [
              -5.025449380899238,
              50.20836123033118
            ],
            [
              -5.024342941164141,
              50.2100145940405
            ],
            [
              -5.024342941164141,
              50.21137618768348
            ],
            [
              -5.023078438609744,
              50.21157070106104
            ],
            [
              -5.018968805307954,
              50.2100145940405
            ],
            [
              -5.017546239934258,
              50.20982008066293
            ],
            [
              -5.014068857909666,
              50.21030636410685
            ],
            [
              -5.013752732271066,
              50.210111850729284
            ],
            [
              -5.01201404125877,
              50.21108441761712
            ],
            [
              -5.011539852800872,
              50.211667957749825
            ],
            [
              -5.010433413065774,
              50.211181674305905
            ],
            [
              -5.008852784872778,
              50.21225149788253
            ],
            [
              -5.006481842583284,
              50.21157070106104
            ],
            [
              -5.005375402848187,
              50.21040362079564
            ],
            [
              -5.00822053359558,
              50.20602706980036
            ],
            [
              -5.005375402848187,
              50.20495724622374
            ],
            [
              -5.003320586197292,
              50.20310936913685
            ],
            [
              -5.001423832365696,
              50.20272034238171
            ],
            [
              -4.999369015714802,
              50.20262308569293
            ],
            [
              -4.99557550805161,
              50.203887422647114
            ],
            [
              -4.993994879858614,
              50.20379016595833
            ],
            [
              -4.9919400632077195,
              50.20437370609103
            ],
            [
              -4.990043309376124,
              50.20563804304523
            ],
            [
              -4.986723990170832,
              50.20690237999942
            ],
            [
              -4.984353047881338,
              50.2094310539078
            ],
            [
              -4.983562733784839,
              50.20982008066293
            ],
            [
              -4.982140168411142,
              50.20972282397415
            ],
            [
              -4.980875665856746,
              50.20923654053023
            ],
            [
              -4.977240221012854,
              50.2094310539078
            ],
            [
              -4.972656399253165,
              50.20904202715266
            ],
            [
              -4.970285456963671,
              50.2094310539078
            ],
            [
              -4.965543572384682,
              50.21108441761712
            ],
            [
              -4.96238231599869,
              50.21030636410685
            ],
            [
              -4.956850117323204,
              50.20777769019847
            ],
            [
              -4.95416304939511,
              50.20563804304523
            ],
            [
              -4.951634044286316,
              50.20427644940225
            ]
          ]
        ]
      },
      "properties": {
        "slot_id": "gas_emissions_6",
        "lineage_id": "LOCAL-NEW-92271296-1318-4c0c-a293-d0d4ebc2d06b",
        "page_generation": 1,
        "semantic_mode": "AREA_JOIN",
        "partition": {
          "start": 76904,
          "end": 92283,
          "count": 15380
        },
        "evidence_scope": "coverage_area",
        "coverage_area_id": "E01018849",
        "coverage_area_name": "Cornwall 048D",
        "coverage_area_identifier_scheme": "ONS_GSS_LSOA11",
        "parent_area_id": "E06000052",
        "parent_area_name": "Cornwall",
        "boundary_vintage": "LSOA 2011",
        "source_area_record": true,
        "accepted_parcel_record": false,
        "spatial_binding_method": "OFFICIAL_POLYGON_AND_EXACT_IDENTIFIER",
        "source_window_record_index": 48,
        "source_url": "https://raw.githubusercontent.com/ONSdigital/cdn.ons.gov.uk-assets/130bb351004270950dd4a434e27d80b588e7d0af/assets/topojson/lsoa_by_lad/topo_E06000052.json",
        "final_url": "https://raw.githubusercontent.com/ONSdigital/cdn.ons.gov.uk-assets/130bb351004270950dd4a434e27d80b588e7d0af/assets/topojson/lsoa_by_lad/topo_E06000052.json",
        "source_access_utc": "2026-10-02T05:46:30Z",
        "source_blob_sha": "5122ed59a03427c9913f20d0db5b9b203e7be41c",
        "source_file_sha256": "e313e88941def9339fe827e65196b707403d8baf6817be8b1b5216998e358b21",
        "field_evidence": {
          "LSOA11CD": "E01018849",
          "LSOA11NM": "Cornwall 048D",
          "geometry_type": "Polygon",
          "parent_LAD": "E06000052"
        },
        "evidence_slice_sha256": "f695cbe6b432e8dbd4c2cd9c6751c3e56861656b63d71d3cf81f9f95414d14a8",
        "confidence_score_0_100": 96,
        "evidence_grade": "A",
        "licence": "Open Government Licence v3.0",
        "licence_evidence_url": "https://www.ons.gov.uk/methodology/geography/licences",
        "fake_data": false,
        "local_spatial_join_status": "DEFERRED_TO_LOCAL_OPENCODE"
      }
    },
    {
      "type": "Feature",
      "id": "E01018850",
      "geometry": {
        "type": "MultiPolygon",
        "coordinates": [
          [
            [
              [
                -4.90437326131573,
                50.19523157734535
              ],
              [
                -4.905321638231528,
                50.194745293901434
              ],
              [
                -4.906270015147325,
                50.19542609072292
              ],
              [
                -4.905795826689427,
                50.195815117478055
              ],
              [
                -4.903899072857831,
                50.19620414423319
              ],
              [
                -4.90437326131573,
                50.19523157734535
              ]
            ]
          ],
          [
            [
              [
                -4.905479701050827,
                50.25747585816703
              ],
              [
                -4.904847449773628,
                50.25718408810067
              ],
              [
                -4.9015281305683365,
                50.256892318034325
              ],
              [
                -4.897260434447247,
                50.256892318034325
              ],
              [
                -4.894731429338453,
                50.254752670881075
              ],
              [
                -4.889515356301565,
                50.253780103993236
              ],
              [
                -4.888883105024367,
                50.25329382054932
              ],
              [
                -4.888566979385768,
                50.25232125366148
              ],
              [
                -4.886670225554172,
                50.25164045683999
              ],
              [
                -4.884773471722577,
                50.250181606508235
              ],
              [
                -4.883034780710281,
                50.250181606508235
              ],
              [
                -4.878292896131293,
                50.249209039620396
              ],
              [
                -4.874973576926001,
                50.24745841922229
              ],
              [
                -4.871970383359308,
                50.24843098611013
              ],
              [
                -4.868651064154016,
                50.24755567591107
              ],
              [
                -4.868334938515416,
                50.24629133895688
              ],
              [
                -4.867702687238218,
                50.24570779882418
              ],
              [
                -4.865489807768023,
                50.24531877206904
              ],
              [
                -4.864383368032926,
                50.24473523193634
              ],
              [
                -4.864225305213626,
                50.244054435114855
              ],
              [
                -4.8653317449487234,
                50.24347089498215
              ],
              [
                -4.86691237314172,
                50.240942221073766
              ],
              [
                -4.866122059045222,
                50.23996965418593
              ],
              [
                -4.864699493671525,
                50.239386114053225
              ],
              [
                -4.864225305213626,
                50.23792726372147
              ],
              [
                -4.862328551382031,
                50.23598212994579
              ],
              [
                -4.864541430852226,
                50.23500956305795
              ],
              [
                -4.865963996225922,
                50.234815049680385
              ],
              [
                -4.865963996225922,
                50.234328766236466
              ],
              [
                -4.8653317449487234,
                50.23393973948133
              ],
              [
                -4.865489807768023,
                50.23364796941498
              ],
              [
                -4.866280121864522,
                50.23335619934863
              ],
              [
                -4.86691237314172,
                50.23364796941498
              ],
              [
                -4.867544624418919,
                50.23335619934863
              ],
              [
                -4.867544624418919,
                50.23306442928227
              ],
              [
                -4.867860750057518,
                50.233258942659845
              ],
              [
                -4.868651064154016,
                50.23306442928227
              ],
              [
                -4.869125252611915,
                50.23238363246079
              ],
              [
                -4.870705880804911,
                50.231702835639304
              ],
              [
                -4.871812320540008,
                50.23189734901687
              ],
              [
                -4.872760697455806,
                50.231216552195384
              ],
              [
                -4.873709074371604,
                50.231216552195384
              ],
              [
                -4.874025200010203,
                50.23053575537389
              ],
              [
                -4.873392948733004,
                50.230243985307546
              ],
              [
                -4.873867137190903,
                50.22985495855241
              ],
              [
                -4.873076823094405,
                50.229660445174844
              ],
              [
                -4.873392948733004,
                50.22927141841971
              ],
              [
                -4.873392948733004,
                50.229563188486054
              ],
              [
                -4.873867137190903,
                50.22946593179727
              ],
              [
                -4.873867137190903,
                50.228687878287005
              ],
              [
                -4.8757638910224985,
                50.22713177126646
              ],
              [
                -4.875921953841798,
                50.22684000120011
              ],
              [
                -4.8754477653839,
                50.22674274451133
              ],
              [
                -4.876080016661098,
                50.22635371775619
              ],
              [
                -4.876080016661098,
                50.22577017762349
              ],
              [
                -4.8757638910224985,
                50.22538115086835
              ],
              [
                -4.876238079480397,
                50.225089380802
              ],
              [
                -4.875921953841798,
                50.224992124113214
              ],
              [
                -4.876238079480397,
                50.22460309735808
              ],
              [
                -4.8771864563961955,
                50.22470035404687
              ],
              [
                -4.87939933586639,
                50.22411681391416
              ],
              [
                -4.879873524324289,
                50.22372778715903
              ],
              [
                -4.87939933586639,
                50.223533273781456
              ],
              [
                -4.87955739868569,
                50.22333876040389
              ],
              [
                -4.882086403794483,
                50.22392230053659
              ],
              [
                -4.882244466613783,
                50.22421407060295
              ],
              [
                -4.882876717890982,
                50.22411681391416
              ],
              [
                -4.8833509063488805,
                50.22324150371511
              ],
              [
                -4.884299283264678,
                50.22285247695997
              ],
              [
                -4.883825094806779,
                50.22285247695997
              ],
              [
                -4.8849315345418765,
                50.2220744234497
              ],
              [
                -4.885089597361176,
                50.22168539669456
              ],
              [
                -4.884457346083978,
                50.22168539669456
              ],
              [
                -4.885089597361176,
                50.22119911325064
              ],
              [
                -4.885089597361176,
                50.221004599873076
              ],
              [
                -4.885563785819075,
                50.22051831642916
              ],
              [
                -4.886037974276974,
                50.220907343184294
              ],
              [
                -4.886196037096274,
                50.22061557311794
              ],
              [
                -4.886512162734872,
                50.22081008649551
              ],
              [
                -4.887144414012071,
                50.219934776296455
              ],
              [
                -4.888092790927869,
                50.2196430062301
              ],
              [
                -4.887618602469971,
                50.21925397947497
              ],
              [
                -4.888408916566468,
                50.218962209408616
              ],
              [
                -4.888566979385768,
                50.218378669275914
              ],
              [
                -4.889831481940165,
                50.2184759259647
              ],
              [
                -4.889989544759464,
                50.21876769603105
              ],
              [
                -4.890305670398064,
                50.21867043934226
              ],
              [
                -4.890305670398064,
                50.2190594660974
              ],
              [
                -4.891570172952461,
                50.21876769603105
              ],
              [
                -4.890621796036663,
                50.21818415589834
              ],
              [
                -4.890779858855963,
                50.21750335907686
              ],
              [
                -4.891254047313861,
                50.217406102388075
              ],
              [
                -4.891570172952461,
                50.21779512914321
              ],
              [
                -4.892676612687558,
                50.21711433232172
              ],
              [
                -4.893466926784056,
                50.2160445087451
              ],
              [
                -4.893150801145457,
                50.21555822530118
              ],
              [
                -4.893466926784056,
                50.21478017179091
              ],
              [
                -4.894415303699854,
                50.21448840172456
              ],
              [
                -4.895047554977053,
                50.2136130915255
              ],
              [
                -4.895521743434951,
                50.21351583483672
              ],
              [
                -4.8953636806156515,
                50.213321321459155
              ],
              [
                -4.8967862459893485,
                50.212835038015236
              ],
              [
                -4.8967862459893485,
                50.213224064770365
              ],
              [
                -4.897102371627947,
                50.21341857814794
              ],
              [
                -4.8999475023753405,
                50.214293888346994
              ],
              [
                -4.903582947219232,
                50.2118624711274
              ],
              [
                -4.9029506959420335,
                50.21176521443861
              ],
              [
                -4.903582947219232,
                50.21157070106104
              ],
              [
                -4.9029506959420335,
                50.21127893099469
              ],
              [
                -4.903582947219232,
                50.21108441761712
              ],
              [
                -4.903582947219232,
                50.210695390861986
              ],
              [
                -4.904689386954329,
                50.20933379721901
              ],
              [
                -4.903582947219232,
                50.2088475137751
              ],
              [
                -4.902476507484135,
                50.20894477046388
              ],
              [
                -4.902476507484135,
                50.20875025708631
              ],
              [
                -4.9031087587613325,
                50.208653000397526
              ],
              [
                -4.902476507484135,
                50.208166716953606
              ],
              [
                -4.902476507484135,
                50.20777769019847
              ],
              [
                -4.904057135677131,
                50.205540786356444
              ],
              [
                -4.904689386954329,
                50.205054502912525
              ],
              [
                -4.905795826689427,
                50.20515175960131
              ],
              [
                -4.906744203605224,
                50.20583255642279
              ],
              [
                -4.907850643340321,
                50.20592981311158
              ],
              [
                -4.90832483179822,
                50.20622158317793
              ],
              [
                -4.910695774087714,
                50.20524901629009
              ],
              [
                -4.910063522810516,
                50.203595652580766
              ],
              [
                -4.910379648449116,
                50.20281759907049
              ],
              [
                -4.909747397171917,
                50.20262308569293
              ],
              [
                -4.910221585629816,
                50.201553262116306
              ],
              [
                -4.911011899726314,
                50.201358748738734
              ],
              [
                -4.910695774087714,
                50.20067795191725
              ],
              [
                -4.910853836907014,
                50.20028892516211
              ],
              [
                -4.911486088184213,
                50.199997155095765
              ],
              [
                -4.911486088184213,
                50.19960812834063
              ],
              [
                -4.912908653557909,
                50.19980264171819
              ],
              [
                -4.916069909943902,
                50.197273967809814
              ],
              [
                -4.921285982980789,
                50.19562060410049
              ],
              [
                -4.921918234257988,
                50.195815117478055
              ],
              [
                -4.9225504855351865,
                50.19649591429955
              ],
              [
                -4.921918234257988,
                50.19766299456495
              ],
              [
                -4.922392422715887,
                50.199510871651846
              ],
              [
                -4.923182736812384,
                50.20028892516211
              ],
              [
                -4.9227085483544855,
                50.20077520860603
              ],
              [
                -4.923024673993085,
                50.20077520860603
              ],
              [
                -4.923182736812384,
                50.201456005427524
              ],
              [
                -4.923498862450984,
                50.201456005427524
              ],
              [
                -4.922866611173785,
                50.20194228887144
              ],
              [
                -4.923498862450984,
                50.20184503218265
              ],
              [
                -4.923973050908883,
                50.20233131562657
              ],
              [
                -4.924447239366781,
                50.20194228887144
              ],
              [
                -4.92539561628258,
                50.202039545560226
              ],
              [
                -4.925711741921178,
                50.20291485575928
              ],
              [
                -4.927450432933474,
                50.203595652580766
              ],
              [
                -4.928240747029973,
                50.20447096277982
              ],
              [
                -4.92903106112647,
                50.20437370609103
              ],
              [
                -4.92903106112647,
                50.20476273284617
              ],
              [
                -4.931402003415965,
                50.205540786356444
              ],
              [
                -4.931718129054564,
                50.20544352966766
              ],
              [
                -4.931718129054564,
                50.20622158317793
              ],
              [
                -4.932666505970362,
                50.20651335324428
              ],
              [
                -4.932982631608961,
                50.2069996366882
              ],
              [
                -4.938040641826548,
                50.207096893376985
              ],
              [
                -4.947998599442425,
                50.20573529973401
              ],
              [
                -4.951634044286316,
                50.20427644940225
              ],
              [
                -4.95416304939511,
                50.20563804304523
              ],
              [
                -4.956850117323204,
                50.20777769019847
              ],
              [
                -4.96238231599869,
                50.21030636410685
              ],
              [
                -4.965543572384682,
                50.21108441761712
              ],
              [
                -4.970285456963671,
                50.2094310539078
              ],
              [
                -4.972656399253165,
                50.20904202715266
              ],
              [
                -4.977240221012854,
                50.2094310539078
              ],
              [
                -4.980875665856746,
                50.20923654053023
              ],
              [
                -4.982140168411142,
                50.20972282397415
              ],
              [
                -4.983562733784839,
                50.20982008066293
              ],
              [
                -4.984353047881338,
                50.2094310539078
              ],
              [
                -4.986723990170832,
                50.20690237999942
              ],
              [
                -4.990043309376124,
                50.20563804304523
              ],
              [
                -4.9919400632077195,
                50.20437370609103
              ],
              [
                -4.993994879858614,
                50.20379016595833
              ],
              [
                -4.99557550805161,
                50.203887422647114
              ],
              [
                -4.999369015714802,
                50.20262308569293
              ],
              [
                -5.001423832365696,
                50.20272034238171
              ],
              [
                -5.003320586197292,
                50.20310936913685
              ],
              [
                -5.005375402848187,
                50.20495724622374
              ],
              [
                -5.00822053359558,
                50.20602706980036
              ],
              [
                -5.005375402848187,
                50.21040362079564
              ],
              [
                -5.006481842583284,
                50.21157070106104
              ],
              [
                -5.008852784872778,
                50.21225149788253
              ],
              [
                -5.010433413065774,
                50.211181674305905
              ],
              [
                -5.011539852800872,
                50.211667957749825
              ],
              [
                -5.01201404125877,
                50.21108441761712
              ],
              [
                -5.013752732271066,
                50.210111850729284
              ],
              [
                -5.014068857909666,
                50.21030636410685
              ],
              [
                -5.017546239934258,
                50.20982008066293
              ],
              [
                -5.018968805307954,
                50.2100145940405
              ],
              [
                -5.023078438609744,
                50.21157070106104
              ],
              [
                -5.024501003983441,
                50.2124460112601
              ],
              [
                -5.02497519244134,
                50.214391145035776
              ],
              [
                -5.0238687527062424,
                50.214682915102124
              ],
              [
                -5.02481712962204,
                50.215266455234826
              ],
              [
                -5.02465906680274,
                50.21643353550024
              ],
              [
                -5.025449380899238,
                50.217406102388075
              ],
              [
                -5.024342941164141,
                50.219934776296455
              ],
              [
                -5.024501003983441,
                50.22061557311794
              ],
              [
                -5.02497519244134,
                50.22061557311794
              ],
              [
                -5.024501003983441,
                50.22071282980673
              ],
              [
                -5.022762312971145,
                50.2226579635824
              ],
              [
                -5.021813936055347,
                50.2226579635824
              ],
              [
                -5.021181684778148,
                50.22226893682727
              ],
              [
                -5.019126868127254,
                50.22217168013848
              ],
              [
                -5.016597863018459,
                50.2226579635824
              ],
              [
                -5.013120480993868,
                50.224992124113214
              ],
              [
                -5.009168910511377,
                50.227034514577674
              ],
              [
                -5.00853665923418,
                50.22684000120011
              ],
              [
                -5.006007654125385,
                50.22411681391416
              ],
              [
                -5.006165716944685,
                50.22217168013848
              ],
              [
                -5.005059277209588,
                50.22178265338335
              ],
              [
                -5.005375402848187,
                50.2226579635824
              ],
              [
                -5.004427025932389,
                50.22333876040389
              ],
              [
                -4.998894827256902,
                50.22343601709267
              ],
              [
                -4.996998073425307,
                50.22363053047024
              ],
              [
                -4.994469068316513,
                50.22479761073565
              ],
              [
                -4.992256188846318,
                50.22275522027119
              ],
              [
                -4.9920981260270185,
                50.22158814000578
              ],
              [
                -4.99130781193052,
                50.22285247695997
              ],
              [
                -4.992730377304217,
                50.22460309735808
              ],
              [
                -4.988462681183128,
                50.225186637490786
              ],
              [
                -4.986565927351532,
                50.22596469100105
              ],
              [
                -4.984511110700637,
                50.22577017762349
              ],
              [
                -4.981982105591843,
                50.22674274451133
              ],
              [
                -4.980875665856746,
                50.22625646106741
              ],
              [
                -4.980243414579547,
                50.22538115086835
              ],
              [
                -4.9800853517602475,
                50.22392230053659
              ],
              [
                -4.980875665856746,
                50.22275522027119
              ],
              [
                -4.979769226121649,
                50.22187991007213
              ],
              [
                -4.979769226121649,
                50.22129636993943
              ],
              [
                -4.97929503766375,
                50.22178265338335
              ],
              [
                -4.979453100483049,
                50.222949733648754
              ],
              [
                -4.978188597928652,
                50.22372778715903
              ],
              [
                -4.97897891202515,
                50.22431132729173
              ],
              [
                -4.978662786386551,
                50.225186637490786
              ],
              [
                -4.97913697484445,
                50.22713177126646
              ],
              [
                -4.976607969735656,
                50.227520798021594
              ],
              [
                -4.975343467181259,
                50.22684000120011
              ],
              [
                -4.9724983364338655,
                50.22674274451133
              ],
              [
                -4.971866085156668,
                50.22586743431227
              ],
              [
                -4.9709177082408695,
                50.22693725788889
              ],
              [
                -4.97075964542157,
                50.228201594843085
              ],
              [
                -4.971549959518068,
                50.229174161730924
              ],
              [
                -4.9723402736145665,
                50.229660445174844
              ],
              [
                -4.975343467181259,
                50.229174161730924
              ],
              [
                -4.977240221012854,
                50.22946593179727
              ],
              [
                -4.979453100483049,
                50.229174161730924
              ],
              [
                -4.981824042772543,
                50.229563188486054
              ],
              [
                -4.98324660814624,
                50.231800092328086
              ],
              [
                -4.982614356869042,
                50.23238363246079
              ],
              [
                -4.97882084920585,
                50.23267540252714
              ],
              [
                -4.977240221012854,
                50.23238363246079
              ],
              [
                -4.976133781277757,
                50.23150832226173
              ],
              [
                -4.9723402736145665,
                50.23082752544025
              ],
              [
                -4.97075964542157,
                50.23092478212903
              ],
              [
                -4.969179017228574,
                50.23218911908322
              ],
              [
                -4.965701635203982,
                50.232286375772006
              ],
              [
                -4.964595195468885,
                50.23189734901687
              ],
              [
                -4.964753258288185,
                50.231216552195384
              ],
              [
                -4.964279069830286,
                50.23150832226173
              ],
              [
                -4.964753258288185,
                50.229563188486054
              ],
              [
                -4.963962944191686,
                50.22878513497579
              ],
              [
                -4.962066190360091,
                50.22829885153187
              ],
              [
                -4.96222425317939,
                50.22800708146551
              ],
              [
                -4.961750064721492,
                50.22781256808795
              ],
              [
                -4.960801687805694,
                50.22781256808795
              ],
              [
                -4.960169436528496,
                50.22732628464403
              ],
              [
                -4.9603274993477955,
                50.227715311399166
              ],
              [
                -4.960959750624994,
                50.22800708146551
              ],
              [
                -4.961592001902192,
                50.22790982477673
              ],
              [
                -4.961750064721492,
                50.22839610822065
              ],
              [
                -4.963172630095189,
                50.228687878287005
              ],
              [
                -4.964279069830286,
                50.229660445174844
              ],
              [
                -4.964279069830286,
                50.23014672861876
              ],
              [
                -4.9634887557337874,
                50.23082752544025
              ],
              [
                -4.963962944191686,
                50.23248088914957
              ],
              [
                -4.966966137758379,
                50.23345345603741
              ],
              [
                -4.967282263396978,
                50.23393973948133
              ],
              [
                -4.967124200577679,
                50.2347177929916
              ],
              [
                -4.965543572384682,
                50.23646841338971
              ],
              [
                -4.965227446746083,
                50.236371156700926
              ],
              [
                -4.965227446746083,
                50.23705195352242
              ],
              [
                -4.963804881372386,
                50.238899830609306
              ],
              [
                -4.96254037881799,
                50.23919160067566
              ],
              [
                -4.959853310889896,
                50.23851080385417
              ],
              [
                -4.9581146198776,
                50.23870531723174
              ],
              [
                -4.957640431419701,
                50.237830007032684
              ],
              [
                -4.957640431419701,
                50.23860806054296
              ],
              [
                -4.957008180142503,
                50.23928885736444
              ],
              [
                -4.955269489130208,
                50.23996965418593
              ],
              [
                -4.953688860937211,
                50.23919160067566
              ],
              [
                -4.951634044286316,
                50.238899830609306
              ],
              [
                -4.953688860937211,
                50.23928885736444
              ],
              [
                -4.955269489130208,
                50.24006691087472
              ],
              [
                -4.957008180142503,
                50.239386114053225
              ],
              [
                -4.957798494239001,
                50.23870531723174
              ],
              [
                -4.9584307455162,
                50.238899830609306
              ],
              [
                -4.960011373709196,
                50.23860806054296
              ],
              [
                -4.96222425317939,
                50.23928885736444
              ],
              [
                -4.963172630095189,
                50.239386114053225
              ],
              [
                -4.964121007010986,
                50.23899708729809
              ],
              [
                -4.964437132649586,
                50.23919160067566
              ],
              [
                -4.964437132649586,
                50.23880257392052
              ],
              [
                -4.965543572384682,
                50.240358680941064
              ],
              [
                -4.9649113211074845,
                50.24113673445134
              ],
              [
                -4.963804881372386,
                50.24162301789526
              ],
              [
                -4.963646818553087,
                50.24220655802796
              ],
              [
                -4.964279069830286,
                50.24327638160458
              ],
              [
                -4.961592001902192,
                50.24531877206904
              ],
              [
                -4.957640431419701,
                50.2467776224008
              ],
              [
                -4.952582421202114,
                50.24580505551296
              ],
              [
                -4.951001793009118,
                50.24570779882418
              ],
              [
                -4.949105039177522,
                50.2461940822681
              ],
              [
                -4.946417971249429,
                50.24823647273256
              ],
              [
                -4.944363154598534,
                50.25125143008486
              ],
              [
                -4.939621270019545,
                50.25446090081473
              ],
              [
                -4.937882579007249,
                50.25504444094743
              ],
              [
                -4.932824568789662,
                50.25562798108013
              ],
              [
                -4.92934718676507,
                50.257378601478244
              ],
              [
                -4.927608495752774,
                50.259420991942704
              ],
              [
                -4.92523755346328,
                50.259420991942704
              ],
              [
                -4.922866611173785,
                50.25903196518757
              ],
              [
                -4.921760171438688,
                50.25747585816703
              ],
              [
                -4.919073103510595,
                50.255725237768914
              ],
              [
                -4.917334412498299,
                50.253780103993236
              ],
              [
                -4.915911847124602,
                50.254849927569865
              ],
              [
                -4.915911847124602,
                50.25562798108013
              ],
              [
                -4.914489281750906,
                50.25805939829973
              ],
              [
                -4.914331218931606,
                50.259420991942704
              ],
              [
                -4.912118339461411,
                50.25912922187635
              ],
              [
                -4.905479701050827,
                50.25747585816703
              ]
            ]
          ]
        ]
      },
      "properties": {
        "slot_id": "gas_emissions_6",
        "lineage_id": "LOCAL-NEW-92271296-1318-4c0c-a293-d0d4ebc2d06b",
        "page_generation": 1,
        "semantic_mode": "AREA_JOIN",
        "partition": {
          "start": 76904,
          "end": 92283,
          "count": 15380
        },
        "evidence_scope": "coverage_area",
        "coverage_area_id": "E01018850",
        "coverage_area_name": "Cornwall 048E",
        "coverage_area_identifier_scheme": "ONS_GSS_LSOA11",
        "parent_area_id": "E06000052",
        "parent_area_name": "Cornwall",
        "boundary_vintage": "LSOA 2011",
        "source_area_record": true,
        "accepted_parcel_record": false,
        "spatial_binding_method": "OFFICIAL_POLYGON_AND_EXACT_IDENTIFIER",
        "source_window_record_index": 49,
        "source_url": "https://raw.githubusercontent.com/ONSdigital/cdn.ons.gov.uk-assets/130bb351004270950dd4a434e27d80b588e7d0af/assets/topojson/lsoa_by_lad/topo_E06000052.json",
        "final_url": "https://raw.githubusercontent.com/ONSdigital/cdn.ons.gov.uk-assets/130bb351004270950dd4a434e27d80b588e7d0af/assets/topojson/lsoa_by_lad/topo_E06000052.json",
        "source_access_utc": "2026-10-02T05:46:30Z",
        "source_blob_sha": "5122ed59a03427c9913f20d0db5b9b203e7be41c",
        "source_file_sha256": "e313e88941def9339fe827e65196b707403d8baf6817be8b1b5216998e358b21",
        "field_evidence": {
          "LSOA11CD": "E01018850",
          "LSOA11NM": "Cornwall 048E",
          "geometry_type": "MultiPolygon",
          "parent_LAD": "E06000052"
        },
        "evidence_slice_sha256": "f695cbe6b432e8dbd4c2cd9c6751c3e56861656b63d71d3cf81f9f95414d14a8",
        "confidence_score_0_100": 96,
        "evidence_grade": "A",
        "licence": "Open Government Licence v3.0",
        "licence_evidence_url": "https://www.ons.gov.uk/methodology/geography/licences",
        "fake_data": false,
        "local_spatial_join_status": "DEFERRED_TO_LOCAL_OPENCODE"
      }
    },
    {
      "type": "Feature",
      "id": "E01018851",
      "geometry": {
        "type": "Polygon",
        "coordinates": [
          [
            [
              -5.197263665477925,
              50.32263783965222
            ],
            [
              -5.198528168032322,
              50.31806677527937
            ],
            [
              -5.202321675695512,
              50.31845580203451
            ],
            [
              -5.202637801334112,
              50.31796951859059
            ],
            [
              -5.20342811543061,
              50.31806677527937
            ],
            [
              -5.204218429527108,
              50.317872261901805
            ],
            [
              -5.204376492346408,
              50.3172887217691
            ],
            [
              -5.2035861782499095,
              50.317385978457885
            ],
            [
              -5.202637801334112,
              50.316413411570046
            ],
            [
              -5.202479738514812,
              50.31563535805977
            ],
            [
              -5.203111989792011,
              50.31524633130464
            ],
            [
              -5.203111989792011,
              50.31466279117193
            ],
            [
              -5.202163612876213,
              50.31359296759531
            ],
            [
              -5.201057173141116,
              50.31300942746261
            ],
            [
              -5.201215235960415,
              50.31271765739626
            ],
            [
              -5.199792670586719,
              50.31223137395234
            ],
            [
              -5.19931848212882,
              50.31242588732991
            ],
            [
              -5.197895916755123,
              50.31203686057477
            ],
            [
              -5.197421728297225,
              50.310772523620585
            ],
            [
              -5.196315288562127,
              50.310286240176666
            ],
            [
              -5.1961572257428275,
              50.30970270004396
            ],
            [
              -5.1975797911165245,
              50.30853561977855
            ],
            [
              -5.1975797911165245,
              50.3082438497122
            ],
            [
              -5.198370105213022,
              50.30795207964585
            ],
            [
              -5.198686230851622,
              50.30736853951315
            ],
            [
              -5.198370105213022,
              50.30678499938045
            ],
            [
              -5.199002356490221,
              50.307076769446795
            ],
            [
              -5.200266859044618,
              50.30873013315612
            ],
            [
              -5.201057173141116,
              50.30853561977855
            ],
            [
              -5.202479738514812,
              50.30892464653369
            ],
            [
              -5.203111989792011,
              50.30843836308977
            ],
            [
              -5.203744241069209,
              50.30843836308977
            ],
            [
              -5.20342811543061,
              50.308632876467335
            ],
            [
              -5.204060366707808,
              50.30892464653369
            ],
            [
              -5.203270052611311,
              50.30902190322247
            ],
            [
              -5.204060366707808,
              50.30950818666639
            ],
            [
              -5.204692617985007,
              50.30950818666639
            ],
            [
              -5.2051668064429055,
              50.309119159911255
            ],
            [
              -5.206905497455201,
              50.309119159911255
            ],
            [
              -5.2073796859131,
              50.309605443355174
            ],
            [
              -5.207063560274501,
              50.30999447011031
            ],
            [
              -5.208328062828898,
              50.310675266931796
            ],
            [
              -5.210066753841194,
              50.31184234719721
            ],
            [
              -5.21164738203419,
              50.31203686057477
            ],
            [
              -5.21180544485349,
              50.31223137395234
            ],
            [
              -5.210382879479793,
              50.31310668415139
            ],
            [
              -5.212595758949988,
              50.313690224284095
            ],
            [
              -5.213228010227186,
              50.31359296759531
            ],
            [
              -5.213386073046486,
              50.31456553448315
            ],
            [
              -5.213702198685085,
              50.31514907461585
            ],
            [
              -5.2127538217692875,
              50.31563535805977
            ],
            [
              -5.213702198685085,
              50.31903934216721
            ],
            [
              -5.212595758949988,
              50.32127624600924
            ],
            [
              -5.209276439744696,
              50.32127624600924
            ],
            [
              -5.208644188467497,
              50.32078996256532
            ],
            [
              -5.207853874371,
              50.320984475942886
            ],
            [
              -5.208486125648198,
              50.32108173263167
            ],
            [
              -5.2076958115517,
              50.321470759386806
            ],
            [
              -5.207063560274501,
              50.321470759386806
            ],
            [
              -5.2073796859131,
              50.32108173263167
            ],
            [
              -5.206273246178003,
              50.32127624600924
            ],
            [
              -5.205957120539404,
              50.32156801607559
            ],
            [
              -5.206431308997303,
              50.32185978614194
            ],
            [
              -5.205482932081505,
              50.32185978614194
            ],
            [
              -5.204534555165707,
              50.3221515562083
            ],
            [
              -5.203270052611311,
              50.320400935810184
            ],
            [
              -5.202479738514812,
              50.32010916574383
            ],
            [
              -5.200266859044618,
              50.32069270587654
            ],
            [
              -5.198370105213022,
              50.322443326274644
            ],
            [
              -5.197263665477925,
              50.32263783965222
            ]
          ]
        ]
      },
      "properties": {
        "slot_id": "gas_emissions_6",
        "lineage_id": "LOCAL-NEW-92271296-1318-4c0c-a293-d0d4ebc2d06b",
        "page_generation": 1,
        "semantic_mode": "AREA_JOIN",
        "partition": {
          "start": 76904,
          "end": 92283,
          "count": 15380
        },
        "evidence_scope": "coverage_area",
        "coverage_area_id": "E01018851",
        "coverage_area_name": "Cornwall 040C",
        "coverage_area_identifier_scheme": "ONS_GSS_LSOA11",
        "parent_area_id": "E06000052",
        "parent_area_name": "Cornwall",
        "boundary_vintage": "LSOA 2011",
        "source_area_record": true,
        "accepted_parcel_record": false,
        "spatial_binding_method": "OFFICIAL_POLYGON_AND_EXACT_IDENTIFIER",
        "source_window_record_index": 50,
        "source_url": "https://raw.githubusercontent.com/ONSdigital/cdn.ons.gov.uk-assets/130bb351004270950dd4a434e27d80b588e7d0af/assets/topojson/lsoa_by_lad/topo_E06000052.json",
        "final_url": "https://raw.githubusercontent.com/ONSdigital/cdn.ons.gov.uk-assets/130bb351004270950dd4a434e27d80b588e7d0af/assets/topojson/lsoa_by_lad/topo_E06000052.json",
        "source_access_utc": "2026-10-02T05:46:30Z",
        "source_blob_sha": "5122ed59a03427c9913f20d0db5b9b203e7be41c",
        "source_file_sha256": "e313e88941def9339fe827e65196b707403d8baf6817be8b1b5216998e358b21",
        "field_evidence": {
          "LSOA11CD": "E01018851",
          "LSOA11NM": "Cornwall 040C",
          "geometry_type": "Polygon",
          "parent_LAD": "E06000052"
        },
        "evidence_slice_sha256": "f695cbe6b432e8dbd4c2cd9c6751c3e56861656b63d71d3cf81f9f95414d14a8",
        "confidence_score_0_100": 96,
        "evidence_grade": "A",
        "licence": "Open Government Licence v3.0",
        "licence_evidence_url": "https://www.ons.gov.uk/methodology/geography/licences",
        "fake_data": false,
        "local_spatial_join_status": "DEFERRED_TO_LOCAL_OPENCODE"
      }
    }
  ]
}
