{
  "type": "FeatureCollection",
  "name": "ONSDIGITAL_LTLA16_BSC_NSW_051_065",
  "features": [
    {
      "type": "Feature",
      "id": "W06000009",
      "geometry": {
        "type": "MultiPolygon",
        "coordinates": [
          [
            [
              [
                -4.5597,
                52.0437
              ],
              [
                -4.5663,
                52.0573
              ],
              [
                -4.5813,
                52.0579
              ],
              [
                -4.5847,
                52.0608
              ],
              [
                -4.6079,
                52.0621
              ],
              [
                -4.6113,
                52.0569
              ],
              [
                -4.6312,
                52.0559
              ],
              [
                -4.6424,
                52.0656
              ],
              [
                -4.6364,
                52.0689
              ],
              [
                -4.647,
                52.0784
              ],
              [
                -4.6565,
                52.0625
              ],
              [
                -4.6649,
                52.0578
              ],
              [
                -4.6813,
                52.0649
              ],
              [
                -4.6825,
                52.0704
              ],
              [
                -4.6694,
                52.0754
              ],
              [
                -4.6702,
                52.0811
              ],
              [
                -4.6727,
                52.082
              ],
              [
                -4.6729,
                52.082
              ],
              [
                -4.6819,
                52.0846
              ],
              [
                -4.6813,
                52.0946
              ],
              [
                -4.6915,
                52.1012
              ],
              [
                -4.6882,
                52.1028
              ],
              [
                -4.7105,
                52.108
              ],
              [
                -4.7315,
                52.1179
              ],
              [
                -4.7367,
                52.1084
              ],
              [
                -4.7495,
                52.104
              ],
              [
                -4.7414,
                52.0987
              ],
              [
                -4.7521,
                52.0929
              ],
              [
                -4.7531,
                52.0916
              ],
              [
                -4.7594,
                52.0779
              ],
              [
                -4.759,
                52.0768
              ],
              [
                -4.7667,
                52.0775
              ],
              [
                -4.771,
                52.0709
              ],
              [
                -4.7745,
                52.0696
              ],
              [
                -4.7772,
                52.0668
              ],
              [
                -4.7831,
                52.0663
              ],
              [
                -4.7834,
                52.0662
              ],
              [
                -4.7908,
                52.0587
              ],
              [
                -4.8261,
                52.0542
              ],
              [
                -4.8304,
                52.053
              ],
              [
                -4.8379,
                52.0503
              ],
              [
                -4.8376,
                52.0499
              ],
              [
                -4.8357,
                52.048
              ],
              [
                -4.8372,
                52.0471
              ],
              [
                -4.8457,
                52.0415
              ],
              [
                -4.8469,
                52.0393
              ],
              [
                -4.842,
                52.0348
              ],
              [
                -4.8378,
                52.0327
              ],
              [
                -4.8412,
                52.0247
              ],
              [
                -4.8387,
                52.0242
              ],
              [
                -4.8377,
                52.0239
              ],
              [
                -4.8362,
                52.0247
              ],
              [
                -4.8256,
                52.0212
              ],
              [
                -4.8144,
                52.0187
              ],
              [
                -4.8194,
                52.0192
              ],
              [
                -4.8491,
                52.0221
              ],
              [
                -4.8502,
                52.0222
              ],
              [
                -4.8502,
                52.0221
              ],
              [
                -4.8505,
                52.0222
              ],
              [
                -4.8592,
                52.0231
              ],
              [
                -4.8688,
                52.0192
              ],
              [
                -4.871,
                52.0211
              ],
              [
                -4.8774,
                52.0198
              ],
              [
                -4.8787,
                52.0194
              ],
              [
                -4.8792,
                52.0191
              ],
              [
                -4.8927,
                52.0229
              ],
              [
                -4.8943,
                52.0233
              ],
              [
                -4.894,
                52.0248
              ],
              [
                -4.894,
                52.0305
              ],
              [
                -4.91,
                52.035
              ],
              [
                -4.9167,
                52.0276
              ],
              [
                -4.918,
                52.0263
              ],
              [
                -4.9166,
                52.0255
              ],
              [
                -4.9114,
                52.0224
              ],
              [
                -4.9094,
                52.0212
              ],
              [
                -4.9161,
                52.0173
              ],
              [
                -4.9207,
                52.0146
              ],
              [
                -4.9196,
                52.0101
              ],
              [
                -4.9274,
                52.012
              ],
              [
                -4.9277,
                52.0115
              ],
              [
                -4.9289,
                52.0087
              ],
              [
                -4.9337,
                52.0096
              ],
              [
                -4.9338,
                52.0096
              ],
              [
                -4.9358,
                52.0071
              ],
              [
                -4.9362,
                52.0067
              ],
              [
                -4.941,
                52.0079
              ],
              [
                -4.9445,
                52.0044
              ],
              [
                -4.9553,
                52.0025
              ],
              [
                -4.9617,
                51.9998
              ],
              [
                -4.9711,
                52.0015
              ],
              [
                -4.9692,
                51.995
              ],
              [
                -4.9721,
                51.9973
              ],
              [
                -4.9722,
                51.9966
              ],
              [
                -4.9763,
                52.0005
              ],
              [
                -4.988,
                51.9994
              ],
              [
                -4.9881,
                51.9996
              ],
              [
                -4.9904,
                52.0018
              ],
              [
                -4.9866,
                52.0031
              ],
              [
                -4.9869,
                52.0032
              ],
              [
                -4.9903,
                52.0021
              ],
              [
                -4.9931,
                52.0045
              ],
              [
                -4.9839,
                52.0138
              ],
              [
                -4.9834,
                52.0142
              ],
              [
                -4.9817,
                52.014
              ],
              [
                -4.9703,
                52.0129
              ],
              [
                -4.981,
                52.0151
              ],
              [
                -4.987,
                52.0164
              ],
              [
                -4.9876,
                52.0165
              ],
              [
                -4.9869,
                52.0205
              ],
              [
                -4.9866,
                52.0229
              ],
              [
                -4.9918,
                52.026
              ],
              [
                -4.9937,
                52.0225
              ],
              [
                -5.0043,
                52.026
              ],
              [
                -5.0035,
                52.0245
              ],
              [
                -5.0031,
                52.024
              ],
              [
                -5.0105,
                52.0224
              ],
              [
                -5.0169,
                52.0241
              ],
              [
                -5.0208,
                52.0203
              ],
              [
                -5.0226,
                52.0239
              ],
              [
                -5.0232,
                52.025
              ],
              [
                -5.0488,
                52.0281
              ],
              [
                -5.0538,
                52.0254
              ],
              [
                -5.0575,
                52.0283
              ],
              [
                -5.0619,
                52.0318
              ],
              [
                -5.0749,
                52.0307
              ],
              [
                -5.0714,
                52.026
              ],
              [
                -5.0772,
                52.0245
              ],
              [
                -5.082,
                52.0232
              ],
              [
                -5.087,
                52.0179
              ],
              [
                -5.0896,
                52.0153
              ],
              [
                -5.0777,
                52.0114
              ],
              [
                -5.0793,
                52.0057
              ],
              [
                -5.0722,
                52.0045
              ],
              [
                -5.0956,
                51.9937
              ],
              [
                -5.0886,
                51.9915
              ],
              [
                -5.0892,
                51.9905
              ],
              [
                -5.0886,
                51.9902
              ],
              [
                -5.0909,
                51.9876
              ],
              [
                -5.0911,
                51.9873
              ],
              [
                -5.0799,
                51.9853
              ],
              [
                -5.0877,
                51.9802
              ],
              [
                -5.0822,
                51.9742
              ],
              [
                -5.0853,
                51.9685
              ],
              [
                -5.0855,
                51.9685
              ],
              [
                -5.1043,
                51.9693
              ],
              [
                -5.1026,
                51.9647
              ],
              [
                -5.107,
                51.9612
              ],
              [
                -5.1245,
                51.9624
              ],
              [
                -5.1271,
                51.9597
              ],
              [
                -5.1372,
                51.9636
              ],
              [
                -5.1395,
                51.9631
              ],
              [
                -5.1395,
                51.9627
              ],
              [
                -5.1459,
                51.9611
              ],
              [
                -5.1419,
                51.9593
              ],
              [
                -5.1418,
                51.9593
              ],
              [
                -5.1428,
                51.9562
              ],
              [
                -5.143,
                51.9561
              ],
              [
                -5.1431,
                51.956
              ],
              [
                -5.1561,
                51.9527
              ],
              [
                -5.154,
                51.9483
              ],
              [
                -5.1741,
                51.9489
              ],
              [
                -5.1752,
                51.9513
              ],
              [
                -5.1823,
                51.9487
              ],
              [
                -5.1822,
                51.9482
              ],
              [
                -5.1964,
                51.9506
              ],
              [
                -5.1933,
                51.9483
              ],
              [
                -5.1991,
                51.9466
              ],
              [
                -5.2025,
                51.9457
              ],
              [
                -5.204,
                51.9452
              ],
              [
                -5.2024,
                51.9442
              ],
              [
                -5.1983,
                51.9418
              ],
              [
                -5.2007,
                51.9413
              ],
              [
                -5.2006,
                51.9413
              ],
              [
                -5.213,
                51.9386
              ],
              [
                -5.2067,
                51.937
              ],
              [
                -5.2075,
                51.9342
              ],
              [
                -5.2076,
                51.9341
              ],
              [
                -5.2241,
                51.9295
              ],
              [
                -5.2362,
                51.9295
              ],
              [
                -5.2391,
                51.9242
              ],
              [
                -5.2545,
                51.9194
              ],
              [
                -5.2533,
                51.9169
              ],
              [
                -5.2592,
                51.9148
              ],
              [
                -5.2862,
                51.911
              ],
              [
                -5.2855,
                51.914
              ],
              [
                -5.2892,
                51.9142
              ],
              [
                -5.3144,
                51.9024
              ],
              [
                -5.3135,
                51.9025
              ],
              [
                -5.3037,
                51.9036
              ],
              [
                -5.3041,
                51.9026
              ],
              [
                -5.3023,
                51.9005
              ],
              [
                -5.2985,
                51.9004
              ],
              [
                -5.2957,
                51.8951
              ],
              [
                -5.3045,
                51.8861
              ],
              [
                -5.3077,
                51.8872
              ],
              [
                -5.3153,
                51.8849
              ],
              [
                -5.3162,
                51.8845
              ],
              [
                -5.3157,
                51.8841
              ],
              [
                -5.3072,
                51.8772
              ],
              [
                -5.3103,
                51.8696
              ],
              [
                -5.3192,
                51.865
              ],
              [
                -5.3155,
                51.8598
              ],
              [
                -5.3101,
                51.8615
              ],
              [
                -5.2979,
                51.8661
              ],
              [
                -5.2963,
                51.8607
              ],
              [
                -5.2902,
                51.8649
              ],
              [
                -5.2869,
                51.8651
              ],
              [
                -5.2818,
                51.8666
              ],
              [
                -5.2824,
                51.8702
              ],
              [
                -5.2788,
                51.8676
              ],
              [
                -5.2724,
                51.8695
              ],
              [
                -5.2659,
                51.8718
              ],
              [
                -5.2612,
                51.8689
              ],
              [
                -5.2538,
                51.8729
              ],
              [
                -5.2526,
                51.8701
              ],
              [
                -5.2513,
                51.8691
              ],
              [
                -5.2458,
                51.8734
              ],
              [
                -5.2406,
                51.8707
              ],
              [
                -5.2182,
                51.8734
              ],
              [
                -5.2176,
                51.8734
              ],
              [
                -5.2106,
                51.8695
              ],
              [
                -5.2123,
                51.8675
              ],
              [
                -5.2035,
                51.8688
              ],
              [
                -5.2026,
                51.8671
              ],
              [
                -5.2014,
                51.8672
              ],
              [
                -5.1974,
                51.8694
              ],
              [
                -5.1973,
                51.8698
              ],
              [
                -5.1971,
                51.8696
              ],
              [
                -5.1955,
                51.8704
              ],
              [
                -5.1946,
                51.8672
              ],
              [
                -5.1924,
                51.8672
              ],
              [
                -5.182,
                51.8674
              ],
              [
                -5.1817,
                51.8671
              ],
              [
                -5.1791,
                51.8671
              ],
              [
                -5.1797,
                51.8655
              ],
              [
                -5.1787,
                51.8647
              ],
              [
                -5.1815,
                51.8611
              ],
              [
                -5.1662,
                51.865
              ],
              [
                -5.1656,
                51.8645
              ],
              [
                -5.1596,
                51.8627
              ],
              [
                -5.1591,
                51.8593
              ],
              [
                -5.1576,
                51.8632
              ],
              [
                -5.1564,
                51.8626
              ],
              [
                -5.1424,
                51.8636
              ],
              [
                -5.1395,
                51.8642
              ],
              [
                -5.1286,
                51.8585
              ],
              [
                -5.1284,
                51.8584
              ],
              [
                -5.1141,
                51.8373
              ],
              [
                -5.1139,
                51.837
              ],
              [
                -5.1168,
                51.8274
              ],
              [
                -5.1151,
                51.8259
              ],
              [
                -5.1117,
                51.8234
              ],
              [
                -5.1075,
                51.8242
              ],
              [
                -5.1104,
                51.8218
              ],
              [
                -5.1097,
                51.8194
              ],
              [
                -5.1041,
                51.813
              ],
              [
                -5.1033,
                51.805
              ],
              [
                -5.1034,
                51.8048
              ],
              [
                -5.1053,
                51.8
              ],
              [
                -5.1051,
                51.7871
              ],
              [
                -5.1052,
                51.787
              ],
              [
                -5.1035,
                51.7792
              ],
              [
                -5.1169,
                51.7685
              ],
              [
                -5.1279,
                51.7693
              ],
              [
                -5.1285,
                51.7693
              ],
              [
                -5.1286,
                51.7693
              ],
              [
                -5.1305,
                51.7695
              ],
              [
                -5.1365,
                51.7733
              ],
              [
                -5.1404,
                51.7701
              ],
              [
                -5.1602,
                51.7721
              ],
              [
                -5.166,
                51.7672
              ],
              [
                -5.1663,
                51.767
              ],
              [
                -5.1754,
                51.7651
              ],
              [
                -5.1861,
                51.7536
              ],
              [
                -5.1889,
                51.7547
              ],
              [
                -5.1895,
                51.7549
              ],
              [
                -5.1969,
                51.7552
              ],
              [
                -5.1989,
                51.7542
              ],
              [
                -5.2032,
                51.7555
              ],
              [
                -5.2025,
                51.7457
              ],
              [
                -5.2036,
                51.7438
              ],
              [
                -5.2036,
                51.7428
              ],
              [
                -5.2049,
                51.7416
              ],
              [
                -5.2088,
                51.7345
              ],
              [
                -5.2114,
                51.7348
              ],
              [
                -5.2119,
                51.7343
              ],
              [
                -5.2367,
                51.7368
              ],
              [
                -5.2538,
                51.7381
              ],
              [
                -5.2534,
                51.7331
              ],
              [
                -5.2449,
                51.7328
              ],
              [
                -5.2402,
                51.7267
              ],
              [
                -5.2331,
                51.7243
              ],
              [
                -5.2278,
                51.7231
              ],
              [
                -5.2311,
                51.7194
              ],
              [
                -5.2281,
                51.7207
              ],
              [
                -5.2236,
                51.7238
              ],
              [
                -5.2148,
                51.7237
              ],
              [
                -5.2013,
                51.7174
              ],
              [
                -5.2027,
                51.714
              ],
              [
                -5.2024,
                51.7115
              ],
              [
                -5.1872,
                51.7088
              ],
              [
                -5.188,
                51.707
              ],
              [
                -5.1869,
                51.7054
              ],
              [
                -5.1907,
                51.7008
              ],
              [
                -5.1913,
                51.6994
              ],
              [
                -5.1861,
                51.6938
              ],
              [
                -5.1883,
                51.6898
              ],
              [
                -5.1843,
                51.6894
              ],
              [
                -5.1819,
                51.6892
              ],
              [
                -5.1835,
                51.6858
              ],
              [
                -5.1769,
                51.6838
              ],
              [
                -5.176,
                51.6804
              ],
              [
                -5.1702,
                51.6818
              ],
              [
                -5.1695,
                51.688
              ],
              [
                -5.1578,
                51.6879
              ],
              [
                -5.1573,
                51.6879
              ],
              [
                -5.1608,
                51.6925
              ],
              [
                -5.1528,
                51.6961
              ],
              [
                -5.1581,
                51.7017
              ],
              [
                -5.1501,
                51.7023
              ],
              [
                -5.1497,
                51.7023
              ],
              [
                -5.1685,
                51.7068
              ],
              [
                -5.1676,
                51.7109
              ],
              [
                -5.1734,
                51.715
              ],
              [
                -5.1683,
                51.7199
              ],
              [
                -5.1642,
                51.7249
              ],
              [
                -5.1714,
                51.7328
              ],
              [
                -5.1636,
                51.7249
              ],
              [
                -5.1673,
                51.7194
              ],
              [
                -5.1584,
                51.7139
              ],
              [
                -5.1521,
                51.7135
              ],
              [
                -5.145,
                51.7146
              ],
              [
                -5.1343,
                51.7128
              ],
              [
                -5.1347,
                51.7153
              ],
              [
                -5.1304,
                51.7162
              ],
              [
                -5.1302,
                51.7164
              ],
              [
                -5.1297,
                51.7163
              ],
              [
                -5.1246,
                51.7174
              ],
              [
                -5.1216,
                51.715
              ],
              [
                -5.1205,
                51.7148
              ],
              [
                -5.1159,
                51.7104
              ],
              [
                -5.1117,
                51.7166
              ],
              [
                -5.1057,
                51.7169
              ],
              [
                -5.1057,
                51.7172
              ],
              [
                -5.1058,
                51.7185
              ],
              [
                -5.1056,
                51.7186
              ],
              [
                -5.105,
                51.733
              ],
              [
                -5.1048,
                51.7359
              ],
              [
                -5.0994,
                51.7352
              ],
              [
                -5.0931,
                51.7406
              ],
              [
                -5.0917,
                51.7385
              ],
              [
                -5.0915,
                51.7382
              ],
              [
                -5.1036,
                51.7323
              ],
              [
                -5.1051,
                51.7236
              ],
              [
                -5.0947,
                51.7211
              ],
              [
                -5.0945,
                51.7171
              ],
              [
                -5.091,
                51.7143
              ],
              [
                -5.0863,
                51.7118
              ],
              [
                -5.0871,
                51.7098
              ],
              [
                -5.0865,
                51.7075
              ],
              [
                -5.078,
                51.7074
              ],
              [
                -5.0628,
                51.7075
              ],
              [
                -5.0603,
                51.71
              ],
              [
                -5.0538,
                51.7073
              ],
              [
                -5.0537,
                51.7073
              ],
              [
                -5.0363,
                51.7102
              ],
              [
                -5.0218,
                51.7081
              ],
              [
                -5.0205,
                51.7135
              ],
              [
                -5.0203,
                51.7136
              ],
              [
                -5.0139,
                51.7172
              ],
              [
                -5.0209,
                51.7075
              ],
              [
                -4.997,
                51.7009
              ],
              [
                -4.9969,
                51.7009
              ],
              [
                -4.9849,
                51.6994
              ],
              [
                -4.9683,
                51.7056
              ],
              [
                -4.9541,
                51.7066
              ],
              [
                -4.9539,
                51.7067
              ],
              [
                -4.9432,
                51.7052
              ],
              [
                -4.9434,
                51.7166
              ],
              [
                -4.9434,
                51.7175
              ],
              [
                -4.9432,
                51.7164
              ],
              [
                -4.9413,
                51.7144
              ],
              [
                -4.942,
                51.7101
              ],
              [
                -4.9417,
                51.7085
              ],
              [
                -4.9286,
                51.7089
              ],
              [
                -4.9229,
                51.706
              ],
              [
                -4.9204,
                51.7051
              ],
              [
                -4.9064,
                51.7118
              ],
              [
                -4.8984,
                51.7112
              ],
              [
                -4.895,
                51.7112
              ],
              [
                -4.8927,
                51.7186
              ],
              [
                -4.8961,
                51.7196
              ],
              [
                -4.8901,
                51.7221
              ],
              [
                -4.8883,
                51.7275
              ],
              [
                -4.8873,
                51.7314
              ],
              [
                -4.898,
                51.7373
              ],
              [
                -4.9046,
                51.7409
              ],
              [
                -4.9051,
                51.7412
              ],
              [
                -4.9041,
                51.7438
              ],
              [
                -4.9137,
                51.7466
              ],
              [
                -4.9005,
                51.7465
              ],
              [
                -4.9003,
                51.7471
              ],
              [
                -4.9007,
                51.7544
              ],
              [
                -4.9086,
                51.7618
              ],
              [
                -4.917,
                51.7618
              ],
              [
                -4.9113,
                51.7641
              ],
              [
                -4.9031,
                51.7613
              ],
              [
                -4.9016,
                51.7655
              ],
              [
                -4.9146,
                51.7717
              ],
              [
                -4.9402,
                51.7653
              ],
              [
                -4.9491,
                51.7693
              ],
              [
                -4.9456,
                51.7759
              ],
              [
                -4.9486,
                51.7769
              ],
              [
                -4.9469,
                51.7767
              ],
              [
                -4.9465,
                51.7767
              ],
              [
                -4.9462,
                51.7768
              ],
              [
                -4.946,
                51.7769
              ],
              [
                -4.9459,
                51.7769
              ],
              [
                -4.936,
                51.7831
              ],
              [
                -4.9525,
                51.7885
              ],
              [
                -4.9554,
                51.7934
              ],
              [
                -4.9571,
                51.7962
              ],
              [
                -4.9591,
                51.7962
              ],
              [
                -4.9636,
                51.7943
              ],
              [
                -4.9602,
                51.796
              ],
              [
                -4.9594,
                51.7964
              ],
              [
                -4.9619,
                51.7984
              ],
              [
                -4.9632,
                51.7984
              ],
              [
                -4.9633,
                51.7987
              ],
              [
                -4.9619,
                51.7989
              ],
              [
                -4.9566,
                51.7963
              ],
              [
                -4.955,
                51.7934
              ],
              [
                -4.9507,
                51.79
              ],
              [
                -4.9403,
                51.7889
              ],
              [
                -4.9411,
                51.7863
              ],
              [
                -4.9345,
                51.7842
              ],
              [
                -4.9431,
                51.7758
              ],
              [
                -4.9395,
                51.767
              ],
              [
                -4.9225,
                51.7749
              ],
              [
                -4.9085,
                51.7733
              ],
              [
                -4.9093,
                51.7884
              ],
              [
                -4.9079,
                51.7761
              ],
              [
                -4.9001,
                51.7709
              ],
              [
                -4.896,
                51.7682
              ],
              [
                -4.8835,
                51.7754
              ],
              [
                -4.8746,
                51.7752
              ],
              [
                -4.8652,
                51.7851
              ],
              [
                -4.8092,
                51.7969
              ],
              [
                -4.8641,
                51.7837
              ],
              [
                -4.8712,
                51.7693
              ],
              [
                -4.8732,
                51.7722
              ],
              [
                -4.8881,
                51.7672
              ],
              [
                -4.8896,
                51.7635
              ],
              [
                -4.8804,
                51.7602
              ],
              [
                -4.8902,
                51.7603
              ],
              [
                -4.8941,
                51.7542
              ],
              [
                -4.8967,
                51.7403
              ],
              [
                -4.8688,
                51.7332
              ],
              [
                -4.8831,
                51.7321
              ],
              [
                -4.8841,
                51.7193
              ],
              [
                -4.8748,
                51.7193
              ],
              [
                -4.8696,
                51.7239
              ],
              [
                -4.8561,
                51.7225
              ],
              [
                -4.8554,
                51.725
              ],
              [
                -4.8403,
                51.7257
              ],
              [
                -4.8347,
                51.7237
              ],
              [
                -4.8255,
                51.7254
              ],
              [
                -4.8242,
                51.7286
              ],
              [
                -4.8249,
                51.7245
              ],
              [
                -4.8314,
                51.7239
              ],
              [
                -4.8388,
                51.7227
              ],
              [
                -4.8401,
                51.723
              ],
              [
                -4.848,
                51.7222
              ],
              [
                -4.8501,
                51.7203
              ],
              [
                -4.8462,
                51.7185
              ],
              [
                -4.8512,
                51.7172
              ],
              [
                -4.8502,
                51.7202
              ],
              [
                -4.8539,
                51.7204
              ],
              [
                -4.852,
                51.7178
              ],
              [
                -4.8548,
                51.7202
              ],
              [
                -4.8535,
                51.7165
              ],
              [
                -4.8559,
                51.7202
              ],
              [
                -4.858,
                51.7176
              ],
              [
                -4.8611,
                51.7197
              ],
              [
                -4.8477,
                51.7082
              ],
              [
                -4.8409,
                51.7081
              ],
              [
                -4.8493,
                51.7055
              ],
              [
                -4.8455,
                51.7013
              ],
              [
                -4.8265,
                51.6994
              ],
              [
                -4.8433,
                51.6997
              ],
              [
                -4.8389,
                51.6942
              ],
              [
                -4.8461,
                51.6974
              ],
              [
                -4.8457,
                51.7006
              ],
              [
                -4.8527,
                51.6952
              ],
              [
                -4.8512,
                51.698
              ],
              [
                -4.8487,
                51.7025
              ],
              [
                -4.857,
                51.7077
              ],
              [
                -4.8609,
                51.7061
              ],
              [
                -4.8577,
                51.7079
              ],
              [
                -4.8641,
                51.7146
              ],
              [
                -4.8841,
                51.7167
              ],
              [
                -4.8911,
                51.706
              ],
              [
                -4.896,
                51.7067
              ],
              [
                -4.9046,
                51.7078
              ],
              [
                -4.9186,
                51.6986
              ],
              [
                -4.8952,
                51.6944
              ],
              [
                -4.8896,
                51.6934
              ],
              [
                -4.8952,
                51.6938
              ],
              [
                -4.9074,
                51.6946
              ],
              [
                -4.9128,
                51.6926
              ],
              [
                -4.9142,
                51.692
              ],
              [
                -4.9171,
                51.6941
              ],
              [
                -4.9195,
                51.6922
              ],
              [
                -4.9205,
                51.7007
              ],
              [
                -4.9313,
                51.7046
              ],
              [
                -4.942,
                51.6997
              ],
              [
                -4.9426,
                51.6994
              ],
              [
                -4.9432,
                51.6954
              ],
              [
                -4.9476,
                51.6962
              ],
              [
                -4.9482,
                51.6963
              ],
              [
                -4.9581,
                51.6992
              ],
              [
                -4.9602,
                51.6931
              ],
              [
                -4.9683,
                51.6894
              ],
              [
                -4.9684,
                51.6894
              ],
              [
                -4.9761,
                51.6872
              ],
              [
                -4.9755,
                51.6868
              ],
              [
                -4.9535,
                51.6812
              ],
              [
                -4.9454,
                51.6802
              ],
              [
                -4.9445,
                51.6822
              ],
              [
                -4.9395,
                51.6799
              ],
              [
                -4.9302,
                51.6821
              ],
              [
                -4.9219,
                51.6788
              ],
              [
                -4.9239,
                51.6789
              ],
              [
                -4.936,
                51.6795
              ],
              [
                -4.9364,
                51.6717
              ],
              [
                -4.9367,
                51.6721
              ],
              [
                -4.941,
                51.6775
              ],
              [
                -4.9644,
                51.6765
              ],
              [
                -4.9745,
                51.6718
              ],
              [
                -4.9755,
                51.6743
              ],
              [
                -4.9817,
                51.6741
              ],
              [
                -4.9786,
                51.6777
              ],
              [
                -4.9862,
                51.684
              ],
              [
                -4.986,
                51.6841
              ],
              [
                -4.9863,
                51.6841
              ],
              [
                -4.9854,
                51.6843
              ],
              [
                -4.9799,
                51.6865
              ],
              [
                -4.9813,
                51.6892
              ],
              [
                -5.0045,
                51.6897
              ],
              [
                -5.0074,
                51.6873
              ],
              [
                -5.0094,
                51.6902
              ],
              [
                -5.0188,
                51.6927
              ],
              [
                -5.04,
                51.6944
              ],
              [
                -5.0511,
                51.6939
              ],
              [
                -5.0566,
                51.6878
              ],
              [
                -5.0446,
                51.6848
              ],
              [
                -5.0423,
                51.6811
              ],
              [
                -5.0454,
                51.6767
              ],
              [
                -5.0512,
                51.676
              ],
              [
                -5.0783,
                51.6792
              ],
              [
                -5.0867,
                51.6844
              ],
              [
                -5.0756,
                51.6871
              ],
              [
                -5.0798,
                51.6898
              ],
              [
                -5.1139,
                51.692
              ],
              [
                -5.1067,
                51.6862
              ],
              [
                -5.125,
                51.6822
              ],
              [
                -5.1174,
                51.6747
              ],
              [
                -5.1225,
                51.6718
              ],
              [
                -5.1198,
                51.6723
              ],
              [
                -5.1134,
                51.6742
              ],
              [
                -5.1007,
                51.6672
              ],
              [
                -5.0947,
                51.6686
              ],
              [
                -5.0851,
                51.6655
              ],
              [
                -5.0772,
                51.6647
              ],
              [
                -5.067,
                51.6645
              ],
              [
                -5.0614,
                51.6588
              ],
              [
                -5.0599,
                51.6573
              ],
              [
                -5.0499,
                51.6378
              ],
              [
                -5.0509,
                51.633
              ],
              [
                -5.0614,
                51.6297
              ],
              [
                -5.0619,
                51.6293
              ],
              [
                -5.0593,
                51.6206
              ],
              [
                -5.0328,
                51.6181
              ],
              [
                -5.0076,
                51.6086
              ],
              [
                -4.9931,
                51.6125
              ],
              [
                -4.9916,
                51.6114
              ],
              [
                -4.9897,
                51.6118
              ],
              [
                -4.9894,
                51.6129
              ],
              [
                -4.988,
                51.6121
              ],
              [
                -4.9874,
                51.6122
              ],
              [
                -4.983,
                51.6092
              ],
              [
                -4.9754,
                51.6104
              ],
              [
                -4.9735,
                51.6061
              ],
              [
                -4.9561,
                51.6038
              ],
              [
                -4.9483,
                51.597
              ],
              [
                -4.9423,
                51.5973
              ],
              [
                -4.942,
                51.5993
              ],
              [
                -4.9263,
                51.5961
              ],
              [
                -4.9231,
                51.6114
              ],
              [
                -4.9173,
                51.6083
              ],
              [
                -4.9136,
                51.6106
              ],
              [
                -4.912,
                51.6106
              ],
              [
                -4.9084,
                51.613
              ],
              [
                -4.8971,
                51.6103
              ],
              [
                -4.8966,
                51.6103
              ],
              [
                -4.9041,
                51.6172
              ],
              [
                -4.9019,
                51.6189
              ],
              [
                -4.8983,
                51.6245
              ],
              [
                -4.8987,
                51.6272
              ],
              [
                -4.8912,
                51.6308
              ],
              [
                -4.8902,
                51.6314
              ],
              [
                -4.8796,
                51.6321
              ],
              [
                -4.8771,
                51.6371
              ],
              [
                -4.8631,
                51.638
              ],
              [
                -4.8675,
                51.641
              ],
              [
                -4.8608,
                51.6471
              ],
              [
                -4.8451,
                51.6454
              ],
              [
                -4.8448,
                51.6454
              ],
              [
                -4.8425,
                51.6453
              ],
              [
                -4.8333,
                51.6469
              ],
              [
                -4.8315,
                51.648
              ],
              [
                -4.824,
                51.6425
              ],
              [
                -4.8238,
                51.6425
              ],
              [
                -4.8128,
                51.6452
              ],
              [
                -4.804,
                51.6432
              ],
              [
                -4.8062,
                51.639
              ],
              [
                -4.7918,
                51.6391
              ],
              [
                -4.781,
                51.6349
              ],
              [
                -4.7751,
                51.6399
              ],
              [
                -4.777,
                51.6424
              ],
              [
                -4.7715,
                51.6428
              ],
              [
                -4.7697,
                51.6443
              ],
              [
                -4.7559,
                51.644
              ],
              [
                -4.7613,
                51.6468
              ],
              [
                -4.7601,
                51.6514
              ],
              [
                -4.7597,
                51.6514
              ],
              [
                -4.7553,
                51.6521
              ],
              [
                -4.7513,
                51.6537
              ],
              [
                -4.7467,
                51.6534
              ],
              [
                -4.742,
                51.6541
              ],
              [
                -4.7208,
                51.6515
              ],
              [
                -4.7111,
                51.6521
              ],
              [
                -4.7111,
                51.6522
              ],
              [
                -4.716,
                51.6543
              ],
              [
                -4.7144,
                51.6587
              ],
              [
                -4.7001,
                51.6677
              ],
              [
                -4.6934,
                51.6719
              ],
              [
                -4.6938,
                51.6721
              ],
              [
                -4.7008,
                51.6734
              ],
              [
                -4.7008,
                51.6735
              ],
              [
                -4.6971,
                51.6863
              ],
              [
                -4.6811,
                51.6973
              ],
              [
                -4.6807,
                51.6977
              ],
              [
                -4.6878,
                51.6989
              ],
              [
                -4.6951,
                51.7066
              ],
              [
                -4.6954,
                51.7069
              ],
              [
                -4.6979,
                51.7111
              ],
              [
                -4.6864,
                51.7224
              ],
              [
                -4.6848,
                51.723
              ],
              [
                -4.6611,
                51.7316
              ],
              [
                -4.6335,
                51.7351
              ],
              [
                -4.6354,
                51.74
              ],
              [
                -4.6272,
                51.7507
              ],
              [
                -4.6306,
                51.7568
              ],
              [
                -4.6226,
                51.7681
              ],
              [
                -4.6262,
                51.7716
              ],
              [
                -4.6351,
                51.7705
              ],
              [
                -4.6454,
                51.7784
              ],
              [
                -4.6341,
                51.785
              ],
              [
                -4.6444,
                51.7976
              ],
              [
                -4.6194,
                51.8069
              ],
              [
                -4.6171,
                51.8119
              ],
              [
                -4.6433,
                51.8248
              ],
              [
                -4.644,
                51.8305
              ],
              [
                -4.6823,
                51.8375
              ],
              [
                -4.6842,
                51.8396
              ],
              [
                -4.7042,
                51.8391
              ],
              [
                -4.7085,
                51.8453
              ],
              [
                -4.7044,
                51.8516
              ],
              [
                -4.7002,
                51.8511
              ],
              [
                -4.7017,
                51.8547
              ],
              [
                -4.6949,
                51.857
              ],
              [
                -4.7067,
                51.8889
              ],
              [
                -4.7176,
                51.8883
              ],
              [
                -4.7151,
                51.8917
              ],
              [
                -4.7231,
                51.8957
              ],
              [
                -4.7135,
                51.8992
              ],
              [
                -4.7126,
                51.908
              ],
              [
                -4.7178,
                51.9124
              ],
              [
                -4.7048,
                51.9205
              ],
              [
                -4.6733,
                51.9284
              ],
              [
                -4.6679,
                51.9341
              ],
              [
                -4.6603,
                51.9269
              ],
              [
                -4.6356,
                51.9186
              ],
              [
                -4.6291,
                51.922
              ],
              [
                -4.6267,
                51.9289
              ],
              [
                -4.6128,
                51.9318
              ],
              [
                -4.5999,
                51.9409
              ],
              [
                -4.5878,
                51.9318
              ],
              [
                -4.5695,
                51.935
              ],
              [
                -4.5599,
                51.9469
              ],
              [
                -4.5414,
                51.9566
              ],
              [
                -4.5327,
                51.9544
              ],
              [
                -4.4933,
                51.9613
              ],
              [
                -4.4856,
                51.9757
              ],
              [
                -4.4871,
                51.9887
              ],
              [
                -4.4939,
                51.9925
              ],
              [
                -4.5123,
                51.9949
              ],
              [
                -4.523,
                52.0112
              ],
              [
                -4.5354,
                52.0178
              ],
              [
                -4.5464,
                52.019
              ],
              [
                -4.5512,
                52.038
              ],
              [
                -4.5597,
                52.0437
              ]
            ]
          ],
          [
            [
              [
                -5.2814,
                51.7411
              ],
              [
                -5.2997,
                51.7449
              ],
              [
                -5.3097,
                51.7411
              ],
              [
                -5.3128,
                51.7388
              ],
              [
                -5.3114,
                51.7346
              ],
              [
                -5.3087,
                51.7325
              ],
              [
                -5.2939,
                51.7314
              ],
              [
                -5.2969,
                51.7304
              ],
              [
                -5.2985,
                51.7294
              ],
              [
                -5.293,
                51.7283
              ],
              [
                -5.2814,
                51.7367
              ],
              [
                -5.2802,
                51.7317
              ],
              [
                -5.2788,
                51.7345
              ],
              [
                -5.2694,
                51.7347
              ],
              [
                -5.2709,
                51.7356
              ],
              [
                -5.276,
                51.7386
              ],
              [
                -5.2804,
                51.7374
              ],
              [
                -5.2806,
                51.7373
              ],
              [
                -5.2806,
                51.7374
              ],
              [
                -5.2813,
                51.7372
              ],
              [
                -5.2814,
                51.7411
              ]
            ]
          ],
          [
            [
              [
                -5.3316,
                51.8628
              ],
              [
                -5.3314,
                51.8645
              ],
              [
                -5.3353,
                51.8693
              ],
              [
                -5.3298,
                51.8777
              ],
              [
                -5.3385,
                51.8791
              ],
              [
                -5.3482,
                51.8761
              ],
              [
                -5.342,
                51.8691
              ],
              [
                -5.3526,
                51.8664
              ],
              [
                -5.3533,
                51.8638
              ],
              [
                -5.3499,
                51.8577
              ],
              [
                -5.3482,
                51.8579
              ],
              [
                -5.3424,
                51.8586
              ],
              [
                -5.3424,
                51.8584
              ],
              [
                -5.3421,
                51.8584
              ],
              [
                -5.3423,
                51.8537
              ],
              [
                -5.3387,
                51.8559
              ],
              [
                -5.3333,
                51.8537
              ],
              [
                -5.3316,
                51.8628
              ]
            ]
          ],
          [
            [
              [
                -4.7022,
                51.6423
              ],
              [
                -4.7095,
                51.6422
              ],
              [
                -4.7013,
                51.6384
              ],
              [
                -4.7032,
                51.6327
              ],
              [
                -4.6987,
                51.6333
              ],
              [
                -4.6944,
                51.6345
              ],
              [
                -4.6845,
                51.6301
              ],
              [
                -4.6775,
                51.6353
              ],
              [
                -4.6746,
                51.6377
              ],
              [
                -4.6817,
                51.6418
              ],
              [
                -4.6938,
                51.6397
              ],
              [
                -4.7022,
                51.6423
              ]
            ]
          ],
          [
            [
              [
                -5.2719,
                51.6957
              ],
              [
                -5.2701,
                51.6959
              ],
              [
                -5.2705,
                51.6993
              ],
              [
                -5.2646,
                51.7018
              ],
              [
                -5.2736,
                51.7034
              ],
              [
                -5.2793,
                51.701
              ],
              [
                -5.2893,
                51.6963
              ],
              [
                -5.2882,
                51.6935
              ],
              [
                -5.2719,
                51.6957
              ]
            ]
          ],
          [
            [
              [
                -5.3348,
                51.8512
              ],
              [
                -5.3387,
                51.8508
              ],
              [
                -5.3417,
                51.8473
              ],
              [
                -5.3348,
                51.8512
              ]
            ]
          ],
          [
            [
              [
                -5.3899,
                51.8784
              ],
              [
                -5.389,
                51.8802
              ],
              [
                -5.3955,
                51.878
              ],
              [
                -5.3899,
                51.8784
              ]
            ]
          ],
          [
            [
              [
                -5.3838,
                51.9035
              ],
              [
                -5.388,
                51.9031
              ],
              [
                -5.3904,
                51.9007
              ],
              [
                -5.3838,
                51.9035
              ]
            ]
          ],
          [
            [
              [
                -5.2635,
                51.736
              ],
              [
                -5.2664,
                51.7343
              ],
              [
                -5.2667,
                51.7339
              ],
              [
                -5.2629,
                51.7338
              ],
              [
                -5.2635,
                51.736
              ]
            ]
          ],
          [
            [
              [
                -5.4787,
                51.7323
              ],
              [
                -5.4821,
                51.7303
              ],
              [
                -5.482,
                51.7302
              ],
              [
                -5.4803,
                51.7299
              ],
              [
                -5.4787,
                51.7323
              ]
            ]
          ],
          [
            [
              [
                -5.3814,
                51.8819
              ],
              [
                -5.3848,
                51.8808
              ],
              [
                -5.3847,
                51.8799
              ],
              [
                -5.3814,
                51.8819
              ]
            ]
          ],
          [
            [
              [
                -5.3912,
                51.8999
              ],
              [
                -5.3913,
                51.9008
              ],
              [
                -5.3943,
                51.8989
              ],
              [
                -5.3912,
                51.8999
              ]
            ]
          ],
          [
            [
              [
                -5.3329,
                51.8532
              ],
              [
                -5.3328,
                51.8537
              ],
              [
                -5.3341,
                51.8532
              ],
              [
                -5.3336,
                51.8522
              ],
              [
                -5.3333,
                51.852
              ],
              [
                -5.3329,
                51.8532
              ]
            ]
          ],
          [
            [
              [
                -5.3957,
                51.8623
              ],
              [
                -5.3986,
                51.8631
              ],
              [
                -5.3982,
                51.8623
              ],
              [
                -5.3968,
                51.8622
              ],
              [
                -5.3957,
                51.8623
              ]
            ]
          ],
          [
            [
              [
                -5.2012,
                51.8587
              ],
              [
                -5.2011,
                51.859
              ],
              [
                -5.2016,
                51.8591
              ],
              [
                -5.2033,
                51.8585
              ],
              [
                -5.2027,
                51.8584
              ],
              [
                -5.2012,
                51.8587
              ]
            ]
          ],
          [
            [
              [
                -4.7176,
                51.6428
              ],
              [
                -4.7199,
                51.6428
              ],
              [
                -4.7198,
                51.6428
              ],
              [
                -4.7186,
                51.6424
              ],
              [
                -4.7176,
                51.6428
              ]
            ]
          ]
        ]
      },
      "properties": {
        "slot_id": "gas_emissions_6",
        "lineage_id": "LOCAL-NEW-92271296-1318-4c0c-a293-d0d4ebc2d06b",
        "page_generation": 1,
        "semantic_mode": "AREA_JOIN",
        "partition": {
          "start": 76904,
          "end": 92283,
          "count": 15380
        },
        "evidence_scope": "coverage_area",
        "coverage_area_id": "W06000009",
        "coverage_area_name": "Pembrokeshire",
        "coverage_area_identifier_scheme": "ONS_GSS_LTLA16",
        "boundary_vintage": "2016",
        "source_area_record": true,
        "accepted_parcel_record": false,
        "spatial_binding_method": "OFFICIAL_POLYGON_AND_EXACT_IDENTIFIER",
        "source_window_record_index": 1,
        "source_url": "https://raw.githubusercontent.com/ONSdigital/uk-topojson/main/input/ltla16-bsc.json",
        "final_url": "https://raw.githubusercontent.com/ONSdigital/uk-topojson/main/input/ltla16-bsc.json",
        "source_access_utc": "2026-10-01T20:02:00Z",
        "source_blob_sha": "14193625387a0640e20a6b7ba88e24670ab8ce82",
        "source_file_sha256": "748d24014abfa9c5cfaf5a0ab7ffb2a1442da0809f17dd50293b89db7c789069",
        "field_evidence": {
          "areacd": "W06000009",
          "areanm": "Pembrokeshire",
          "geometry_type": "MultiPolygon"
        },
        "evidence_slice_sha256": "151145cfa9ef6fc2b11803b43e73aed1c172e0bd5c708aa14d823dcf48dc9230",
        "confidence_score_0_100": 95,
        "evidence_grade": "A",
        "licence": "ONS Geography licensing terms / Open Government Licence v3.0",
        "licence_evidence_url": "https://www.ons.gov.uk/methodology/geography/licences",
        "fake_data": false,
        "local_spatial_join_status": "DEFERRED_TO_LOCAL_OPENCODE"
      }
    },
    {
      "type": "Feature",
      "id": "W06000010",
      "geometry": {
        "type": "MultiPolygon",
        "coordinates": [
          [
            [
              [
                -3.7581,
                52.1282
              ],
              [
                -3.7646,
                52.1241
              ],
              [
                -3.7657,
                52.1182
              ],
              [
                -3.7741,
                52.1166
              ],
              [
                -3.7763,
                52.1071
              ],
              [
                -3.7833,
                52.1076
              ],
              [
                -3.7861,
                52.1045
              ],
              [
                -3.7879,
                52.1082
              ],
              [
                -3.797,
                52.1109
              ],
              [
                -3.7944,
                52.1171
              ],
              [
                -3.8002,
                52.1162
              ],
              [
                -3.8063,
                52.1217
              ],
              [
                -3.812,
                52.1205
              ],
              [
                -3.8228,
                52.1243
              ],
              [
                -3.8307,
                52.1316
              ],
              [
                -3.8472,
                52.1376
              ],
              [
                -3.8601,
                52.1422
              ],
              [
                -3.8716,
                52.1412
              ],
              [
                -3.8978,
                52.1222
              ],
              [
                -3.9043,
                52.1228
              ],
              [
                -3.9067,
                52.1198
              ],
              [
                -3.9175,
                52.1271
              ],
              [
                -3.931,
                52.1274
              ],
              [
                -3.9405,
                52.1384
              ],
              [
                -3.9696,
                52.123
              ],
              [
                -3.9786,
                52.1143
              ],
              [
                -3.9958,
                52.1119
              ],
              [
                -4.0003,
                52.1043
              ],
              [
                -4.0187,
                52.097
              ],
              [
                -4.0554,
                52.1126
              ],
              [
                -4.0597,
                52.1136
              ],
              [
                -4.07,
                52.107
              ],
              [
                -4.0788,
                52.1086
              ],
              [
                -4.077,
                52.1053
              ],
              [
                -4.0828,
                52.1051
              ],
              [
                -4.0823,
                52.1027
              ],
              [
                -4.0877,
                52.1052
              ],
              [
                -4.1,
                52.096
              ],
              [
                -4.1187,
                52.0966
              ],
              [
                -4.1192,
                52.0922
              ],
              [
                -4.1282,
                52.0913
              ],
              [
                -4.1371,
                52.0957
              ],
              [
                -4.1546,
                52.0864
              ],
              [
                -4.1587,
                52.0869
              ],
              [
                -4.1474,
                52.0806
              ],
              [
                -4.1584,
                52.0813
              ],
              [
                -4.1612,
                52.0758
              ],
              [
                -4.1664,
                52.0745
              ],
              [
                -4.1617,
                52.0715
              ],
              [
                -4.1641,
                52.0681
              ],
              [
                -4.1715,
                52.0677
              ],
              [
                -4.1809,
                52.0622
              ],
              [
                -4.1929,
                52.0593
              ],
              [
                -4.1964,
                52.0647
              ],
              [
                -4.2028,
                52.0635
              ],
              [
                -4.2069,
                52.0575
              ],
              [
                -4.2131,
                52.058
              ],
              [
                -4.2142,
                52.0512
              ],
              [
                -4.2283,
                52.0493
              ],
              [
                -4.2302,
                52.0396
              ],
              [
                -4.2348,
                52.0382
              ],
              [
                -4.2411,
                52.041
              ],
              [
                -4.2547,
                52.0377
              ],
              [
                -4.2827,
                52.0399
              ],
              [
                -4.2907,
                52.0439
              ],
              [
                -4.2854,
                52.0502
              ],
              [
                -4.2884,
                52.0527
              ],
              [
                -4.3025,
                52.0496
              ],
              [
                -4.3044,
                52.0393
              ],
              [
                -4.3166,
                52.0372
              ],
              [
                -4.3302,
                52.0376
              ],
              [
                -4.3348,
                52.0413
              ],
              [
                -4.3381,
                52.0321
              ],
              [
                -4.3464,
                52.031
              ],
              [
                -4.3506,
                52.0267
              ],
              [
                -4.3658,
                52.0286
              ],
              [
                -4.3653,
                52.0346
              ],
              [
                -4.3814,
                52.0367
              ],
              [
                -4.3849,
                52.04
              ],
              [
                -4.3985,
                52.0346
              ],
              [
                -4.4023,
                52.0388
              ],
              [
                -4.4105,
                52.0385
              ],
              [
                -4.4111,
                52.0418
              ],
              [
                -4.4194,
                52.0383
              ],
              [
                -4.4352,
                52.0436
              ],
              [
                -4.4434,
                52.0418
              ],
              [
                -4.4497,
                52.044
              ],
              [
                -4.4636,
                52.0365
              ],
              [
                -4.4669,
                52.0381
              ],
              [
                -4.4595,
                52.04
              ],
              [
                -4.4749,
                52.039
              ],
              [
                -4.481,
                52.047
              ],
              [
                -4.4875,
                52.0491
              ],
              [
                -4.5019,
                52.0426
              ],
              [
                -4.5154,
                52.047
              ],
              [
                -4.5356,
                52.0443
              ],
              [
                -4.5411,
                52.0521
              ],
              [
                -4.5449,
                52.0442
              ],
              [
                -4.5597,
                52.0437
              ],
              [
                -4.5512,
                52.038
              ],
              [
                -4.5464,
                52.019
              ],
              [
                -4.5354,
                52.0178
              ],
              [
                -4.523,
                52.0112
              ],
              [
                -4.5123,
                51.9949
              ],
              [
                -4.4939,
                51.9925
              ],
              [
                -4.4871,
                51.9887
              ],
              [
                -4.4856,
                51.9757
              ],
              [
                -4.4933,
                51.9613
              ],
              [
                -4.5327,
                51.9544
              ],
              [
                -4.5414,
                51.9566
              ],
              [
                -4.5599,
                51.9469
              ],
              [
                -4.5695,
                51.935
              ],
              [
                -4.5878,
                51.9318
              ],
              [
                -4.5999,
                51.9409
              ],
              [
                -4.6128,
                51.9318
              ],
              [
                -4.6267,
                51.9289
              ],
              [
                -4.6291,
                51.922
              ],
              [
                -4.6356,
                51.9186
              ],
              [
                -4.6603,
                51.9269
              ],
              [
                -4.6679,
                51.9341
              ],
              [
                -4.6733,
                51.9284
              ],
              [
                -4.7048,
                51.9205
              ],
              [
                -4.7178,
                51.9124
              ],
              [
                -4.7126,
                51.908
              ],
              [
                -4.7135,
                51.8992
              ],
              [
                -4.7231,
                51.8957
              ],
              [
                -4.7151,
                51.8917
              ],
              [
                -4.7176,
                51.8883
              ],
              [
                -4.7067,
                51.8889
              ],
              [
                -4.6949,
                51.857
              ],
              [
                -4.7017,
                51.8547
              ],
              [
                -4.7002,
                51.8511
              ],
              [
                -4.7044,
                51.8516
              ],
              [
                -4.7085,
                51.8453
              ],
              [
                -4.7042,
                51.8391
              ],
              [
                -4.6842,
                51.8396
              ],
              [
                -4.6823,
                51.8375
              ],
              [
                -4.644,
                51.8305
              ],
              [
                -4.6433,
                51.8248
              ],
              [
                -4.6171,
                51.8119
              ],
              [
                -4.6194,
                51.8069
              ],
              [
                -4.6444,
                51.7976
              ],
              [
                -4.6341,
                51.785
              ],
              [
                -4.6454,
                51.7784
              ],
              [
                -4.6351,
                51.7705
              ],
              [
                -4.6262,
                51.7716
              ],
              [
                -4.6226,
                51.7681
              ],
              [
                -4.6306,
                51.7568
              ],
              [
                -4.6272,
                51.7507
              ],
              [
                -4.6354,
                51.74
              ],
              [
                -4.6335,
                51.7351
              ],
              [
                -4.6328,
                51.7352
              ],
              [
                -4.6287,
                51.7338
              ],
              [
                -4.6108,
                51.7381
              ],
              [
                -4.6083,
                51.7378
              ],
              [
                -4.5787,
                51.7343
              ],
              [
                -4.5592,
                51.742
              ],
              [
                -4.4628,
                51.7317
              ],
              [
                -4.4457,
                51.7335
              ],
              [
                -4.42,
                51.7425
              ],
              [
                -4.4177,
                51.7452
              ],
              [
                -4.4303,
                51.7479
              ],
              [
                -4.4248,
                51.7487
              ],
              [
                -4.4391,
                51.7532
              ],
              [
                -4.4443,
                51.759
              ],
              [
                -4.4429,
                51.7556
              ],
              [
                -4.4463,
                51.757
              ],
              [
                -4.445,
                51.7594
              ],
              [
                -4.4493,
                51.7581
              ],
              [
                -4.448,
                51.761
              ],
              [
                -4.459,
                51.7605
              ],
              [
                -4.4556,
                51.7627
              ],
              [
                -4.4628,
                51.769
              ],
              [
                -4.4596,
                51.768
              ],
              [
                -4.4481,
                51.7811
              ],
              [
                -4.4584,
                51.7882
              ],
              [
                -4.4716,
                51.7893
              ],
              [
                -4.4801,
                51.7945
              ],
              [
                -4.4802,
                51.7951
              ],
              [
                -4.4804,
                51.7952
              ],
              [
                -4.4814,
                51.7997
              ],
              [
                -4.4951,
                51.8047
              ],
              [
                -4.4953,
                51.8051
              ],
              [
                -4.4952,
                51.8052
              ],
              [
                -4.4936,
                51.8067
              ],
              [
                -4.4961,
                51.8094
              ],
              [
                -4.4957,
                51.8096
              ],
              [
                -4.4931,
                51.8067
              ],
              [
                -4.4949,
                51.8049
              ],
              [
                -4.4812,
                51.8001
              ],
              [
                -4.4788,
                51.7942
              ],
              [
                -4.4687,
                51.7896
              ],
              [
                -4.4626,
                51.7894
              ],
              [
                -4.4553,
                51.7898
              ],
              [
                -4.4552,
                51.79
              ],
              [
                -4.4566,
                51.7925
              ],
              [
                -4.4574,
                51.7972
              ],
              [
                -4.4572,
                51.7973
              ],
              [
                -4.4514,
                51.7992
              ],
              [
                -4.4533,
                51.8019
              ],
              [
                -4.4512,
                51.7991
              ],
              [
                -4.4571,
                51.7972
              ],
              [
                -4.4535,
                51.7967
              ],
              [
                -4.4562,
                51.7926
              ],
              [
                -4.4507,
                51.7947
              ],
              [
                -4.4546,
                51.7885
              ],
              [
                -4.4422,
                51.7841
              ],
              [
                -4.4384,
                51.7794
              ],
              [
                -4.4408,
                51.7738
              ],
              [
                -4.4353,
                51.7793
              ],
              [
                -4.4375,
                51.7732
              ],
              [
                -4.4489,
                51.7702
              ],
              [
                -4.4352,
                51.7634
              ],
              [
                -4.4266,
                51.7637
              ],
              [
                -4.4038,
                51.7572
              ],
              [
                -4.3881,
                51.7652
              ],
              [
                -4.3767,
                51.7757
              ],
              [
                -4.3739,
                51.7852
              ],
              [
                -4.3634,
                51.7964
              ],
              [
                -4.3562,
                51.7952
              ],
              [
                -4.3412,
                51.8002
              ],
              [
                -4.3341,
                51.7987
              ],
              [
                -4.3269,
                51.8009
              ],
              [
                -4.3224,
                51.8119
              ],
              [
                -4.3196,
                51.8189
              ],
              [
                -4.3229,
                51.8219
              ],
              [
                -4.3283,
                51.8266
              ],
              [
                -4.329,
                51.8288
              ],
              [
                -4.3234,
                51.8312
              ],
              [
                -4.3232,
                51.8313
              ],
              [
                -4.318,
                51.8335
              ],
              [
                -4.3226,
                51.8369
              ],
              [
                -4.3219,
                51.8383
              ],
              [
                -4.3149,
                51.838
              ],
              [
                -4.3131,
                51.8399
              ],
              [
                -4.3186,
                51.8419
              ],
              [
                -4.3192,
                51.8421
              ],
              [
                -4.3188,
                51.8423
              ],
              [
                -4.3157,
                51.8439
              ],
              [
                -4.3165,
                51.848
              ],
              [
                -4.3171,
                51.8509
              ],
              [
                -4.3155,
                51.8518
              ],
              [
                -4.315,
                51.8517
              ],
              [
                -4.3148,
                51.8516
              ],
              [
                -4.3151,
                51.8514
              ],
              [
                -4.3163,
                51.8505
              ],
              [
                -4.316,
                51.8491
              ],
              [
                -4.3149,
                51.8437
              ],
              [
                -4.3185,
                51.8421
              ],
              [
                -4.3123,
                51.8405
              ],
              [
                -4.3146,
                51.8369
              ],
              [
                -4.3217,
                51.8371
              ],
              [
                -4.3172,
                51.8338
              ],
              [
                -4.3169,
                51.8336
              ],
              [
                -4.3157,
                51.8341
              ],
              [
                -4.3233,
                51.8292
              ],
              [
                -4.3272,
                51.8268
              ],
              [
                -4.323,
                51.8231
              ],
              [
                -4.3182,
                51.8189
              ],
              [
                -4.3222,
                51.8071
              ],
              [
                -4.324,
                51.8016
              ],
              [
                -4.3252,
                51.8011
              ],
              [
                -4.3252,
                51.801
              ],
              [
                -4.3267,
                51.8004
              ],
              [
                -4.3368,
                51.7962
              ],
              [
                -4.3435,
                51.7969
              ],
              [
                -4.3586,
                51.7873
              ],
              [
                -4.3596,
                51.7893
              ],
              [
                -4.3661,
                51.7873
              ],
              [
                -4.3632,
                51.7762
              ],
              [
                -4.3721,
                51.768
              ],
              [
                -4.376,
                51.7556
              ],
              [
                -4.3754,
                51.7471
              ],
              [
                -4.3643,
                51.7372
              ],
              [
                -4.326,
                51.7357
              ],
              [
                -4.3259,
                51.7357
              ],
              [
                -4.3216,
                51.7345
              ],
              [
                -4.3205,
                51.7385
              ],
              [
                -4.3186,
                51.7372
              ],
              [
                -4.3178,
                51.7367
              ],
              [
                -4.3088,
                51.7375
              ],
              [
                -4.3185,
                51.7364
              ],
              [
                -4.3186,
                51.7364
              ],
              [
                -4.325,
                51.7319
              ],
              [
                -4.3201,
                51.7284
              ],
              [
                -4.325,
                51.7297
              ],
              [
                -4.3196,
                51.7273
              ],
              [
                -4.3223,
                51.7266
              ],
              [
                -4.318,
                51.7266
              ],
              [
                -4.3148,
                51.7265
              ],
              [
                -4.3111,
                51.7264
              ],
              [
                -4.302,
                51.7262
              ],
              [
                -4.3033,
                51.7232
              ],
              [
                -4.3058,
                51.725
              ],
              [
                -4.3066,
                51.7255
              ],
              [
                -4.3064,
                51.7248
              ],
              [
                -4.3056,
                51.7226
              ],
              [
                -4.3091,
                51.7241
              ],
              [
                -4.3098,
                51.7214
              ],
              [
                -4.3095,
                51.7243
              ],
              [
                -4.309,
                51.7245
              ],
              [
                -4.315,
                51.7263
              ],
              [
                -4.3179,
                51.7245
              ],
              [
                -4.319,
                51.7239
              ],
              [
                -4.3179,
                51.7239
              ],
              [
                -4.3126,
                51.7237
              ],
              [
                -4.3179,
                51.7233
              ],
              [
                -4.3181,
                51.7233
              ],
              [
                -4.3179,
                51.7232
              ],
              [
                -4.3122,
                51.7215
              ],
              [
                -4.3178,
                51.7215
              ],
              [
                -4.3181,
                51.7217
              ],
              [
                -4.3218,
                51.7246
              ],
              [
                -4.3222,
                51.7231
              ],
              [
                -4.3202,
                51.723
              ],
              [
                -4.3227,
                51.7211
              ],
              [
                -4.3176,
                51.7181
              ],
              [
                -4.3165,
                51.7175
              ],
              [
                -4.3176,
                51.7179
              ],
              [
                -4.3202,
                51.719
              ],
              [
                -4.32,
                51.7178
              ],
              [
                -4.3227,
                51.7166
              ],
              [
                -4.3207,
                51.7185
              ],
              [
                -4.3233,
                51.7209
              ],
              [
                -4.3241,
                51.7214
              ],
              [
                -4.3241,
                51.7213
              ],
              [
                -4.3262,
                51.719
              ],
              [
                -4.3247,
                51.7223
              ],
              [
                -4.3241,
                51.7217
              ],
              [
                -4.324,
                51.7229
              ],
              [
                -4.3232,
                51.7229
              ],
              [
                -4.3222,
                51.7236
              ],
              [
                -4.3255,
                51.7244
              ],
              [
                -4.3265,
                51.7235
              ],
              [
                -4.3248,
                51.7226
              ],
              [
                -4.3277,
                51.7225
              ],
              [
                -4.3292,
                51.7211
              ],
              [
                -4.3271,
                51.719
              ],
              [
                -4.3299,
                51.7204
              ],
              [
                -4.3294,
                51.7209
              ],
              [
                -4.3309,
                51.7228
              ],
              [
                -4.3333,
                51.7192
              ],
              [
                -4.3298,
                51.7179
              ],
              [
                -4.3341,
                51.7176
              ],
              [
                -4.335,
                51.7223
              ],
              [
                -4.3364,
                51.7175
              ],
              [
                -4.3365,
                51.721
              ],
              [
                -4.3419,
                51.7199
              ],
              [
                -4.3354,
                51.7231
              ],
              [
                -4.341,
                51.7205
              ],
              [
                -4.338,
                51.7229
              ],
              [
                -4.3418,
                51.7241
              ],
              [
                -4.3422,
                51.7217
              ],
              [
                -4.343,
                51.725
              ],
              [
                -4.3432,
                51.7203
              ],
              [
                -4.3488,
                51.7214
              ],
              [
                -4.3456,
                51.723
              ],
              [
                -4.3505,
                51.7214
              ],
              [
                -4.3462,
                51.7247
              ],
              [
                -4.3522,
                51.7225
              ],
              [
                -4.3562,
                51.7218
              ],
              [
                -4.3533,
                51.7226
              ],
              [
                -4.3601,
                51.7226
              ],
              [
                -4.3603,
                51.7233
              ],
              [
                -4.3575,
                51.7297
              ],
              [
                -4.363,
                51.7247
              ],
              [
                -4.3605,
                51.7303
              ],
              [
                -4.3665,
                51.7294
              ],
              [
                -4.3651,
                51.7269
              ],
              [
                -4.3788,
                51.7326
              ],
              [
                -4.3796,
                51.7273
              ],
              [
                -4.3709,
                51.7147
              ],
              [
                -4.3356,
                51.6862
              ],
              [
                -4.3164,
                51.6759
              ],
              [
                -4.3154,
                51.6754
              ],
              [
                -4.309,
                51.672
              ],
              [
                -4.2831,
                51.6676
              ],
              [
                -4.265,
                51.6728
              ],
              [
                -4.2655,
                51.6758
              ],
              [
                -4.2765,
                51.6765
              ],
              [
                -4.2756,
                51.6767
              ],
              [
                -4.2719,
                51.6777
              ],
              [
                -4.2783,
                51.6766
              ],
              [
                -4.2881,
                51.675
              ],
              [
                -4.2888,
                51.6764
              ],
              [
                -4.2891,
                51.6769
              ],
              [
                -4.2738,
                51.6786
              ],
              [
                -4.2664,
                51.6769
              ],
              [
                -4.2634,
                51.6762
              ],
              [
                -4.2622,
                51.6759
              ],
              [
                -4.2623,
                51.677
              ],
              [
                -4.2624,
                51.679
              ],
              [
                -4.2529,
                51.6771
              ],
              [
                -4.2508,
                51.6767
              ],
              [
                -4.251,
                51.6772
              ],
              [
                -4.2536,
                51.6828
              ],
              [
                -4.2491,
                51.6822
              ],
              [
                -4.2504,
                51.6781
              ],
              [
                -4.2446,
                51.6782
              ],
              [
                -4.2403,
                51.6785
              ],
              [
                -4.2255,
                51.6807
              ],
              [
                -4.224,
                51.6838
              ],
              [
                -4.2234,
                51.6838
              ],
              [
                -4.1966,
                51.6837
              ],
              [
                -4.1814,
                51.6785
              ],
              [
                -4.1796,
                51.6779
              ],
              [
                -4.1791,
                51.6777
              ],
              [
                -4.1808,
                51.6766
              ],
              [
                -4.1809,
                51.6765
              ],
              [
                -4.1726,
                51.6678
              ],
              [
                -4.1775,
                51.6669
              ],
              [
                -4.1693,
                51.6658
              ],
              [
                -4.1721,
                51.6678
              ],
              [
                -4.1722,
                51.6732
              ],
              [
                -4.1707,
                51.677
              ],
              [
                -4.1707,
                51.6771
              ],
              [
                -4.1705,
                51.677
              ],
              [
                -4.1706,
                51.6759
              ],
              [
                -4.1716,
                51.6732
              ],
              [
                -4.1647,
                51.6663
              ],
              [
                -4.1675,
                51.664
              ],
              [
                -4.1634,
                51.6646
              ],
              [
                -4.1638,
                51.6599
              ],
              [
                -4.1542,
                51.6576
              ],
              [
                -4.1544,
                51.6552
              ],
              [
                -4.1456,
                51.6548
              ],
              [
                -4.1389,
                51.6607
              ],
              [
                -4.1363,
                51.6589
              ],
              [
                -4.1345,
                51.6646
              ],
              [
                -4.1354,
                51.6602
              ],
              [
                -4.1341,
                51.6596
              ],
              [
                -4.1301,
                51.658
              ],
              [
                -4.1264,
                51.661
              ],
              [
                -4.1246,
                51.6586
              ],
              [
                -4.1066,
                51.6606
              ],
              [
                -4.106,
                51.6607
              ],
              [
                -4.0892,
                51.6635
              ],
              [
                -4.0858,
                51.6619
              ],
              [
                -4.085,
                51.6619
              ],
              [
                -4.0809,
                51.6646
              ],
              [
                -4.0818,
                51.6803
              ],
              [
                -4.0821,
                51.6847
              ],
              [
                -4.0821,
                51.6848
              ],
              [
                -4.0781,
                51.6908
              ],
              [
                -4.0736,
                51.6886
              ],
              [
                -4.0677,
                51.6903
              ],
              [
                -4.0717,
                51.6943
              ],
              [
                -4.0652,
                51.6929
              ],
              [
                -4.0661,
                51.6958
              ],
              [
                -4.0671,
                51.6958
              ],
              [
                -4.0663,
                51.6961
              ],
              [
                -4.0661,
                51.6961
              ],
              [
                -4.0644,
                51.6968
              ],
              [
                -4.0595,
                51.7001
              ],
              [
                -4.0558,
                51.6999
              ],
              [
                -4.0532,
                51.7009
              ],
              [
                -4.0518,
                51.7059
              ],
              [
                -4.0513,
                51.7058
              ],
              [
                -4.0513,
                51.7061
              ],
              [
                -4.0536,
                51.7093
              ],
              [
                -4.043,
                51.7075
              ],
              [
                -4.0497,
                51.7118
              ],
              [
                -4.0459,
                51.7126
              ],
              [
                -4.0451,
                51.7202
              ],
              [
                -4.0493,
                51.7296
              ],
              [
                -4.044,
                51.7362
              ],
              [
                -4.0346,
                51.7356
              ],
              [
                -4.0297,
                51.7386
              ],
              [
                -4.0251,
                51.7491
              ],
              [
                -4.0201,
                51.7493
              ],
              [
                -4.0094,
                51.76
              ],
              [
                -4.0016,
                51.7626
              ],
              [
                -4.0052,
                51.7687
              ],
              [
                -3.9998,
                51.7741
              ],
              [
                -3.9849,
                51.7698
              ],
              [
                -3.9797,
                51.7647
              ],
              [
                -3.9652,
                51.7637
              ],
              [
                -3.952,
                51.7647
              ],
              [
                -3.9486,
                51.7689
              ],
              [
                -3.9366,
                51.7713
              ],
              [
                -3.9365,
                51.7713
              ],
              [
                -3.9184,
                51.7753
              ],
              [
                -3.9069,
                51.7687
              ],
              [
                -3.9004,
                51.7713
              ],
              [
                -3.8872,
                51.7688
              ],
              [
                -3.8821,
                51.7879
              ],
              [
                -3.8923,
                51.7999
              ],
              [
                -3.9,
                51.803
              ],
              [
                -3.8906,
                51.8039
              ],
              [
                -3.8888,
                51.8042
              ],
              [
                -3.8651,
                51.8104
              ],
              [
                -3.8421,
                51.8095
              ],
              [
                -3.8287,
                51.8046
              ],
              [
                -3.8168,
                51.8015
              ],
              [
                -3.8171,
                51.7969
              ],
              [
                -3.8067,
                51.7879
              ],
              [
                -3.8056,
                51.7989
              ],
              [
                -3.7959,
                51.8096
              ],
              [
                -3.7881,
                51.8124
              ],
              [
                -3.7819,
                51.8216
              ],
              [
                -3.7835,
                51.8301
              ],
              [
                -3.7764,
                51.8394
              ],
              [
                -3.7647,
                51.8518
              ],
              [
                -3.7531,
                51.8568
              ],
              [
                -3.7481,
                51.8618
              ],
              [
                -3.7378,
                51.8643
              ],
              [
                -3.7138,
                51.8871
              ],
              [
                -3.718,
                51.9012
              ],
              [
                -3.7134,
                51.9055
              ],
              [
                -3.7276,
                51.9122
              ],
              [
                -3.7182,
                51.9291
              ],
              [
                -3.7205,
                51.9419
              ],
              [
                -3.7106,
                51.9469
              ],
              [
                -3.6999,
                51.9461
              ],
              [
                -3.705,
                51.9485
              ],
              [
                -3.7024,
                51.9542
              ],
              [
                -3.7112,
                51.9619
              ],
              [
                -3.6941,
                51.9772
              ],
              [
                -3.6964,
                51.9803
              ],
              [
                -3.6978,
                51.9828
              ],
              [
                -3.6841,
                51.9963
              ],
              [
                -3.67,
                52.0042
              ],
              [
                -3.6656,
                52.0147
              ],
              [
                -3.6735,
                52.0175
              ],
              [
                -3.6683,
                52.0254
              ],
              [
                -3.6471,
                52.0388
              ],
              [
                -3.6594,
                52.0464
              ],
              [
                -3.6619,
                52.0523
              ],
              [
                -3.6762,
                52.0565
              ],
              [
                -3.679,
                52.0606
              ],
              [
                -3.6671,
                52.0743
              ],
              [
                -3.6816,
                52.0739
              ],
              [
                -3.7023,
                52.0828
              ],
              [
                -3.7231,
                52.0852
              ],
              [
                -3.7234,
                52.0933
              ],
              [
                -3.7288,
                52.094
              ],
              [
                -3.7141,
                52.105
              ],
              [
                -3.7203,
                52.1175
              ],
              [
                -3.7229,
                52.1152
              ],
              [
                -3.7495,
                52.1276
              ],
              [
                -3.7581,
                52.1282
              ]
            ]
          ],
          [
            [
              [
                -4.3469,
                51.7277
              ],
              [
                -4.3427,
                51.7279
              ],
              [
                -4.3423,
                51.7305
              ],
              [
                -4.3441,
                51.73
              ],
              [
                -4.343,
                51.7291
              ],
              [
                -4.348,
                51.7286
              ],
              [
                -4.3507,
                51.7281
              ],
              [
                -4.3486,
                51.7265
              ],
              [
                -4.3548,
                51.727
              ],
              [
                -4.3531,
                51.7249
              ],
              [
                -4.3557,
                51.7268
              ],
              [
                -4.3555,
                51.7241
              ],
              [
                -4.356,
                51.7268
              ],
              [
                -4.3492,
                51.729
              ],
              [
                -4.3523,
                51.7288
              ],
              [
                -4.3556,
                51.7285
              ],
              [
                -4.3596,
                51.7228
              ],
              [
                -4.3573,
                51.7232
              ],
              [
                -4.3436,
                51.7254
              ],
              [
                -4.342,
                51.7279
              ],
              [
                -4.3428,
                51.7276
              ],
              [
                -4.3469,
                51.7277
              ]
            ]
          ],
          [
            [
              [
                -4.3385,
                51.725
              ],
              [
                -4.3343,
                51.727
              ],
              [
                -4.3426,
                51.7248
              ],
              [
                -4.3364,
                51.7227
              ],
              [
                -4.3385,
                51.725
              ]
            ]
          ],
          [
            [
              [
                -4.3346,
                51.7285
              ],
              [
                -4.3386,
                51.7298
              ],
              [
                -4.3414,
                51.727
              ],
              [
                -4.3346,
                51.7285
              ]
            ]
          ],
          [
            [
              [
                -4.3306,
                51.7252
              ],
              [
                -4.3307,
                51.7228
              ],
              [
                -4.3253,
                51.7226
              ],
              [
                -4.3306,
                51.7252
              ]
            ]
          ],
          [
            [
              [
                -4.3481,
                51.7288
              ],
              [
                -4.3436,
                51.7292
              ],
              [
                -4.3459,
                51.7308
              ],
              [
                -4.3473,
                51.7299
              ],
              [
                -4.349,
                51.7288
              ],
              [
                -4.3481,
                51.7288
              ]
            ]
          ],
          [
            [
              [
                -4.3477,
                51.7298
              ],
              [
                -4.347,
                51.7314
              ],
              [
                -4.3526,
                51.73
              ],
              [
                -4.3484,
                51.7295
              ],
              [
                -4.3477,
                51.7298
              ]
            ]
          ],
          [
            [
              [
                -4.3311,
                51.7228
              ],
              [
                -4.3333,
                51.7249
              ],
              [
                -4.3328,
                51.7207
              ],
              [
                -4.3311,
                51.7228
              ]
            ]
          ],
          [
            [
              [
                -4.3524,
                51.729
              ],
              [
                -4.3528,
                51.7302
              ],
              [
                -4.3559,
                51.7289
              ],
              [
                -4.3545,
                51.7288
              ],
              [
                -4.3524,
                51.729
              ]
            ]
          ],
          [
            [
              [
                -4.3225,
                51.7221
              ],
              [
                -4.3207,
                51.7229
              ],
              [
                -4.3228,
                51.7229
              ],
              [
                -4.3234,
                51.7222
              ],
              [
                -4.3239,
                51.7215
              ],
              [
                -4.3225,
                51.7221
              ]
            ]
          ],
          [
            [
              [
                -4.0727,
                51.6847
              ],
              [
                -4.0729,
                51.6849
              ],
              [
                -4.0732,
                51.6847
              ],
              [
                -4.0727,
                51.6847
              ]
            ]
          ]
        ]
      },
      "properties": {
        "slot_id": "gas_emissions_6",
        "lineage_id": "LOCAL-NEW-92271296-1318-4c0c-a293-d0d4ebc2d06b",
        "page_generation": 1,
        "semantic_mode": "AREA_JOIN",
        "partition": {
          "start": 76904,
          "end": 92283,
          "count": 15380
        },
        "evidence_scope": "coverage_area",
        "coverage_area_id": "W06000010",
        "coverage_area_name": "Carmarthenshire",
        "coverage_area_identifier_scheme": "ONS_GSS_LTLA16",
        "boundary_vintage": "2016",
        "source_area_record": true,
        "accepted_parcel_record": false,
        "spatial_binding_method": "OFFICIAL_POLYGON_AND_EXACT_IDENTIFIER",
        "source_window_record_index": 2,
        "source_url": "https://raw.githubusercontent.com/ONSdigital/uk-topojson/main/input/ltla16-bsc.json",
        "final_url": "https://raw.githubusercontent.com/ONSdigital/uk-topojson/main/input/ltla16-bsc.json",
        "source_access_utc": "2026-10-01T20:02:00Z",
        "source_blob_sha": "14193625387a0640e20a6b7ba88e24670ab8ce82",
        "source_file_sha256": "748d24014abfa9c5cfaf5a0ab7ffb2a1442da0809f17dd50293b89db7c789069",
        "field_evidence": {
          "areacd": "W06000010",
          "areanm": "Carmarthenshire",
          "geometry_type": "MultiPolygon"
        },
        "evidence_slice_sha256": "151145cfa9ef6fc2b11803b43e73aed1c172e0bd5c708aa14d823dcf48dc9230",
        "confidence_score_0_100": 95,
        "evidence_grade": "A",
        "licence": "ONS Geography licensing terms / Open Government Licence v3.0",
        "licence_evidence_url": "https://www.ons.gov.uk/methodology/geography/licences",
        "fake_data": false,
        "local_spatial_join_status": "DEFERRED_TO_LOCAL_OPENCODE"
      }
    },
    {
      "type": "Feature",
      "id": "W06000011",
      "geometry": {
        "type": "MultiPolygon",
        "coordinates": [
          [
            [
              [
                -3.9365,
                51.7713
              ],
              [
                -3.9366,
                51.7713
              ],
              [
                -3.9486,
                51.7689
              ],
              [
                -3.952,
                51.7647
              ],
              [
                -3.9652,
                51.7637
              ],
              [
                -3.9797,
                51.7647
              ],
              [
                -3.9849,
                51.7698
              ],
              [
                -3.9998,
                51.7741
              ],
              [
                -4.0052,
                51.7687
              ],
              [
                -4.0016,
                51.7626
              ],
              [
                -4.0094,
                51.76
              ],
              [
                -4.0201,
                51.7493
              ],
              [
                -4.0251,
                51.7491
              ],
              [
                -4.0297,
                51.7386
              ],
              [
                -4.0346,
                51.7356
              ],
              [
                -4.044,
                51.7362
              ],
              [
                -4.0493,
                51.7296
              ],
              [
                -4.0451,
                51.7202
              ],
              [
                -4.0459,
                51.7126
              ],
              [
                -4.0497,
                51.7118
              ],
              [
                -4.043,
                51.7075
              ],
              [
                -4.0536,
                51.7093
              ],
              [
                -4.0513,
                51.7061
              ],
              [
                -4.0513,
                51.7058
              ],
              [
                -4.051,
                51.7057
              ],
              [
                -4.0505,
                51.7011
              ],
              [
                -4.0516,
                51.7008
              ],
              [
                -4.0516,
                51.6997
              ],
              [
                -4.0543,
                51.6999
              ],
              [
                -4.0601,
                51.698
              ],
              [
                -4.062,
                51.6931
              ],
              [
                -4.0583,
                51.6937
              ],
              [
                -4.0634,
                51.6917
              ],
              [
                -4.0648,
                51.6899
              ],
              [
                -4.0678,
                51.681
              ],
              [
                -4.0727,
                51.6847
              ],
              [
                -4.0732,
                51.6847
              ],
              [
                -4.0771,
                51.682
              ],
              [
                -4.0758,
                51.6804
              ],
              [
                -4.0694,
                51.6727
              ],
              [
                -4.0694,
                51.6726
              ],
              [
                -4.0712,
                51.667
              ],
              [
                -4.0715,
                51.6668
              ],
              [
                -4.0813,
                51.662
              ],
              [
                -4.0739,
                51.6567
              ],
              [
                -4.0718,
                51.6575
              ],
              [
                -4.0663,
                51.6576
              ],
              [
                -4.0582,
                51.6545
              ],
              [
                -4.0558,
                51.6551
              ],
              [
                -4.0583,
                51.6543
              ],
              [
                -4.0717,
                51.657
              ],
              [
                -4.0687,
                51.6542
              ],
              [
                -4.0713,
                51.6525
              ],
              [
                -4.0718,
                51.653
              ],
              [
                -4.0759,
                51.6573
              ],
              [
                -4.0773,
                51.6572
              ],
              [
                -4.0915,
                51.6561
              ],
              [
                -4.1134,
                51.6497
              ],
              [
                -4.1168,
                51.6458
              ],
              [
                -4.1065,
                51.644
              ],
              [
                -4.105,
                51.6438
              ],
              [
                -4.1119,
                51.6427
              ],
              [
                -4.1251,
                51.6406
              ],
              [
                -4.1374,
                51.6421
              ],
              [
                -4.1338,
                51.6405
              ],
              [
                -4.1399,
                51.6385
              ],
              [
                -4.1338,
                51.6323
              ],
              [
                -4.1379,
                51.6355
              ],
              [
                -4.1482,
                51.635
              ],
              [
                -4.1496,
                51.6312
              ],
              [
                -4.1528,
                51.6358
              ],
              [
                -4.1613,
                51.6321
              ],
              [
                -4.1615,
                51.632
              ],
              [
                -4.1653,
                51.622
              ],
              [
                -4.166,
                51.6221
              ],
              [
                -4.1647,
                51.6252
              ],
              [
                -4.1673,
                51.6287
              ],
              [
                -4.1694,
                51.6243
              ],
              [
                -4.1786,
                51.6256
              ],
              [
                -4.1795,
                51.6285
              ],
              [
                -4.1862,
                51.6262
              ],
              [
                -4.1874,
                51.6257
              ],
              [
                -4.191,
                51.6237
              ],
              [
                -4.1893,
                51.6215
              ],
              [
                -4.1925,
                51.6235
              ],
              [
                -4.1876,
                51.6262
              ],
              [
                -4.1979,
                51.6263
              ],
              [
                -4.1882,
                51.6275
              ],
              [
                -4.1968,
                51.6354
              ],
              [
                -4.2109,
                51.6411
              ],
              [
                -4.2236,
                51.6407
              ],
              [
                -4.2089,
                51.6249
              ],
              [
                -4.2134,
                51.6277
              ],
              [
                -4.2127,
                51.6287
              ],
              [
                -4.215,
                51.6296
              ],
              [
                -4.214,
                51.6281
              ],
              [
                -4.2196,
                51.6316
              ],
              [
                -4.2193,
                51.6296
              ],
              [
                -4.2255,
                51.6299
              ],
              [
                -4.2215,
                51.6287
              ],
              [
                -4.2246,
                51.6276
              ],
              [
                -4.2168,
                51.626
              ],
              [
                -4.2183,
                51.6243
              ],
              [
                -4.2136,
                51.624
              ],
              [
                -4.2132,
                51.624
              ],
              [
                -4.2111,
                51.6239
              ],
              [
                -4.2131,
                51.6203
              ],
              [
                -4.206,
                51.6191
              ],
              [
                -4.2055,
                51.6164
              ],
              [
                -4.2062,
                51.6189
              ],
              [
                -4.2134,
                51.6188
              ],
              [
                -4.2135,
                51.6238
              ],
              [
                -4.2184,
                51.6212
              ],
              [
                -4.2202,
                51.626
              ],
              [
                -4.2254,
                51.6262
              ],
              [
                -4.2237,
                51.621
              ],
              [
                -4.2287,
                51.6304
              ],
              [
                -4.2292,
                51.6231
              ],
              [
                -4.2314,
                51.6266
              ],
              [
                -4.2339,
                51.6229
              ],
              [
                -4.2322,
                51.6315
              ],
              [
                -4.2339,
                51.6282
              ],
              [
                -4.2335,
                51.6309
              ],
              [
                -4.2378,
                51.631
              ],
              [
                -4.2364,
                51.6257
              ],
              [
                -4.2383,
                51.6305
              ],
              [
                -4.242,
                51.6299
              ],
              [
                -4.2388,
                51.6277
              ],
              [
                -4.2425,
                51.6297
              ],
              [
                -4.2367,
                51.6237
              ],
              [
                -4.2421,
                51.627
              ],
              [
                -4.2397,
                51.6215
              ],
              [
                -4.2455,
                51.618
              ],
              [
                -4.2399,
                51.6217
              ],
              [
                -4.243,
                51.6267
              ],
              [
                -4.2463,
                51.6254
              ],
              [
                -4.2427,
                51.6286
              ],
              [
                -4.2474,
                51.6278
              ],
              [
                -4.238,
                51.6351
              ],
              [
                -4.2362,
                51.6351
              ],
              [
                -4.2363,
                51.6359
              ],
              [
                -4.2377,
                51.6353
              ],
              [
                -4.2359,
                51.6367
              ],
              [
                -4.2398,
                51.6366
              ],
              [
                -4.2399,
                51.6394
              ],
              [
                -4.2353,
                51.6376
              ],
              [
                -4.2362,
                51.6413
              ],
              [
                -4.2325,
                51.6422
              ],
              [
                -4.2424,
                51.6463
              ],
              [
                -4.2306,
                51.6477
              ],
              [
                -4.2458,
                51.6474
              ],
              [
                -4.255,
                51.6309
              ],
              [
                -4.2724,
                51.6249
              ],
              [
                -4.2796,
                51.6159
              ],
              [
                -4.2862,
                51.6138
              ],
              [
                -4.2976,
                51.6151
              ],
              [
                -4.3092,
                51.6096
              ],
              [
                -4.2963,
                51.5964
              ],
              [
                -4.289,
                51.5763
              ],
              [
                -4.2906,
                51.5698
              ],
              [
                -4.3082,
                51.563
              ],
              [
                -4.297,
                51.5596
              ],
              [
                -4.2913,
                51.5631
              ],
              [
                -4.2788,
                51.5615
              ],
              [
                -4.2794,
                51.5591
              ],
              [
                -4.2691,
                51.556
              ],
              [
                -4.2589,
                51.5534
              ],
              [
                -4.2587,
                51.5527
              ],
              [
                -4.2401,
                51.5432
              ],
              [
                -4.2161,
                51.5414
              ],
              [
                -4.2132,
                51.5375
              ],
              [
                -4.2048,
                51.5379
              ],
              [
                -4.2048,
                51.5385
              ],
              [
                -4.2084,
                51.5443
              ],
              [
                -4.1948,
                51.5483
              ],
              [
                -4.1827,
                51.5485
              ],
              [
                -4.1526,
                51.541
              ],
              [
                -4.1474,
                51.5443
              ],
              [
                -4.1471,
                51.5457
              ],
              [
                -4.161,
                51.5553
              ],
              [
                -4.1565,
                51.5619
              ],
              [
                -4.1435,
                51.569
              ],
              [
                -4.1225,
                51.5683
              ],
              [
                -4.1145,
                51.574
              ],
              [
                -4.1042,
                51.5775
              ],
              [
                -4.1036,
                51.5778
              ],
              [
                -4.1047,
                51.5751
              ],
              [
                -4.1048,
                51.575
              ],
              [
                -4.1048,
                51.5749
              ],
              [
                -4.1113,
                51.5743
              ],
              [
                -4.1113,
                51.5731
              ],
              [
                -4.1096,
                51.5715
              ],
              [
                -4.1111,
                51.5698
              ],
              [
                -4.1026,
                51.5656
              ],
              [
                -4.1004,
                51.5651
              ],
              [
                -4.0741,
                51.5622
              ],
              [
                -4.0642,
                51.5572
              ],
              [
                -4.0588,
                51.5635
              ],
              [
                -4.0578,
                51.5637
              ],
              [
                -4.0315,
                51.5701
              ],
              [
                -4.0312,
                51.5698
              ],
              [
                -4.0244,
                51.5631
              ],
              [
                -4.0212,
                51.5634
              ],
              [
                -4.0204,
                51.5634
              ],
              [
                -4.0135,
                51.5649
              ],
              [
                -4.0122,
                51.5679
              ],
              [
                -4.0073,
                51.5673
              ],
              [
                -4.006,
                51.5671
              ],
              [
                -3.9935,
                51.5631
              ],
              [
                -3.9763,
                51.5678
              ],
              [
                -3.9961,
                51.5744
              ],
              [
                -3.9994,
                51.5786
              ],
              [
                -3.9995,
                51.5788
              ],
              [
                -3.9976,
                51.59
              ],
              [
                -3.9974,
                51.5914
              ],
              [
                -3.9945,
                51.5981
              ],
              [
                -3.9939,
                51.5984
              ],
              [
                -3.972,
                51.6089
              ],
              [
                -3.9709,
                51.6092
              ],
              [
                -3.9613,
                51.6116
              ],
              [
                -3.9612,
                51.6116
              ],
              [
                -3.929,
                51.6134
              ],
              [
                -3.9287,
                51.6088
              ],
              [
                -3.9287,
                51.6138
              ],
              [
                -3.9301,
                51.6163
              ],
              [
                -3.9229,
                51.6103
              ],
              [
                -3.9257,
                51.6075
              ],
              [
                -3.9237,
                51.6093
              ],
              [
                -3.9027,
                51.6132
              ],
              [
                -3.8935,
                51.6188
              ],
              [
                -3.8863,
                51.6175
              ],
              [
                -3.8863,
                51.62
              ],
              [
                -3.8907,
                51.6215
              ],
              [
                -3.8868,
                51.6316
              ],
              [
                -3.8743,
                51.6519
              ],
              [
                -3.8752,
                51.6575
              ],
              [
                -3.8711,
                51.6583
              ],
              [
                -3.8646,
                51.6692
              ],
              [
                -3.8581,
                51.6719
              ],
              [
                -3.8511,
                51.6754
              ],
              [
                -3.8472,
                51.6872
              ],
              [
                -3.8431,
                51.6981
              ],
              [
                -3.8486,
                51.7003
              ],
              [
                -3.8563,
                51.6972
              ],
              [
                -3.8557,
                51.7004
              ],
              [
                -3.8644,
                51.705
              ],
              [
                -3.8724,
                51.702
              ],
              [
                -3.876,
                51.704
              ],
              [
                -3.8726,
                51.7062
              ],
              [
                -3.8803,
                51.7119
              ],
              [
                -3.8787,
                51.7156
              ],
              [
                -3.8809,
                51.72
              ],
              [
                -3.8863,
                51.7228
              ],
              [
                -3.8885,
                51.7391
              ],
              [
                -3.9176,
                51.7554
              ],
              [
                -3.9159,
                51.7585
              ],
              [
                -3.9225,
                51.7601
              ],
              [
                -3.9202,
                51.7626
              ],
              [
                -3.9365,
                51.7713
              ]
            ]
          ],
          [
            [
              [
                -4.3246,
                51.5658
              ],
              [
                -4.3301,
                51.5651
              ],
              [
                -4.3319,
                51.5646
              ],
              [
                -4.3281,
                51.5642
              ],
              [
                -4.3246,
                51.5642
              ],
              [
                -4.323,
                51.5636
              ],
              [
                -4.3146,
                51.5627
              ],
              [
                -4.3246,
                51.5658
              ]
            ]
          ],
          [
            [
              [
                -4.2353,
                51.6325
              ],
              [
                -4.2356,
                51.6349
              ],
              [
                -4.2397,
                51.6318
              ],
              [
                -4.2353,
                51.6325
              ]
            ]
          ],
          [
            [
              [
                -4.312,
                51.6103
              ],
              [
                -4.3121,
                51.6103
              ],
              [
                -4.3161,
                51.609
              ],
              [
                -4.312,
                51.6086
              ],
              [
                -4.3103,
                51.6084
              ],
              [
                -4.312,
                51.6103
              ]
            ]
          ],
          [
            [
              [
                -4.0709,
                51.6533
              ],
              [
                -4.0697,
                51.6542
              ],
              [
                -4.0716,
                51.6558
              ],
              [
                -4.0723,
                51.6565
              ],
              [
                -4.0714,
                51.6532
              ],
              [
                -4.0713,
                51.6532
              ],
              [
                -4.0709,
                51.6533
              ]
            ]
          ],
          [
            [
              [
                -4.2144,
                51.6299
              ],
              [
                -4.2162,
                51.6311
              ],
              [
                -4.2158,
                51.6295
              ],
              [
                -4.2144,
                51.6299
              ]
            ]
          ],
          [
            [
              [
                -4.2387,
                51.6341
              ],
              [
                -4.2404,
                51.6323
              ],
              [
                -4.2392,
                51.6323
              ],
              [
                -4.2387,
                51.6341
              ]
            ]
          ],
          [
            [
              [
                -3.9737,
                51.5673
              ],
              [
                -3.9748,
                51.568
              ],
              [
                -3.9754,
                51.5669
              ],
              [
                -3.9737,
                51.5673
              ]
            ]
          ]
        ]
      },
      "properties": {
        "slot_id": "gas_emissions_6",
        "lineage_id": "LOCAL-NEW-92271296-1318-4c0c-a293-d0d4ebc2d06b",
        "page_generation": 1,
        "semantic_mode": "AREA_JOIN",
        "partition": {
          "start": 76904,
          "end": 92283,
          "count": 15380
        },
        "evidence_scope": "coverage_area",
        "coverage_area_id": "W06000011",
        "coverage_area_name": "Swansea",
        "coverage_area_identifier_scheme": "ONS_GSS_LTLA16",
        "boundary_vintage": "2016",
        "source_area_record": true,
        "accepted_parcel_record": false,
        "spatial_binding_method": "OFFICIAL_POLYGON_AND_EXACT_IDENTIFIER",
        "source_window_record_index": 3,
        "source_url": "https://raw.githubusercontent.com/ONSdigital/uk-topojson/main/input/ltla16-bsc.json",
        "final_url": "https://raw.githubusercontent.com/ONSdigital/uk-topojson/main/input/ltla16-bsc.json",
        "source_access_utc": "2026-10-01T20:02:00Z",
        "source_blob_sha": "14193625387a0640e20a6b7ba88e24670ab8ce82",
        "source_file_sha256": "748d24014abfa9c5cfaf5a0ab7ffb2a1442da0809f17dd50293b89db7c789069",
        "field_evidence": {
          "areacd": "W06000011",
          "areanm": "Swansea",
          "geometry_type": "MultiPolygon"
        },
        "evidence_slice_sha256": "151145cfa9ef6fc2b11803b43e73aed1c172e0bd5c708aa14d823dcf48dc9230",
        "confidence_score_0_100": 95,
        "evidence_grade": "A",
        "licence": "ONS Geography licensing terms / Open Government Licence v3.0",
        "licence_evidence_url": "https://www.ons.gov.uk/methodology/geography/licences",
        "fake_data": false,
        "local_spatial_join_status": "DEFERRED_TO_LOCAL_OPENCODE"
      }
    },
    {
      "type": "Feature",
      "id": "W06000012",
      "geometry": {
        "type": "Polygon",
        "coordinates": [
          [
            [
              -3.5913,
              51.7546
            ],
            [
              -3.6014,
              51.7718
            ],
            [
              -3.6036,
              51.7739
            ],
            [
              -3.6122,
              51.7718
            ],
            [
              -3.6287,
              51.7748
            ],
            [
              -3.653,
              51.7854
            ],
            [
              -3.6704,
              51.7872
            ],
            [
              -3.6858,
              51.7802
            ],
            [
              -3.6924,
              51.7816
            ],
            [
              -3.712,
              51.7784
            ],
            [
              -3.7149,
              51.7782
            ],
            [
              -3.7191,
              51.7782
            ],
            [
              -3.7367,
              51.7698
            ],
            [
              -3.7312,
              51.7671
            ],
            [
              -3.7375,
              51.7581
            ],
            [
              -3.7461,
              51.7534
            ],
            [
              -3.7538,
              51.7534
            ],
            [
              -3.7703,
              51.7545
            ],
            [
              -3.7804,
              51.7597
            ],
            [
              -3.78,
              51.7683
            ],
            [
              -3.7824,
              51.7735
            ],
            [
              -3.8019,
              51.7828
            ],
            [
              -3.8067,
              51.7879
            ],
            [
              -3.8171,
              51.7969
            ],
            [
              -3.8168,
              51.8015
            ],
            [
              -3.8287,
              51.8046
            ],
            [
              -3.8421,
              51.8095
            ],
            [
              -3.8651,
              51.8104
            ],
            [
              -3.8888,
              51.8042
            ],
            [
              -3.8906,
              51.8039
            ],
            [
              -3.9,
              51.803
            ],
            [
              -3.8923,
              51.7999
            ],
            [
              -3.8821,
              51.7879
            ],
            [
              -3.8872,
              51.7688
            ],
            [
              -3.9004,
              51.7713
            ],
            [
              -3.9069,
              51.7687
            ],
            [
              -3.9184,
              51.7753
            ],
            [
              -3.9365,
              51.7713
            ],
            [
              -3.9202,
              51.7626
            ],
            [
              -3.9225,
              51.7601
            ],
            [
              -3.9159,
              51.7585
            ],
            [
              -3.9176,
              51.7554
            ],
            [
              -3.8885,
              51.7391
            ],
            [
              -3.8863,
              51.7228
            ],
            [
              -3.8809,
              51.72
            ],
            [
              -3.8787,
              51.7156
            ],
            [
              -3.8803,
              51.7119
            ],
            [
              -3.8726,
              51.7062
            ],
            [
              -3.876,
              51.704
            ],
            [
              -3.8724,
              51.702
            ],
            [
              -3.8644,
              51.705
            ],
            [
              -3.8557,
              51.7004
            ],
            [
              -3.8563,
              51.6972
            ],
            [
              -3.8486,
              51.7003
            ],
            [
              -3.8431,
              51.6981
            ],
            [
              -3.8472,
              51.6872
            ],
            [
              -3.8511,
              51.6754
            ],
            [
              -3.8581,
              51.6719
            ],
            [
              -3.8646,
              51.6692
            ],
            [
              -3.8711,
              51.6583
            ],
            [
              -3.8752,
              51.6575
            ],
            [
              -3.8743,
              51.6519
            ],
            [
              -3.8868,
              51.6316
            ],
            [
              -3.8907,
              51.6215
            ],
            [
              -3.8863,
              51.62
            ],
            [
              -3.8863,
              51.6175
            ],
            [
              -3.8862,
              51.6175
            ],
            [
              -3.8511,
              51.6184
            ],
            [
              -3.8482,
              51.6208
            ],
            [
              -3.846,
              51.6203
            ],
            [
              -3.8365,
              51.6239
            ],
            [
              -3.8325,
              51.6362
            ],
            [
              -3.8366,
              51.6383
            ],
            [
              -3.8451,
              51.6363
            ],
            [
              -3.8365,
              51.6387
            ],
            [
              -3.8384,
              51.6423
            ],
            [
              -3.839,
              51.6452
            ],
            [
              -3.8374,
              51.6516
            ],
            [
              -3.8374,
              51.6517
            ],
            [
              -3.8368,
              51.6517
            ],
            [
              -3.8367,
              51.6517
            ],
            [
              -3.8366,
              51.6517
            ],
            [
              -3.8359,
              51.6517
            ],
            [
              -3.836,
              51.6514
            ],
            [
              -3.8374,
              51.6434
            ],
            [
              -3.8367,
              51.6424
            ],
            [
              -3.8354,
              51.6403
            ],
            [
              -3.8311,
              51.6421
            ],
            [
              -3.8351,
              51.6398
            ],
            [
              -3.8352,
              51.6397
            ],
            [
              -3.8348,
              51.6394
            ],
            [
              -3.8308,
              51.637
            ],
            [
              -3.8309,
              51.6355
            ],
            [
              -3.831,
              51.6348
            ],
            [
              -3.8319,
              51.6259
            ],
            [
              -3.8247,
              51.6283
            ],
            [
              -3.8378,
              51.6216
            ],
            [
              -3.8508,
              51.6145
            ],
            [
              -3.8374,
              51.6047
            ],
            [
              -3.8369,
              51.6043
            ],
            [
              -3.8185,
              51.5938
            ],
            [
              -3.8177,
              51.5933
            ],
            [
              -3.8094,
              51.5877
            ],
            [
              -3.8117,
              51.5835
            ],
            [
              -3.8091,
              51.5865
            ],
            [
              -3.8007,
              51.5843
            ],
            [
              -3.7976,
              51.5907
            ],
            [
              -3.7926,
              51.5925
            ],
            [
              -3.7853,
              51.5956
            ],
            [
              -3.7907,
              51.5929
            ],
            [
              -3.7933,
              51.5918
            ],
            [
              -3.7968,
              51.5904
            ],
            [
              -3.7977,
              51.5874
            ],
            [
              -3.7988,
              51.5833
            ],
            [
              -3.8169,
              51.5797
            ],
            [
              -3.8026,
              51.5818
            ],
            [
              -3.7972,
              51.5693
            ],
            [
              -3.8172,
              51.5743
            ],
            [
              -3.8146,
              51.5734
            ],
            [
              -3.8003,
              51.5689
            ],
            [
              -3.7899,
              51.5698
            ],
            [
              -3.7612,
              51.5364
            ],
            [
              -3.754,
              51.533
            ],
            [
              -3.7443,
              51.5367
            ],
            [
              -3.7348,
              51.5317
            ],
            [
              -3.7046,
              51.5274
            ],
            [
              -3.6878,
              51.5374
            ],
            [
              -3.6708,
              51.5389
            ],
            [
              -3.6567,
              51.5391
            ],
            [
              -3.6519,
              51.5474
            ],
            [
              -3.6508,
              51.5553
            ],
            [
              -3.6583,
              51.561
            ],
            [
              -3.6552,
              51.5645
            ],
            [
              -3.6771,
              51.5757
            ],
            [
              -3.6863,
              51.5852
            ],
            [
              -3.6934,
              51.597
            ],
            [
              -3.6909,
              51.6036
            ],
            [
              -3.6767,
              51.6013
            ],
            [
              -3.6778,
              51.6072
            ],
            [
              -3.6827,
              51.6091
            ],
            [
              -3.6808,
              51.6136
            ],
            [
              -3.6773,
              51.6277
            ],
            [
              -3.6618,
              51.6454
            ],
            [
              -3.6266,
              51.6413
            ],
            [
              -3.5999,
              51.6382
            ],
            [
              -3.5802,
              51.6446
            ],
            [
              -3.5655,
              51.6423
            ],
            [
              -3.5633,
              51.6455
            ],
            [
              -3.564,
              51.655
            ],
            [
              -3.5896,
              51.6793
            ],
            [
              -3.5813,
              51.6954
            ],
            [
              -3.5852,
              51.7031
            ],
            [
              -3.5822,
              51.714
            ],
            [
              -3.5786,
              51.7179
            ],
            [
              -3.5838,
              51.7383
            ],
            [
              -3.5937,
              51.7532
            ],
            [
              -3.5913,
              51.7546
            ]
          ]
        ]
      },
      "properties": {
        "slot_id": "gas_emissions_6",
        "lineage_id": "LOCAL-NEW-92271296-1318-4c0c-a293-d0d4ebc2d06b",
        "page_generation": 1,
        "semantic_mode": "AREA_JOIN",
        "partition": {
          "start": 76904,
          "end": 92283,
          "count": 15380
        },
        "evidence_scope": "coverage_area",
        "coverage_area_id": "W06000012",
        "coverage_area_name": "Neath Port Talbot",
        "coverage_area_identifier_scheme": "ONS_GSS_LTLA16",
        "boundary_vintage": "2016",
        "source_area_record": true,
        "accepted_parcel_record": false,
        "spatial_binding_method": "OFFICIAL_POLYGON_AND_EXACT_IDENTIFIER",
        "source_window_record_index": 4,
        "source_url": "https://raw.githubusercontent.com/ONSdigital/uk-topojson/main/input/ltla16-bsc.json",
        "final_url": "https://raw.githubusercontent.com/ONSdigital/uk-topojson/main/input/ltla16-bsc.json",
        "source_access_utc": "2026-10-01T20:02:00Z",
        "source_blob_sha": "14193625387a0640e20a6b7ba88e24670ab8ce82",
        "source_file_sha256": "748d24014abfa9c5cfaf5a0ab7ffb2a1442da0809f17dd50293b89db7c789069",
        "field_evidence": {
          "areacd": "W06000012",
          "areanm": "Neath Port Talbot",
          "geometry_type": "Polygon"
        },
        "evidence_slice_sha256": "151145cfa9ef6fc2b11803b43e73aed1c172e0bd5c708aa14d823dcf48dc9230",
        "confidence_score_0_100": 95,
        "evidence_grade": "A",
        "licence": "ONS Geography licensing terms / Open Government Licence v3.0",
        "licence_evidence_url": "https://www.ons.gov.uk/methodology/geography/licences",
        "fake_data": false,
        "local_spatial_join_status": "DEFERRED_TO_LOCAL_OPENCODE"
      }
    },
    {
      "type": "Feature",
      "id": "W06000013",
      "geometry": {
        "type": "Polygon",
        "coordinates": [
          [
            [
              -3.5633,
              51.6455
            ],
            [
              -3.5655,
              51.6423
            ],
            [
              -3.5802,
              51.6446
            ],
            [
              -3.5999,
              51.6382
            ],
            [
              -3.6266,
              51.6413
            ],
            [
              -3.6618,
              51.6454
            ],
            [
              -3.6773,
              51.6277
            ],
            [
              -3.6808,
              51.6136
            ],
            [
              -3.6827,
              51.6091
            ],
            [
              -3.6778,
              51.6072
            ],
            [
              -3.6767,
              51.6013
            ],
            [
              -3.6909,
              51.6036
            ],
            [
              -3.6934,
              51.597
            ],
            [
              -3.6863,
              51.5852
            ],
            [
              -3.6771,
              51.5757
            ],
            [
              -3.6552,
              51.5645
            ],
            [
              -3.6583,
              51.561
            ],
            [
              -3.6508,
              51.5553
            ],
            [
              -3.6519,
              51.5474
            ],
            [
              -3.6567,
              51.5391
            ],
            [
              -3.6708,
              51.5389
            ],
            [
              -3.6878,
              51.5374
            ],
            [
              -3.7046,
              51.5274
            ],
            [
              -3.7348,
              51.5317
            ],
            [
              -3.7443,
              51.5367
            ],
            [
              -3.754,
              51.533
            ],
            [
              -3.7612,
              51.5364
            ],
            [
              -3.761,
              51.5361
            ],
            [
              -3.7607,
              51.5356
            ],
            [
              -3.7611,
              51.5361
            ],
            [
              -3.7612,
              51.5361
            ],
            [
              -3.7627,
              51.5365
            ],
            [
              -3.7458,
              51.5071
            ],
            [
              -3.7472,
              51.5059
            ],
            [
              -3.7494,
              51.504
            ],
            [
              -3.7361,
              51.4993
            ],
            [
              -3.736,
              51.4993
            ],
            [
              -3.73,
              51.4938
            ],
            [
              -3.7242,
              51.4885
            ],
            [
              -3.7216,
              51.4818
            ],
            [
              -3.7191,
              51.4796
            ],
            [
              -3.7169,
              51.4794
            ],
            [
              -3.7164,
              51.4794
            ],
            [
              -3.6997,
              51.4731
            ],
            [
              -3.6985,
              51.4782
            ],
            [
              -3.6899,
              51.4753
            ],
            [
              -3.6874,
              51.4771
            ],
            [
              -3.6874,
              51.477
            ],
            [
              -3.6795,
              51.4732
            ],
            [
              -3.6757,
              51.4788
            ],
            [
              -3.6667,
              51.4807
            ],
            [
              -3.6666,
              51.4807
            ],
            [
              -3.6504,
              51.4777
            ],
            [
              -3.6386,
              51.4702
            ],
            [
              -3.627,
              51.4737
            ],
            [
              -3.5965,
              51.4846
            ],
            [
              -3.5932,
              51.4823
            ],
            [
              -3.5547,
              51.4928
            ],
            [
              -3.5328,
              51.4816
            ],
            [
              -3.5335,
              51.4885
            ],
            [
              -3.5394,
              51.491
            ],
            [
              -3.5276,
              51.4937
            ],
            [
              -3.5251,
              51.4972
            ],
            [
              -3.5296,
              51.5014
            ],
            [
              -3.5157,
              51.5028
            ],
            [
              -3.5083,
              51.5081
            ],
            [
              -3.4975,
              51.5126
            ],
            [
              -3.4859,
              51.5185
            ],
            [
              -3.4817,
              51.5304
            ],
            [
              -3.4767,
              51.5389
            ],
            [
              -3.463,
              51.5434
            ],
            [
              -3.4705,
              51.5541
            ],
            [
              -3.4801,
              51.5582
            ],
            [
              -3.4768,
              51.5664
            ],
            [
              -3.4855,
              51.5696
            ],
            [
              -3.4836,
              51.5728
            ],
            [
              -3.4887,
              51.5742
            ],
            [
              -3.4764,
              51.5818
            ],
            [
              -3.4781,
              51.588
            ],
            [
              -3.4717,
              51.5986
            ],
            [
              -3.4768,
              51.6044
            ],
            [
              -3.4862,
              51.6101
            ],
            [
              -3.4964,
              51.6105
            ],
            [
              -3.5002,
              51.6143
            ],
            [
              -3.5039,
              51.6164
            ],
            [
              -3.5046,
              51.6166
            ],
            [
              -3.5206,
              51.6299
            ],
            [
              -3.5231,
              51.6341
            ],
            [
              -3.5336,
              51.639
            ],
            [
              -3.5381,
              51.6443
            ],
            [
              -3.5633,
              51.6455
            ]
          ]
        ]
      },
      "properties": {
        "slot_id": "gas_emissions_6",
        "lineage_id": "LOCAL-NEW-92271296-1318-4c0c-a293-d0d4ebc2d06b",
        "page_generation": 1,
        "semantic_mode": "AREA_JOIN",
        "partition": {
          "start": 76904,
          "end": 92283,
          "count": 15380
        },
        "evidence_scope": "coverage_area",
        "coverage_area_id": "W06000013",
        "coverage_area_name": "Bridgend",
        "coverage_area_identifier_scheme": "ONS_GSS_LTLA16",
        "boundary_vintage": "2016",
        "source_area_record": true,
        "accepted_parcel_record": false,
        "spatial_binding_method": "OFFICIAL_POLYGON_AND_EXACT_IDENTIFIER",
        "source_window_record_index": 5,
        "source_url": "https://raw.githubusercontent.com/ONSdigital/uk-topojson/main/input/ltla16-bsc.json",
        "final_url": "https://raw.githubusercontent.com/ONSdigital/uk-topojson/main/input/ltla16-bsc.json",
        "source_access_utc": "2026-10-01T20:02:00Z",
        "source_blob_sha": "14193625387a0640e20a6b7ba88e24670ab8ce82",
        "source_file_sha256": "748d24014abfa9c5cfaf5a0ab7ffb2a1442da0809f17dd50293b89db7c789069",
        "field_evidence": {
          "areacd": "W06000013",
          "areanm": "Bridgend",
          "geometry_type": "Polygon"
        },
        "evidence_slice_sha256": "151145cfa9ef6fc2b11803b43e73aed1c172e0bd5c708aa14d823dcf48dc9230",
        "confidence_score_0_100": 95,
        "evidence_grade": "A",
        "licence": "ONS Geography licensing terms / Open Government Licence v3.0",
        "licence_evidence_url": "https://www.ons.gov.uk/methodology/geography/licences",
        "fake_data": false,
        "local_spatial_join_status": "DEFERRED_TO_LOCAL_OPENCODE"
      }
    },
    {
      "type": "Feature",
      "id": "W06000014",
      "geometry": {
        "type": "MultiPolygon",
        "coordinates": [
          [
            [
              [
                -3.3357,
                51.5084
              ],
              [
                -3.3568,
                51.5122
              ],
              [
                -3.3715,
                51.5092
              ],
              [
                -3.3785,
                51.5127
              ],
              [
                -3.3964,
                51.5077
              ],
              [
                -3.4019,
                51.499
              ],
              [
                -3.4088,
                51.5025
              ],
              [
                -3.4097,
                51.5062
              ],
              [
                -3.4376,
                51.5066
              ],
              [
                -3.455,
                51.512
              ],
              [
                -3.4679,
                51.515
              ],
              [
                -3.4975,
                51.5126
              ],
              [
                -3.5083,
                51.5081
              ],
              [
                -3.5157,
                51.5028
              ],
              [
                -3.5296,
                51.5014
              ],
              [
                -3.5251,
                51.4972
              ],
              [
                -3.5276,
                51.4937
              ],
              [
                -3.5394,
                51.491
              ],
              [
                -3.5335,
                51.4885
              ],
              [
                -3.5328,
                51.4816
              ],
              [
                -3.5547,
                51.4928
              ],
              [
                -3.5932,
                51.4823
              ],
              [
                -3.5965,
                51.4846
              ],
              [
                -3.627,
                51.4737
              ],
              [
                -3.6415,
                51.468
              ],
              [
                -3.6419,
                51.4634
              ],
              [
                -3.6304,
                51.4555
              ],
              [
                -3.6231,
                51.4527
              ],
              [
                -3.6185,
                51.4513
              ],
              [
                -3.6176,
                51.4507
              ],
              [
                -3.6063,
                51.4464
              ],
              [
                -3.6067,
                51.4435
              ],
              [
                -3.604,
                51.4417
              ],
              [
                -3.597,
                51.4412
              ],
              [
                -3.5812,
                51.4258
              ],
              [
                -3.5811,
                51.4257
              ],
              [
                -3.5589,
                51.4013
              ],
              [
                -3.5398,
                51.3976
              ],
              [
                -3.52,
                51.4001
              ],
              [
                -3.4477,
                51.3878
              ],
              [
                -3.4385,
                51.3884
              ],
              [
                -3.4358,
                51.3886
              ],
              [
                -3.4355,
                51.3886
              ],
              [
                -3.4149,
                51.3878
              ],
              [
                -3.4052,
                51.3813
              ],
              [
                -3.3966,
                51.3823
              ],
              [
                -3.3976,
                51.391
              ],
              [
                -3.3961,
                51.3877
              ],
              [
                -3.396,
                51.3875
              ],
              [
                -3.3936,
                51.3825
              ],
              [
                -3.3811,
                51.3852
              ],
              [
                -3.3811,
                51.3832
              ],
              [
                -3.3579,
                51.3839
              ],
              [
                -3.3409,
                51.3812
              ],
              [
                -3.3174,
                51.3885
              ],
              [
                -3.3166,
                51.3889
              ],
              [
                -3.3073,
                51.3926
              ],
              [
                -3.2895,
                51.386
              ],
              [
                -3.284,
                51.3937
              ],
              [
                -3.2794,
                51.3926
              ],
              [
                -3.2859,
                51.3896
              ],
              [
                -3.2789,
                51.3854
              ],
              [
                -3.2783,
                51.3898
              ],
              [
                -3.2663,
                51.3875
              ],
              [
                -3.2654,
                51.3921
              ],
              [
                -3.2598,
                51.3912
              ],
              [
                -3.2588,
                51.3913
              ],
              [
                -3.262,
                51.3943
              ],
              [
                -3.2596,
                51.3939
              ],
              [
                -3.2555,
                51.3933
              ],
              [
                -3.2571,
                51.3917
              ],
              [
                -3.2502,
                51.3967
              ],
              [
                -3.2389,
                51.3973
              ],
              [
                -3.2386,
                51.3974
              ],
              [
                -3.2241,
                51.4037
              ],
              [
                -3.2046,
                51.4003
              ],
              [
                -3.1876,
                51.4001
              ],
              [
                -3.1871,
                51.4023
              ],
              [
                -3.1696,
                51.4062
              ],
              [
                -3.1713,
                51.4184
              ],
              [
                -3.1712,
                51.4187
              ],
              [
                -3.1673,
                51.4351
              ],
              [
                -3.1673,
                51.4352
              ],
              [
                -3.1644,
                51.4411
              ],
              [
                -3.167,
                51.4453
              ],
              [
                -3.1665,
                51.4456
              ],
              [
                -3.1877,
                51.4485
              ],
              [
                -3.1936,
                51.4578
              ],
              [
                -3.197,
                51.4555
              ],
              [
                -3.203,
                51.4585
              ],
              [
                -3.2069,
                51.466
              ],
              [
                -3.2182,
                51.4747
              ],
              [
                -3.2409,
                51.4706
              ],
              [
                -3.248,
                51.4646
              ],
              [
                -3.258,
                51.4654
              ],
              [
                -3.2698,
                51.4653
              ],
              [
                -3.2714,
                51.4653
              ],
              [
                -3.281,
                51.4772
              ],
              [
                -3.2984,
                51.4999
              ],
              [
                -3.3116,
                51.5071
              ],
              [
                -3.3357,
                51.5084
              ]
            ]
          ],
          [
            [
              [
                -3.1955,
                51.3951
              ],
              [
                -3.1998,
                51.3966
              ],
              [
                -3.2004,
                51.3959
              ],
              [
                -3.1968,
                51.395
              ],
              [
                -3.1954,
                51.3949
              ],
              [
                -3.1955,
                51.3951
              ]
            ]
          ],
          [
            [
              [
                -3.1639,
                51.4452
              ],
              [
                -3.164,
                51.4453
              ],
              [
                -3.1638,
                51.4451
              ],
              [
                -3.1639,
                51.4452
              ]
            ]
          ]
        ]
      },
      "properties": {
        "slot_id": "gas_emissions_6",
        "lineage_id": "LOCAL-NEW-92271296-1318-4c0c-a293-d0d4ebc2d06b",
        "page_generation": 1,
        "semantic_mode": "AREA_JOIN",
        "partition": {
          "start": 76904,
          "end": 92283,
          "count": 15380
        },
        "evidence_scope": "coverage_area",
        "coverage_area_id": "W06000014",
        "coverage_area_name": "Vale of Glamorgan",
        "coverage_area_identifier_scheme": "ONS_GSS_LTLA16",
        "boundary_vintage": "2016",
        "source_area_record": true,
        "accepted_parcel_record": false,
        "spatial_binding_method": "OFFICIAL_POLYGON_AND_EXACT_IDENTIFIER",
        "source_window_record_index": 6,
        "source_url": "https://raw.githubusercontent.com/ONSdigital/uk-topojson/main/input/ltla16-bsc.json",
        "final_url": "https://raw.githubusercontent.com/ONSdigital/uk-topojson/main/input/ltla16-bsc.json",
        "source_access_utc": "2026-10-01T20:02:00Z",
        "source_blob_sha": "14193625387a0640e20a6b7ba88e24670ab8ce82",
        "source_file_sha256": "748d24014abfa9c5cfaf5a0ab7ffb2a1442da0809f17dd50293b89db7c789069",
        "field_evidence": {
          "areacd": "W06000014",
          "areanm": "Vale of Glamorgan",
          "geometry_type": "MultiPolygon"
        },
        "evidence_slice_sha256": "151145cfa9ef6fc2b11803b43e73aed1c172e0bd5c708aa14d823dcf48dc9230",
        "confidence_score_0_100": 95,
        "evidence_grade": "A",
        "licence": "ONS Geography licensing terms / Open Government Licence v3.0",
        "licence_evidence_url": "https://www.ons.gov.uk/methodology/geography/licences",
        "fake_data": false,
        "local_spatial_join_status": "DEFERRED_TO_LOCAL_OPENCODE"
      }
    },
    {
      "type": "Feature",
      "id": "W06000015",
      "geometry": {
        "type": "MultiPolygon",
        "coordinates": [
          [
            [
              [
                -3.1189,
                51.5456
              ],
              [
                -3.1445,
                51.5553
              ],
              [
                -3.1526,
                51.5516
              ],
              [
                -3.1637,
                51.5605
              ],
              [
                -3.2026,
                51.5552
              ],
              [
                -3.2159,
                51.5513
              ],
              [
                -3.2278,
                51.5497
              ],
              [
                -3.2377,
                51.5526
              ],
              [
                -3.2508,
                51.5418
              ],
              [
                -3.2616,
                51.5378
              ],
              [
                -3.274,
                51.5458
              ],
              [
                -3.2732,
                51.5485
              ],
              [
                -3.2777,
                51.5519
              ],
              [
                -3.2922,
                51.5494
              ],
              [
                -3.3104,
                51.5489
              ],
              [
                -3.3101,
                51.5444
              ],
              [
                -3.3213,
                51.5428
              ],
              [
                -3.3237,
                51.5363
              ],
              [
                -3.3305,
                51.5356
              ],
              [
                -3.3355,
                51.5372
              ],
              [
                -3.3416,
                51.5351
              ],
              [
                -3.3438,
                51.5299
              ],
              [
                -3.3352,
                51.5189
              ],
              [
                -3.3391,
                51.5141
              ],
              [
                -3.3357,
                51.5084
              ],
              [
                -3.3116,
                51.5071
              ],
              [
                -3.2984,
                51.4999
              ],
              [
                -3.281,
                51.4772
              ],
              [
                -3.2714,
                51.4653
              ],
              [
                -3.2698,
                51.4653
              ],
              [
                -3.258,
                51.4654
              ],
              [
                -3.248,
                51.4646
              ],
              [
                -3.2409,
                51.4706
              ],
              [
                -3.2182,
                51.4747
              ],
              [
                -3.2069,
                51.466
              ],
              [
                -3.203,
                51.4585
              ],
              [
                -3.197,
                51.4555
              ],
              [
                -3.1936,
                51.4578
              ],
              [
                -3.1877,
                51.4485
              ],
              [
                -3.1665,
                51.4456
              ],
              [
                -3.1652,
                51.4464
              ],
              [
                -3.164,
                51.4453
              ],
              [
                -3.1639,
                51.4452
              ],
              [
                -3.1655,
                51.4473
              ],
              [
                -3.1644,
                51.4486
              ],
              [
                -3.1645,
                51.4513
              ],
              [
                -3.1645,
                51.4515
              ],
              [
                -3.1617,
                51.4529
              ],
              [
                -3.1597,
                51.4528
              ],
              [
                -3.1587,
                51.4511
              ],
              [
                -3.1528,
                51.4553
              ],
              [
                -3.1357,
                51.4672
              ],
              [
                -3.1403,
                51.473
              ],
              [
                -3.132,
                51.4741
              ],
              [
                -3.1213,
                51.4905
              ],
              [
                -3.1258,
                51.4889
              ],
              [
                -3.1257,
                51.4916
              ],
              [
                -3.1313,
                51.4913
              ],
              [
                -3.1329,
                51.4922
              ],
              [
                -3.1297,
                51.4955
              ],
              [
                -3.1296,
                51.4955
              ],
              [
                -3.128,
                51.4955
              ],
              [
                -3.1318,
                51.4922
              ],
              [
                -3.1248,
                51.4922
              ],
              [
                -3.1252,
                51.4895
              ],
              [
                -3.1218,
                51.492
              ],
              [
                -3.1139,
                51.4928
              ],
              [
                -3.1137,
                51.4927
              ],
              [
                -3.1062,
                51.492
              ],
              [
                -3.0834,
                51.5015
              ],
              [
                -3.0904,
                51.5099
              ],
              [
                -3.0781,
                51.5132
              ],
              [
                -3.0821,
                51.5149
              ],
              [
                -3.0689,
                51.5203
              ],
              [
                -3.0773,
                51.5237
              ],
              [
                -3.0809,
                51.5316
              ],
              [
                -3.0941,
                51.5357
              ],
              [
                -3.1108,
                51.5465
              ],
              [
                -3.1189,
                51.5456
              ]
            ]
          ],
          [
            [
              [
                -3.1208,
                51.3799
              ],
              [
                -3.1214,
                51.3799
              ],
              [
                -3.1251,
                51.377
              ],
              [
                -3.1179,
                51.3751
              ],
              [
                -3.1208,
                51.3799
              ]
            ]
          ]
        ]
      },
      "properties": {
        "slot_id": "gas_emissions_6",
        "lineage_id": "LOCAL-NEW-92271296-1318-4c0c-a293-d0d4ebc2d06b",
        "page_generation": 1,
        "semantic_mode": "AREA_JOIN",
        "partition": {
          "start": 76904,
          "end": 92283,
          "count": 15380
        },
        "evidence_scope": "coverage_area",
        "coverage_area_id": "W06000015",
        "coverage_area_name": "Cardiff",
        "coverage_area_identifier_scheme": "ONS_GSS_LTLA16",
        "boundary_vintage": "2016",
        "source_area_record": true,
        "accepted_parcel_record": false,
        "spatial_binding_method": "OFFICIAL_POLYGON_AND_EXACT_IDENTIFIER",
        "source_window_record_index": 7,
        "source_url": "https://raw.githubusercontent.com/ONSdigital/uk-topojson/main/input/ltla16-bsc.json",
        "final_url": "https://raw.githubusercontent.com/ONSdigital/uk-topojson/main/input/ltla16-bsc.json",
        "source_access_utc": "2026-10-01T20:02:00Z",
        "source_blob_sha": "14193625387a0640e20a6b7ba88e24670ab8ce82",
        "source_file_sha256": "748d24014abfa9c5cfaf5a0ab7ffb2a1442da0809f17dd50293b89db7c789069",
        "field_evidence": {
          "areacd": "W06000015",
          "areanm": "Cardiff",
          "geometry_type": "MultiPolygon"
        },
        "evidence_slice_sha256": "151145cfa9ef6fc2b11803b43e73aed1c172e0bd5c708aa14d823dcf48dc9230",
        "confidence_score_0_100": 95,
        "evidence_grade": "A",
        "licence": "ONS Geography licensing terms / Open Government Licence v3.0",
        "licence_evidence_url": "https://www.ons.gov.uk/methodology/geography/licences",
        "fake_data": false,
        "local_spatial_join_status": "DEFERRED_TO_LOCAL_OPENCODE"
      }
    },
    {
      "type": "Feature",
      "id": "W06000016",
      "geometry": {
        "type": "Polygon",
        "coordinates": [
          [
            [
              -3.3139,
              51.6447
            ],
            [
              -3.3138,
              51.6557
            ],
            [
              -3.3203,
              51.6554
            ],
            [
              -3.3219,
              51.6521
            ],
            [
              -3.3293,
              51.6551
            ],
            [
              -3.3398,
              51.6672
            ],
            [
              -3.3435,
              51.669
            ],
            [
              -3.3566,
              51.6811
            ],
            [
              -3.3675,
              51.6986
            ],
            [
              -3.3806,
              51.7114
            ],
            [
              -3.3889,
              51.7166
            ],
            [
              -3.3999,
              51.7179
            ],
            [
              -3.4054,
              51.7226
            ],
            [
              -3.4149,
              51.7363
            ],
            [
              -3.4237,
              51.7423
            ],
            [
              -3.4425,
              51.7557
            ],
            [
              -3.4531,
              51.7617
            ],
            [
              -3.4501,
              51.7624
            ],
            [
              -3.4386,
              51.7625
            ],
            [
              -3.4275,
              51.7585
            ],
            [
              -3.4166,
              51.7681
            ],
            [
              -3.4201,
              51.7752
            ],
            [
              -3.4284,
              51.7802
            ],
            [
              -3.4332,
              51.7927
            ],
            [
              -3.4407,
              51.7958
            ],
            [
              -3.4454,
              51.8064
            ],
            [
              -3.4442,
              51.8165
            ],
            [
              -3.4478,
              51.8231
            ],
            [
              -3.4601,
              51.8301
            ],
            [
              -3.4701,
              51.8285
            ],
            [
              -3.4685,
              51.8235
            ],
            [
              -3.4763,
              51.8095
            ],
            [
              -3.5023,
              51.801
            ],
            [
              -3.5313,
              51.7859
            ],
            [
              -3.5412,
              51.7846
            ],
            [
              -3.5353,
              51.7798
            ],
            [
              -3.5371,
              51.7762
            ],
            [
              -3.5599,
              51.7775
            ],
            [
              -3.5656,
              51.7649
            ],
            [
              -3.5913,
              51.7546
            ],
            [
              -3.5937,
              51.7532
            ],
            [
              -3.5838,
              51.7383
            ],
            [
              -3.5786,
              51.7179
            ],
            [
              -3.5822,
              51.714
            ],
            [
              -3.5852,
              51.7031
            ],
            [
              -3.5813,
              51.6954
            ],
            [
              -3.5896,
              51.6793
            ],
            [
              -3.564,
              51.655
            ],
            [
              -3.5633,
              51.6455
            ],
            [
              -3.5381,
              51.6443
            ],
            [
              -3.5336,
              51.639
            ],
            [
              -3.5231,
              51.6341
            ],
            [
              -3.5206,
              51.6299
            ],
            [
              -3.5046,
              51.6166
            ],
            [
              -3.5039,
              51.6164
            ],
            [
              -3.5002,
              51.6143
            ],
            [
              -3.4964,
              51.6105
            ],
            [
              -3.4862,
              51.6101
            ],
            [
              -3.4768,
              51.6044
            ],
            [
              -3.4717,
              51.5986
            ],
            [
              -3.4781,
              51.588
            ],
            [
              -3.4764,
              51.5818
            ],
            [
              -3.4887,
              51.5742
            ],
            [
              -3.4836,
              51.5728
            ],
            [
              -3.4855,
              51.5696
            ],
            [
              -3.4768,
              51.5664
            ],
            [
              -3.4801,
              51.5582
            ],
            [
              -3.4705,
              51.5541
            ],
            [
              -3.463,
              51.5434
            ],
            [
              -3.4767,
              51.5389
            ],
            [
              -3.4817,
              51.5304
            ],
            [
              -3.4859,
              51.5185
            ],
            [
              -3.4975,
              51.5126
            ],
            [
              -3.4679,
              51.515
            ],
            [
              -3.455,
              51.512
            ],
            [
              -3.4376,
              51.5066
            ],
            [
              -3.4097,
              51.5062
            ],
            [
              -3.4088,
              51.5025
            ],
            [
              -3.4019,
              51.499
            ],
            [
              -3.3964,
              51.5077
            ],
            [
              -3.3785,
              51.5127
            ],
            [
              -3.3715,
              51.5092
            ],
            [
              -3.3568,
              51.5122
            ],
            [
              -3.3357,
              51.5084
            ],
            [
              -3.3391,
              51.5141
            ],
            [
              -3.3352,
              51.5189
            ],
            [
              -3.3438,
              51.5299
            ],
            [
              -3.3416,
              51.5351
            ],
            [
              -3.3355,
              51.5372
            ],
            [
              -3.3305,
              51.5356
            ],
            [
              -3.3237,
              51.5363
            ],
            [
              -3.3213,
              51.5428
            ],
            [
              -3.3101,
              51.5444
            ],
            [
              -3.3104,
              51.5489
            ],
            [
              -3.2922,
              51.5494
            ],
            [
              -3.2777,
              51.5519
            ],
            [
              -3.2732,
              51.5485
            ],
            [
              -3.274,
              51.5458
            ],
            [
              -3.2616,
              51.5378
            ],
            [
              -3.2508,
              51.5418
            ],
            [
              -3.2377,
              51.5526
            ],
            [
              -3.2368,
              51.5582
            ],
            [
              -3.2486,
              51.5689
            ],
            [
              -3.2628,
              51.5662
            ],
            [
              -3.2643,
              51.5692
            ],
            [
              -3.2685,
              51.5764
            ],
            [
              -3.2698,
              51.5838
            ],
            [
              -3.2829,
              51.5859
            ],
            [
              -3.2914,
              51.5921
            ],
            [
              -3.3003,
              51.6106
            ],
            [
              -3.3027,
              51.615
            ],
            [
              -3.3045,
              51.6367
            ],
            [
              -3.3139,
              51.6447
            ]
          ]
        ]
      },
      "properties": {
        "slot_id": "gas_emissions_6",
        "lineage_id": "LOCAL-NEW-92271296-1318-4c0c-a293-d0d4ebc2d06b",
        "page_generation": 1,
        "semantic_mode": "AREA_JOIN",
        "partition": {
          "start": 76904,
          "end": 92283,
          "count": 15380
        },
        "evidence_scope": "coverage_area",
        "coverage_area_id": "W06000016",
        "coverage_area_name": "Rhondda Cynon Taf",
        "coverage_area_identifier_scheme": "ONS_GSS_LTLA16",
        "boundary_vintage": "2016",
        "source_area_record": true,
        "accepted_parcel_record": false,
        "spatial_binding_method": "OFFICIAL_POLYGON_AND_EXACT_IDENTIFIER",
        "source_window_record_index": 8,
        "source_url": "https://raw.githubusercontent.com/ONSdigital/uk-topojson/main/input/ltla16-bsc.json",
        "final_url": "https://raw.githubusercontent.com/ONSdigital/uk-topojson/main/input/ltla16-bsc.json",
        "source_access_utc": "2026-10-01T20:02:00Z",
        "source_blob_sha": "14193625387a0640e20a6b7ba88e24670ab8ce82",
        "source_file_sha256": "748d24014abfa9c5cfaf5a0ab7ffb2a1442da0809f17dd50293b89db7c789069",
        "field_evidence": {
          "areacd": "W06000016",
          "areanm": "Rhondda Cynon Taf",
          "geometry_type": "Polygon"
        },
        "evidence_slice_sha256": "151145cfa9ef6fc2b11803b43e73aed1c172e0bd5c708aa14d823dcf48dc9230",
        "confidence_score_0_100": 95,
        "evidence_grade": "A",
        "licence": "ONS Geography licensing terms / Open Government Licence v3.0",
        "licence_evidence_url": "https://www.ons.gov.uk/methodology/geography/licences",
        "fake_data": false,
        "local_spatial_join_status": "DEFERRED_TO_LOCAL_OPENCODE"
      }
    },
    {
      "type": "Feature",
      "id": "W06000018",
      "geometry": {
        "type": "Polygon",
        "coordinates": [
          [
            [
              -3.1161,
              51.6908
            ],
            [
              -3.1256,
              51.6821
            ],
            [
              -3.1377,
              51.6819
            ],
            [
              -3.1389,
              51.6848
            ],
            [
              -3.1281,
              51.6948
            ],
            [
              -3.1461,
              51.7024
            ],
            [
              -3.1464,
              51.7095
            ],
            [
              -3.1508,
              51.7102
            ],
            [
              -3.1568,
              51.714
            ],
            [
              -3.1672,
              51.7099
            ],
            [
              -3.1815,
              51.7218
            ],
            [
              -3.1941,
              51.7393
            ],
            [
              -3.2101,
              51.7501
            ],
            [
              -3.2196,
              51.7452
            ],
            [
              -3.2109,
              51.7307
            ],
            [
              -3.2197,
              51.7274
            ],
            [
              -3.224,
              51.7291
            ],
            [
              -3.2228,
              51.7231
            ],
            [
              -3.226,
              51.7318
            ],
            [
              -3.2465,
              51.7434
            ],
            [
              -3.2492,
              51.7472
            ],
            [
              -3.2534,
              51.7464
            ],
            [
              -3.2575,
              51.7582
            ],
            [
              -3.267,
              51.7593
            ],
            [
              -3.2693,
              51.7673
            ],
            [
              -3.2683,
              51.7725
            ],
            [
              -3.2746,
              51.7785
            ],
            [
              -3.2826,
              51.7828
            ],
            [
              -3.2877,
              51.782
            ],
            [
              -3.3013,
              51.799
            ],
            [
              -3.3101,
              51.7943
            ],
            [
              -3.3345,
              51.7904
            ],
            [
              -3.329,
              51.7587
            ],
            [
              -3.3272,
              51.756
            ],
            [
              -3.3179,
              51.7429
            ],
            [
              -3.3101,
              51.7395
            ],
            [
              -3.3155,
              51.7318
            ],
            [
              -3.3006,
              51.7363
            ],
            [
              -3.3017,
              51.7315
            ],
            [
              -3.2739,
              51.6823
            ],
            [
              -3.2847,
              51.6771
            ],
            [
              -3.2834,
              51.6609
            ],
            [
              -3.2888,
              51.6582
            ],
            [
              -3.2961,
              51.6641
            ],
            [
              -3.3006,
              51.6522
            ],
            [
              -3.3139,
              51.6447
            ],
            [
              -3.3045,
              51.6367
            ],
            [
              -3.3027,
              51.615
            ],
            [
              -3.3003,
              51.6106
            ],
            [
              -3.2914,
              51.5921
            ],
            [
              -3.2829,
              51.5859
            ],
            [
              -3.2698,
              51.5838
            ],
            [
              -3.2685,
              51.5764
            ],
            [
              -3.2643,
              51.5692
            ],
            [
              -3.2628,
              51.5662
            ],
            [
              -3.2486,
              51.5689
            ],
            [
              -3.2368,
              51.5582
            ],
            [
              -3.2377,
              51.5526
            ],
            [
              -3.2278,
              51.5497
            ],
            [
              -3.2159,
              51.5513
            ],
            [
              -3.2026,
              51.5552
            ],
            [
              -3.1637,
              51.5605
            ],
            [
              -3.1526,
              51.5516
            ],
            [
              -3.1445,
              51.5553
            ],
            [
              -3.1189,
              51.5456
            ],
            [
              -3.1105,
              51.5507
            ],
            [
              -3.1076,
              51.5583
            ],
            [
              -3.1,
              51.5601
            ],
            [
              -3.1037,
              51.5643
            ],
            [
              -3.0943,
              51.563
            ],
            [
              -3.0902,
              51.5685
            ],
            [
              -3.1001,
              51.5761
            ],
            [
              -3.105,
              51.5748
            ],
            [
              -3.1151,
              51.5805
            ],
            [
              -3.1217,
              51.5797
            ],
            [
              -3.1236,
              51.5873
            ],
            [
              -3.1199,
              51.5925
            ],
            [
              -3.1052,
              51.5972
            ],
            [
              -3.0937,
              51.5914
            ],
            [
              -3.0926,
              51.5966
            ],
            [
              -3.0824,
              51.5961
            ],
            [
              -3.0784,
              51.6
            ],
            [
              -3.0735,
              51.5997
            ],
            [
              -3.073,
              51.6
            ],
            [
              -3.0637,
              51.6055
            ],
            [
              -3.0812,
              51.613
            ],
            [
              -3.0818,
              51.6194
            ],
            [
              -3.0868,
              51.6271
            ],
            [
              -3.0993,
              51.6303
            ],
            [
              -3.1024,
              51.6336
            ],
            [
              -3.0748,
              51.6522
            ],
            [
              -3.0767,
              51.659
            ],
            [
              -3.0728,
              51.6649
            ],
            [
              -3.0732,
              51.6708
            ],
            [
              -3.0717,
              51.6742
            ],
            [
              -3.0722,
              51.6747
            ],
            [
              -3.0844,
              51.6884
            ],
            [
              -3.102,
              51.6821
            ],
            [
              -3.1156,
              51.6851
            ],
            [
              -3.1161,
              51.6908
            ]
          ]
        ]
      },
      "properties": {
        "slot_id": "gas_emissions_6",
        "lineage_id": "LOCAL-NEW-92271296-1318-4c0c-a293-d0d4ebc2d06b",
        "page_generation": 1,
        "semantic_mode": "AREA_JOIN",
        "partition": {
          "start": 76904,
          "end": 92283,
          "count": 15380
        },
        "evidence_scope": "coverage_area",
        "coverage_area_id": "W06000018",
        "coverage_area_name": "Caerphilly",
        "coverage_area_identifier_scheme": "ONS_GSS_LTLA16",
        "boundary_vintage": "2016",
        "source_area_record": true,
        "accepted_parcel_record": false,
        "spatial_binding_method": "OFFICIAL_POLYGON_AND_EXACT_IDENTIFIER",
        "source_window_record_index": 9,
        "source_url": "https://raw.githubusercontent.com/ONSdigital/uk-topojson/main/input/ltla16-bsc.json",
        "final_url": "https://raw.githubusercontent.com/ONSdigital/uk-topojson/main/input/ltla16-bsc.json",
        "source_access_utc": "2026-10-01T20:02:00Z",
        "source_blob_sha": "14193625387a0640e20a6b7ba88e24670ab8ce82",
        "source_file_sha256": "748d24014abfa9c5cfaf5a0ab7ffb2a1442da0809f17dd50293b89db7c789069",
        "field_evidence": {
          "areacd": "W06000018",
          "areanm": "Caerphilly",
          "geometry_type": "Polygon"
        },
        "evidence_slice_sha256": "151145cfa9ef6fc2b11803b43e73aed1c172e0bd5c708aa14d823dcf48dc9230",
        "confidence_score_0_100": 95,
        "evidence_grade": "A",
        "licence": "ONS Geography licensing terms / Open Government Licence v3.0",
        "licence_evidence_url": "https://www.ons.gov.uk/methodology/geography/licences",
        "fake_data": false,
        "local_spatial_join_status": "DEFERRED_TO_LOCAL_OPENCODE"
      }
    },
    {
      "type": "Feature",
      "id": "W06000019",
      "geometry": {
        "type": "Polygon",
        "coordinates": [
          [
            [
              -3.1573,
              51.816
            ],
            [
              -3.1921,
              51.8132
            ],
            [
              -3.2083,
              51.8135
            ],
            [
              -3.2191,
              51.8131
            ],
            [
              -3.2388,
              51.8124
            ],
            [
              -3.2482,
              51.8151
            ],
            [
              -3.2834,
              51.8255
            ],
            [
              -3.3086,
              51.8061
            ],
            [
              -3.3101,
              51.7943
            ],
            [
              -3.3013,
              51.799
            ],
            [
              -3.2877,
              51.782
            ],
            [
              -3.2826,
              51.7828
            ],
            [
              -3.2746,
              51.7785
            ],
            [
              -3.2683,
              51.7725
            ],
            [
              -3.2693,
              51.7673
            ],
            [
              -3.267,
              51.7593
            ],
            [
              -3.2575,
              51.7582
            ],
            [
              -3.2534,
              51.7464
            ],
            [
              -3.2492,
              51.7472
            ],
            [
              -3.2465,
              51.7434
            ],
            [
              -3.226,
              51.7318
            ],
            [
              -3.2228,
              51.7231
            ],
            [
              -3.224,
              51.7291
            ],
            [
              -3.2197,
              51.7274
            ],
            [
              -3.2109,
              51.7307
            ],
            [
              -3.2196,
              51.7452
            ],
            [
              -3.2101,
              51.7501
            ],
            [
              -3.1941,
              51.7393
            ],
            [
              -3.1815,
              51.7218
            ],
            [
              -3.1672,
              51.7099
            ],
            [
              -3.1568,
              51.714
            ],
            [
              -3.1508,
              51.7102
            ],
            [
              -3.1464,
              51.7095
            ],
            [
              -3.1461,
              51.7024
            ],
            [
              -3.1281,
              51.6948
            ],
            [
              -3.1389,
              51.6848
            ],
            [
              -3.1377,
              51.6819
            ],
            [
              -3.1256,
              51.6821
            ],
            [
              -3.1161,
              51.6908
            ],
            [
              -3.1088,
              51.7077
            ],
            [
              -3.11,
              51.7177
            ],
            [
              -3.1101,
              51.7183
            ],
            [
              -3.106,
              51.7205
            ],
            [
              -3.1119,
              51.7347
            ],
            [
              -3.1064,
              51.7418
            ],
            [
              -3.111,
              51.7474
            ],
            [
              -3.1149,
              51.7586
            ],
            [
              -3.1061,
              51.7612
            ],
            [
              -3.1238,
              51.7711
            ],
            [
              -3.1439,
              51.7861
            ],
            [
              -3.1342,
              51.7928
            ],
            [
              -3.1569,
              51.7961
            ],
            [
              -3.1497,
              51.7987
            ],
            [
              -3.153,
              51.8037
            ],
            [
              -3.1458,
              51.8047
            ],
            [
              -3.1512,
              51.8075
            ],
            [
              -3.1505,
              51.8127
            ],
            [
              -3.1573,
              51.816
            ]
          ]
        ]
      },
      "properties": {
        "slot_id": "gas_emissions_6",
        "lineage_id": "LOCAL-NEW-92271296-1318-4c0c-a293-d0d4ebc2d06b",
        "page_generation": 1,
        "semantic_mode": "AREA_JOIN",
        "partition": {
          "start": 76904,
          "end": 92283,
          "count": 15380
        },
        "evidence_scope": "coverage_area",
        "coverage_area_id": "W06000019",
        "coverage_area_name": "Blaenau Gwent",
        "coverage_area_identifier_scheme": "ONS_GSS_LTLA16",
        "boundary_vintage": "2016",
        "source_area_record": true,
        "accepted_parcel_record": false,
        "spatial_binding_method": "OFFICIAL_POLYGON_AND_EXACT_IDENTIFIER",
        "source_window_record_index": 10,
        "source_url": "https://raw.githubusercontent.com/ONSdigital/uk-topojson/main/input/ltla16-bsc.json",
        "final_url": "https://raw.githubusercontent.com/ONSdigital/uk-topojson/main/input/ltla16-bsc.json",
        "source_access_utc": "2026-10-01T20:02:00Z",
        "source_blob_sha": "14193625387a0640e20a6b7ba88e24670ab8ce82",
        "source_file_sha256": "748d24014abfa9c5cfaf5a0ab7ffb2a1442da0809f17dd50293b89db7c789069",
        "field_evidence": {
          "areacd": "W06000019",
          "areanm": "Blaenau Gwent",
          "geometry_type": "Polygon"
        },
        "evidence_slice_sha256": "151145cfa9ef6fc2b11803b43e73aed1c172e0bd5c708aa14d823dcf48dc9230",
        "confidence_score_0_100": 95,
        "evidence_grade": "A",
        "licence": "ONS Geography licensing terms / Open Government Licence v3.0",
        "licence_evidence_url": "https://www.ons.gov.uk/methodology/geography/licences",
        "fake_data": false,
        "local_spatial_join_status": "DEFERRED_TO_LOCAL_OPENCODE"
      }
    },
    {
      "type": "Feature",
      "id": "W06000020",
      "geometry": {
        "type": "Polygon",
        "coordinates": [
          [
            [
              -2.9589,
              51.6288
            ],
            [
              -2.9596,
              51.6322
            ],
            [
              -2.9687,
              51.6316
            ],
            [
              -2.974,
              51.6349
            ],
            [
              -2.9793,
              51.6446
            ],
            [
              -2.9765,
              51.6484
            ],
            [
              -2.9775,
              51.6527
            ],
            [
              -2.9893,
              51.6578
            ],
            [
              -2.9903,
              51.6614
            ],
            [
              -3.0002,
              51.667
            ],
            [
              -3.0035,
              51.6691
            ],
            [
              -3.0016,
              51.6778
            ],
            [
              -2.99,
              51.6801
            ],
            [
              -2.9898,
              51.6757
            ],
            [
              -2.9794,
              51.6737
            ],
            [
              -2.9759,
              51.6839
            ],
            [
              -2.9686,
              51.6914
            ],
            [
              -2.9709,
              51.6939
            ],
            [
              -3.002,
              51.6908
            ],
            [
              -2.9824,
              51.7139
            ],
            [
              -2.9876,
              51.718
            ],
            [
              -2.9976,
              51.7177
            ],
            [
              -3.0048,
              51.7215
            ],
            [
              -3.0254,
              51.7181
            ],
            [
              -3.0257,
              51.7182
            ],
            [
              -3.0339,
              51.7255
            ],
            [
              -3.0315,
              51.7314
            ],
            [
              -3.0278,
              51.7454
            ],
            [
              -3.0345,
              51.7537
            ],
            [
              -3.0445,
              51.756
            ],
            [
              -3.0495,
              51.7618
            ],
            [
              -3.0514,
              51.7645
            ],
            [
              -3.0434,
              51.7704
            ],
            [
              -3.0589,
              51.7836
            ],
            [
              -3.0824,
              51.7885
            ],
            [
              -3.106,
              51.7955
            ],
            [
              -3.1342,
              51.7928
            ],
            [
              -3.1439,
              51.7861
            ],
            [
              -3.1238,
              51.7711
            ],
            [
              -3.1061,
              51.7612
            ],
            [
              -3.1149,
              51.7586
            ],
            [
              -3.111,
              51.7474
            ],
            [
              -3.1064,
              51.7418
            ],
            [
              -3.1119,
              51.7347
            ],
            [
              -3.106,
              51.7205
            ],
            [
              -3.1101,
              51.7183
            ],
            [
              -3.11,
              51.7177
            ],
            [
              -3.1088,
              51.7077
            ],
            [
              -3.1161,
              51.6908
            ],
            [
              -3.1156,
              51.6851
            ],
            [
              -3.102,
              51.6821
            ],
            [
              -3.0844,
              51.6884
            ],
            [
              -3.0722,
              51.6747
            ],
            [
              -3.0717,
              51.6742
            ],
            [
              -3.0732,
              51.6708
            ],
            [
              -3.0728,
              51.6649
            ],
            [
              -3.0767,
              51.659
            ],
            [
              -3.0748,
              51.6522
            ],
            [
              -3.1024,
              51.6336
            ],
            [
              -3.0993,
              51.6303
            ],
            [
              -3.0868,
              51.6271
            ],
            [
              -3.0818,
              51.6194
            ],
            [
              -3.0695,
              51.618
            ],
            [
              -3.0599,
              51.6102
            ],
            [
              -3.045,
              51.6067
            ],
            [
              -3.045,
              51.614
            ],
            [
              -3.0509,
              51.6163
            ],
            [
              -3.0472,
              51.6225
            ],
            [
              -3.0368,
              51.6222
            ],
            [
              -3.0195,
              51.6165
            ],
            [
              -3.0111,
              51.621
            ],
            [
              -3.0003,
              51.6195
            ],
            [
              -3.0007,
              51.6214
            ],
            [
              -2.9893,
              51.6288
            ],
            [
              -2.9758,
              51.627
            ],
            [
              -2.9635,
              51.6252
            ],
            [
              -2.9589,
              51.6288
            ]
          ]
        ]
      },
      "properties": {
        "slot_id": "gas_emissions_6",
        "lineage_id": "LOCAL-NEW-92271296-1318-4c0c-a293-d0d4ebc2d06b",
        "page_generation": 1,
        "semantic_mode": "AREA_JOIN",
        "partition": {
          "start": 76904,
          "end": 92283,
          "count": 15380
        },
        "evidence_scope": "coverage_area",
        "coverage_area_id": "W06000020",
        "coverage_area_name": "Torfaen",
        "coverage_area_identifier_scheme": "ONS_GSS_LTLA16",
        "boundary_vintage": "2016",
        "source_area_record": true,
        "accepted_parcel_record": false,
        "spatial_binding_method": "OFFICIAL_POLYGON_AND_EXACT_IDENTIFIER",
        "source_window_record_index": 11,
        "source_url": "https://raw.githubusercontent.com/ONSdigital/uk-topojson/main/input/ltla16-bsc.json",
        "final_url": "https://raw.githubusercontent.com/ONSdigital/uk-topojson/main/input/ltla16-bsc.json",
        "source_access_utc": "2026-10-01T20:02:00Z",
        "source_blob_sha": "14193625387a0640e20a6b7ba88e24670ab8ce82",
        "source_file_sha256": "748d24014abfa9c5cfaf5a0ab7ffb2a1442da0809f17dd50293b89db7c789069",
        "field_evidence": {
          "areacd": "W06000020",
          "areanm": "Torfaen",
          "geometry_type": "Polygon"
        },
        "evidence_slice_sha256": "151145cfa9ef6fc2b11803b43e73aed1c172e0bd5c708aa14d823dcf48dc9230",
        "confidence_score_0_100": 95,
        "evidence_grade": "A",
        "licence": "ONS Geography licensing terms / Open Government Licence v3.0",
        "licence_evidence_url": "https://www.ons.gov.uk/methodology/geography/licences",
        "fake_data": false,
        "local_spatial_join_status": "DEFERRED_TO_LOCAL_OPENCODE"
      }
    },
    {
      "type": "Feature",
      "id": "W06000021",
      "geometry": {
        "type": "Polygon",
        "coordinates": [
          [
            [
              -3.0674,
              51.9831
            ],
            [
              -3.0782,
              51.9726
            ],
            [
              -3.0832,
              51.9731
            ],
            [
              -3.0931,
              51.9652
            ],
            [
              -3.0816,
              51.9554
            ],
            [
              -3.09,
              51.9503
            ],
            [
              -3.0802,
              51.9361
            ],
            [
              -3.0834,
              51.9307
            ],
            [
              -3.0786,
              51.9245
            ],
            [
              -3.0622,
              51.9191
            ],
            [
              -3.0598,
              51.9137
            ],
            [
              -3.0495,
              51.9114
            ],
            [
              -3.0495,
              51.9056
            ],
            [
              -3.0386,
              51.8937
            ],
            [
              -3.0436,
              51.8807
            ],
            [
              -3.0571,
              51.8801
            ],
            [
              -3.0722,
              51.8752
            ],
            [
              -3.0655,
              51.8626
            ],
            [
              -3.0767,
              51.8579
            ],
            [
              -3.0838,
              51.8501
            ],
            [
              -3.0972,
              51.8464
            ],
            [
              -3.0947,
              51.8393
            ],
            [
              -3.1031,
              51.8399
            ],
            [
              -3.1016,
              51.8318
            ],
            [
              -3.118,
              51.8389
            ],
            [
              -3.1319,
              51.833
            ],
            [
              -3.1362,
              51.8268
            ],
            [
              -3.1432,
              51.8257
            ],
            [
              -3.1402,
              51.8232
            ],
            [
              -3.1432,
              51.8199
            ],
            [
              -3.1573,
              51.816
            ],
            [
              -3.1505,
              51.8127
            ],
            [
              -3.1512,
              51.8075
            ],
            [
              -3.1458,
              51.8047
            ],
            [
              -3.153,
              51.8037
            ],
            [
              -3.1497,
              51.7987
            ],
            [
              -3.1569,
              51.7961
            ],
            [
              -3.1342,
              51.7928
            ],
            [
              -3.106,
              51.7955
            ],
            [
              -3.0824,
              51.7885
            ],
            [
              -3.0589,
              51.7836
            ],
            [
              -3.0434,
              51.7704
            ],
            [
              -3.0514,
              51.7645
            ],
            [
              -3.0495,
              51.7618
            ],
            [
              -3.0445,
              51.756
            ],
            [
              -3.0345,
              51.7537
            ],
            [
              -3.0278,
              51.7454
            ],
            [
              -3.0315,
              51.7314
            ],
            [
              -3.0339,
              51.7255
            ],
            [
              -3.0257,
              51.7182
            ],
            [
              -3.0254,
              51.7181
            ],
            [
              -3.0048,
              51.7215
            ],
            [
              -2.9976,
              51.7177
            ],
            [
              -2.9876,
              51.718
            ],
            [
              -2.9824,
              51.7139
            ],
            [
              -3.002,
              51.6908
            ],
            [
              -2.9709,
              51.6939
            ],
            [
              -2.9686,
              51.6914
            ],
            [
              -2.9759,
              51.6839
            ],
            [
              -2.9794,
              51.6737
            ],
            [
              -2.9898,
              51.6757
            ],
            [
              -2.99,
              51.6801
            ],
            [
              -3.0016,
              51.6778
            ],
            [
              -3.0035,
              51.6691
            ],
            [
              -3.0002,
              51.667
            ],
            [
              -2.9903,
              51.6614
            ],
            [
              -2.9893,
              51.6578
            ],
            [
              -2.9775,
              51.6527
            ],
            [
              -2.9765,
              51.6484
            ],
            [
              -2.9793,
              51.6446
            ],
            [
              -2.974,
              51.6349
            ],
            [
              -2.9687,
              51.6316
            ],
            [
              -2.9596,
              51.6322
            ],
            [
              -2.9589,
              51.6288
            ],
            [
              -2.9477,
              51.6286
            ],
            [
              -2.9414,
              51.6171
            ],
            [
              -2.9313,
              51.6193
            ],
            [
              -2.9209,
              51.6269
            ],
            [
              -2.9096,
              51.6233
            ],
            [
              -2.908,
              51.6292
            ],
            [
              -2.9021,
              51.6271
            ],
            [
              -2.8958,
              51.6305
            ],
            [
              -2.9001,
              51.6323
            ],
            [
              -2.8979,
              51.6343
            ],
            [
              -2.8924,
              51.6334
            ],
            [
              -2.8952,
              51.6366
            ],
            [
              -2.8836,
              51.6415
            ],
            [
              -2.8743,
              51.639
            ],
            [
              -2.8679,
              51.6423
            ],
            [
              -2.8368,
              51.6495
            ],
            [
              -2.8285,
              51.6428
            ],
            [
              -2.8057,
              51.6237
            ],
            [
              -2.8031,
              51.6162
            ],
            [
              -2.8303,
              51.6149
            ],
            [
              -2.828,
              51.6102
            ],
            [
              -2.836,
              51.6034
            ],
            [
              -2.8474,
              51.6009
            ],
            [
              -2.8512,
              51.5941
            ],
            [
              -2.8465,
              51.5891
            ],
            [
              -2.8516,
              51.5813
            ],
            [
              -2.8592,
              51.5794
            ],
            [
              -2.8572,
              51.5743
            ],
            [
              -2.8527,
              51.5713
            ],
            [
              -2.8463,
              51.5726
            ],
            [
              -2.8427,
              51.5678
            ],
            [
              -2.8342,
              51.5704
            ],
            [
              -2.8321,
              51.5629
            ],
            [
              -2.8224,
              51.5557
            ],
            [
              -2.8213,
              51.5542
            ],
            [
              -2.7914,
              51.5673
            ],
            [
              -2.7913,
              51.5673
            ],
            [
              -2.7907,
              51.5668
            ],
            [
              -2.7585,
              51.578
            ],
            [
              -2.7574,
              51.5782
            ],
            [
              -2.7484,
              51.5801
            ],
            [
              -2.7478,
              51.5802
            ],
            [
              -2.725,
              51.5817
            ],
            [
              -2.7104,
              51.5837
            ],
            [
              -2.6943,
              51.6026
            ],
            [
              -2.6927,
              51.6012
            ],
            [
              -2.6919,
              51.6006
            ],
            [
              -2.6714,
              51.6083
            ],
            [
              -2.6579,
              51.6221
            ],
            [
              -2.6655,
              51.6287
            ],
            [
              -2.6656,
              51.6289
            ],
            [
              -2.6695,
              51.6344
            ],
            [
              -2.6696,
              51.6345
            ],
            [
              -2.6689,
              51.645
            ],
            [
              -2.6773,
              51.6439
            ],
            [
              -2.6798,
              51.6451
            ],
            [
              -2.6798,
              51.6452
            ],
            [
              -2.6803,
              51.6491
            ],
            [
              -2.6803,
              51.6493
            ],
            [
              -2.6667,
              51.6641
            ],
            [
              -2.6758,
              51.6598
            ],
            [
              -2.683,
              51.6598
            ],
            [
              -2.6871,
              51.6628
            ],
            [
              -2.6851,
              51.6684
            ],
            [
              -2.6802,
              51.6701
            ],
            [
              -2.6618,
              51.6712
            ],
            [
              -2.658,
              51.6747
            ],
            [
              -2.6599,
              51.6756
            ],
            [
              -2.6675,
              51.6778
            ],
            [
              -2.6727,
              51.6806
            ],
            [
              -2.6738,
              51.6831
            ],
            [
              -2.6694,
              51.6913
            ],
            [
              -2.6736,
              51.697
            ],
            [
              -2.6838,
              51.7001
            ],
            [
              -2.684,
              51.7027
            ],
            [
              -2.6824,
              51.7035
            ],
            [
              -2.6723,
              51.7011
            ],
            [
              -2.671,
              51.7015
            ],
            [
              -2.669,
              51.7059
            ],
            [
              -2.669,
              51.707
            ],
            [
              -2.6793,
              51.714
            ],
            [
              -2.6809,
              51.7191
            ],
            [
              -2.6805,
              51.7246
            ],
            [
              -2.6875,
              51.7309
            ],
            [
              -2.6722,
              51.7364
            ],
            [
              -2.6627,
              51.7539
            ],
            [
              -2.6804,
              51.7689
            ],
            [
              -2.6751,
              51.7768
            ],
            [
              -2.6758,
              51.7881
            ],
            [
              -2.6698,
              51.7943
            ],
            [
              -2.6783,
              51.8033
            ],
            [
              -2.6726,
              51.8089
            ],
            [
              -2.6595,
              51.8107
            ],
            [
              -2.6609,
              51.8227
            ],
            [
              -2.6502,
              51.8241
            ],
            [
              -2.6504,
              51.8261
            ],
            [
              -2.6569,
              51.8269
            ],
            [
              -2.6582,
              51.8327
            ],
            [
              -2.6662,
              51.8356
            ],
            [
              -2.6829,
              51.8385
            ],
            [
              -2.687,
              51.8331
            ],
            [
              -2.6934,
              51.8339
            ],
            [
              -2.6973,
              51.8448
            ],
            [
              -2.7051,
              51.8457
            ],
            [
              -2.7102,
              51.8391
            ],
            [
              -2.7161,
              51.8407
            ],
            [
              -2.7196,
              51.8489
            ],
            [
              -2.7276,
              51.8401
            ],
            [
              -2.7315,
              51.8414
            ],
            [
              -2.7388,
              51.8366
            ],
            [
              -2.7411,
              51.8425
            ],
            [
              -2.7569,
              51.8459
            ],
            [
              -2.7695,
              51.8624
            ],
            [
              -2.7788,
              51.8659
            ],
            [
              -2.7727,
              51.8768
            ],
            [
              -2.7684,
              51.8805
            ],
            [
              -2.797,
              51.8884
            ],
            [
              -2.8087,
              51.8962
            ],
            [
              -2.8237,
              51.9053
            ],
            [
              -2.8361,
              51.906
            ],
            [
              -2.842,
              51.9178
            ],
            [
              -2.8451,
              51.9152
            ],
            [
              -2.8534,
              51.9158
            ],
            [
              -2.8541,
              51.9133
            ],
            [
              -2.8619,
              51.914
            ],
            [
              -2.8632,
              51.9172
            ],
            [
              -2.845,
              51.9221
            ],
            [
              -2.8593,
              51.9277
            ],
            [
              -2.8699,
              51.9268
            ],
            [
              -2.8754,
              51.9331
            ],
            [
              -2.8825,
              51.9344
            ],
            [
              -2.8887,
              51.9335
            ],
            [
              -2.887,
              51.9282
            ],
            [
              -2.8924,
              51.9254
            ],
            [
              -2.9041,
              51.9252
            ],
            [
              -2.9162,
              51.9177
            ],
            [
              -2.928,
              51.9139
            ],
            [
              -2.9339,
              51.915
            ],
            [
              -2.9525,
              51.9062
            ],
            [
              -2.9718,
              51.905
            ],
            [
              -2.9767,
              51.9275
            ],
            [
              -2.9992,
              51.9235
            ],
            [
              -3.0081,
              51.9271
            ],
            [
              -3.0085,
              51.9381
            ],
            [
              -3.0259,
              51.9573
            ],
            [
              -3.0353,
              51.9597
            ],
            [
              -3.0396,
              51.9665
            ],
            [
              -3.0674,
              51.9831
            ]
          ]
        ]
      },
      "properties": {
        "slot_id": "gas_emissions_6",
        "lineage_id": "LOCAL-NEW-92271296-1318-4c0c-a293-d0d4ebc2d06b",
        "page_generation": 1,
        "semantic_mode": "AREA_JOIN",
        "partition": {
          "start": 76904,
          "end": 92283,
          "count": 15380
        },
        "evidence_scope": "coverage_area",
        "coverage_area_id": "W06000021",
        "coverage_area_name": "Monmouthshire",
        "coverage_area_identifier_scheme": "ONS_GSS_LTLA16",
        "boundary_vintage": "2016",
        "source_area_record": true,
        "accepted_parcel_record": false,
        "spatial_binding_method": "OFFICIAL_POLYGON_AND_EXACT_IDENTIFIER",
        "source_window_record_index": 12,
        "source_url": "https://raw.githubusercontent.com/ONSdigital/uk-topojson/main/input/ltla16-bsc.json",
        "final_url": "https://raw.githubusercontent.com/ONSdigital/uk-topojson/main/input/ltla16-bsc.json",
        "source_access_utc": "2026-10-01T20:02:00Z",
        "source_blob_sha": "14193625387a0640e20a6b7ba88e24670ab8ce82",
        "source_file_sha256": "748d24014abfa9c5cfaf5a0ab7ffb2a1442da0809f17dd50293b89db7c789069",
        "field_evidence": {
          "areacd": "W06000021",
          "areanm": "Monmouthshire",
          "geometry_type": "Polygon"
        },
        "evidence_slice_sha256": "151145cfa9ef6fc2b11803b43e73aed1c172e0bd5c708aa14d823dcf48dc9230",
        "confidence_score_0_100": 95,
        "evidence_grade": "A",
        "licence": "ONS Geography licensing terms / Open Government Licence v3.0",
        "licence_evidence_url": "https://www.ons.gov.uk/methodology/geography/licences",
        "fake_data": false,
        "local_spatial_join_status": "DEFERRED_TO_LOCAL_OPENCODE"
      }
    },
    {
      "type": "Feature",
      "id": "W06000022",
      "geometry": {
        "type": "Polygon",
        "coordinates": [
          [
            [
              -2.8213,
              51.5542
            ],
            [
              -2.8224,
              51.5557
            ],
            [
              -2.8321,
              51.5629
            ],
            [
              -2.8342,
              51.5704
            ],
            [
              -2.8427,
              51.5678
            ],
            [
              -2.8463,
              51.5726
            ],
            [
              -2.8527,
              51.5713
            ],
            [
              -2.8572,
              51.5743
            ],
            [
              -2.8592,
              51.5794
            ],
            [
              -2.8516,
              51.5813
            ],
            [
              -2.8465,
              51.5891
            ],
            [
              -2.8512,
              51.5941
            ],
            [
              -2.8474,
              51.6009
            ],
            [
              -2.836,
              51.6034
            ],
            [
              -2.828,
              51.6102
            ],
            [
              -2.8303,
              51.6149
            ],
            [
              -2.8031,
              51.6162
            ],
            [
              -2.8057,
              51.6237
            ],
            [
              -2.8285,
              51.6428
            ],
            [
              -2.8368,
              51.6495
            ],
            [
              -2.8679,
              51.6423
            ],
            [
              -2.8743,
              51.639
            ],
            [
              -2.8836,
              51.6415
            ],
            [
              -2.8952,
              51.6366
            ],
            [
              -2.8924,
              51.6334
            ],
            [
              -2.8979,
              51.6343
            ],
            [
              -2.9001,
              51.6323
            ],
            [
              -2.8958,
              51.6305
            ],
            [
              -2.9021,
              51.6271
            ],
            [
              -2.908,
              51.6292
            ],
            [
              -2.9096,
              51.6233
            ],
            [
              -2.9209,
              51.6269
            ],
            [
              -2.9313,
              51.6193
            ],
            [
              -2.9414,
              51.6171
            ],
            [
              -2.9477,
              51.6286
            ],
            [
              -2.9589,
              51.6288
            ],
            [
              -2.9635,
              51.6252
            ],
            [
              -2.9758,
              51.627
            ],
            [
              -2.9893,
              51.6288
            ],
            [
              -3.0007,
              51.6214
            ],
            [
              -3.0003,
              51.6195
            ],
            [
              -3.0111,
              51.621
            ],
            [
              -3.0195,
              51.6165
            ],
            [
              -3.0368,
              51.6222
            ],
            [
              -3.0472,
              51.6225
            ],
            [
              -3.0509,
              51.6163
            ],
            [
              -3.045,
              51.614
            ],
            [
              -3.045,
              51.6067
            ],
            [
              -3.0599,
              51.6102
            ],
            [
              -3.0695,
              51.618
            ],
            [
              -3.0818,
              51.6194
            ],
            [
              -3.0812,
              51.613
            ],
            [
              -3.0637,
              51.6055
            ],
            [
              -3.073,
              51.6
            ],
            [
              -3.0735,
              51.5997
            ],
            [
              -3.0784,
              51.6
            ],
            [
              -3.0824,
              51.5961
            ],
            [
              -3.0926,
              51.5966
            ],
            [
              -3.0937,
              51.5914
            ],
            [
              -3.1052,
              51.5972
            ],
            [
              -3.1199,
              51.5925
            ],
            [
              -3.1236,
              51.5873
            ],
            [
              -3.1217,
              51.5797
            ],
            [
              -3.1151,
              51.5805
            ],
            [
              -3.105,
              51.5748
            ],
            [
              -3.1001,
              51.5761
            ],
            [
              -3.0902,
              51.5685
            ],
            [
              -3.0943,
              51.563
            ],
            [
              -3.1037,
              51.5643
            ],
            [
              -3.1,
              51.5601
            ],
            [
              -3.1076,
              51.5583
            ],
            [
              -3.1105,
              51.5507
            ],
            [
              -3.1189,
              51.5456
            ],
            [
              -3.1108,
              51.5465
            ],
            [
              -3.0941,
              51.5357
            ],
            [
              -3.0809,
              51.5316
            ],
            [
              -3.0773,
              51.5237
            ],
            [
              -3.0689,
              51.5203
            ],
            [
              -3.0821,
              51.5149
            ],
            [
              -3.0781,
              51.5132
            ],
            [
              -3.0904,
              51.5099
            ],
            [
              -3.0834,
              51.5015
            ],
            [
              -3.0827,
              51.5018
            ],
            [
              -3.0756,
              51.5053
            ],
            [
              -3.0721,
              51.5033
            ],
            [
              -3.0473,
              51.5135
            ],
            [
              -3.0467,
              51.5142
            ],
            [
              -3.0424,
              51.5204
            ],
            [
              -3.0275,
              51.5206
            ],
            [
              -2.9954,
              51.5364
            ],
            [
              -2.99,
              51.5484
            ],
            [
              -2.9956,
              51.5497
            ],
            [
              -2.9974,
              51.5561
            ],
            [
              -3.0026,
              51.5575
            ],
            [
              -3.0048,
              51.5595
            ],
            [
              -3.0043,
              51.5596
            ],
            [
              -3.0022,
              51.5578
            ],
            [
              -3.0002,
              51.5575
            ],
            [
              -2.9972,
              51.5567
            ],
            [
              -2.9885,
              51.5495
            ],
            [
              -2.9695,
              51.5565
            ],
            [
              -2.9867,
              51.5683
            ],
            [
              -2.9849,
              51.5743
            ],
            [
              -2.9755,
              51.5766
            ],
            [
              -2.9853,
              51.5837
            ],
            [
              -2.9854,
              51.5838
            ],
            [
              -2.9936,
              51.5903
            ],
            [
              -2.9939,
              51.5905
            ],
            [
              -2.9949,
              51.5913
            ],
            [
              -2.9903,
              51.5971
            ],
            [
              -2.9909,
              51.6017
            ],
            [
              -2.9925,
              51.6008
            ],
            [
              -2.9916,
              51.6044
            ],
            [
              -2.9934,
              51.6095
            ],
            [
              -2.9927,
              51.6095
            ],
            [
              -2.9843,
              51.6098
            ],
            [
              -2.9784,
              51.6058
            ],
            [
              -2.976,
              51.6097
            ],
            [
              -2.9705,
              51.6101
            ],
            [
              -2.9674,
              51.6053
            ],
            [
              -2.9565,
              51.6024
            ],
            [
              -2.9532,
              51.6074
            ],
            [
              -2.9524,
              51.607
            ],
            [
              -2.955,
              51.6019
            ],
            [
              -2.9607,
              51.6018
            ],
            [
              -2.9613,
              51.6018
            ],
            [
              -2.9686,
              51.6048
            ],
            [
              -2.9687,
              51.6049
            ],
            [
              -2.9738,
              51.6089
            ],
            [
              -2.9775,
              51.605
            ],
            [
              -2.98,
              51.6048
            ],
            [
              -2.9849,
              51.6086
            ],
            [
              -2.9914,
              51.6084
            ],
            [
              -2.9885,
              51.5975
            ],
            [
              -2.9931,
              51.5906
            ],
            [
              -2.9811,
              51.5819
            ],
            [
              -2.9807,
              51.5817
            ],
            [
              -2.973,
              51.5795
            ],
            [
              -2.9751,
              51.5796
            ],
            [
              -2.9735,
              51.5751
            ],
            [
              -2.9836,
              51.5684
            ],
            [
              -2.9682,
              51.5615
            ],
            [
              -2.9656,
              51.5534
            ],
            [
              -2.9612,
              51.552
            ],
            [
              -2.9672,
              51.5533
            ],
            [
              -2.9815,
              51.545
            ],
            [
              -2.9603,
              51.5364
            ],
            [
              -2.9481,
              51.5351
            ],
            [
              -2.948,
              51.5351
            ],
            [
              -2.9274,
              51.5359
            ],
            [
              -2.9225,
              51.5387
            ],
            [
              -2.9225,
              51.5368
            ],
            [
              -2.9141,
              51.5425
            ],
            [
              -2.9225,
              51.5358
            ],
            [
              -2.905,
              51.5324
            ],
            [
              -2.8697,
              51.5424
            ],
            [
              -2.8666,
              51.5428
            ],
            [
              -2.8449,
              51.5457
            ],
            [
              -2.8216,
              51.5541
            ],
            [
              -2.8213,
              51.5542
            ]
          ]
        ]
      },
      "properties": {
        "slot_id": "gas_emissions_6",
        "lineage_id": "LOCAL-NEW-92271296-1318-4c0c-a293-d0d4ebc2d06b",
        "page_generation": 1,
        "semantic_mode": "AREA_JOIN",
        "partition": {
          "start": 76904,
          "end": 92283,
          "count": 15380
        },
        "evidence_scope": "coverage_area",
        "coverage_area_id": "W06000022",
        "coverage_area_name": "Newport",
        "coverage_area_identifier_scheme": "ONS_GSS_LTLA16",
        "boundary_vintage": "2016",
        "source_area_record": true,
        "accepted_parcel_record": false,
        "spatial_binding_method": "OFFICIAL_POLYGON_AND_EXACT_IDENTIFIER",
        "source_window_record_index": 13,
        "source_url": "https://raw.githubusercontent.com/ONSdigital/uk-topojson/main/input/ltla16-bsc.json",
        "final_url": "https://raw.githubusercontent.com/ONSdigital/uk-topojson/main/input/ltla16-bsc.json",
        "source_access_utc": "2026-10-01T20:02:00Z",
        "source_blob_sha": "14193625387a0640e20a6b7ba88e24670ab8ce82",
        "source_file_sha256": "748d24014abfa9c5cfaf5a0ab7ffb2a1442da0809f17dd50293b89db7c789069",
        "field_evidence": {
          "areacd": "W06000022",
          "areanm": "Newport",
          "geometry_type": "Polygon"
        },
        "evidence_slice_sha256": "151145cfa9ef6fc2b11803b43e73aed1c172e0bd5c708aa14d823dcf48dc9230",
        "confidence_score_0_100": 95,
        "evidence_grade": "A",
        "licence": "ONS Geography licensing terms / Open Government Licence v3.0",
        "licence_evidence_url": "https://www.ons.gov.uk/methodology/geography/licences",
        "fake_data": false,
        "local_spatial_join_status": "DEFERRED_TO_LOCAL_OPENCODE"
      }
    },
    {
      "type": "Feature",
      "id": "W06000023",
      "geometry": {
        "type": "Polygon",
        "coordinates": [
          [
            [
              -3.1475,
              52.8902
            ],
            [
              -3.1548,
              52.8981
            ],
            [
              -3.1744,
              52.9016
            ],
            [
              -3.197,
              52.8908
            ],
            [
              -3.2054,
              52.8931
            ],
            [
              -3.2157,
              52.8868
            ],
            [
              -3.2165,
              52.8768
            ],
            [
              -3.2281,
              52.8755
            ],
            [
              -3.233,
              52.867
            ],
            [
              -3.2395,
              52.8689
            ],
            [
              -3.2618,
              52.8666
            ],
            [
              -3.2913,
              52.8708
            ],
            [
              -3.2968,
              52.8807
            ],
            [
              -3.314,
              52.8837
            ],
            [
              -3.3221,
              52.8821
            ],
            [
              -3.3456,
              52.8925
            ],
            [
              -3.375,
              52.8924
            ],
            [
              -3.3888,
              52.8761
            ],
            [
              -3.4494,
              52.8645
            ],
            [
              -3.4693,
              52.8619
            ],
            [
              -3.483,
              52.8654
            ],
            [
              -3.5054,
              52.8419
            ],
            [
              -3.5179,
              52.8374
            ],
            [
              -3.5338,
              52.8381
            ],
            [
              -3.5667,
              52.8301
            ],
            [
              -3.5644,
              52.8264
            ],
            [
              -3.5682,
              52.8229
            ],
            [
              -3.5865,
              52.8277
            ],
            [
              -3.5971,
              52.814
            ],
            [
              -3.5969,
              52.805
            ],
            [
              -3.607,
              52.7975
            ],
            [
              -3.6065,
              52.787
            ],
            [
              -3.5969,
              52.7835
            ],
            [
              -3.5993,
              52.7788
            ],
            [
              -3.5906,
              52.7652
            ],
            [
              -3.5948,
              52.7571
            ],
            [
              -3.5882,
              52.7471
            ],
            [
              -3.5914,
              52.7417
            ],
            [
              -3.5835,
              52.7386
            ],
            [
              -3.5993,
              52.7259
            ],
            [
              -3.6047,
              52.7089
            ],
            [
              -3.602,
              52.7051
            ],
            [
              -3.6144,
              52.702
            ],
            [
              -3.6196,
              52.6974
            ],
            [
              -3.6484,
              52.6962
            ],
            [
              -3.6545,
              52.6917
            ],
            [
              -3.6634,
              52.6914
            ],
            [
              -3.6825,
              52.6941
            ],
            [
              -3.6936,
              52.6868
            ],
            [
              -3.6969,
              52.6883
            ],
            [
              -3.7094,
              52.6711
            ],
            [
              -3.7143,
              52.6718
            ],
            [
              -3.7115,
              52.6744
            ],
            [
              -3.7168,
              52.6788
            ],
            [
              -3.7359,
              52.6779
            ],
            [
              -3.7439,
              52.6813
            ],
            [
              -3.7593,
              52.6694
            ],
            [
              -3.7654,
              52.6731
            ],
            [
              -3.7685,
              52.6704
            ],
            [
              -3.7882,
              52.671
            ],
            [
              -3.8025,
              52.6782
            ],
            [
              -3.8081,
              52.6779
            ],
            [
              -3.8407,
              52.6509
            ],
            [
              -3.844,
              52.6412
            ],
            [
              -3.8343,
              52.6363
            ],
            [
              -3.8346,
              52.633
            ],
            [
              -3.8462,
              52.6288
            ],
            [
              -3.8436,
              52.6227
            ],
            [
              -3.8504,
              52.6206
            ],
            [
              -3.845,
              52.6113
            ],
            [
              -3.8487,
              52.6073
            ],
            [
              -3.843,
              52.6046
            ],
            [
              -3.8421,
              52.5997
            ],
            [
              -3.8567,
              52.6004
            ],
            [
              -3.8662,
              52.5918
            ],
            [
              -3.8754,
              52.5928
            ],
            [
              -3.8725,
              52.5886
            ],
            [
              -3.8775,
              52.5824
            ],
            [
              -3.8828,
              52.5832
            ],
            [
              -3.8839,
              52.5771
            ],
            [
              -3.9153,
              52.5786
            ],
            [
              -3.9154,
              52.5736
            ],
            [
              -3.9288,
              52.5714
            ],
            [
              -3.9271,
              52.5632
            ],
            [
              -3.9265,
              52.5633
            ],
            [
              -3.926,
              52.5607
            ],
            [
              -3.8595,
              52.5608
            ],
            [
              -3.8409,
              52.5513
            ],
            [
              -3.8361,
              52.5259
            ],
            [
              -3.8444,
              52.5172
            ],
            [
              -3.844,
              52.512
            ],
            [
              -3.84,
              52.5102
            ],
            [
              -3.8377,
              52.4979
            ],
            [
              -3.8265,
              52.4885
            ],
            [
              -3.8254,
              52.4837
            ],
            [
              -3.8151,
              52.4829
            ],
            [
              -3.8098,
              52.479
            ],
            [
              -3.7981,
              52.4845
            ],
            [
              -3.798,
              52.4877
            ],
            [
              -3.7722,
              52.4887
            ],
            [
              -3.7679,
              52.4985
            ],
            [
              -3.7472,
              52.5069
            ],
            [
              -3.7333,
              52.5066
            ],
            [
              -3.7303,
              52.4986
            ],
            [
              -3.7411,
              52.4955
            ],
            [
              -3.7388,
              52.4866
            ],
            [
              -3.7448,
              52.4746
            ],
            [
              -3.7664,
              52.4693
            ],
            [
              -3.7641,
              52.4587
            ],
            [
              -3.7716,
              52.4421
            ],
            [
              -3.7392,
              52.4309
            ],
            [
              -3.7308,
              52.4254
            ],
            [
              -3.7326,
              52.42
            ],
            [
              -3.712,
              52.4133
            ],
            [
              -3.7132,
              52.4018
            ],
            [
              -3.7072,
              52.4004
            ],
            [
              -3.7105,
              52.3934
            ],
            [
              -3.7037,
              52.389
            ],
            [
              -3.6972,
              52.3669
            ],
            [
              -3.6855,
              52.3682
            ],
            [
              -3.6668,
              52.3581
            ],
            [
              -3.6582,
              52.3476
            ],
            [
              -3.688,
              52.3397
            ],
            [
              -3.7051,
              52.3414
            ],
            [
              -3.745,
              52.3176
            ],
            [
              -3.7432,
              52.3134
            ],
            [
              -3.7277,
              52.3058
            ],
            [
              -3.7261,
              52.2993
            ],
            [
              -3.7331,
              52.2903
            ],
            [
              -3.7242,
              52.288
            ],
            [
              -3.7072,
              52.274
            ],
            [
              -3.7199,
              52.2732
            ],
            [
              -3.7228,
              52.2703
            ],
            [
              -3.7316,
              52.2714
            ],
            [
              -3.7371,
              52.266
            ],
            [
              -3.7444,
              52.2649
            ],
            [
              -3.7463,
              52.2575
            ],
            [
              -3.7534,
              52.2517
            ],
            [
              -3.7442,
              52.2463
            ],
            [
              -3.7499,
              52.2336
            ],
            [
              -3.7427,
              52.2289
            ],
            [
              -3.7505,
              52.2173
            ],
            [
              -3.746,
              52.2107
            ],
            [
              -3.7523,
              52.1976
            ],
            [
              -3.7458,
              52.192
            ],
            [
              -3.7515,
              52.1814
            ],
            [
              -3.7508,
              52.1645
            ],
            [
              -3.742,
              52.1396
            ],
            [
              -3.7455,
              52.1359
            ],
            [
              -3.7581,
              52.1282
            ],
            [
              -3.7495,
              52.1276
            ],
            [
              -3.7229,
              52.1152
            ],
            [
              -3.7203,
              52.1175
            ],
            [
              -3.7141,
              52.105
            ],
            [
              -3.7288,
              52.094
            ],
            [
              -3.7234,
              52.0933
            ],
            [
              -3.7231,
              52.0852
            ],
            [
              -3.7023,
              52.0828
            ],
            [
              -3.6816,
              52.0739
            ],
            [
              -3.6671,
              52.0743
            ],
            [
              -3.679,
              52.0606
            ],
            [
              -3.6762,
              52.0565
            ],
            [
              -3.6619,
              52.0523
            ],
            [
              -3.6594,
              52.0464
            ],
            [
              -3.6471,
              52.0388
            ],
            [
              -3.6683,
              52.0254
            ],
            [
              -3.6735,
              52.0175
            ],
            [
              -3.6656,
              52.0147
            ],
            [
              -3.67,
              52.0042
            ],
            [
              -3.6841,
              51.9963
            ],
            [
              -3.6978,
              51.9828
            ],
            [
              -3.6964,
              51.9803
            ],
            [
              -3.6941,
              51.9772
            ],
            [
              -3.7112,
              51.9619
            ],
            [
              -3.7024,
              51.9542
            ],
            [
              -3.705,
              51.9485
            ],
            [
              -3.6999,
              51.9461
            ],
            [
              -3.7106,
              51.9469
            ],
            [
              -3.7205,
              51.9419
            ],
            [
              -3.7182,
              51.9291
            ],
            [
              -3.7276,
              51.9122
            ],
            [
              -3.7134,
              51.9055
            ],
            [
              -3.718,
              51.9012
            ],
            [
              -3.7138,
              51.8871
            ],
            [
              -3.7378,
              51.8643
            ],
            [
              -3.7481,
              51.8618
            ],
            [
              -3.7531,
              51.8568
            ],
            [
              -3.7647,
              51.8518
            ],
            [
              -3.7764,
              51.8394
            ],
            [
              -3.7835,
              51.8301
            ],
            [
              -3.7819,
              51.8216
            ],
            [
              -3.7881,
              51.8124
            ],
            [
              -3.7959,
              51.8096
            ],
            [
              -3.8056,
              51.7989
            ],
            [
              -3.8067,
              51.7879
            ],
            [
              -3.8019,
              51.7828
            ],
            [
              -3.7824,
              51.7735
            ],
            [
              -3.78,
              51.7683
            ],
            [
              -3.7804,
              51.7597
            ],
            [
              -3.7703,
              51.7545
            ],
            [
              -3.7538,
              51.7534
            ],
            [
              -3.7461,
              51.7534
            ],
            [
              -3.7375,
              51.7581
            ],
            [
              -3.7312,
              51.7671
            ],
            [
              -3.7367,
              51.7698
            ],
            [
              -3.7191,
              51.7782
            ],
            [
              -3.7149,
              51.7782
            ],
            [
              -3.712,
              51.7784
            ],
            [
              -3.6924,
              51.7816
            ],
            [
              -3.6858,
              51.7802
            ],
            [
              -3.6704,
              51.7872
            ],
            [
              -3.653,
              51.7854
            ],
            [
              -3.6287,
              51.7748
            ],
            [
              -3.6122,
              51.7718
            ],
            [
              -3.6036,
              51.7739
            ],
            [
              -3.6014,
              51.7718
            ],
            [
              -3.5913,
              51.7546
            ],
            [
              -3.5656,
              51.7649
            ],
            [
              -3.5599,
              51.7775
            ],
            [
              -3.5371,
              51.7762
            ],
            [
              -3.5353,
              51.7798
            ],
            [
              -3.5412,
              51.7846
            ],
            [
              -3.5313,
              51.7859
            ],
            [
              -3.5023,
              51.801
            ],
            [
              -3.4763,
              51.8095
            ],
            [
              -3.4685,
              51.8235
            ],
            [
              -3.4701,
              51.8285
            ],
            [
              -3.4601,
              51.8301
            ],
            [
              -3.4478,
              51.8231
            ],
            [
              -3.4442,
              51.8165
            ],
            [
              -3.4334,
              51.8209
            ],
            [
              -3.4171,
              51.8351
            ],
            [
              -3.4024,
              51.8263
            ],
            [
              -3.4062,
              51.8212
            ],
            [
              -3.4023,
              51.8142
            ],
            [
              -3.3874,
              51.8156
            ],
            [
              -3.3782,
              51.8108
            ],
            [
              -3.3729,
              51.8122
            ],
            [
              -3.3663,
              51.8049
            ],
            [
              -3.3575,
              51.807
            ],
            [
              -3.3555,
              51.7968
            ],
            [
              -3.36,
              51.7911
            ],
            [
              -3.3345,
              51.7904
            ],
            [
              -3.3101,
              51.7943
            ],
            [
              -3.3086,
              51.8061
            ],
            [
              -3.2834,
              51.8255
            ],
            [
              -3.2482,
              51.8151
            ],
            [
              -3.2388,
              51.8124
            ],
            [
              -3.2191,
              51.8131
            ],
            [
              -3.2083,
              51.8135
            ],
            [
              -3.1921,
              51.8132
            ],
            [
              -3.1573,
              51.816
            ],
            [
              -3.1432,
              51.8199
            ],
            [
              -3.1402,
              51.8232
            ],
            [
              -3.1432,
              51.8257
            ],
            [
              -3.1362,
              51.8268
            ],
            [
              -3.1319,
              51.833
            ],
            [
              -3.118,
              51.8389
            ],
            [
              -3.1016,
              51.8318
            ],
            [
              -3.1031,
              51.8399
            ],
            [
              -3.0947,
              51.8393
            ],
            [
              -3.0972,
              51.8464
            ],
            [
              -3.0838,
              51.8501
            ],
            [
              -3.0767,
              51.8579
            ],
            [
              -3.0655,
              51.8626
            ],
            [
              -3.0722,
              51.8752
            ],
            [
              -3.0571,
              51.8801
            ],
            [
              -3.0436,
              51.8807
            ],
            [
              -3.0386,
              51.8937
            ],
            [
              -3.0495,
              51.9056
            ],
            [
              -3.0495,
              51.9114
            ],
            [
              -3.0598,
              51.9137
            ],
            [
              -3.0622,
              51.9191
            ],
            [
              -3.0786,
              51.9245
            ],
            [
              -3.0834,
              51.9307
            ],
            [
              -3.0802,
              51.9361
            ],
            [
              -3.09,
              51.9503
            ],
            [
              -3.0816,
              51.9554
            ],
            [
              -3.0931,
              51.9652
            ],
            [
              -3.0832,
              51.9731
            ],
            [
              -3.0782,
              51.9726
            ],
            [
              -3.0674,
              51.9831
            ],
            [
              -3.0841,
              52.0041
            ],
            [
              -3.0869,
              52.0139
            ],
            [
              -3.0992,
              52.0227
            ],
            [
              -3.0865,
              52.0411
            ],
            [
              -3.0928,
              52.0475
            ],
            [
              -3.0908,
              52.0508
            ],
            [
              -3.1164,
              52.0658
            ],
            [
              -3.1183,
              52.0702
            ],
            [
              -3.1259,
              52.0783
            ],
            [
              -3.1189,
              52.0887
            ],
            [
              -3.1227,
              52.1032
            ],
            [
              -3.1055,
              52.1054
            ],
            [
              -3.105,
              52.1167
            ],
            [
              -3.1281,
              52.1246
            ],
            [
              -3.1368,
              52.1233
            ],
            [
              -3.1412,
              52.1299
            ],
            [
              -3.1341,
              52.1336
            ],
            [
              -3.1359,
              52.1379
            ],
            [
              -3.0937,
              52.1443
            ],
            [
              -3.0725,
              52.1558
            ],
            [
              -3.0744,
              52.16
            ],
            [
              -3.084,
              52.1632
            ],
            [
              -3.0989,
              52.1547
            ],
            [
              -3.1169,
              52.1604
            ],
            [
              -3.122,
              52.1669
            ],
            [
              -3.1125,
              52.1702
            ],
            [
              -3.1125,
              52.1736
            ],
            [
              -3.1014,
              52.1773
            ],
            [
              -3.0946,
              52.1837
            ],
            [
              -3.1021,
              52.2027
            ],
            [
              -3.0721,
              52.2131
            ],
            [
              -3.078,
              52.216
            ],
            [
              -3.0704,
              52.2292
            ],
            [
              -3.0731,
              52.2358
            ],
            [
              -3.0552,
              52.2376
            ],
            [
              -3.0442,
              52.2379
            ],
            [
              -3.0437,
              52.2455
            ],
            [
              -3.0499,
              52.245
            ],
            [
              -3.0453,
              52.2468
            ],
            [
              -3.0456,
              52.2531
            ],
            [
              -3.0268,
              52.258
            ],
            [
              -3.0055,
              52.2643
            ],
            [
              -2.9899,
              52.2605
            ],
            [
              -2.9786,
              52.2624
            ],
            [
              -2.9775,
              52.2598
            ],
            [
              -2.9649,
              52.2624
            ],
            [
              -2.965,
              52.2681
            ],
            [
              -2.9559,
              52.2709
            ],
            [
              -2.9496,
              52.2695
            ],
            [
              -2.9649,
              52.2743
            ],
            [
              -2.9927,
              52.2728
            ],
            [
              -2.9961,
              52.2758
            ],
            [
              -3.0118,
              52.2775
            ],
            [
              -3.012,
              52.2881
            ],
            [
              -3.0056,
              52.2906
            ],
            [
              -3.0011,
              52.3007
            ],
            [
              -3.0015,
              52.3202
            ],
            [
              -2.9971,
              52.3245
            ],
            [
              -2.986,
              52.3235
            ],
            [
              -2.9668,
              52.3294
            ],
            [
              -2.9547,
              52.3491
            ],
            [
              -2.9705,
              52.3513
            ],
            [
              -2.9745,
              52.3547
            ],
            [
              -2.9859,
              52.3509
            ],
            [
              -3,
              52.3517
            ],
            [
              -3.0411,
              52.3443
            ],
            [
              -3.0607,
              52.3482
            ],
            [
              -3.0653,
              52.3533
            ],
            [
              -3.0841,
              52.36
            ],
            [
              -3.1008,
              52.3678
            ],
            [
              -3.1106,
              52.3772
            ],
            [
              -3.1202,
              52.3775
            ],
            [
              -3.1295,
              52.3845
            ],
            [
              -3.1544,
              52.3877
            ],
            [
              -3.1615,
              52.3921
            ],
            [
              -3.1606,
              52.3999
            ],
            [
              -3.1788,
              52.4094
            ],
            [
              -3.2195,
              52.4212
            ],
            [
              -3.2223,
              52.4268
            ],
            [
              -3.2307,
              52.4305
            ],
            [
              -3.2283,
              52.4395
            ],
            [
              -3.2355,
              52.4425
            ],
            [
              -3.2309,
              52.4532
            ],
            [
              -3.1972,
              52.476
            ],
            [
              -3.1806,
              52.4738
            ],
            [
              -3.1453,
              52.4885
            ],
            [
              -3.1449,
              52.4888
            ],
            [
              -3.1081,
              52.4993
            ],
            [
              -3.0292,
              52.5013
            ],
            [
              -3.0367,
              52.5133
            ],
            [
              -3.0308,
              52.5195
            ],
            [
              -3.0324,
              52.5237
            ],
            [
              -3.0039,
              52.5198
            ],
            [
              -3.0009,
              52.5241
            ],
            [
              -3.0051,
              52.5294
            ],
            [
              -2.9943,
              52.553
            ],
            [
              -2.9997,
              52.5547
            ],
            [
              -2.9976,
              52.5638
            ],
            [
              -3.0065,
              52.5738
            ],
            [
              -3.0144,
              52.5755
            ],
            [
              -3.0348,
              52.5722
            ],
            [
              -3.0598,
              52.5555
            ],
            [
              -3.065,
              52.5568
            ],
            [
              -3.0923,
              52.5478
            ],
            [
              -3.0939,
              52.5449
            ],
            [
              -3.0808,
              52.5391
            ],
            [
              -3.0854,
              52.5345
            ],
            [
              -3.1087,
              52.5292
            ],
            [
              -3.1331,
              52.5275
            ],
            [
              -3.1372,
              52.5334
            ],
            [
              -3.1115,
              52.5413
            ],
            [
              -3.1274,
              52.566
            ],
            [
              -3.1377,
              52.5738
            ],
            [
              -3.1386,
              52.5829
            ],
            [
              -3.135,
              52.5837
            ],
            [
              -3.1392,
              52.586
            ],
            [
              -3.1221,
              52.5876
            ],
            [
              -3.1174,
              52.5857
            ],
            [
              -3.1004,
              52.5976
            ],
            [
              -3.0893,
              52.5996
            ],
            [
              -3.0936,
              52.6093
            ],
            [
              -3.0826,
              52.6156
            ],
            [
              -3.0732,
              52.6289
            ],
            [
              -3.0598,
              52.6307
            ],
            [
              -3.0696,
              52.6375
            ],
            [
              -3.0836,
              52.6413
            ],
            [
              -3.0746,
              52.6439
            ],
            [
              -3.0511,
              52.6474
            ],
            [
              -3.0499,
              52.6547
            ],
            [
              -3.0449,
              52.6559
            ],
            [
              -3.0491,
              52.6623
            ],
            [
              -3.0447,
              52.6656
            ],
            [
              -3.0386,
              52.6754
            ],
            [
              -3.0457,
              52.6754
            ],
            [
              -3.0421,
              52.6815
            ],
            [
              -3.0471,
              52.6913
            ],
            [
              -3.0342,
              52.6934
            ],
            [
              -3.0321,
              52.6999
            ],
            [
              -3.0225,
              52.7067
            ],
            [
              -3.0253,
              52.7165
            ],
            [
              -3.0215,
              52.7242
            ],
            [
              -3.019,
              52.7253
            ],
            [
              -3.0184,
              52.7213
            ],
            [
              -3.0006,
              52.7203
            ],
            [
              -2.9776,
              52.7266
            ],
            [
              -2.9781,
              52.7153
            ],
            [
              -2.9656,
              52.7144
            ],
            [
              -2.9611,
              52.7164
            ],
            [
              -2.9617,
              52.7256
            ],
            [
              -2.9667,
              52.7256
            ],
            [
              -2.9651,
              52.7323
            ],
            [
              -2.9737,
              52.7357
            ],
            [
              -2.991,
              52.7337
            ],
            [
              -2.9974,
              52.7383
            ],
            [
              -2.9925,
              52.7386
            ],
            [
              -2.992,
              52.7437
            ],
            [
              -3.0098,
              52.7503
            ],
            [
              -3.0166,
              52.7485
            ],
            [
              -3.0219,
              52.7524
            ],
            [
              -3.0144,
              52.753
            ],
            [
              -3.0106,
              52.7615
            ],
            [
              -3.0172,
              52.7676
            ],
            [
              -3.0227,
              52.7641
            ],
            [
              -3.0264,
              52.767
            ],
            [
              -3.0356,
              52.7641
            ],
            [
              -3.0326,
              52.7672
            ],
            [
              -3.039,
              52.7704
            ],
            [
              -3.0465,
              52.767
            ],
            [
              -3.0526,
              52.7687
            ],
            [
              -3.0478,
              52.7726
            ],
            [
              -3.0579,
              52.7737
            ],
            [
              -3.0626,
              52.7691
            ],
            [
              -3.0696,
              52.7742
            ],
            [
              -3.0742,
              52.7696
            ],
            [
              -3.0795,
              52.7715
            ],
            [
              -3.0807,
              52.7774
            ],
            [
              -3.0888,
              52.7775
            ],
            [
              -3.0917,
              52.7867
            ],
            [
              -3.0857,
              52.7903
            ],
            [
              -3.0866,
              52.7956
            ],
            [
              -3.0977,
              52.7914
            ],
            [
              -3.1061,
              52.7929
            ],
            [
              -3.1097,
              52.7867
            ],
            [
              -3.1191,
              52.7848
            ],
            [
              -3.1189,
              52.7872
            ],
            [
              -3.1425,
              52.7903
            ],
            [
              -3.1446,
              52.7885
            ],
            [
              -3.148,
              52.7921
            ],
            [
              -3.1584,
              52.7935
            ],
            [
              -3.1619,
              52.7993
            ],
            [
              -3.1541,
              52.8025
            ],
            [
              -3.1532,
              52.8064
            ],
            [
              -3.1576,
              52.8076
            ],
            [
              -3.1614,
              52.8036
            ],
            [
              -3.1682,
              52.8073
            ],
            [
              -3.1679,
              52.8193
            ],
            [
              -3.1551,
              52.8307
            ],
            [
              -3.1565,
              52.837
            ],
            [
              -3.1517,
              52.8419
            ],
            [
              -3.1626,
              52.848
            ],
            [
              -3.1277,
              52.8671
            ],
            [
              -3.1524,
              52.8787
            ],
            [
              -3.147,
              52.8847
            ],
            [
              -3.1355,
              52.885
            ],
            [
              -3.1475,
              52.8902
            ]
          ]
        ]
      },
      "properties": {
        "slot_id": "gas_emissions_6",
        "lineage_id": "LOCAL-NEW-92271296-1318-4c0c-a293-d0d4ebc2d06b",
        "page_generation": 1,
        "semantic_mode": "AREA_JOIN",
        "partition": {
          "start": 76904,
          "end": 92283,
          "count": 15380
        },
        "evidence_scope": "coverage_area",
        "coverage_area_id": "W06000023",
        "coverage_area_name": "Powys",
        "coverage_area_identifier_scheme": "ONS_GSS_LTLA16",
        "boundary_vintage": "2016",
        "source_area_record": true,
        "accepted_parcel_record": false,
        "spatial_binding_method": "OFFICIAL_POLYGON_AND_EXACT_IDENTIFIER",
        "source_window_record_index": 14,
        "source_url": "https://raw.githubusercontent.com/ONSdigital/uk-topojson/main/input/ltla16-bsc.json",
        "final_url": "https://raw.githubusercontent.com/ONSdigital/uk-topojson/main/input/ltla16-bsc.json",
        "source_access_utc": "2026-10-01T20:02:00Z",
        "source_blob_sha": "14193625387a0640e20a6b7ba88e24670ab8ce82",
        "source_file_sha256": "748d24014abfa9c5cfaf5a0ab7ffb2a1442da0809f17dd50293b89db7c789069",
        "field_evidence": {
          "areacd": "W06000023",
          "areanm": "Powys",
          "geometry_type": "Polygon"
        },
        "evidence_slice_sha256": "151145cfa9ef6fc2b11803b43e73aed1c172e0bd5c708aa14d823dcf48dc9230",
        "confidence_score_0_100": 95,
        "evidence_grade": "A",
        "licence": "ONS Geography licensing terms / Open Government Licence v3.0",
        "licence_evidence_url": "https://www.ons.gov.uk/methodology/geography/licences",
        "fake_data": false,
        "local_spatial_join_status": "DEFERRED_TO_LOCAL_OPENCODE"
      }
    },
    {
      "type": "Feature",
      "id": "W06000024",
      "geometry": {
        "type": "Polygon",
        "coordinates": [
          [
            [
              -3.3345,
              51.7904
            ],
            [
              -3.36,
              51.7911
            ],
            [
              -3.3555,
              51.7968
            ],
            [
              -3.3575,
              51.807
            ],
            [
              -3.3663,
              51.8049
            ],
            [
              -3.3729,
              51.8122
            ],
            [
              -3.3782,
              51.8108
            ],
            [
              -3.3874,
              51.8156
            ],
            [
              -3.4023,
              51.8142
            ],
            [
              -3.4062,
              51.8212
            ],
            [
              -3.4024,
              51.8263
            ],
            [
              -3.4171,
              51.8351
            ],
            [
              -3.4334,
              51.8209
            ],
            [
              -3.4442,
              51.8165
            ],
            [
              -3.4454,
              51.8064
            ],
            [
              -3.4407,
              51.7958
            ],
            [
              -3.4332,
              51.7927
            ],
            [
              -3.4284,
              51.7802
            ],
            [
              -3.4201,
              51.7752
            ],
            [
              -3.4166,
              51.7681
            ],
            [
              -3.4275,
              51.7585
            ],
            [
              -3.4386,
              51.7625
            ],
            [
              -3.4501,
              51.7624
            ],
            [
              -3.4531,
              51.7617
            ],
            [
              -3.4425,
              51.7557
            ],
            [
              -3.4237,
              51.7423
            ],
            [
              -3.4149,
              51.7363
            ],
            [
              -3.4054,
              51.7226
            ],
            [
              -3.3999,
              51.7179
            ],
            [
              -3.3889,
              51.7166
            ],
            [
              -3.3806,
              51.7114
            ],
            [
              -3.3675,
              51.6986
            ],
            [
              -3.3566,
              51.6811
            ],
            [
              -3.3435,
              51.669
            ],
            [
              -3.3398,
              51.6672
            ],
            [
              -3.3293,
              51.6551
            ],
            [
              -3.3219,
              51.6521
            ],
            [
              -3.3203,
              51.6554
            ],
            [
              -3.3138,
              51.6557
            ],
            [
              -3.3139,
              51.6447
            ],
            [
              -3.3006,
              51.6522
            ],
            [
              -3.2961,
              51.6641
            ],
            [
              -3.2888,
              51.6582
            ],
            [
              -3.2834,
              51.6609
            ],
            [
              -3.2847,
              51.6771
            ],
            [
              -3.2739,
              51.6823
            ],
            [
              -3.3017,
              51.7315
            ],
            [
              -3.3006,
              51.7363
            ],
            [
              -3.3155,
              51.7318
            ],
            [
              -3.3101,
              51.7395
            ],
            [
              -3.3179,
              51.7429
            ],
            [
              -3.3272,
              51.756
            ],
            [
              -3.329,
              51.7587
            ],
            [
              -3.3345,
              51.7904
            ]
          ]
        ]
      },
      "properties": {
        "slot_id": "gas_emissions_6",
        "lineage_id": "LOCAL-NEW-92271296-1318-4c0c-a293-d0d4ebc2d06b",
        "page_generation": 1,
        "semantic_mode": "AREA_JOIN",
        "partition": {
          "start": 76904,
          "end": 92283,
          "count": 15380
        },
        "evidence_scope": "coverage_area",
        "coverage_area_id": "W06000024",
        "coverage_area_name": "Merthyr Tydfil",
        "coverage_area_identifier_scheme": "ONS_GSS_LTLA16",
        "boundary_vintage": "2016",
        "source_area_record": true,
        "accepted_parcel_record": false,
        "spatial_binding_method": "OFFICIAL_POLYGON_AND_EXACT_IDENTIFIER",
        "source_window_record_index": 15,
        "source_url": "https://raw.githubusercontent.com/ONSdigital/uk-topojson/main/input/ltla16-bsc.json",
        "final_url": "https://raw.githubusercontent.com/ONSdigital/uk-topojson/main/input/ltla16-bsc.json",
        "source_access_utc": "2026-10-01T20:02:00Z",
        "source_blob_sha": "14193625387a0640e20a6b7ba88e24670ab8ce82",
        "source_file_sha256": "748d24014abfa9c5cfaf5a0ab7ffb2a1442da0809f17dd50293b89db7c789069",
        "field_evidence": {
          "areacd": "W06000024",
          "areanm": "Merthyr Tydfil",
          "geometry_type": "Polygon"
        },
        "evidence_slice_sha256": "151145cfa9ef6fc2b11803b43e73aed1c172e0bd5c708aa14d823dcf48dc9230",
        "confidence_score_0_100": 95,
        "evidence_grade": "A",
        "licence": "ONS Geography licensing terms / Open Government Licence v3.0",
        "licence_evidence_url": "https://www.ons.gov.uk/methodology/geography/licences",
        "fake_data": false,
        "local_spatial_join_status": "DEFERRED_TO_LOCAL_OPENCODE"
      }
    }
  ]
}
