{
  "type": "FeatureCollection",
  "features": [
    {
      "type": "Feature",
      "geometry": {
        "type": "Polygon",
        "coordinates": [
          [
            [
              -2.266613473951846,
              53.45897028446075
            ],
            [
              -2.266560548817733,
              53.45886424851951
            ],
            [
              -2.266636820961066,
              53.45885068531767
            ],
            [
              -2.266689745704336,
              53.458956631341444
            ],
            [
              -2.266613473951846,
              53.45897028446075
            ]
          ]
        ]
      },
      "properties": {
        "slot_id": "building_type_3",
        "lineage_id": "building_type_3-new-20260927T1328+0300",
        "owner": "cagdas aydin",
        "partition": "building_type_3",
        "page_generation": 61,
        "semantic_mode": null,
        "batch_id": "BT3-P107G61-20261008-OSOML-TRAFFORD-POST27",
        "cursor": "BT3-P107G61-20261008-OSOML-TRAFFORD-POST27-p107",
        "building_state": "BUILDING_PRESENT",
        "source_record_id": "os-openmap-local:important-building:2C630345-8547-4201-A688-C3B139A6F27E",
        "semantic_identity": "os-openmap-local:important-building:2C630345-8547-4201-A688-C3B139A6F27E",
        "source_row_ordinal": 1,
        "name": "Unknown",
        "building_type_use": "post_office",
        "type_use_evidence": "Ordnance Survey ImportantBuilding CLASSIFICA=Post Office; BUILDGTHEM=Retail; FEATCODE=15026",
        "dataset": "OS OpenMap Local ImportantBuilding",
        "quality": "OS-derived building footprint",
        "coordinate_reference_system": "OGC:CRS84 (equivalent EPSG:4326 longitude-latitude); source OS EPSG:27700",
        "ID": "2C630345-8547-4201-A688-C3B139A6F27E",
        "DISTNAME": "Unknown",
        "BUILDGTHEM": "Retail",
        "CLASSIFICA": "Post Office",
        "FEATCODE": 15026,
        "area_code": "E08000009",
        "area_name": "Trafford",
        "authority": "Ordnance Survey (OS OpenMap Local) via Trafford Data Lab local-government published GeoJSON",
        "source_url": "https://github.com/traffordDataLab/open_data/blob/49cdbbee8e5a62acbe040080a3aa8f5bfca71edc/post_office/trafford_post_offices.geojson",
        "final_url": "https://github.com/traffordDataLab/open_data/blob/49cdbbee8e5a62acbe040080a3aa8f5bfca71edc/post_office/trafford_post_offices.geojson",
        "http_status": 200,
        "access_utc": "2026-10-08T03:39:54.767Z",
        "data_date": "April 2018; file GitHub commit 2018-05-21",
        "source_version": "Ordnance Survey OS OpenMap Local ImportantBuilding / Trafford Data Lab post_office geojson / revision 49cdbbee8e5a62acbe040080a3aa8f5bfca71edc / blob d1bde8f70f31331eaf9227cf903b9487d8490900",
        "license": "Open Government Licence v3.0; Contains OS data © Crown copyright and database right 2018",
        "source_file_sha256": "15743f22f563b534ff2250b6615ad49acd7599298177dd8596249b22e4287fcd",
        "field_evidence": [
          "ID",
          "DISTNAME",
          "BUILDGTHEM",
          "CLASSIFICA",
          "FEATCODE",
          "geometry"
        ],
        "confidence_score_0_100": 95,
        "evidence_grade": "A_OS_OPENMAP_LOCAL_CLASSIFIED_IMPORTANT_BUILDING_POLYGON",
        "official_public_no_login": true,
        "fake_data": false,
        "evidence_slice_sha256": "f5b113a14fbdbff6c2f5e498ae6f303547a47e0abfd0762a978cffbf4da66110"
      }
    },
    {
      "type": "Feature",
      "geometry": {
        "type": "Polygon",
        "coordinates": [
          [
            [
              -2.272501641208912,
              53.450872189188466
            ],
            [
              -2.272421128244061,
              53.45087938400595
            ],
            [
              -2.272383267332404,
              53.4507280140256
            ],
            [
              -2.272463780017576,
              53.4507208192338
            ],
            [
              -2.272501641208912,
              53.450872189188466
            ]
          ]
        ]
      },
      "properties": {
        "slot_id": "building_type_3",
        "lineage_id": "building_type_3-new-20260927T1328+0300",
        "owner": "cagdas aydin",
        "partition": "building_type_3",
        "page_generation": 61,
        "semantic_mode": null,
        "batch_id": "BT3-P107G61-20261008-OSOML-TRAFFORD-POST27",
        "cursor": "BT3-P107G61-20261008-OSOML-TRAFFORD-POST27-p107",
        "building_state": "BUILDING_PRESENT",
        "source_record_id": "os-openmap-local:important-building:93F35551-794B-47AC-99FB-F76B592DA985",
        "semantic_identity": "os-openmap-local:important-building:93F35551-794B-47AC-99FB-F76B592DA985",
        "source_row_ordinal": 2,
        "name": "Unknown",
        "building_type_use": "post_office",
        "type_use_evidence": "Ordnance Survey ImportantBuilding CLASSIFICA=Post Office; BUILDGTHEM=Retail; FEATCODE=15026",
        "dataset": "OS OpenMap Local ImportantBuilding",
        "quality": "OS-derived building footprint",
        "coordinate_reference_system": "OGC:CRS84 (equivalent EPSG:4326 longitude-latitude); source OS EPSG:27700",
        "ID": "93F35551-794B-47AC-99FB-F76B592DA985",
        "DISTNAME": "Unknown",
        "BUILDGTHEM": "Retail",
        "CLASSIFICA": "Post Office",
        "FEATCODE": 15026,
        "area_code": "E08000009",
        "area_name": "Trafford",
        "authority": "Ordnance Survey (OS OpenMap Local) via Trafford Data Lab local-government published GeoJSON",
        "source_url": "https://github.com/traffordDataLab/open_data/blob/49cdbbee8e5a62acbe040080a3aa8f5bfca71edc/post_office/trafford_post_offices.geojson",
        "final_url": "https://github.com/traffordDataLab/open_data/blob/49cdbbee8e5a62acbe040080a3aa8f5bfca71edc/post_office/trafford_post_offices.geojson",
        "http_status": 200,
        "access_utc": "2026-10-08T03:39:54.767Z",
        "data_date": "April 2018; file GitHub commit 2018-05-21",
        "source_version": "Ordnance Survey OS OpenMap Local ImportantBuilding / Trafford Data Lab post_office geojson / revision 49cdbbee8e5a62acbe040080a3aa8f5bfca71edc / blob d1bde8f70f31331eaf9227cf903b9487d8490900",
        "license": "Open Government Licence v3.0; Contains OS data © Crown copyright and database right 2018",
        "source_file_sha256": "15743f22f563b534ff2250b6615ad49acd7599298177dd8596249b22e4287fcd",
        "field_evidence": [
          "ID",
          "DISTNAME",
          "BUILDGTHEM",
          "CLASSIFICA",
          "FEATCODE",
          "geometry"
        ],
        "confidence_score_0_100": 95,
        "evidence_grade": "A_OS_OPENMAP_LOCAL_CLASSIFIED_IMPORTANT_BUILDING_POLYGON",
        "official_public_no_login": true,
        "fake_data": false,
        "evidence_slice_sha256": "e76e67a1f63c326688b1d55c1df4416238bda430bca18513d87b7e65c62878fb"
      }
    },
    {
      "type": "Feature",
      "geometry": {
        "type": "Polygon",
        "coordinates": [
          [
            [
              -2.287031773379241,
              53.45323563951547
            ],
            [
              -2.286988581084394,
              53.45319484564783
            ],
            [
              -2.287195711308524,
              53.453116686777825
            ],
            [
              -2.287239056733487,
              53.453157839743135
            ],
            [
              -2.287031773379241,
              53.45323563951547
            ]
          ]
        ]
      },
      "properties": {
        "slot_id": "building_type_3",
        "lineage_id": "building_type_3-new-20260927T1328+0300",
        "owner": "cagdas aydin",
        "partition": "building_type_3",
        "page_generation": 61,
        "semantic_mode": null,
        "batch_id": "BT3-P107G61-20261008-OSOML-TRAFFORD-POST27",
        "cursor": "BT3-P107G61-20261008-OSOML-TRAFFORD-POST27-p107",
        "building_state": "BUILDING_PRESENT",
        "source_record_id": "os-openmap-local:important-building:0C5900EF-E69D-41A2-BA33-FD48444095E1",
        "semantic_identity": "os-openmap-local:important-building:0C5900EF-E69D-41A2-BA33-FD48444095E1",
        "source_row_ordinal": 3,
        "name": "Unknown",
        "building_type_use": "post_office",
        "type_use_evidence": "Ordnance Survey ImportantBuilding CLASSIFICA=Post Office; BUILDGTHEM=Retail; FEATCODE=15026",
        "dataset": "OS OpenMap Local ImportantBuilding",
        "quality": "OS-derived building footprint",
        "coordinate_reference_system": "OGC:CRS84 (equivalent EPSG:4326 longitude-latitude); source OS EPSG:27700",
        "ID": "0C5900EF-E69D-41A2-BA33-FD48444095E1",
        "DISTNAME": "Unknown",
        "BUILDGTHEM": "Retail",
        "CLASSIFICA": "Post Office",
        "FEATCODE": 15026,
        "area_code": "E08000009",
        "area_name": "Trafford",
        "authority": "Ordnance Survey (OS OpenMap Local) via Trafford Data Lab local-government published GeoJSON",
        "source_url": "https://github.com/traffordDataLab/open_data/blob/49cdbbee8e5a62acbe040080a3aa8f5bfca71edc/post_office/trafford_post_offices.geojson",
        "final_url": "https://github.com/traffordDataLab/open_data/blob/49cdbbee8e5a62acbe040080a3aa8f5bfca71edc/post_office/trafford_post_offices.geojson",
        "http_status": 200,
        "access_utc": "2026-10-08T03:39:54.767Z",
        "data_date": "April 2018; file GitHub commit 2018-05-21",
        "source_version": "Ordnance Survey OS OpenMap Local ImportantBuilding / Trafford Data Lab post_office geojson / revision 49cdbbee8e5a62acbe040080a3aa8f5bfca71edc / blob d1bde8f70f31331eaf9227cf903b9487d8490900",
        "license": "Open Government Licence v3.0; Contains OS data © Crown copyright and database right 2018",
        "source_file_sha256": "15743f22f563b534ff2250b6615ad49acd7599298177dd8596249b22e4287fcd",
        "field_evidence": [
          "ID",
          "DISTNAME",
          "BUILDGTHEM",
          "CLASSIFICA",
          "FEATCODE",
          "geometry"
        ],
        "confidence_score_0_100": 95,
        "evidence_grade": "A_OS_OPENMAP_LOCAL_CLASSIFIED_IMPORTANT_BUILDING_POLYGON",
        "official_public_no_login": true,
        "fake_data": false,
        "evidence_slice_sha256": "af610f67884f0b895f89a751081616d3a592a6d339c30c5f59a2774ae4d56d51"
      }
    },
    {
      "type": "Feature",
      "geometry": {
        "type": "Polygon",
        "coordinates": [
          [
            [
              -2.311601191447572,
              53.39244102722996
            ],
            [
              -2.31176192450974,
              53.39245966315893
            ],
            [
              -2.311716154936511,
              53.39259587025807
            ],
            [
              -2.311555872488062,
              53.39257723309057
            ],
            [
              -2.311601191447572,
              53.39244102722996
            ]
          ]
        ]
      },
      "properties": {
        "slot_id": "building_type_3",
        "lineage_id": "building_type_3-new-20260927T1328+0300",
        "owner": "cagdas aydin",
        "partition": "building_type_3",
        "page_generation": 61,
        "semantic_mode": null,
        "batch_id": "BT3-P107G61-20261008-OSOML-TRAFFORD-POST27",
        "cursor": "BT3-P107G61-20261008-OSOML-TRAFFORD-POST27-p107",
        "building_state": "BUILDING_PRESENT",
        "source_record_id": "os-openmap-local:important-building:556F60F7-8D2B-4DA2-8EA4-9FDDC7775093",
        "semantic_identity": "os-openmap-local:important-building:556F60F7-8D2B-4DA2-8EA4-9FDDC7775093",
        "source_row_ordinal": 4,
        "name": "Unknown",
        "building_type_use": "post_office",
        "type_use_evidence": "Ordnance Survey ImportantBuilding CLASSIFICA=Post Office; BUILDGTHEM=Retail; FEATCODE=15026",
        "dataset": "OS OpenMap Local ImportantBuilding",
        "quality": "OS-derived building footprint",
        "coordinate_reference_system": "OGC:CRS84 (equivalent EPSG:4326 longitude-latitude); source OS EPSG:27700",
        "ID": "556F60F7-8D2B-4DA2-8EA4-9FDDC7775093",
        "DISTNAME": "Unknown",
        "BUILDGTHEM": "Retail",
        "CLASSIFICA": "Post Office",
        "FEATCODE": 15026,
        "area_code": "E08000009",
        "area_name": "Trafford",
        "authority": "Ordnance Survey (OS OpenMap Local) via Trafford Data Lab local-government published GeoJSON",
        "source_url": "https://github.com/traffordDataLab/open_data/blob/49cdbbee8e5a62acbe040080a3aa8f5bfca71edc/post_office/trafford_post_offices.geojson",
        "final_url": "https://github.com/traffordDataLab/open_data/blob/49cdbbee8e5a62acbe040080a3aa8f5bfca71edc/post_office/trafford_post_offices.geojson",
        "http_status": 200,
        "access_utc": "2026-10-08T03:39:54.767Z",
        "data_date": "April 2018; file GitHub commit 2018-05-21",
        "source_version": "Ordnance Survey OS OpenMap Local ImportantBuilding / Trafford Data Lab post_office geojson / revision 49cdbbee8e5a62acbe040080a3aa8f5bfca71edc / blob d1bde8f70f31331eaf9227cf903b9487d8490900",
        "license": "Open Government Licence v3.0; Contains OS data © Crown copyright and database right 2018",
        "source_file_sha256": "15743f22f563b534ff2250b6615ad49acd7599298177dd8596249b22e4287fcd",
        "field_evidence": [
          "ID",
          "DISTNAME",
          "BUILDGTHEM",
          "CLASSIFICA",
          "FEATCODE",
          "geometry"
        ],
        "confidence_score_0_100": 95,
        "evidence_grade": "A_OS_OPENMAP_LOCAL_CLASSIFIED_IMPORTANT_BUILDING_POLYGON",
        "official_public_no_login": true,
        "fake_data": false,
        "evidence_slice_sha256": "5774dacff028b6bb4218d19ffac4b6fa8d2d83d3deaea0e259d212b0115eaba4"
      }
    },
    {
      "type": "Feature",
      "geometry": {
        "type": "Polygon",
        "coordinates": [
          [
            [
              -2.31854496916697,
              53.41824492777412
            ],
            [
              -2.318598786666793,
              53.41815804441341
            ],
            [
              -2.318728829409012,
              53.41818394378891
            ],
            [
              -2.31867983357609,
              53.418271713189434
            ],
            [
              -2.31854496916697,
              53.41824492777412
            ]
          ]
        ]
      },
      "properties": {
        "slot_id": "building_type_3",
        "lineage_id": "building_type_3-new-20260927T1328+0300",
        "owner": "cagdas aydin",
        "partition": "building_type_3",
        "page_generation": 61,
        "semantic_mode": null,
        "batch_id": "BT3-P107G61-20261008-OSOML-TRAFFORD-POST27",
        "cursor": "BT3-P107G61-20261008-OSOML-TRAFFORD-POST27-p107",
        "building_state": "BUILDING_PRESENT",
        "source_record_id": "os-openmap-local:important-building:7A2D17C5-2534-4171-A444-3A39F0719452",
        "semantic_identity": "os-openmap-local:important-building:7A2D17C5-2534-4171-A444-3A39F0719452",
        "source_row_ordinal": 5,
        "name": "Unknown",
        "building_type_use": "post_office",
        "type_use_evidence": "Ordnance Survey ImportantBuilding CLASSIFICA=Post Office; BUILDGTHEM=Retail; FEATCODE=15026",
        "dataset": "OS OpenMap Local ImportantBuilding",
        "quality": "OS-derived building footprint",
        "coordinate_reference_system": "OGC:CRS84 (equivalent EPSG:4326 longitude-latitude); source OS EPSG:27700",
        "ID": "7A2D17C5-2534-4171-A444-3A39F0719452",
        "DISTNAME": "Unknown",
        "BUILDGTHEM": "Retail",
        "CLASSIFICA": "Post Office",
        "FEATCODE": 15026,
        "area_code": "E08000009",
        "area_name": "Trafford",
        "authority": "Ordnance Survey (OS OpenMap Local) via Trafford Data Lab local-government published GeoJSON",
        "source_url": "https://github.com/traffordDataLab/open_data/blob/49cdbbee8e5a62acbe040080a3aa8f5bfca71edc/post_office/trafford_post_offices.geojson",
        "final_url": "https://github.com/traffordDataLab/open_data/blob/49cdbbee8e5a62acbe040080a3aa8f5bfca71edc/post_office/trafford_post_offices.geojson",
        "http_status": 200,
        "access_utc": "2026-10-08T03:39:54.767Z",
        "data_date": "April 2018; file GitHub commit 2018-05-21",
        "source_version": "Ordnance Survey OS OpenMap Local ImportantBuilding / Trafford Data Lab post_office geojson / revision 49cdbbee8e5a62acbe040080a3aa8f5bfca71edc / blob d1bde8f70f31331eaf9227cf903b9487d8490900",
        "license": "Open Government Licence v3.0; Contains OS data © Crown copyright and database right 2018",
        "source_file_sha256": "15743f22f563b534ff2250b6615ad49acd7599298177dd8596249b22e4287fcd",
        "field_evidence": [
          "ID",
          "DISTNAME",
          "BUILDGTHEM",
          "CLASSIFICA",
          "FEATCODE",
          "geometry"
        ],
        "confidence_score_0_100": 95,
        "evidence_grade": "A_OS_OPENMAP_LOCAL_CLASSIFIED_IMPORTANT_BUILDING_POLYGON",
        "official_public_no_login": true,
        "fake_data": false,
        "evidence_slice_sha256": "3e165f0437b89a56403ffdbd2d46add496cfa43b65f78dc54f03e716cb37c068"
      }
    },
    {
      "type": "Feature",
      "geometry": {
        "type": "Polygon",
        "coordinates": [
          [
            [
              -2.308565089454998,
              53.413260560867336
            ],
            [
              -2.308464497779745,
              53.41341371658819
            ],
            [
              -2.308385375482309,
              53.413394595657934
            ],
            [
              -2.3084880807462,
              53.41324242328266
            ],
            [
              -2.308565089454998,
              53.413260560867336
            ]
          ]
        ]
      },
      "properties": {
        "slot_id": "building_type_3",
        "lineage_id": "building_type_3-new-20260927T1328+0300",
        "owner": "cagdas aydin",
        "partition": "building_type_3",
        "page_generation": 61,
        "semantic_mode": null,
        "batch_id": "BT3-P107G61-20261008-OSOML-TRAFFORD-POST27",
        "cursor": "BT3-P107G61-20261008-OSOML-TRAFFORD-POST27-p107",
        "building_state": "BUILDING_PRESENT",
        "source_record_id": "os-openmap-local:important-building:961CD76B-BD1F-4722-AC94-B1A1B7CA72A1",
        "semantic_identity": "os-openmap-local:important-building:961CD76B-BD1F-4722-AC94-B1A1B7CA72A1",
        "source_row_ordinal": 6,
        "name": "Unknown",
        "building_type_use": "post_office",
        "type_use_evidence": "Ordnance Survey ImportantBuilding CLASSIFICA=Post Office; BUILDGTHEM=Retail; FEATCODE=15026",
        "dataset": "OS OpenMap Local ImportantBuilding",
        "quality": "OS-derived building footprint",
        "coordinate_reference_system": "OGC:CRS84 (equivalent EPSG:4326 longitude-latitude); source OS EPSG:27700",
        "ID": "961CD76B-BD1F-4722-AC94-B1A1B7CA72A1",
        "DISTNAME": "Unknown",
        "BUILDGTHEM": "Retail",
        "CLASSIFICA": "Post Office",
        "FEATCODE": 15026,
        "area_code": "E08000009",
        "area_name": "Trafford",
        "authority": "Ordnance Survey (OS OpenMap Local) via Trafford Data Lab local-government published GeoJSON",
        "source_url": "https://github.com/traffordDataLab/open_data/blob/49cdbbee8e5a62acbe040080a3aa8f5bfca71edc/post_office/trafford_post_offices.geojson",
        "final_url": "https://github.com/traffordDataLab/open_data/blob/49cdbbee8e5a62acbe040080a3aa8f5bfca71edc/post_office/trafford_post_offices.geojson",
        "http_status": 200,
        "access_utc": "2026-10-08T03:39:54.767Z",
        "data_date": "April 2018; file GitHub commit 2018-05-21",
        "source_version": "Ordnance Survey OS OpenMap Local ImportantBuilding / Trafford Data Lab post_office geojson / revision 49cdbbee8e5a62acbe040080a3aa8f5bfca71edc / blob d1bde8f70f31331eaf9227cf903b9487d8490900",
        "license": "Open Government Licence v3.0; Contains OS data © Crown copyright and database right 2018",
        "source_file_sha256": "15743f22f563b534ff2250b6615ad49acd7599298177dd8596249b22e4287fcd",
        "field_evidence": [
          "ID",
          "DISTNAME",
          "BUILDGTHEM",
          "CLASSIFICA",
          "FEATCODE",
          "geometry"
        ],
        "confidence_score_0_100": 95,
        "evidence_grade": "A_OS_OPENMAP_LOCAL_CLASSIFIED_IMPORTANT_BUILDING_POLYGON",
        "official_public_no_login": true,
        "fake_data": false,
        "evidence_slice_sha256": "e7a59cdcae3b26c98befb278e6bd4e8a85198eed2e16e56eb2e6a0e428d67f13"
      }
    },
    {
      "type": "Feature",
      "geometry": {
        "type": "Polygon",
        "coordinates": [
          [
            [
              -2.304170921747113,
              53.42006908783718
            ],
            [
              -2.30417378702496,
              53.42006997939026
            ],
            [
              -2.30404719538404,
              53.42021088311564
            ],
            [
              -2.303978728876014,
              53.420189395099804
            ],
            [
              -2.304105320038152,
              53.420048401562305
            ],
            [
              -2.304170921747113,
              53.42006908783718
            ]
          ]
        ]
      },
      "properties": {
        "slot_id": "building_type_3",
        "lineage_id": "building_type_3-new-20260927T1328+0300",
        "owner": "cagdas aydin",
        "partition": "building_type_3",
        "page_generation": 61,
        "semantic_mode": null,
        "batch_id": "BT3-P107G61-20261008-OSOML-TRAFFORD-POST27",
        "cursor": "BT3-P107G61-20261008-OSOML-TRAFFORD-POST27-p107",
        "building_state": "BUILDING_PRESENT",
        "source_record_id": "os-openmap-local:important-building:48A61CB2-076B-4EF7-BE76-6C6453E0643F",
        "semantic_identity": "os-openmap-local:important-building:48A61CB2-076B-4EF7-BE76-6C6453E0643F",
        "source_row_ordinal": 7,
        "name": "Unknown",
        "building_type_use": "post_office",
        "type_use_evidence": "Ordnance Survey ImportantBuilding CLASSIFICA=Post Office; BUILDGTHEM=Retail; FEATCODE=15026",
        "dataset": "OS OpenMap Local ImportantBuilding",
        "quality": "OS-derived building footprint",
        "coordinate_reference_system": "OGC:CRS84 (equivalent EPSG:4326 longitude-latitude); source OS EPSG:27700",
        "ID": "48A61CB2-076B-4EF7-BE76-6C6453E0643F",
        "DISTNAME": "Unknown",
        "BUILDGTHEM": "Retail",
        "CLASSIFICA": "Post Office",
        "FEATCODE": 15026,
        "area_code": "E08000009",
        "area_name": "Trafford",
        "authority": "Ordnance Survey (OS OpenMap Local) via Trafford Data Lab local-government published GeoJSON",
        "source_url": "https://github.com/traffordDataLab/open_data/blob/49cdbbee8e5a62acbe040080a3aa8f5bfca71edc/post_office/trafford_post_offices.geojson",
        "final_url": "https://github.com/traffordDataLab/open_data/blob/49cdbbee8e5a62acbe040080a3aa8f5bfca71edc/post_office/trafford_post_offices.geojson",
        "http_status": 200,
        "access_utc": "2026-10-08T03:39:54.767Z",
        "data_date": "April 2018; file GitHub commit 2018-05-21",
        "source_version": "Ordnance Survey OS OpenMap Local ImportantBuilding / Trafford Data Lab post_office geojson / revision 49cdbbee8e5a62acbe040080a3aa8f5bfca71edc / blob d1bde8f70f31331eaf9227cf903b9487d8490900",
        "license": "Open Government Licence v3.0; Contains OS data © Crown copyright and database right 2018",
        "source_file_sha256": "15743f22f563b534ff2250b6615ad49acd7599298177dd8596249b22e4287fcd",
        "field_evidence": [
          "ID",
          "DISTNAME",
          "BUILDGTHEM",
          "CLASSIFICA",
          "FEATCODE",
          "geometry"
        ],
        "confidence_score_0_100": 95,
        "evidence_grade": "A_OS_OPENMAP_LOCAL_CLASSIFIED_IMPORTANT_BUILDING_POLYGON",
        "official_public_no_login": true,
        "fake_data": false,
        "evidence_slice_sha256": "e048e6432224a22468b42f51b269ef6839978e248fdb5409704b4f5076452a69"
      }
    },
    {
      "type": "Feature",
      "geometry": {
        "type": "Polygon",
        "coordinates": [
          [
            [
              -2.32520216370394,
              53.45455057645882
            ],
            [
              -2.325267389151739,
              53.45443498622019
            ],
            [
              -2.325356976224242,
              53.45445280902563
            ],
            [
              -2.325291007677546,
              53.45456965973003
            ],
            [
              -2.32520216370394,
              53.45455057645882
            ]
          ]
        ]
      },
      "properties": {
        "slot_id": "building_type_3",
        "lineage_id": "building_type_3-new-20260927T1328+0300",
        "owner": "cagdas aydin",
        "partition": "building_type_3",
        "page_generation": 61,
        "semantic_mode": null,
        "batch_id": "BT3-P107G61-20261008-OSOML-TRAFFORD-POST27",
        "cursor": "BT3-P107G61-20261008-OSOML-TRAFFORD-POST27-p107",
        "building_state": "BUILDING_PRESENT",
        "source_record_id": "os-openmap-local:important-building:403D00A3-4B66-4F0E-BE92-CEA7378D6AD5",
        "semantic_identity": "os-openmap-local:important-building:403D00A3-4B66-4F0E-BE92-CEA7378D6AD5",
        "source_row_ordinal": 8,
        "name": "Unknown",
        "building_type_use": "post_office",
        "type_use_evidence": "Ordnance Survey ImportantBuilding CLASSIFICA=Post Office; BUILDGTHEM=Retail; FEATCODE=15026",
        "dataset": "OS OpenMap Local ImportantBuilding",
        "quality": "OS-derived building footprint",
        "coordinate_reference_system": "OGC:CRS84 (equivalent EPSG:4326 longitude-latitude); source OS EPSG:27700",
        "ID": "403D00A3-4B66-4F0E-BE92-CEA7378D6AD5",
        "DISTNAME": "Unknown",
        "BUILDGTHEM": "Retail",
        "CLASSIFICA": "Post Office",
        "FEATCODE": 15026,
        "area_code": "E08000009",
        "area_name": "Trafford",
        "authority": "Ordnance Survey (OS OpenMap Local) via Trafford Data Lab local-government published GeoJSON",
        "source_url": "https://github.com/traffordDataLab/open_data/blob/49cdbbee8e5a62acbe040080a3aa8f5bfca71edc/post_office/trafford_post_offices.geojson",
        "final_url": "https://github.com/traffordDataLab/open_data/blob/49cdbbee8e5a62acbe040080a3aa8f5bfca71edc/post_office/trafford_post_offices.geojson",
        "http_status": 200,
        "access_utc": "2026-10-08T03:39:54.767Z",
        "data_date": "April 2018; file GitHub commit 2018-05-21",
        "source_version": "Ordnance Survey OS OpenMap Local ImportantBuilding / Trafford Data Lab post_office geojson / revision 49cdbbee8e5a62acbe040080a3aa8f5bfca71edc / blob d1bde8f70f31331eaf9227cf903b9487d8490900",
        "license": "Open Government Licence v3.0; Contains OS data © Crown copyright and database right 2018",
        "source_file_sha256": "15743f22f563b534ff2250b6615ad49acd7599298177dd8596249b22e4287fcd",
        "field_evidence": [
          "ID",
          "DISTNAME",
          "BUILDGTHEM",
          "CLASSIFICA",
          "FEATCODE",
          "geometry"
        ],
        "confidence_score_0_100": 95,
        "evidence_grade": "A_OS_OPENMAP_LOCAL_CLASSIFIED_IMPORTANT_BUILDING_POLYGON",
        "official_public_no_login": true,
        "fake_data": false,
        "evidence_slice_sha256": "aa43e26e948094a90dc7f52d5dbfa101dc3a74dc2fad3dd76f7510dc425d9465"
      }
    },
    {
      "type": "Feature",
      "geometry": {
        "type": "Polygon",
        "coordinates": [
          [
            [
              -2.327247441048137,
              53.4250615907899
            ],
            [
              -2.326593203522039,
              53.42479714168026
            ],
            [
              -2.326790363479698,
              53.42462375195547
            ],
            [
              -2.327445204945737,
              53.42488864776229
            ],
            [
              -2.327247441048137,
              53.4250615907899
            ]
          ]
        ]
      },
      "properties": {
        "slot_id": "building_type_3",
        "lineage_id": "building_type_3-new-20260927T1328+0300",
        "owner": "cagdas aydin",
        "partition": "building_type_3",
        "page_generation": 61,
        "semantic_mode": null,
        "batch_id": "BT3-P107G61-20261008-OSOML-TRAFFORD-POST27",
        "cursor": "BT3-P107G61-20261008-OSOML-TRAFFORD-POST27-p107",
        "building_state": "BUILDING_PRESENT",
        "source_record_id": "os-openmap-local:important-building:0EEC0F72-A282-4D29-A4C0-0FB1A95CEB49",
        "semantic_identity": "os-openmap-local:important-building:0EEC0F72-A282-4D29-A4C0-0FB1A95CEB49",
        "source_row_ordinal": 9,
        "name": "Unknown",
        "building_type_use": "post_office",
        "type_use_evidence": "Ordnance Survey ImportantBuilding CLASSIFICA=Post Office; BUILDGTHEM=Retail; FEATCODE=15026",
        "dataset": "OS OpenMap Local ImportantBuilding",
        "quality": "OS-derived building footprint",
        "coordinate_reference_system": "OGC:CRS84 (equivalent EPSG:4326 longitude-latitude); source OS EPSG:27700",
        "ID": "0EEC0F72-A282-4D29-A4C0-0FB1A95CEB49",
        "DISTNAME": "Unknown",
        "BUILDGTHEM": "Retail",
        "CLASSIFICA": "Post Office",
        "FEATCODE": 15026,
        "area_code": "E08000009",
        "area_name": "Trafford",
        "authority": "Ordnance Survey (OS OpenMap Local) via Trafford Data Lab local-government published GeoJSON",
        "source_url": "https://github.com/traffordDataLab/open_data/blob/49cdbbee8e5a62acbe040080a3aa8f5bfca71edc/post_office/trafford_post_offices.geojson",
        "final_url": "https://github.com/traffordDataLab/open_data/blob/49cdbbee8e5a62acbe040080a3aa8f5bfca71edc/post_office/trafford_post_offices.geojson",
        "http_status": 200,
        "access_utc": "2026-10-08T03:39:54.767Z",
        "data_date": "April 2018; file GitHub commit 2018-05-21",
        "source_version": "Ordnance Survey OS OpenMap Local ImportantBuilding / Trafford Data Lab post_office geojson / revision 49cdbbee8e5a62acbe040080a3aa8f5bfca71edc / blob d1bde8f70f31331eaf9227cf903b9487d8490900",
        "license": "Open Government Licence v3.0; Contains OS data © Crown copyright and database right 2018",
        "source_file_sha256": "15743f22f563b534ff2250b6615ad49acd7599298177dd8596249b22e4287fcd",
        "field_evidence": [
          "ID",
          "DISTNAME",
          "BUILDGTHEM",
          "CLASSIFICA",
          "FEATCODE",
          "geometry"
        ],
        "confidence_score_0_100": 95,
        "evidence_grade": "A_OS_OPENMAP_LOCAL_CLASSIFIED_IMPORTANT_BUILDING_POLYGON",
        "official_public_no_login": true,
        "fake_data": false,
        "evidence_slice_sha256": "ea84fbb38b8d4ae7622832dbb793df86b0f3be821f53ec5caba85e9e9ecc03c6"
      }
    },
    {
      "type": "Feature",
      "geometry": {
        "type": "Polygon",
        "coordinates": [
          [
            [
              -2.341761080178522,
              53.429648944368
            ],
            [
              -2.341920883878808,
              53.429607678640956
            ],
            [
              -2.341948119246371,
              53.42964445370772
            ],
            [
              -2.34178937759114,
              53.429686795056604
            ],
            [
              -2.341761080178522,
              53.429648944368
            ]
          ]
        ]
      },
      "properties": {
        "slot_id": "building_type_3",
        "lineage_id": "building_type_3-new-20260927T1328+0300",
        "owner": "cagdas aydin",
        "partition": "building_type_3",
        "page_generation": 61,
        "semantic_mode": null,
        "batch_id": "BT3-P107G61-20261008-OSOML-TRAFFORD-POST27",
        "cursor": "BT3-P107G61-20261008-OSOML-TRAFFORD-POST27-p107",
        "building_state": "BUILDING_PRESENT",
        "source_record_id": "os-openmap-local:important-building:B6B1AA64-D324-42DA-8080-0E4D830B59A5",
        "semantic_identity": "os-openmap-local:important-building:B6B1AA64-D324-42DA-8080-0E4D830B59A5",
        "source_row_ordinal": 10,
        "name": "Unknown",
        "building_type_use": "post_office",
        "type_use_evidence": "Ordnance Survey ImportantBuilding CLASSIFICA=Post Office; BUILDGTHEM=Retail; FEATCODE=15026",
        "dataset": "OS OpenMap Local ImportantBuilding",
        "quality": "OS-derived building footprint",
        "coordinate_reference_system": "OGC:CRS84 (equivalent EPSG:4326 longitude-latitude); source OS EPSG:27700",
        "ID": "B6B1AA64-D324-42DA-8080-0E4D830B59A5",
        "DISTNAME": "Unknown",
        "BUILDGTHEM": "Retail",
        "CLASSIFICA": "Post Office",
        "FEATCODE": 15026,
        "area_code": "E08000009",
        "area_name": "Trafford",
        "authority": "Ordnance Survey (OS OpenMap Local) via Trafford Data Lab local-government published GeoJSON",
        "source_url": "https://github.com/traffordDataLab/open_data/blob/49cdbbee8e5a62acbe040080a3aa8f5bfca71edc/post_office/trafford_post_offices.geojson",
        "final_url": "https://github.com/traffordDataLab/open_data/blob/49cdbbee8e5a62acbe040080a3aa8f5bfca71edc/post_office/trafford_post_offices.geojson",
        "http_status": 200,
        "access_utc": "2026-10-08T03:39:54.767Z",
        "data_date": "April 2018; file GitHub commit 2018-05-21",
        "source_version": "Ordnance Survey OS OpenMap Local ImportantBuilding / Trafford Data Lab post_office geojson / revision 49cdbbee8e5a62acbe040080a3aa8f5bfca71edc / blob d1bde8f70f31331eaf9227cf903b9487d8490900",
        "license": "Open Government Licence v3.0; Contains OS data © Crown copyright and database right 2018",
        "source_file_sha256": "15743f22f563b534ff2250b6615ad49acd7599298177dd8596249b22e4287fcd",
        "field_evidence": [
          "ID",
          "DISTNAME",
          "BUILDGTHEM",
          "CLASSIFICA",
          "FEATCODE",
          "geometry"
        ],
        "confidence_score_0_100": 95,
        "evidence_grade": "A_OS_OPENMAP_LOCAL_CLASSIFIED_IMPORTANT_BUILDING_POLYGON",
        "official_public_no_login": true,
        "fake_data": false,
        "evidence_slice_sha256": "dbd144ed8cb31822e8e59cc18764c62f3d18302c222d17be671fd9e3843b7abc"
      }
    },
    {
      "type": "Feature",
      "geometry": {
        "type": "Polygon",
        "coordinates": [
          [
            [
              -2.330471606105034,
              53.43128393445484
            ],
            [
              -2.330650153404414,
              53.431270226798716
            ],
            [
              -2.330661706904291,
              53.431323766567125
            ],
            [
              -2.330484964056075,
              53.43133728947285
            ],
            [
              -2.330471606105034,
              53.43128393445484
            ]
          ]
        ]
      },
      "properties": {
        "slot_id": "building_type_3",
        "lineage_id": "building_type_3-new-20260927T1328+0300",
        "owner": "cagdas aydin",
        "partition": "building_type_3",
        "page_generation": 61,
        "semantic_mode": null,
        "batch_id": "BT3-P107G61-20261008-OSOML-TRAFFORD-POST27",
        "cursor": "BT3-P107G61-20261008-OSOML-TRAFFORD-POST27-p107",
        "building_state": "BUILDING_PRESENT",
        "source_record_id": "os-openmap-local:important-building:3F056744-CFEA-4B0F-AA0B-D097BCD2CBFD",
        "semantic_identity": "os-openmap-local:important-building:3F056744-CFEA-4B0F-AA0B-D097BCD2CBFD",
        "source_row_ordinal": 11,
        "name": "Unknown",
        "building_type_use": "post_office",
        "type_use_evidence": "Ordnance Survey ImportantBuilding CLASSIFICA=Post Office; BUILDGTHEM=Retail; FEATCODE=15026",
        "dataset": "OS OpenMap Local ImportantBuilding",
        "quality": "OS-derived building footprint",
        "coordinate_reference_system": "OGC:CRS84 (equivalent EPSG:4326 longitude-latitude); source OS EPSG:27700",
        "ID": "3F056744-CFEA-4B0F-AA0B-D097BCD2CBFD",
        "DISTNAME": "Unknown",
        "BUILDGTHEM": "Retail",
        "CLASSIFICA": "Post Office",
        "FEATCODE": 15026,
        "area_code": "E08000009",
        "area_name": "Trafford",
        "authority": "Ordnance Survey (OS OpenMap Local) via Trafford Data Lab local-government published GeoJSON",
        "source_url": "https://github.com/traffordDataLab/open_data/blob/49cdbbee8e5a62acbe040080a3aa8f5bfca71edc/post_office/trafford_post_offices.geojson",
        "final_url": "https://github.com/traffordDataLab/open_data/blob/49cdbbee8e5a62acbe040080a3aa8f5bfca71edc/post_office/trafford_post_offices.geojson",
        "http_status": 200,
        "access_utc": "2026-10-08T03:39:54.767Z",
        "data_date": "April 2018; file GitHub commit 2018-05-21",
        "source_version": "Ordnance Survey OS OpenMap Local ImportantBuilding / Trafford Data Lab post_office geojson / revision 49cdbbee8e5a62acbe040080a3aa8f5bfca71edc / blob d1bde8f70f31331eaf9227cf903b9487d8490900",
        "license": "Open Government Licence v3.0; Contains OS data © Crown copyright and database right 2018",
        "source_file_sha256": "15743f22f563b534ff2250b6615ad49acd7599298177dd8596249b22e4287fcd",
        "field_evidence": [
          "ID",
          "DISTNAME",
          "BUILDGTHEM",
          "CLASSIFICA",
          "FEATCODE",
          "geometry"
        ],
        "confidence_score_0_100": 95,
        "evidence_grade": "A_OS_OPENMAP_LOCAL_CLASSIFIED_IMPORTANT_BUILDING_POLYGON",
        "official_public_no_login": true,
        "fake_data": false,
        "evidence_slice_sha256": "b72de962e4232532f44db73228c46749224c691e72f544728dd95d4d32cc36ac"
      }
    },
    {
      "type": "Feature",
      "geometry": {
        "type": "Polygon",
        "coordinates": [
          [
            [
              -2.31895700728824,
              53.39691490225859
            ],
            [
              -2.319038466464552,
              53.396908122785206
            ],
            [
              -2.319077005241755,
              53.39707412908498
            ],
            [
              -2.318996295661075,
              53.3970806369219
            ],
            [
              -2.31895700728824,
              53.39691490225859
            ]
          ]
        ]
      },
      "properties": {
        "slot_id": "building_type_3",
        "lineage_id": "building_type_3-new-20260927T1328+0300",
        "owner": "cagdas aydin",
        "partition": "building_type_3",
        "page_generation": 61,
        "semantic_mode": null,
        "batch_id": "BT3-P107G61-20261008-OSOML-TRAFFORD-POST27",
        "cursor": "BT3-P107G61-20261008-OSOML-TRAFFORD-POST27-p107",
        "building_state": "BUILDING_PRESENT",
        "source_record_id": "os-openmap-local:important-building:88B1B3D1-B96B-4A5E-86D5-829E864A9E13",
        "semantic_identity": "os-openmap-local:important-building:88B1B3D1-B96B-4A5E-86D5-829E864A9E13",
        "source_row_ordinal": 12,
        "name": "Unknown",
        "building_type_use": "post_office",
        "type_use_evidence": "Ordnance Survey ImportantBuilding CLASSIFICA=Post Office; BUILDGTHEM=Retail; FEATCODE=15026",
        "dataset": "OS OpenMap Local ImportantBuilding",
        "quality": "OS-derived building footprint",
        "coordinate_reference_system": "OGC:CRS84 (equivalent EPSG:4326 longitude-latitude); source OS EPSG:27700",
        "ID": "88B1B3D1-B96B-4A5E-86D5-829E864A9E13",
        "DISTNAME": "Unknown",
        "BUILDGTHEM": "Retail",
        "CLASSIFICA": "Post Office",
        "FEATCODE": 15026,
        "area_code": "E08000009",
        "area_name": "Trafford",
        "authority": "Ordnance Survey (OS OpenMap Local) via Trafford Data Lab local-government published GeoJSON",
        "source_url": "https://github.com/traffordDataLab/open_data/blob/49cdbbee8e5a62acbe040080a3aa8f5bfca71edc/post_office/trafford_post_offices.geojson",
        "final_url": "https://github.com/traffordDataLab/open_data/blob/49cdbbee8e5a62acbe040080a3aa8f5bfca71edc/post_office/trafford_post_offices.geojson",
        "http_status": 200,
        "access_utc": "2026-10-08T03:39:54.767Z",
        "data_date": "April 2018; file GitHub commit 2018-05-21",
        "source_version": "Ordnance Survey OS OpenMap Local ImportantBuilding / Trafford Data Lab post_office geojson / revision 49cdbbee8e5a62acbe040080a3aa8f5bfca71edc / blob d1bde8f70f31331eaf9227cf903b9487d8490900",
        "license": "Open Government Licence v3.0; Contains OS data © Crown copyright and database right 2018",
        "source_file_sha256": "15743f22f563b534ff2250b6615ad49acd7599298177dd8596249b22e4287fcd",
        "field_evidence": [
          "ID",
          "DISTNAME",
          "BUILDGTHEM",
          "CLASSIFICA",
          "FEATCODE",
          "geometry"
        ],
        "confidence_score_0_100": 95,
        "evidence_grade": "A_OS_OPENMAP_LOCAL_CLASSIFIED_IMPORTANT_BUILDING_POLYGON",
        "official_public_no_login": true,
        "fake_data": false,
        "evidence_slice_sha256": "06a452311a908a2e8b10af406e89312b9b385f3896c4cf7905af976e2ab45fe7"
      }
    },
    {
      "type": "Feature",
      "geometry": {
        "type": "Polygon",
        "coordinates": [
          [
            [
              -2.338015030006109,
              53.39733658218937
            ],
            [
              -2.338089966140681,
              53.39732297685537
            ],
            [
              -2.338165334059215,
              53.39745858111047
            ],
            [
              -2.338089957247218,
              53.39747353603073
            ],
            [
              -2.338013828347685,
              53.397336765365665
            ],
            [
              -2.338015030006109,
              53.39733658218937
            ]
          ]
        ]
      },
      "properties": {
        "slot_id": "building_type_3",
        "lineage_id": "building_type_3-new-20260927T1328+0300",
        "owner": "cagdas aydin",
        "partition": "building_type_3",
        "page_generation": 61,
        "semantic_mode": null,
        "batch_id": "BT3-P107G61-20261008-OSOML-TRAFFORD-POST27",
        "cursor": "BT3-P107G61-20261008-OSOML-TRAFFORD-POST27-p107",
        "building_state": "BUILDING_PRESENT",
        "source_record_id": "os-openmap-local:important-building:1248047F-1D48-4FDD-BE26-E25EB5BCC282",
        "semantic_identity": "os-openmap-local:important-building:1248047F-1D48-4FDD-BE26-E25EB5BCC282",
        "source_row_ordinal": 13,
        "name": "Unknown",
        "building_type_use": "post_office",
        "type_use_evidence": "Ordnance Survey ImportantBuilding CLASSIFICA=Post Office; BUILDGTHEM=Retail; FEATCODE=15026",
        "dataset": "OS OpenMap Local ImportantBuilding",
        "quality": "OS-derived building footprint",
        "coordinate_reference_system": "OGC:CRS84 (equivalent EPSG:4326 longitude-latitude); source OS EPSG:27700",
        "ID": "1248047F-1D48-4FDD-BE26-E25EB5BCC282",
        "DISTNAME": "Unknown",
        "BUILDGTHEM": "Retail",
        "CLASSIFICA": "Post Office",
        "FEATCODE": 15026,
        "area_code": "E08000009",
        "area_name": "Trafford",
        "authority": "Ordnance Survey (OS OpenMap Local) via Trafford Data Lab local-government published GeoJSON",
        "source_url": "https://github.com/traffordDataLab/open_data/blob/49cdbbee8e5a62acbe040080a3aa8f5bfca71edc/post_office/trafford_post_offices.geojson",
        "final_url": "https://github.com/traffordDataLab/open_data/blob/49cdbbee8e5a62acbe040080a3aa8f5bfca71edc/post_office/trafford_post_offices.geojson",
        "http_status": 200,
        "access_utc": "2026-10-08T03:39:54.767Z",
        "data_date": "April 2018; file GitHub commit 2018-05-21",
        "source_version": "Ordnance Survey OS OpenMap Local ImportantBuilding / Trafford Data Lab post_office geojson / revision 49cdbbee8e5a62acbe040080a3aa8f5bfca71edc / blob d1bde8f70f31331eaf9227cf903b9487d8490900",
        "license": "Open Government Licence v3.0; Contains OS data © Crown copyright and database right 2018",
        "source_file_sha256": "15743f22f563b534ff2250b6615ad49acd7599298177dd8596249b22e4287fcd",
        "field_evidence": [
          "ID",
          "DISTNAME",
          "BUILDGTHEM",
          "CLASSIFICA",
          "FEATCODE",
          "geometry"
        ],
        "confidence_score_0_100": 95,
        "evidence_grade": "A_OS_OPENMAP_LOCAL_CLASSIFIED_IMPORTANT_BUILDING_POLYGON",
        "official_public_no_login": true,
        "fake_data": false,
        "evidence_slice_sha256": "792a92f6bfa5c26e5c83bcad5043315b60815728e2be355fcd2600d3f2656ed3"
      }
    },
    {
      "type": "Feature",
      "geometry": {
        "type": "Polygon",
        "coordinates": [
          [
            [
              -2.336825772040013,
              53.40325723142622
            ],
            [
              -2.336900846388437,
              53.40327877188897
            ],
            [
              -2.336785962029632,
              53.40341563298145
            ],
            [
              -2.336709694895622,
              53.403395444102
            ],
            [
              -2.336825772040013,
              53.40325723142622
            ]
          ]
        ]
      },
      "properties": {
        "slot_id": "building_type_3",
        "lineage_id": "building_type_3-new-20260927T1328+0300",
        "owner": "cagdas aydin",
        "partition": "building_type_3",
        "page_generation": 61,
        "semantic_mode": null,
        "batch_id": "BT3-P107G61-20261008-OSOML-TRAFFORD-POST27",
        "cursor": "BT3-P107G61-20261008-OSOML-TRAFFORD-POST27-p107",
        "building_state": "BUILDING_PRESENT",
        "source_record_id": "os-openmap-local:important-building:47473606-46C7-4D60-93AE-570B71BF0A8F",
        "semantic_identity": "os-openmap-local:important-building:47473606-46C7-4D60-93AE-570B71BF0A8F",
        "source_row_ordinal": 14,
        "name": "Unknown",
        "building_type_use": "post_office",
        "type_use_evidence": "Ordnance Survey ImportantBuilding CLASSIFICA=Post Office; BUILDGTHEM=Retail; FEATCODE=15026",
        "dataset": "OS OpenMap Local ImportantBuilding",
        "quality": "OS-derived building footprint",
        "coordinate_reference_system": "OGC:CRS84 (equivalent EPSG:4326 longitude-latitude); source OS EPSG:27700",
        "ID": "47473606-46C7-4D60-93AE-570B71BF0A8F",
        "DISTNAME": "Unknown",
        "BUILDGTHEM": "Retail",
        "CLASSIFICA": "Post Office",
        "FEATCODE": 15026,
        "area_code": "E08000009",
        "area_name": "Trafford",
        "authority": "Ordnance Survey (OS OpenMap Local) via Trafford Data Lab local-government published GeoJSON",
        "source_url": "https://github.com/traffordDataLab/open_data/blob/49cdbbee8e5a62acbe040080a3aa8f5bfca71edc/post_office/trafford_post_offices.geojson",
        "final_url": "https://github.com/traffordDataLab/open_data/blob/49cdbbee8e5a62acbe040080a3aa8f5bfca71edc/post_office/trafford_post_offices.geojson",
        "http_status": 200,
        "access_utc": "2026-10-08T03:39:54.767Z",
        "data_date": "April 2018; file GitHub commit 2018-05-21",
        "source_version": "Ordnance Survey OS OpenMap Local ImportantBuilding / Trafford Data Lab post_office geojson / revision 49cdbbee8e5a62acbe040080a3aa8f5bfca71edc / blob d1bde8f70f31331eaf9227cf903b9487d8490900",
        "license": "Open Government Licence v3.0; Contains OS data © Crown copyright and database right 2018",
        "source_file_sha256": "15743f22f563b534ff2250b6615ad49acd7599298177dd8596249b22e4287fcd",
        "field_evidence": [
          "ID",
          "DISTNAME",
          "BUILDGTHEM",
          "CLASSIFICA",
          "FEATCODE",
          "geometry"
        ],
        "confidence_score_0_100": 95,
        "evidence_grade": "A_OS_OPENMAP_LOCAL_CLASSIFIED_IMPORTANT_BUILDING_POLYGON",
        "official_public_no_login": true,
        "fake_data": false,
        "evidence_slice_sha256": "541f71a4db0290e839c6b90b93882b0cea5b1e484927931c7fa665b413b14d9e"
      }
    },
    {
      "type": "Feature",
      "geometry": {
        "type": "Polygon",
        "coordinates": [
          [
            [
              -2.35570553723716,
              53.45769865229767
            ],
            [
              -2.355708552212126,
              53.45769900285638
            ],
            [
              -2.355666699741021,
              53.45782685439929
            ],
            [
              -2.355577308200852,
              53.45781678384894
            ],
            [
              -2.355573238275405,
              53.4578163465434
            ],
            [
              -2.355614938164268,
              53.45768822583223
            ],
            [
              -2.35570553723716,
              53.45769865229767
            ]
          ]
        ]
      },
      "properties": {
        "slot_id": "building_type_3",
        "lineage_id": "building_type_3-new-20260927T1328+0300",
        "owner": "cagdas aydin",
        "partition": "building_type_3",
        "page_generation": 61,
        "semantic_mode": null,
        "batch_id": "BT3-P107G61-20261008-OSOML-TRAFFORD-POST27",
        "cursor": "BT3-P107G61-20261008-OSOML-TRAFFORD-POST27-p107",
        "building_state": "BUILDING_PRESENT",
        "source_record_id": "os-openmap-local:important-building:9D871F00-5BE7-4B4D-8E58-015689D2E433",
        "semantic_identity": "os-openmap-local:important-building:9D871F00-5BE7-4B4D-8E58-015689D2E433",
        "source_row_ordinal": 15,
        "name": "Unknown",
        "building_type_use": "post_office",
        "type_use_evidence": "Ordnance Survey ImportantBuilding CLASSIFICA=Post Office; BUILDGTHEM=Retail; FEATCODE=15026",
        "dataset": "OS OpenMap Local ImportantBuilding",
        "quality": "OS-derived building footprint",
        "coordinate_reference_system": "OGC:CRS84 (equivalent EPSG:4326 longitude-latitude); source OS EPSG:27700",
        "ID": "9D871F00-5BE7-4B4D-8E58-015689D2E433",
        "DISTNAME": "Unknown",
        "BUILDGTHEM": "Retail",
        "CLASSIFICA": "Post Office",
        "FEATCODE": 15026,
        "area_code": "E08000009",
        "area_name": "Trafford",
        "authority": "Ordnance Survey (OS OpenMap Local) via Trafford Data Lab local-government published GeoJSON",
        "source_url": "https://github.com/traffordDataLab/open_data/blob/49cdbbee8e5a62acbe040080a3aa8f5bfca71edc/post_office/trafford_post_offices.geojson",
        "final_url": "https://github.com/traffordDataLab/open_data/blob/49cdbbee8e5a62acbe040080a3aa8f5bfca71edc/post_office/trafford_post_offices.geojson",
        "http_status": 200,
        "access_utc": "2026-10-08T03:39:54.767Z",
        "data_date": "April 2018; file GitHub commit 2018-05-21",
        "source_version": "Ordnance Survey OS OpenMap Local ImportantBuilding / Trafford Data Lab post_office geojson / revision 49cdbbee8e5a62acbe040080a3aa8f5bfca71edc / blob d1bde8f70f31331eaf9227cf903b9487d8490900",
        "license": "Open Government Licence v3.0; Contains OS data © Crown copyright and database right 2018",
        "source_file_sha256": "15743f22f563b534ff2250b6615ad49acd7599298177dd8596249b22e4287fcd",
        "field_evidence": [
          "ID",
          "DISTNAME",
          "BUILDGTHEM",
          "CLASSIFICA",
          "FEATCODE",
          "geometry"
        ],
        "confidence_score_0_100": 95,
        "evidence_grade": "A_OS_OPENMAP_LOCAL_CLASSIFIED_IMPORTANT_BUILDING_POLYGON",
        "official_public_no_login": true,
        "fake_data": false,
        "evidence_slice_sha256": "7ac9c2e0a955fc70f92a2250022c5d133b92c5ee3903b71caa03d526ef294838"
      }
    },
    {
      "type": "Feature",
      "geometry": {
        "type": "Polygon",
        "coordinates": [
          [
            [
              -2.35216448362078,
              53.44819209783401
            ],
            [
              -2.352172148393556,
              53.448281331357634
            ],
            [
              -2.351794767760755,
              53.448292870682465
            ],
            [
              -2.351787103776584,
              53.4482036371335
            ],
            [
              -2.35216448362078,
              53.44819209783401
            ]
          ]
        ]
      },
      "properties": {
        "slot_id": "building_type_3",
        "lineage_id": "building_type_3-new-20260927T1328+0300",
        "owner": "cagdas aydin",
        "partition": "building_type_3",
        "page_generation": 61,
        "semantic_mode": null,
        "batch_id": "BT3-P107G61-20261008-OSOML-TRAFFORD-POST27",
        "cursor": "BT3-P107G61-20261008-OSOML-TRAFFORD-POST27-p107",
        "building_state": "BUILDING_PRESENT",
        "source_record_id": "os-openmap-local:important-building:D2758557-01C8-410E-B71E-71BB614DC20B",
        "semantic_identity": "os-openmap-local:important-building:D2758557-01C8-410E-B71E-71BB614DC20B",
        "source_row_ordinal": 16,
        "name": "Unknown",
        "building_type_use": "post_office",
        "type_use_evidence": "Ordnance Survey ImportantBuilding CLASSIFICA=Post Office; BUILDGTHEM=Retail; FEATCODE=15026",
        "dataset": "OS OpenMap Local ImportantBuilding",
        "quality": "OS-derived building footprint",
        "coordinate_reference_system": "OGC:CRS84 (equivalent EPSG:4326 longitude-latitude); source OS EPSG:27700",
        "ID": "D2758557-01C8-410E-B71E-71BB614DC20B",
        "DISTNAME": "Unknown",
        "BUILDGTHEM": "Retail",
        "CLASSIFICA": "Post Office",
        "FEATCODE": 15026,
        "area_code": "E08000009",
        "area_name": "Trafford",
        "authority": "Ordnance Survey (OS OpenMap Local) via Trafford Data Lab local-government published GeoJSON",
        "source_url": "https://github.com/traffordDataLab/open_data/blob/49cdbbee8e5a62acbe040080a3aa8f5bfca71edc/post_office/trafford_post_offices.geojson",
        "final_url": "https://github.com/traffordDataLab/open_data/blob/49cdbbee8e5a62acbe040080a3aa8f5bfca71edc/post_office/trafford_post_offices.geojson",
        "http_status": 200,
        "access_utc": "2026-10-08T03:39:54.767Z",
        "data_date": "April 2018; file GitHub commit 2018-05-21",
        "source_version": "Ordnance Survey OS OpenMap Local ImportantBuilding / Trafford Data Lab post_office geojson / revision 49cdbbee8e5a62acbe040080a3aa8f5bfca71edc / blob d1bde8f70f31331eaf9227cf903b9487d8490900",
        "license": "Open Government Licence v3.0; Contains OS data © Crown copyright and database right 2018",
        "source_file_sha256": "15743f22f563b534ff2250b6615ad49acd7599298177dd8596249b22e4287fcd",
        "field_evidence": [
          "ID",
          "DISTNAME",
          "BUILDGTHEM",
          "CLASSIFICA",
          "FEATCODE",
          "geometry"
        ],
        "confidence_score_0_100": 95,
        "evidence_grade": "A_OS_OPENMAP_LOCAL_CLASSIFIED_IMPORTANT_BUILDING_POLYGON",
        "official_public_no_login": true,
        "fake_data": false,
        "evidence_slice_sha256": "d470b717cf9bb14ae73169c7a36aabe367cac8756cce5c2562433cb2ff25fde1"
      }
    },
    {
      "type": "Feature",
      "geometry": {
        "type": "Polygon",
        "coordinates": [
          [
            [
              -2.351922058792401,
              53.42690837776748
            ],
            [
              -2.351813961938575,
              53.42690321341178
            ],
            [
              -2.351815675722872,
              53.426892062539494
            ],
            [
              -2.351685299787642,
              53.42688615476334
            ],
            [
              -2.351701472845441,
              53.426785345292465
            ],
            [
              -2.351938747075744,
              53.42679714000918
            ],
            [
              -2.351922058792401,
              53.42690837776748
            ]
          ]
        ]
      },
      "properties": {
        "slot_id": "building_type_3",
        "lineage_id": "building_type_3-new-20260927T1328+0300",
        "owner": "cagdas aydin",
        "partition": "building_type_3",
        "page_generation": 61,
        "semantic_mode": null,
        "batch_id": "BT3-P107G61-20261008-OSOML-TRAFFORD-POST27",
        "cursor": "BT3-P107G61-20261008-OSOML-TRAFFORD-POST27-p107",
        "building_state": "BUILDING_PRESENT",
        "source_record_id": "os-openmap-local:important-building:B9F30AC3-2EFC-496D-967B-D0138A98FDBB",
        "semantic_identity": "os-openmap-local:important-building:B9F30AC3-2EFC-496D-967B-D0138A98FDBB",
        "source_row_ordinal": 17,
        "name": "Unknown",
        "building_type_use": "post_office",
        "type_use_evidence": "Ordnance Survey ImportantBuilding CLASSIFICA=Post Office; BUILDGTHEM=Retail; FEATCODE=15026",
        "dataset": "OS OpenMap Local ImportantBuilding",
        "quality": "OS-derived building footprint",
        "coordinate_reference_system": "OGC:CRS84 (equivalent EPSG:4326 longitude-latitude); source OS EPSG:27700",
        "ID": "B9F30AC3-2EFC-496D-967B-D0138A98FDBB",
        "DISTNAME": "Unknown",
        "BUILDGTHEM": "Retail",
        "CLASSIFICA": "Post Office",
        "FEATCODE": 15026,
        "area_code": "E08000009",
        "area_name": "Trafford",
        "authority": "Ordnance Survey (OS OpenMap Local) via Trafford Data Lab local-government published GeoJSON",
        "source_url": "https://github.com/traffordDataLab/open_data/blob/49cdbbee8e5a62acbe040080a3aa8f5bfca71edc/post_office/trafford_post_offices.geojson",
        "final_url": "https://github.com/traffordDataLab/open_data/blob/49cdbbee8e5a62acbe040080a3aa8f5bfca71edc/post_office/trafford_post_offices.geojson",
        "http_status": 200,
        "access_utc": "2026-10-08T03:39:54.767Z",
        "data_date": "April 2018; file GitHub commit 2018-05-21",
        "source_version": "Ordnance Survey OS OpenMap Local ImportantBuilding / Trafford Data Lab post_office geojson / revision 49cdbbee8e5a62acbe040080a3aa8f5bfca71edc / blob d1bde8f70f31331eaf9227cf903b9487d8490900",
        "license": "Open Government Licence v3.0; Contains OS data © Crown copyright and database right 2018",
        "source_file_sha256": "15743f22f563b534ff2250b6615ad49acd7599298177dd8596249b22e4287fcd",
        "field_evidence": [
          "ID",
          "DISTNAME",
          "BUILDGTHEM",
          "CLASSIFICA",
          "FEATCODE",
          "geometry"
        ],
        "confidence_score_0_100": 95,
        "evidence_grade": "A_OS_OPENMAP_LOCAL_CLASSIFIED_IMPORTANT_BUILDING_POLYGON",
        "official_public_no_login": true,
        "fake_data": false,
        "evidence_slice_sha256": "f5115f353b1d795aa348b61c496ab56253117e363425cbe291b02c1e4e433c5a"
      }
    },
    {
      "type": "Feature",
      "geometry": {
        "type": "Polygon",
        "coordinates": [
          [
            [
              -2.345461870264208,
              53.46516897072838
            ],
            [
              -2.345010958304353,
              53.46456498845167
            ],
            [
              -2.345271131068356,
              53.46449583388448
            ],
            [
              -2.345289317721321,
              53.46449101738603
            ],
            [
              -2.345035002004183,
              53.46414964996387
            ],
            [
              -2.345016063819504,
              53.46415464836572
            ],
            [
              -2.344410009849193,
              53.46334392681334
            ],
            [
              -2.345658126884339,
              53.46301808215012
            ],
            [
              -2.345713214524344,
              53.46308731395392
            ],
            [
              -2.346319018938265,
              53.46388328853006
            ],
            [
              -2.346515971528492,
              53.46415273189959
            ],
            [
              -2.34652258421979,
              53.46415091500768
            ],
            [
              -2.346528673536117,
              53.46415880722238
            ],
            [
              -2.346777864319165,
              53.46409192836107
            ],
            [
              -2.347149600369975,
              53.464589350797766
            ],
            [
              -2.346808861034033,
              53.46467896762733
            ],
            [
              -2.34719704111673,
              53.46519728533186
            ],
            [
              -2.347685830177133,
              53.46506822629176
            ],
            [
              -2.347585156340662,
              53.464932613172174
            ],
            [
              -2.347585306964797,
              53.464932612733726
            ],
            [
              -2.347455240232025,
              53.46475753563037
            ],
            [
              -2.348466179316833,
              53.46449167581214
            ],
            [
              -2.348486237946813,
              53.46453152624582
            ],
            [
              -2.348504763128363,
              53.464568055403824
            ],
            [
              -2.348663666795557,
              53.46454880553168
            ],
            [
              -2.348858824480125,
              53.464542213213626
            ],
            [
              -2.349044655933799,
              53.46455551244114
            ],
            [
              -2.34923229421453,
              53.46458705276569
            ],
            [
              -2.349430393038182,
              53.46464507828184
            ],
            [
              -2.349612883147569,
              53.464728227107855
            ],
            [
              -2.349764198033336,
              53.46483016307263
            ],
            [
              -2.34986534620548,
              53.46493107733982
            ],
            [
              -2.349932622850023,
              53.465034337915654
            ],
            [
              -2.349976760124172,
              53.46516283409452
            ],
            [
              -2.349981967053449,
              53.465209828724156
            ],
            [
              -2.350045225146211,
              53.46520910398735
            ],
            [
              -2.350085890956048,
              53.46520862522706
            ],
            [
              -2.349971956596243,
              53.46586026638482
            ],
            [
              -2.349435587107979,
              53.465826961823126
            ],
            [
              -2.349379327829833,
              53.46614792620946
            ],
            [
              -2.349626491454253,
              53.466163382080026
            ],
            [
              -2.350456449059827,
              53.46621514977206
            ],
            [
              -2.350476153125521,
              53.46610201654016
            ],
            [
              -2.350927829237323,
              53.4661301722663
            ],
            [
              -2.350908410555836,
              53.466241237378746
            ],
            [
              -2.351131168949708,
              53.46625622254566
            ],
            [
              -2.351131168207419,
              53.46625613266279
            ],
            [
              -2.351240588545489,
              53.466263540967546
            ],
            [
              -2.351375780561414,
              53.46627258115439
            ],
            [
              -2.351395904379412,
              53.46615585113122
            ],
            [
              -2.352362712891642,
              53.46621664071365
            ],
            [
              -2.35220838217939,
              53.46709761000622
            ],
            [
              -2.352173266374499,
              53.46709546645161
            ],
            [
              -2.351230859020283,
              53.46703685067442
            ],
            [
              -2.351251143872302,
              53.46692128872355
            ],
            [
              -2.350778935512738,
              53.46688861039222
            ],
            [
              -2.350740242780728,
              53.46711020079808
            ],
            [
              -2.349987713485929,
              53.46706081481088
            ],
            [
              -2.350020583588715,
              53.4668450842477
            ],
            [
              -2.34972639465096,
              53.466826800719765
            ],
            [
              -2.349701677891523,
              53.4668252551772
            ],
            [
              -2.349664420129806,
              53.46703884125871
            ],
            [
              -2.34888040619106,
              53.46698891129773
            ],
            [
              -2.347978233485722,
              53.46660000456524
            ],
            [
              -2.347371056875226,
              53.467101173714
            ],
            [
              -2.346304728099596,
              53.46664118331499
            ],
            [
              -2.346920739159896,
              53.46613280308296
            ],
            [
              -2.346018887648142,
              53.46574190314486
            ],
            [
              -2.345699394998789,
              53.46531515547314
            ],
            [
              -2.345816330906366,
              53.46528398629368
            ],
            [
              -2.345685672248225,
              53.46510944830729
            ],
            [
              -2.345461870264208,
              53.46516897072838
            ]
          ]
        ]
      },
      "properties": {
        "slot_id": "building_type_3",
        "lineage_id": "building_type_3-new-20260927T1328+0300",
        "owner": "cagdas aydin",
        "partition": "building_type_3",
        "page_generation": 61,
        "semantic_mode": null,
        "batch_id": "BT3-P107G61-20261008-OSOML-TRAFFORD-POST27",
        "cursor": "BT3-P107G61-20261008-OSOML-TRAFFORD-POST27-p107",
        "building_state": "BUILDING_PRESENT",
        "source_record_id": "os-openmap-local:important-building:3319F249-929E-4DD7-9664-D5A34F1692DD",
        "semantic_identity": "os-openmap-local:important-building:3319F249-929E-4DD7-9664-D5A34F1692DD",
        "source_row_ordinal": 18,
        "name": "Unknown",
        "building_type_use": "post_office",
        "type_use_evidence": "Ordnance Survey ImportantBuilding CLASSIFICA=Post Office; BUILDGTHEM=Retail; FEATCODE=15026",
        "dataset": "OS OpenMap Local ImportantBuilding",
        "quality": "OS-derived building footprint",
        "coordinate_reference_system": "OGC:CRS84 (equivalent EPSG:4326 longitude-latitude); source OS EPSG:27700",
        "ID": "3319F249-929E-4DD7-9664-D5A34F1692DD",
        "DISTNAME": "Unknown",
        "BUILDGTHEM": "Retail",
        "CLASSIFICA": "Post Office",
        "FEATCODE": 15026,
        "area_code": "E08000009",
        "area_name": "Trafford",
        "authority": "Ordnance Survey (OS OpenMap Local) via Trafford Data Lab local-government published GeoJSON",
        "source_url": "https://github.com/traffordDataLab/open_data/blob/49cdbbee8e5a62acbe040080a3aa8f5bfca71edc/post_office/trafford_post_offices.geojson",
        "final_url": "https://github.com/traffordDataLab/open_data/blob/49cdbbee8e5a62acbe040080a3aa8f5bfca71edc/post_office/trafford_post_offices.geojson",
        "http_status": 200,
        "access_utc": "2026-10-08T03:39:54.767Z",
        "data_date": "April 2018; file GitHub commit 2018-05-21",
        "source_version": "Ordnance Survey OS OpenMap Local ImportantBuilding / Trafford Data Lab post_office geojson / revision 49cdbbee8e5a62acbe040080a3aa8f5bfca71edc / blob d1bde8f70f31331eaf9227cf903b9487d8490900",
        "license": "Open Government Licence v3.0; Contains OS data © Crown copyright and database right 2018",
        "source_file_sha256": "15743f22f563b534ff2250b6615ad49acd7599298177dd8596249b22e4287fcd",
        "field_evidence": [
          "ID",
          "DISTNAME",
          "BUILDGTHEM",
          "CLASSIFICA",
          "FEATCODE",
          "geometry"
        ],
        "confidence_score_0_100": 95,
        "evidence_grade": "A_OS_OPENMAP_LOCAL_CLASSIFIED_IMPORTANT_BUILDING_POLYGON",
        "official_public_no_login": true,
        "fake_data": false,
        "evidence_slice_sha256": "19376368b25b9c7e880f827fb4a313d4de3a4d547111a2a71abd07268e43e9b7"
      }
    },
    {
      "type": "Feature",
      "geometry": {
        "type": "Polygon",
        "coordinates": [
          [
            [
              -2.369553125274154,
              53.452119213242284
            ],
            [
              -2.369486866858957,
              53.45211896888178
            ],
            [
              -2.369487972497001,
              53.45198620483833
            ],
            [
              -2.369572151045115,
              53.451986573500214
            ],
            [
              -2.369571044888751,
              53.45211924766108
            ],
            [
              -2.369553125274154,
              53.452119213242284
            ]
          ]
        ]
      },
      "properties": {
        "slot_id": "building_type_3",
        "lineage_id": "building_type_3-new-20260927T1328+0300",
        "owner": "cagdas aydin",
        "partition": "building_type_3",
        "page_generation": 61,
        "semantic_mode": null,
        "batch_id": "BT3-P107G61-20261008-OSOML-TRAFFORD-POST27",
        "cursor": "BT3-P107G61-20261008-OSOML-TRAFFORD-POST27-p107",
        "building_state": "BUILDING_PRESENT",
        "source_record_id": "os-openmap-local:important-building:3A8E3D7E-436E-4ED2-A988-72802E4E2355",
        "semantic_identity": "os-openmap-local:important-building:3A8E3D7E-436E-4ED2-A988-72802E4E2355",
        "source_row_ordinal": 19,
        "name": "Unknown",
        "building_type_use": "post_office",
        "type_use_evidence": "Ordnance Survey ImportantBuilding CLASSIFICA=Post Office; BUILDGTHEM=Retail; FEATCODE=15026",
        "dataset": "OS OpenMap Local ImportantBuilding",
        "quality": "OS-derived building footprint",
        "coordinate_reference_system": "OGC:CRS84 (equivalent EPSG:4326 longitude-latitude); source OS EPSG:27700",
        "ID": "3A8E3D7E-436E-4ED2-A988-72802E4E2355",
        "DISTNAME": "Unknown",
        "BUILDGTHEM": "Retail",
        "CLASSIFICA": "Post Office",
        "FEATCODE": 15026,
        "area_code": "E08000009",
        "area_name": "Trafford",
        "authority": "Ordnance Survey (OS OpenMap Local) via Trafford Data Lab local-government published GeoJSON",
        "source_url": "https://github.com/traffordDataLab/open_data/blob/49cdbbee8e5a62acbe040080a3aa8f5bfca71edc/post_office/trafford_post_offices.geojson",
        "final_url": "https://github.com/traffordDataLab/open_data/blob/49cdbbee8e5a62acbe040080a3aa8f5bfca71edc/post_office/trafford_post_offices.geojson",
        "http_status": 200,
        "access_utc": "2026-10-08T03:39:54.767Z",
        "data_date": "April 2018; file GitHub commit 2018-05-21",
        "source_version": "Ordnance Survey OS OpenMap Local ImportantBuilding / Trafford Data Lab post_office geojson / revision 49cdbbee8e5a62acbe040080a3aa8f5bfca71edc / blob d1bde8f70f31331eaf9227cf903b9487d8490900",
        "license": "Open Government Licence v3.0; Contains OS data © Crown copyright and database right 2018",
        "source_file_sha256": "15743f22f563b534ff2250b6615ad49acd7599298177dd8596249b22e4287fcd",
        "field_evidence": [
          "ID",
          "DISTNAME",
          "BUILDGTHEM",
          "CLASSIFICA",
          "FEATCODE",
          "geometry"
        ],
        "confidence_score_0_100": 95,
        "evidence_grade": "A_OS_OPENMAP_LOCAL_CLASSIFIED_IMPORTANT_BUILDING_POLYGON",
        "official_public_no_login": true,
        "fake_data": false,
        "evidence_slice_sha256": "307ebc3acd343a243cfecd0f1fa8cc083a965c251508ceb8db9bd804bb764338"
      }
    },
    {
      "type": "Feature",
      "geometry": {
        "type": "Polygon",
        "coordinates": [
          [
            [
              -2.37112022096792,
              53.39297427787646
            ],
            [
              -2.371223266189388,
              53.393013327494145
            ],
            [
              -2.371100886229506,
              53.39311977391233
            ],
            [
              -2.370997352208095,
              53.39307641117094
            ],
            [
              -2.37112022096792,
              53.39297427787646
            ]
          ]
        ]
      },
      "properties": {
        "slot_id": "building_type_3",
        "lineage_id": "building_type_3-new-20260927T1328+0300",
        "owner": "cagdas aydin",
        "partition": "building_type_3",
        "page_generation": 61,
        "semantic_mode": null,
        "batch_id": "BT3-P107G61-20261008-OSOML-TRAFFORD-POST27",
        "cursor": "BT3-P107G61-20261008-OSOML-TRAFFORD-POST27-p107",
        "building_state": "BUILDING_PRESENT",
        "source_record_id": "os-openmap-local:important-building:E07DF88F-8B19-42D1-9D7E-23CDD6E13212",
        "semantic_identity": "os-openmap-local:important-building:E07DF88F-8B19-42D1-9D7E-23CDD6E13212",
        "source_row_ordinal": 20,
        "name": "Unknown",
        "building_type_use": "post_office",
        "type_use_evidence": "Ordnance Survey ImportantBuilding CLASSIFICA=Post Office; BUILDGTHEM=Retail; FEATCODE=15026",
        "dataset": "OS OpenMap Local ImportantBuilding",
        "quality": "OS-derived building footprint",
        "coordinate_reference_system": "OGC:CRS84 (equivalent EPSG:4326 longitude-latitude); source OS EPSG:27700",
        "ID": "E07DF88F-8B19-42D1-9D7E-23CDD6E13212",
        "DISTNAME": "Unknown",
        "BUILDGTHEM": "Retail",
        "CLASSIFICA": "Post Office",
        "FEATCODE": 15026,
        "area_code": "E08000009",
        "area_name": "Trafford",
        "authority": "Ordnance Survey (OS OpenMap Local) via Trafford Data Lab local-government published GeoJSON",
        "source_url": "https://github.com/traffordDataLab/open_data/blob/49cdbbee8e5a62acbe040080a3aa8f5bfca71edc/post_office/trafford_post_offices.geojson",
        "final_url": "https://github.com/traffordDataLab/open_data/blob/49cdbbee8e5a62acbe040080a3aa8f5bfca71edc/post_office/trafford_post_offices.geojson",
        "http_status": 200,
        "access_utc": "2026-10-08T03:39:54.767Z",
        "data_date": "April 2018; file GitHub commit 2018-05-21",
        "source_version": "Ordnance Survey OS OpenMap Local ImportantBuilding / Trafford Data Lab post_office geojson / revision 49cdbbee8e5a62acbe040080a3aa8f5bfca71edc / blob d1bde8f70f31331eaf9227cf903b9487d8490900",
        "license": "Open Government Licence v3.0; Contains OS data © Crown copyright and database right 2018",
        "source_file_sha256": "15743f22f563b534ff2250b6615ad49acd7599298177dd8596249b22e4287fcd",
        "field_evidence": [
          "ID",
          "DISTNAME",
          "BUILDGTHEM",
          "CLASSIFICA",
          "FEATCODE",
          "geometry"
        ],
        "confidence_score_0_100": 95,
        "evidence_grade": "A_OS_OPENMAP_LOCAL_CLASSIFIED_IMPORTANT_BUILDING_POLYGON",
        "official_public_no_login": true,
        "fake_data": false,
        "evidence_slice_sha256": "76862fa89d79103a154c3034f44f41a69c8195599bab76631bb49dbbe93a560c"
      }
    },
    {
      "type": "Feature",
      "geometry": {
        "type": "Polygon",
        "coordinates": [
          [
            [
              -2.352563114380542,
              53.39912600141879
            ],
            [
              -2.352558832457296,
              53.39908107103374
            ],
            [
              -2.352777743588634,
              53.39907332302601
            ],
            [
              -2.352782176133167,
              53.39911825295827
            ],
            [
              -2.352563114380542,
              53.39912600141879
            ]
          ]
        ]
      },
      "properties": {
        "slot_id": "building_type_3",
        "lineage_id": "building_type_3-new-20260927T1328+0300",
        "owner": "cagdas aydin",
        "partition": "building_type_3",
        "page_generation": 61,
        "semantic_mode": null,
        "batch_id": "BT3-P107G61-20261008-OSOML-TRAFFORD-POST27",
        "cursor": "BT3-P107G61-20261008-OSOML-TRAFFORD-POST27-p107",
        "building_state": "BUILDING_PRESENT",
        "source_record_id": "os-openmap-local:important-building:7CD8974D-6511-42D0-95C3-05BF9E57F4C1",
        "semantic_identity": "os-openmap-local:important-building:7CD8974D-6511-42D0-95C3-05BF9E57F4C1",
        "source_row_ordinal": 21,
        "name": "Unknown",
        "building_type_use": "post_office",
        "type_use_evidence": "Ordnance Survey ImportantBuilding CLASSIFICA=Post Office; BUILDGTHEM=Retail; FEATCODE=15026",
        "dataset": "OS OpenMap Local ImportantBuilding",
        "quality": "OS-derived building footprint",
        "coordinate_reference_system": "OGC:CRS84 (equivalent EPSG:4326 longitude-latitude); source OS EPSG:27700",
        "ID": "7CD8974D-6511-42D0-95C3-05BF9E57F4C1",
        "DISTNAME": "Unknown",
        "BUILDGTHEM": "Retail",
        "CLASSIFICA": "Post Office",
        "FEATCODE": 15026,
        "area_code": "E08000009",
        "area_name": "Trafford",
        "authority": "Ordnance Survey (OS OpenMap Local) via Trafford Data Lab local-government published GeoJSON",
        "source_url": "https://github.com/traffordDataLab/open_data/blob/49cdbbee8e5a62acbe040080a3aa8f5bfca71edc/post_office/trafford_post_offices.geojson",
        "final_url": "https://github.com/traffordDataLab/open_data/blob/49cdbbee8e5a62acbe040080a3aa8f5bfca71edc/post_office/trafford_post_offices.geojson",
        "http_status": 200,
        "access_utc": "2026-10-08T03:39:54.767Z",
        "data_date": "April 2018; file GitHub commit 2018-05-21",
        "source_version": "Ordnance Survey OS OpenMap Local ImportantBuilding / Trafford Data Lab post_office geojson / revision 49cdbbee8e5a62acbe040080a3aa8f5bfca71edc / blob d1bde8f70f31331eaf9227cf903b9487d8490900",
        "license": "Open Government Licence v3.0; Contains OS data © Crown copyright and database right 2018",
        "source_file_sha256": "15743f22f563b534ff2250b6615ad49acd7599298177dd8596249b22e4287fcd",
        "field_evidence": [
          "ID",
          "DISTNAME",
          "BUILDGTHEM",
          "CLASSIFICA",
          "FEATCODE",
          "geometry"
        ],
        "confidence_score_0_100": 95,
        "evidence_grade": "A_OS_OPENMAP_LOCAL_CLASSIFIED_IMPORTANT_BUILDING_POLYGON",
        "official_public_no_login": true,
        "fake_data": false,
        "evidence_slice_sha256": "233850712b690e2764ee80762b80b853acfb5835915e95826dca9ba7d7b44d81"
      }
    },
    {
      "type": "Feature",
      "geometry": {
        "type": "Polygon",
        "coordinates": [
          [
            [
              -2.392339662758302,
              53.452406142344714
            ],
            [
              -2.392327047832207,
              53.45244249749192
            ],
            [
              -2.392118684351481,
              53.452447316683944
            ],
            [
              -2.392117478060972,
              53.45244714087472
            ],
            [
              -2.392114488252168,
              53.45240050017824
            ],
            [
              -2.392338960972079,
              53.452395358404324
            ],
            [
              -2.392339662758302,
              53.452406142344714
            ]
          ]
        ]
      },
      "properties": {
        "slot_id": "building_type_3",
        "lineage_id": "building_type_3-new-20260927T1328+0300",
        "owner": "cagdas aydin",
        "partition": "building_type_3",
        "page_generation": 61,
        "semantic_mode": null,
        "batch_id": "BT3-P107G61-20261008-OSOML-TRAFFORD-POST27",
        "cursor": "BT3-P107G61-20261008-OSOML-TRAFFORD-POST27-p107",
        "building_state": "BUILDING_PRESENT",
        "source_record_id": "os-openmap-local:important-building:D5A0E405-96FA-4FEA-B75E-A16488A54331",
        "semantic_identity": "os-openmap-local:important-building:D5A0E405-96FA-4FEA-B75E-A16488A54331",
        "source_row_ordinal": 22,
        "name": "Unknown",
        "building_type_use": "post_office",
        "type_use_evidence": "Ordnance Survey ImportantBuilding CLASSIFICA=Post Office; BUILDGTHEM=Retail; FEATCODE=15026",
        "dataset": "OS OpenMap Local ImportantBuilding",
        "quality": "OS-derived building footprint",
        "coordinate_reference_system": "OGC:CRS84 (equivalent EPSG:4326 longitude-latitude); source OS EPSG:27700",
        "ID": "D5A0E405-96FA-4FEA-B75E-A16488A54331",
        "DISTNAME": "Unknown",
        "BUILDGTHEM": "Retail",
        "CLASSIFICA": "Post Office",
        "FEATCODE": 15026,
        "area_code": "E08000009",
        "area_name": "Trafford",
        "authority": "Ordnance Survey (OS OpenMap Local) via Trafford Data Lab local-government published GeoJSON",
        "source_url": "https://github.com/traffordDataLab/open_data/blob/49cdbbee8e5a62acbe040080a3aa8f5bfca71edc/post_office/trafford_post_offices.geojson",
        "final_url": "https://github.com/traffordDataLab/open_data/blob/49cdbbee8e5a62acbe040080a3aa8f5bfca71edc/post_office/trafford_post_offices.geojson",
        "http_status": 200,
        "access_utc": "2026-10-08T03:39:54.767Z",
        "data_date": "April 2018; file GitHub commit 2018-05-21",
        "source_version": "Ordnance Survey OS OpenMap Local ImportantBuilding / Trafford Data Lab post_office geojson / revision 49cdbbee8e5a62acbe040080a3aa8f5bfca71edc / blob d1bde8f70f31331eaf9227cf903b9487d8490900",
        "license": "Open Government Licence v3.0; Contains OS data © Crown copyright and database right 2018",
        "source_file_sha256": "15743f22f563b534ff2250b6615ad49acd7599298177dd8596249b22e4287fcd",
        "field_evidence": [
          "ID",
          "DISTNAME",
          "BUILDGTHEM",
          "CLASSIFICA",
          "FEATCODE",
          "geometry"
        ],
        "confidence_score_0_100": 95,
        "evidence_grade": "A_OS_OPENMAP_LOCAL_CLASSIFIED_IMPORTANT_BUILDING_POLYGON",
        "official_public_no_login": true,
        "fake_data": false,
        "evidence_slice_sha256": "71766ef45a3eeabe6866c35d9698b56cf4784da54825c261205538f7bed0809b"
      }
    },
    {
      "type": "Feature",
      "geometry": {
        "type": "Polygon",
        "coordinates": [
          [
            [
              -2.384675653754593,
              53.443822842432624
            ],
            [
              -2.384669789024868,
              53.44392353307979
            ],
            [
              -2.384553836905135,
              53.44392067074697
            ],
            [
              -2.384559701908695,
              53.44381998010497
            ],
            [
              -2.384675653754593,
              53.443822842432624
            ]
          ]
        ]
      },
      "properties": {
        "slot_id": "building_type_3",
        "lineage_id": "building_type_3-new-20260927T1328+0300",
        "owner": "cagdas aydin",
        "partition": "building_type_3",
        "page_generation": 61,
        "semantic_mode": null,
        "batch_id": "BT3-P107G61-20261008-OSOML-TRAFFORD-POST27",
        "cursor": "BT3-P107G61-20261008-OSOML-TRAFFORD-POST27-p107",
        "building_state": "BUILDING_PRESENT",
        "source_record_id": "os-openmap-local:important-building:B6CE0E31-ABEF-4F94-8C29-D12BC037B113",
        "semantic_identity": "os-openmap-local:important-building:B6CE0E31-ABEF-4F94-8C29-D12BC037B113",
        "source_row_ordinal": 23,
        "name": "Unknown",
        "building_type_use": "post_office",
        "type_use_evidence": "Ordnance Survey ImportantBuilding CLASSIFICA=Post Office; BUILDGTHEM=Retail; FEATCODE=15026",
        "dataset": "OS OpenMap Local ImportantBuilding",
        "quality": "OS-derived building footprint",
        "coordinate_reference_system": "OGC:CRS84 (equivalent EPSG:4326 longitude-latitude); source OS EPSG:27700",
        "ID": "B6CE0E31-ABEF-4F94-8C29-D12BC037B113",
        "DISTNAME": "Unknown",
        "BUILDGTHEM": "Retail",
        "CLASSIFICA": "Post Office",
        "FEATCODE": 15026,
        "area_code": "E08000009",
        "area_name": "Trafford",
        "authority": "Ordnance Survey (OS OpenMap Local) via Trafford Data Lab local-government published GeoJSON",
        "source_url": "https://github.com/traffordDataLab/open_data/blob/49cdbbee8e5a62acbe040080a3aa8f5bfca71edc/post_office/trafford_post_offices.geojson",
        "final_url": "https://github.com/traffordDataLab/open_data/blob/49cdbbee8e5a62acbe040080a3aa8f5bfca71edc/post_office/trafford_post_offices.geojson",
        "http_status": 200,
        "access_utc": "2026-10-08T03:39:54.767Z",
        "data_date": "April 2018; file GitHub commit 2018-05-21",
        "source_version": "Ordnance Survey OS OpenMap Local ImportantBuilding / Trafford Data Lab post_office geojson / revision 49cdbbee8e5a62acbe040080a3aa8f5bfca71edc / blob d1bde8f70f31331eaf9227cf903b9487d8490900",
        "license": "Open Government Licence v3.0; Contains OS data © Crown copyright and database right 2018",
        "source_file_sha256": "15743f22f563b534ff2250b6615ad49acd7599298177dd8596249b22e4287fcd",
        "field_evidence": [
          "ID",
          "DISTNAME",
          "BUILDGTHEM",
          "CLASSIFICA",
          "FEATCODE",
          "geometry"
        ],
        "confidence_score_0_100": 95,
        "evidence_grade": "A_OS_OPENMAP_LOCAL_CLASSIFIED_IMPORTANT_BUILDING_POLYGON",
        "official_public_no_login": true,
        "fake_data": false,
        "evidence_slice_sha256": "5f00498aaa52c4c2dab3874cac9a8e398668abf2c91e2b7989406ee6ece34f99"
      }
    },
    {
      "type": "Feature",
      "geometry": {
        "type": "Polygon",
        "coordinates": [
          [
            [
              -2.427370465393362,
              53.42022050692243
            ],
            [
              -2.427475534454814,
              53.420269567982245
            ],
            [
              -2.427407442888171,
              53.420321676028706
            ],
            [
              -2.427302526945864,
              53.42027288401916
            ],
            [
              -2.427370465393362,
              53.42022050692243
            ]
          ]
        ]
      },
      "properties": {
        "slot_id": "building_type_3",
        "lineage_id": "building_type_3-new-20260927T1328+0300",
        "owner": "cagdas aydin",
        "partition": "building_type_3",
        "page_generation": 61,
        "semantic_mode": null,
        "batch_id": "BT3-P107G61-20261008-OSOML-TRAFFORD-POST27",
        "cursor": "BT3-P107G61-20261008-OSOML-TRAFFORD-POST27-p107",
        "building_state": "BUILDING_PRESENT",
        "source_record_id": "os-openmap-local:important-building:83D0633F-4C71-48AC-AE02-F23CF27A502C",
        "semantic_identity": "os-openmap-local:important-building:83D0633F-4C71-48AC-AE02-F23CF27A502C",
        "source_row_ordinal": 24,
        "name": "Unknown",
        "building_type_use": "post_office",
        "type_use_evidence": "Ordnance Survey ImportantBuilding CLASSIFICA=Post Office; BUILDGTHEM=Retail; FEATCODE=15026",
        "dataset": "OS OpenMap Local ImportantBuilding",
        "quality": "OS-derived building footprint",
        "coordinate_reference_system": "OGC:CRS84 (equivalent EPSG:4326 longitude-latitude); source OS EPSG:27700",
        "ID": "83D0633F-4C71-48AC-AE02-F23CF27A502C",
        "DISTNAME": "Unknown",
        "BUILDGTHEM": "Retail",
        "CLASSIFICA": "Post Office",
        "FEATCODE": 15026,
        "area_code": "E08000009",
        "area_name": "Trafford",
        "authority": "Ordnance Survey (OS OpenMap Local) via Trafford Data Lab local-government published GeoJSON",
        "source_url": "https://github.com/traffordDataLab/open_data/blob/49cdbbee8e5a62acbe040080a3aa8f5bfca71edc/post_office/trafford_post_offices.geojson",
        "final_url": "https://github.com/traffordDataLab/open_data/blob/49cdbbee8e5a62acbe040080a3aa8f5bfca71edc/post_office/trafford_post_offices.geojson",
        "http_status": 200,
        "access_utc": "2026-10-08T03:39:54.767Z",
        "data_date": "April 2018; file GitHub commit 2018-05-21",
        "source_version": "Ordnance Survey OS OpenMap Local ImportantBuilding / Trafford Data Lab post_office geojson / revision 49cdbbee8e5a62acbe040080a3aa8f5bfca71edc / blob d1bde8f70f31331eaf9227cf903b9487d8490900",
        "license": "Open Government Licence v3.0; Contains OS data © Crown copyright and database right 2018",
        "source_file_sha256": "15743f22f563b534ff2250b6615ad49acd7599298177dd8596249b22e4287fcd",
        "field_evidence": [
          "ID",
          "DISTNAME",
          "BUILDGTHEM",
          "CLASSIFICA",
          "FEATCODE",
          "geometry"
        ],
        "confidence_score_0_100": 95,
        "evidence_grade": "A_OS_OPENMAP_LOCAL_CLASSIFIED_IMPORTANT_BUILDING_POLYGON",
        "official_public_no_login": true,
        "fake_data": false,
        "evidence_slice_sha256": "6dfe20b13d512fbbb74750377ec630a2bc9cc006da1b00919cee630e0c812b32"
      }
    },
    {
      "type": "Feature",
      "geometry": {
        "type": "Polygon",
        "coordinates": [
          [
            [
              -2.313927166628912,
              53.380927433695994
            ],
            [
              -2.313848003457532,
              53.380915327583146
            ],
            [
              -2.313882459628724,
              53.380837754979645
            ],
            [
              -2.313961622665821,
              53.38084986107
            ],
            [
              -2.313927166628912,
              53.380927433695994
            ]
          ]
        ]
      },
      "properties": {
        "slot_id": "building_type_3",
        "lineage_id": "building_type_3-new-20260927T1328+0300",
        "owner": "cagdas aydin",
        "partition": "building_type_3",
        "page_generation": 61,
        "semantic_mode": null,
        "batch_id": "BT3-P107G61-20261008-OSOML-TRAFFORD-POST27",
        "cursor": "BT3-P107G61-20261008-OSOML-TRAFFORD-POST27-p107",
        "building_state": "BUILDING_PRESENT",
        "source_record_id": "os-openmap-local:important-building:25B4A8D2-0CDA-4E47-B84B-11A9538D6755",
        "semantic_identity": "os-openmap-local:important-building:25B4A8D2-0CDA-4E47-B84B-11A9538D6755",
        "source_row_ordinal": 25,
        "name": "Unknown",
        "building_type_use": "post_office",
        "type_use_evidence": "Ordnance Survey ImportantBuilding CLASSIFICA=Post Office; BUILDGTHEM=Retail; FEATCODE=15026",
        "dataset": "OS OpenMap Local ImportantBuilding",
        "quality": "OS-derived building footprint",
        "coordinate_reference_system": "OGC:CRS84 (equivalent EPSG:4326 longitude-latitude); source OS EPSG:27700",
        "ID": "25B4A8D2-0CDA-4E47-B84B-11A9538D6755",
        "DISTNAME": "Unknown",
        "BUILDGTHEM": "Retail",
        "CLASSIFICA": "Post Office",
        "FEATCODE": 15026,
        "area_code": "E08000009",
        "area_name": "Trafford",
        "authority": "Ordnance Survey (OS OpenMap Local) via Trafford Data Lab local-government published GeoJSON",
        "source_url": "https://github.com/traffordDataLab/open_data/blob/49cdbbee8e5a62acbe040080a3aa8f5bfca71edc/post_office/trafford_post_offices.geojson",
        "final_url": "https://github.com/traffordDataLab/open_data/blob/49cdbbee8e5a62acbe040080a3aa8f5bfca71edc/post_office/trafford_post_offices.geojson",
        "http_status": 200,
        "access_utc": "2026-10-08T03:39:54.767Z",
        "data_date": "April 2018; file GitHub commit 2018-05-21",
        "source_version": "Ordnance Survey OS OpenMap Local ImportantBuilding / Trafford Data Lab post_office geojson / revision 49cdbbee8e5a62acbe040080a3aa8f5bfca71edc / blob d1bde8f70f31331eaf9227cf903b9487d8490900",
        "license": "Open Government Licence v3.0; Contains OS data © Crown copyright and database right 2018",
        "source_file_sha256": "15743f22f563b534ff2250b6615ad49acd7599298177dd8596249b22e4287fcd",
        "field_evidence": [
          "ID",
          "DISTNAME",
          "BUILDGTHEM",
          "CLASSIFICA",
          "FEATCODE",
          "geometry"
        ],
        "confidence_score_0_100": 95,
        "evidence_grade": "A_OS_OPENMAP_LOCAL_CLASSIFIED_IMPORTANT_BUILDING_POLYGON",
        "official_public_no_login": true,
        "fake_data": false,
        "evidence_slice_sha256": "4c7cf7b47f18751b7792cb6e65ff2e492828cf3b58f5ec3df8a709d751aa8d5d"
      }
    },
    {
      "type": "Feature",
      "geometry": {
        "type": "Polygon",
        "coordinates": [
          [
            [
              -2.344148545642695,
              53.37621798524244
            ],
            [
              -2.344209038664071,
              53.37624486651444
            ],
            [
              -2.344043008901156,
              53.376346467660326
            ],
            [
              -2.343989834707487,
              53.37631381247108
            ],
            [
              -2.344148545642695,
              53.37621798524244
            ]
          ]
        ]
      },
      "properties": {
        "slot_id": "building_type_3",
        "lineage_id": "building_type_3-new-20260927T1328+0300",
        "owner": "cagdas aydin",
        "partition": "building_type_3",
        "page_generation": 61,
        "semantic_mode": null,
        "batch_id": "BT3-P107G61-20261008-OSOML-TRAFFORD-POST27",
        "cursor": "BT3-P107G61-20261008-OSOML-TRAFFORD-POST27-p107",
        "building_state": "BUILDING_PRESENT",
        "source_record_id": "os-openmap-local:important-building:BD4E50D0-0DD9-4B49-A993-9D32D287DC52",
        "semantic_identity": "os-openmap-local:important-building:BD4E50D0-0DD9-4B49-A993-9D32D287DC52",
        "source_row_ordinal": 26,
        "name": "Unknown",
        "building_type_use": "post_office",
        "type_use_evidence": "Ordnance Survey ImportantBuilding CLASSIFICA=Post Office; BUILDGTHEM=Retail; FEATCODE=15026",
        "dataset": "OS OpenMap Local ImportantBuilding",
        "quality": "OS-derived building footprint",
        "coordinate_reference_system": "OGC:CRS84 (equivalent EPSG:4326 longitude-latitude); source OS EPSG:27700",
        "ID": "BD4E50D0-0DD9-4B49-A993-9D32D287DC52",
        "DISTNAME": "Unknown",
        "BUILDGTHEM": "Retail",
        "CLASSIFICA": "Post Office",
        "FEATCODE": 15026,
        "area_code": "E08000009",
        "area_name": "Trafford",
        "authority": "Ordnance Survey (OS OpenMap Local) via Trafford Data Lab local-government published GeoJSON",
        "source_url": "https://github.com/traffordDataLab/open_data/blob/49cdbbee8e5a62acbe040080a3aa8f5bfca71edc/post_office/trafford_post_offices.geojson",
        "final_url": "https://github.com/traffordDataLab/open_data/blob/49cdbbee8e5a62acbe040080a3aa8f5bfca71edc/post_office/trafford_post_offices.geojson",
        "http_status": 200,
        "access_utc": "2026-10-08T03:39:54.767Z",
        "data_date": "April 2018; file GitHub commit 2018-05-21",
        "source_version": "Ordnance Survey OS OpenMap Local ImportantBuilding / Trafford Data Lab post_office geojson / revision 49cdbbee8e5a62acbe040080a3aa8f5bfca71edc / blob d1bde8f70f31331eaf9227cf903b9487d8490900",
        "license": "Open Government Licence v3.0; Contains OS data © Crown copyright and database right 2018",
        "source_file_sha256": "15743f22f563b534ff2250b6615ad49acd7599298177dd8596249b22e4287fcd",
        "field_evidence": [
          "ID",
          "DISTNAME",
          "BUILDGTHEM",
          "CLASSIFICA",
          "FEATCODE",
          "geometry"
        ],
        "confidence_score_0_100": 95,
        "evidence_grade": "A_OS_OPENMAP_LOCAL_CLASSIFIED_IMPORTANT_BUILDING_POLYGON",
        "official_public_no_login": true,
        "fake_data": false,
        "evidence_slice_sha256": "64bb35fa9b845056f4d0e7c876c418f1a0f0c82b7de051e8d00bfdf9466ff351"
      }
    },
    {
      "type": "Feature",
      "geometry": {
        "type": "Polygon",
        "coordinates": [
          [
            [
              -2.361234795227553,
              53.37218792606657
            ],
            [
              -2.361450569743856,
              53.37219895771317
            ],
            [
              -2.361422913427104,
              53.37239400533371
            ],
            [
              -2.361206390250477,
              53.37238342533556
            ],
            [
              -2.361234795227553,
              53.37218792606657
            ]
          ]
        ]
      },
      "properties": {
        "slot_id": "building_type_3",
        "lineage_id": "building_type_3-new-20260927T1328+0300",
        "owner": "cagdas aydin",
        "partition": "building_type_3",
        "page_generation": 61,
        "semantic_mode": null,
        "batch_id": "BT3-P107G61-20261008-OSOML-TRAFFORD-POST27",
        "cursor": "BT3-P107G61-20261008-OSOML-TRAFFORD-POST27-p107",
        "building_state": "BUILDING_PRESENT",
        "source_record_id": "os-openmap-local:important-building:93923002-F633-469F-B621-6269D4A4DC19",
        "semantic_identity": "os-openmap-local:important-building:93923002-F633-469F-B621-6269D4A4DC19",
        "source_row_ordinal": 27,
        "name": "Unknown",
        "building_type_use": "post_office",
        "type_use_evidence": "Ordnance Survey ImportantBuilding CLASSIFICA=Post Office; BUILDGTHEM=Retail; FEATCODE=15026",
        "dataset": "OS OpenMap Local ImportantBuilding",
        "quality": "OS-derived building footprint",
        "coordinate_reference_system": "OGC:CRS84 (equivalent EPSG:4326 longitude-latitude); source OS EPSG:27700",
        "ID": "93923002-F633-469F-B621-6269D4A4DC19",
        "DISTNAME": "Unknown",
        "BUILDGTHEM": "Retail",
        "CLASSIFICA": "Post Office",
        "FEATCODE": 15026,
        "area_code": "E08000009",
        "area_name": "Trafford",
        "authority": "Ordnance Survey (OS OpenMap Local) via Trafford Data Lab local-government published GeoJSON",
        "source_url": "https://github.com/traffordDataLab/open_data/blob/49cdbbee8e5a62acbe040080a3aa8f5bfca71edc/post_office/trafford_post_offices.geojson",
        "final_url": "https://github.com/traffordDataLab/open_data/blob/49cdbbee8e5a62acbe040080a3aa8f5bfca71edc/post_office/trafford_post_offices.geojson",
        "http_status": 200,
        "access_utc": "2026-10-08T03:39:54.767Z",
        "data_date": "April 2018; file GitHub commit 2018-05-21",
        "source_version": "Ordnance Survey OS OpenMap Local ImportantBuilding / Trafford Data Lab post_office geojson / revision 49cdbbee8e5a62acbe040080a3aa8f5bfca71edc / blob d1bde8f70f31331eaf9227cf903b9487d8490900",
        "license": "Open Government Licence v3.0; Contains OS data © Crown copyright and database right 2018",
        "source_file_sha256": "15743f22f563b534ff2250b6615ad49acd7599298177dd8596249b22e4287fcd",
        "field_evidence": [
          "ID",
          "DISTNAME",
          "BUILDGTHEM",
          "CLASSIFICA",
          "FEATCODE",
          "geometry"
        ],
        "confidence_score_0_100": 95,
        "evidence_grade": "A_OS_OPENMAP_LOCAL_CLASSIFIED_IMPORTANT_BUILDING_POLYGON",
        "official_public_no_login": true,
        "fake_data": false,
        "evidence_slice_sha256": "7e12d7c22f6269f7d44061c1071c02252bbf664a756de4b22f4f2e41ae708827"
      }
    }
  ]
}
