{
  "type": "FeatureCollection",
  "name": "ONSDIGITAL_TOPO_AA843412_LTLA_ACTIVE2025_UNUSED_201_250",
  "features": [
    {
      "type": "Feature",
      "id": "E07000224",
      "geometry": {
        "type": "Polygon",
        "coordinates": [
          [
            [
              -0.4360712474602675,
              50.803234607391275
            ],
            [
              -0.45287783266998716,
              50.80239185027263
            ],
            [
              -0.453312485735756,
              50.80239185027263
            ],
            [
              -0.495184064404798,
              50.80256040169636
            ],
            [
              -0.5073543502463185,
              50.80256040169636
            ],
            [
              -0.5074992346015748,
              50.80256040169636
            ],
            [
              -0.5224223231929628,
              50.80213902313704
            ],
            [
              -0.5227120919034753,
              50.80213902313704
            ],
            [
              -0.53705564307384,
              50.802307574560764
            ],
            [
              -0.5380698335606322,
              50.802307574560764
            ],
            [
              -0.5418368267972937,
              50.80138054173025
            ],
            [
              -0.5447345139024176,
              50.80778549583196
            ],
            [
              -0.5515440785994592,
              50.811325075730274
            ],
            [
              -0.5584985276517571,
              50.812167832848914
            ],
            [
              -0.5593678337832948,
              50.81233638427265
            ],
            [
              -0.5625552895989312,
              50.8193312683574
            ],
            [
              -0.5712483509143027,
              50.81646589415401
            ],
            [
              -0.5757397659272439,
              50.82666325528962
            ],
            [
              -0.5664671671908472,
              50.82919152664555
            ],
            [
              -0.5666120515461035,
              50.829275802357415
            ],
            [
              -0.5705239291380213,
              50.835006550764206
            ],
            [
              -0.5667569359013598,
              50.836776340713364
            ],
            [
              -0.5606717929805995,
              50.851187487442196
            ],
            [
              -0.5599473712043181,
              50.85169314171338
            ],
            [
              -0.560382024270087,
              50.85186169313711
            ],
            [
              -0.5612513304016247,
              50.851187487442196
            ],
            [
              -0.5673364733223849,
              50.83711344356082
            ],
            [
              -0.5712483509143027,
              50.835006550764206
            ],
            [
              -0.5693648542959711,
              50.832225452272674
            ],
            [
              -0.5680608950986663,
              50.830792765170976
            ],
            [
              -0.5670467046118723,
              50.82936007806928
            ],
            [
              -0.576319303348269,
              50.82700035813708
            ],
            [
              -0.5740011536641703,
              50.81831995981503
            ],
            [
              -0.5712483509143027,
              50.81570741274723
            ],
            [
              -0.565452976704055,
              50.817898581255704
            ],
            [
              -0.5628450583094438,
              50.81874133837435
            ],
            [
              -0.5608166773358558,
              50.812504935696374
            ],
            [
              -0.5593678337832948,
              50.81183073000146
            ],
            [
              -0.556904799743938,
              50.81056659432349
            ],
            [
              -0.551978731665228,
              50.81056659432349
            ],
            [
              -0.545458935678699,
              50.806521360153994
            ],
            [
              -0.54198171115255,
              50.80020068176415
            ],
            [
              -0.5593678337832948,
              50.79977930320483
            ],
            [
              -0.560382024270087,
              50.79977930320483
            ],
            [
              -0.5825493306242855,
              50.79505986334041
            ],
            [
              -0.5944298477552952,
              50.79261586769634
            ],
            [
              -0.5950093851763185,
              50.79253159198448
            ],
            [
              -0.6050064056889966,
              50.79118318059464
            ],
            [
              -0.6274634807537076,
              50.78848635781498
            ],
            [
              -0.6422416849898411,
              50.787390773560745
            ],
            [
              -0.6423865693450974,
              50.787390773560745
            ],
            [
              -0.6586136171337911,
              50.78418829650989
            ],
            [
              -0.6596278076205842,
              50.78401974508616
            ],
            [
              -0.6719429778173609,
              50.781997128001414
            ],
            [
              -0.672522515238386,
              50.781912852289544
            ],
            [
              -0.6881700256060554,
              50.77946885664547
            ],
            [
              -0.6883149099613117,
              50.77946885664547
            ],
            [
              -0.7164224748810151,
              50.774496589645466
            ],
            [
              -0.7165673592362705,
              50.774496589645466
            ],
            [
              -0.7285927607225355,
              50.77129411259462
            ],
            [
              -0.7513396044977592,
              50.758062825831885
            ],
            [
              -0.754237291602883,
              50.758989858662396
            ],
            [
              -0.7504702983662215,
              50.76261371427257
            ],
            [
              -0.7568452099974943,
              50.76767025698444
            ],
            [
              -0.7553963664449324,
              50.77196831828953
            ],
            [
              -0.7614815093656926,
              50.772726799696315
            ],
            [
              -0.7636547746945359,
              50.77769906669632
            ],
            [
              -0.7590184753263376,
              50.77694058528954
            ],
            [
              -0.7561207882212138,
              50.783766917950565
            ],
            [
              -0.7496009922346847,
              50.781997128001414
            ],
            [
              -0.7551065977344198,
              50.79067752632346
            ],
            [
              -0.7346779036432958,
              50.793711451950585
            ],
            [
              -0.7394590873667504,
              50.79708248042516
            ],
            [
              -0.7339534818670144,
              50.8022232988489
            ],
            [
              -0.734822787998552,
              50.80947101006925
            ],
            [
              -0.7194650463413952,
              50.80517294876416
            ],
            [
              -0.7132350190653787,
              50.808291150103145
            ],
            [
              -0.700919848868601,
              50.813431968526885
            ],
            [
              -0.6899086378691299,
              50.812842038543835
            ],
            [
              -0.6865762976982372,
              50.82110105830656
            ],
            [
              -0.6925165562637421,
              50.83542792932353
            ],
            [
              -0.693965399816304,
              50.84587811759473
            ],
            [
              -0.6861416446324693,
              50.854727067340505
            ],
            [
              -0.6810706921985021,
              50.86332318995069
            ],
            [
              -0.6503552088841875,
              50.866862769849
            ],
            [
              -0.6539773177655928,
              50.87941985091682
            ],
            [
              -0.6497756714631624,
              50.88582480501852
            ],
            [
              -0.6581789640680222,
              50.88751031925581
            ],
            [
              -0.6577443110022534,
              50.90242712025584
            ],
            [
              -0.6549915082523858,
              50.90571387301855
            ],
            [
              -0.6486165966211139,
              50.905376770171095
            ],
            [
              -0.6491961340421373,
              50.899983124611765
            ],
            [
              -0.6336935080297241,
              50.90487111589991
            ],
            [
              -0.6174664602410296,
              50.905629597306685
            ],
            [
              -0.6050064056889966,
              50.901500087425326
            ],
            [
              -0.5937054259790138,
              50.90276422310329
            ],
            [
              -0.5796516435191617,
              50.899308918916844
            ],
            [
              -0.5531378065072783,
              50.901500087425326
            ],
            [
              -0.5435754390603691,
              50.898129058950744
            ],
            [
              -0.542995901639344,
              50.89121845057785
            ],
            [
              -0.5461833574549804,
              50.88961721205243
            ],
            [
              -0.5486463914943354,
              50.892988240527
            ],
            [
              -0.5611064460463684,
              50.887931697815134
            ],
            [
              -0.5493708132706168,
              50.880178332323595
            ],
            [
              -0.5438652077708799,
              50.88127391657784
            ],
            [
              -0.5471975479417726,
              50.88447639362869
            ],
            [
              -0.5382147179158885,
              50.88616190786598
            ],
            [
              -0.5328539967714097,
              50.88118964086597
            ],
            [
              -0.5247404728770615,
              50.88295943081513
            ],
            [
              -0.5192348673773264,
              50.889785763476155
            ],
            [
              -0.5148883367196415,
              50.88902728206937
            ],
            [
              -0.4999652481282517,
              50.8998988488999
            ],
            [
              -0.4931556834312101,
              50.885319150747335
            ],
            [
              -0.4928659147206993,
              50.89256686196769
            ],
            [
              -0.4802609758134082,
              50.898466161798204
            ],
            [
              -0.4819995880764836,
              50.8944209276287
            ],
            [
              -0.4753349077346982,
              50.8944209276287
            ],
            [
              -0.47663886693200475,
              50.88506632361174
            ],
            [
              -0.46490323415625134,
              50.8839707393575
            ],
            [
              -0.45534086670934215,
              50.89686492327277
            ],
            [
              -0.4514289891174261,
              50.895516511882946
            ],
            [
              -0.44795176459127717,
              50.87967267805241
            ],
            [
              -0.4399831250521853,
              50.877481509543934
            ],
            [
              -0.4311451793815575,
              50.89281968910328
            ],
            [
              -0.427378186144896,
              50.8932410676626
            ],
            [
              -0.424915152105541,
              50.88633045928971
            ],
            [
              -0.41173067577722655,
              50.8865832864253
            ],
            [
              -0.41317951932978936,
              50.879588402340545
            ],
            [
              -0.40854321996159015,
              50.879925505188005
            ],
            [
              -0.39593828105430084,
              50.891892656272766
            ],
            [
              -0.38869406329149037,
              50.89239831054395
            ],
            [
              -0.3866656823179042,
              50.88734176783208
            ],
            [
              -0.38014588633137514,
              50.885571977882925
            ],
            [
              -0.3639188385426806,
              50.888521627798184
            ],
            [
              -0.36667164129254814,
              50.88220094940834
            ],
            [
              -0.36362906983216803,
              50.87621737386596
            ],
            [
              -0.364643260318962,
              50.874531859628675
            ],
            [
              -0.37145282501600363,
              50.87073945259477
            ],
            [
              -0.36754094742408583,
              50.86054209145916
            ],
            [
              -0.3813049611734254,
              50.86323891423883
            ],
            [
              -0.40550064850121004,
              50.85455851591678
            ],
            [
              -0.40926764173787156,
              50.852283071696434
            ],
            [
              -0.42274188677669855,
              50.8602049886117
            ],
            [
              -0.4223072337109297,
              50.840737299170996
            ],
            [
              -0.4460682679729455,
              50.83989454205235
            ],
            [
              -0.44346034957833425,
              50.83719771927268
            ],
            [
              -0.44664780539397064,
              50.83627068644218
            ],
            [
              -0.4437501182888468,
              50.82143816115401
            ],
            [
              -0.44201150602577144,
              50.817308651272654
            ],
            [
              -0.4360712474602675,
              50.803234607391275
            ]
          ]
        ]
      },
      "properties": {
        "slot_id": "gas_emissions_6",
        "lineage_id": "LOCAL-NEW-92271296-1318-4c0c-a293-d0d4ebc2d06b",
        "page_generation": 1,
        "semantic_mode": "AREA_JOIN",
        "partition": {
          "start": 76904,
          "end": 92283,
          "count": 15380
        },
        "evidence_scope": "coverage_area",
        "coverage_area_id": "E07000224",
        "coverage_area_name": "Arun",
        "coverage_area_identifier_scheme": "ONS_GSS_LTLA",
        "boundary_vintage": "2014-2025 topology; active 2025",
        "source_area_record": true,
        "accepted_parcel_record": false,
        "spatial_binding_method": "OFFICIAL_POLYGON_AND_EXACT_IDENTIFIER",
        "source_window_record_index": 1,
        "source_url": "https://raw.githubusercontent.com/ONSdigital/uk-topojson/aa84341201698f59b26998ca39d2b578df4b6d78/output/topo.json",
        "final_url": "https://raw.githubusercontent.com/ONSdigital/uk-topojson/aa84341201698f59b26998ca39d2b578df4b6d78/output/topo.json",
        "source_access_utc": "2026-10-01T21:28:00Z",
        "source_blob_sha": "668461dddd006aa7e8e176896a7bdcbe5f5e32b5",
        "source_file_sha256": "9feaf90628fee8cf713821801c17fff47691cfa03b60262d4b68e355c485f23d",
        "field_evidence": {
          "areacd": "E07000224",
          "areanm": "Arun",
          "start": 2014,
          "end": null,
          "geometry_type": "Polygon"
        },
        "evidence_slice_sha256": "4e5a8bdd7aec3c16c579eb8638351bf2c24916c89cfad3288655f482dfcbb3c0",
        "confidence_score_0_100": 96,
        "evidence_grade": "A",
        "licence": "ONS Geography licensing terms / Open Government Licence v3.0",
        "licence_evidence_url": "https://www.ons.gov.uk/methodology/geography/licences",
        "fake_data": false,
        "local_spatial_join_status": "DEFERRED_TO_LOCAL_OPENCODE"
      }
    },
    {
      "type": "Feature",
      "id": "E07000225",
      "geometry": {
        "type": "MultiPolygon",
        "coordinates": [
          [
            [
              [
                -0.7614815093656926,
                50.772726799696315
              ],
              [
                -0.7630752372735108,
                50.77289535112004
              ],
              [
                -0.7675666522864528,
                50.771799766865804
              ],
              [
                -0.7662626930891472,
                50.770872734035294
              ],
              [
                -0.7633650059840233,
                50.77213686971326
              ],
              [
                -0.7623508154972303,
                50.768260186967495
              ],
              [
                -0.7817653191015603,
                50.768513014103085
              ],
              [
                -0.7777085571543871,
                50.76649039701834
              ],
              [
                -0.784663006206685,
                50.76092820003528
              ],
              [
                -0.7855323123382218,
                50.7601697186285
              ],
              [
                -0.7727824890756763,
                50.76168668144206
              ],
              [
                -0.7617712780762051,
                50.7508993903234
              ],
              [
                -0.7535128698266016,
                50.7573043444251
              ],
              [
                -0.7500356453004526,
                50.757388620136965
              ],
              [
                -0.7590184753263376,
                50.75157359601831
              ],
              [
                -0.7710438768126018,
                50.73471845364541
              ],
              [
                -0.7797369381279742,
                50.72789212098438
              ],
              [
                -0.7798818224832305,
                50.727807845272515
              ],
              [
                -0.7856771966934781,
                50.72291985398437
              ],
              [
                -0.794080489298338,
                50.72409971395047
              ],
              [
                -0.8046570472320402,
                50.73050466805218
              ],
              [
                -0.8048019315872965,
                50.73058894376405
              ],
              [
                -0.8166824487183044,
                50.7390165149505
              ],
              [
                -0.8174068704945858,
                50.73943789350982
              ],
              [
                -0.842906517019677,
                50.753596213103066
              ],
              [
                -0.8671022043474625,
                50.762529438560705
              ],
              [
                -0.875795265662834,
                50.765816191323424
              ],
              [
                -0.8760850343733466,
                50.765816191323424
              ],
              [
                -0.8959341910434464,
                50.771125561170884
              ],
              [
                -0.9028886400957434,
                50.7732324539675
              ],
              [
                -0.9167975382003393,
                50.78039588947598
              ],
              [
                -0.9124510075426526,
                50.788907736374306
              ],
              [
                -0.9083942455954794,
                50.786463740730234
              ],
              [
                -0.915638463358289,
                50.78048016518785
              ],
              [
                -0.9053516741350993,
                50.781997128001414
              ],
              [
                -0.9012949121879252,
                50.78991904491668
              ],
              [
                -0.8944853474908845,
                50.79017187205227
              ],
              [
                -0.8928916195830663,
                50.794301381933636
              ],
              [
                -0.8908632386094792,
                50.79977930320483
              ],
              [
                -0.8778236466364211,
                50.807701220120094
              ],
              [
                -0.8686959322552807,
                50.80812259867942
              ],
              [
                -0.8659431295054132,
                50.80643708444213
              ],
              [
                -0.8602926396504209,
                50.802897504543814
              ],
              [
                -0.8446451292827515,
                50.79927364893364
              ],
              [
                -0.834937877480586,
                50.8048358459167
              ],
              [
                -0.8252306256784205,
                50.80492012162856
              ],
              [
                -0.8250857413231643,
                50.805678603035346
              ],
              [
                -0.8247959726126517,
                50.8100609400523
              ],
              [
                -0.814509183389462,
                50.814359001357396
              ],
              [
                -0.816972217428817,
                50.819415544069265
              ],
              [
                -0.8103075370870316,
                50.826578979577754
              ],
              [
                -0.8097279996660074,
                50.827168909560804
              ],
              [
                -0.8078445030476766,
                50.83062421374725
              ],
              [
                -0.8120461493501061,
                50.83391096650997
              ],
              [
                -0.8175517548498421,
                50.8286015966625
              ],
              [
                -0.8176966392050984,
                50.82801166667945
              ],
              [
                -0.8198699045339408,
                50.81688727271333
              ],
              [
                -0.8446451292827515,
                50.80492012162856
              ],
              [
                -0.8569602994795282,
                50.80761694440823
              ],
              [
                -0.8559461089927352,
                50.81031376718789
              ],
              [
                -0.848846775585181,
                50.81081942145909
              ],
              [
                -0.8647840546633629,
                50.81166217857773
              ],
              [
                -0.8659431295054132,
                50.8126734871201
              ],
              [
                -0.8699998914525864,
                50.81646589415401
              ],
              [
                -0.8656533607949006,
                50.82101678259469
              ],
              [
                -0.8630454424002885,
                50.823629329662495
              ],
              [
                -0.8511649252692806,
                50.827758839543854
              ],
              [
                -0.861306830137214,
                50.828095942391315
              ],
              [
                -0.8581193743215776,
                50.839473163493025
              ],
              [
                -0.8618863675582391,
                50.8378719249676
              ],
              [
                -0.8652187077291318,
                50.838883233509975
              ],
              [
                -0.8708691975841232,
                50.8404844720354
              ],
              [
                -0.8689857009657933,
                50.83433234506929
              ],
              [
                -0.8740566533997596,
                50.83247827940827
              ],
              [
                -0.8657982451501569,
                50.82700035813708
              ],
              [
                -0.8714487350051483,
                50.82396643250995
              ],
              [
                -0.8769543405048843,
                50.811493627154
              ],
              [
                -0.8923120821620412,
                50.818488511238755
              ],
              [
                -0.8970932658854958,
                50.82893869950996
              ],
              [
                -0.8928916195830663,
                50.83433234506929
              ],
              [
                -0.8926018508725537,
                50.83483799934048
              ],
              [
                -0.8950648849119087,
                50.83863040637438
              ],
              [
                -0.908684014305992,
                50.83778764925574
              ],
              [
                -0.913175429318934,
                50.840063093476076
              ],
              [
                -0.9172321912661072,
                50.83660778928963
              ],
              [
                -0.9124510075426526,
                50.82767456383199
              ],
              [
                -0.9175219599766198,
                50.82818021810318
              ],
              [
                -0.9240417559631489,
                50.83230972798454
              ],
              [
                -0.9346183138968511,
                50.830202835187926
              ],
              [
                -0.9380955384230001,
                50.83163552228962
              ],
              [
                -0.9330245859890329,
                50.84292846767947
              ],
              [
                -0.9301268988839091,
                50.84183288342523
              ],
              [
                -0.9324450485680087,
                50.84613094473033
              ],
              [
                -0.9327348172785213,
                50.853210104526944
              ],
              [
                -0.9265047900025039,
                50.86408167135747
              ],
              [
                -0.9385301914887689,
                50.87368910251003
              ],
              [
                -0.9386750758440252,
                50.87377337822189
              ],
              [
                -0.9576549263825873,
                50.8906285205948
              ],
              [
                -0.9496862868434963,
                50.904112634493124
              ],
              [
                -0.9393994976203057,
                50.918776608357554
              ],
              [
                -0.9240417559631489,
                50.924170253916884
              ],
              [
                -0.9311410893707031,
                50.935294647883005
              ],
              [
                -0.9353427356731325,
                50.94110967200166
              ],
              [
                -0.9421523003701742,
                50.94287946195081
              ],
              [
                -0.9318655111469836,
                50.94557628473048
              ],
              [
                -0.9265047900025039,
                50.95248689310337
              ],
              [
                -0.9292575927523723,
                50.95838619293389
              ],
              [
                -0.9154935790030327,
                50.970606171154245
              ],
              [
                -0.9176668443318761,
                50.97869663949324
              ],
              [
                -0.9056414428456119,
                50.99681591754412
              ],
              [
                -0.899701184280107,
                51.00128253027294
              ],
              [
                -0.8934711570040905,
                51.00313659593396
              ],
              [
                -0.8985421094380577,
                51.01771629408652
              ],
              [
                -0.8944853474908845,
                51.02353131820517
              ],
              [
                -0.882749714715132,
                51.026902346679755
              ],
              [
                -0.8527586531770988,
                51.04476879759504
              ],
              [
                -0.8497160817167186,
                51.05572464013743
              ],
              [
                -0.8501507347824866,
                51.059264220035736
              ],
              [
                -0.8372560271646856,
                51.069208754035756
              ],
              [
                -0.8291425032703383,
                51.06777606693406
              ],
              [
                -0.8263897005204699,
                51.061286837120484
              ],
              [
                -0.8172619861393295,
                51.06120256140862
              ],
              [
                -0.814509183389462,
                51.066680482679814
              ],
              [
                -0.8116114962843382,
                51.06297235135778
              ],
              [
                -0.7969781764034618,
                51.06389938418829
              ],
              [
                -0.7807511286147673,
                51.07940611517136
              ],
              [
                -0.7535128698266016,
                51.086485274967984
              ],
              [
                -0.7355472097748326,
                51.084715485018826
              ],
              [
                -0.7300416042750975,
                51.08058597513747
              ],
              [
                -0.7235218082885684,
                51.077804876645935
              ],
              [
                -0.7106271006707665,
                51.0778891523578
              ],
              [
                -0.7065703387235933,
                51.078731909476446
              ],
              [
                -0.6968630869214278,
                51.071484198256094
              ],
              [
                -0.6874456038297749,
                51.07552943242559
              ],
              [
                -0.6690452907122371,
                51.07738349808661
              ],
              [
                -0.6641192226335262,
                51.081681559391704
              ],
              [
                -0.6293469773720393,
                51.08901354632392
              ],
              [
                -0.6006598750313117,
                51.079658942306956
              ],
              [
                -0.5776232625455755,
                51.086738102103574
              ],
              [
                -0.556470146678171,
                51.08463120930696
              ],
              [
                -0.5354619151660209,
                51.083198522205265
              ],
              [
                -0.5350272621002521,
                51.0935644347646
              ],
              [
                -0.5263342007848806,
                51.091878920527314
              ],
              [
                -0.527058622561162,
                51.08960347630697
              ],
              [
                -0.5231467449692442,
                51.09162609339172
              ],
              [
                -0.5054708536279886,
                51.088339340629005
              ],
              [
                -0.4921414929444179,
                51.09449146759511
              ],
              [
                -0.4864910030894265,
                51.07022006257813
              ],
              [
                -0.47837747919507834,
                51.06651193125609
              ],
              [
                -0.48460750647109485,
                51.06246669708659
              ],
              [
                -0.48373820033955717,
                51.05648312154421
              ],
              [
                -0.47576956080046706,
                51.05639884583234
              ],
              [
                -0.47765305741879693,
                51.04999389173064
              ],
              [
                -0.4799712071028974,
                51.04830837749335
              ],
              [
                -0.48388308469481345,
                51.040386460578084
              ],
              [
                -0.4760593295109796,
                51.03878522205265
              ],
              [
                -0.4731616424058558,
                51.03389723076451
              ],
              [
                -0.47591444515572334,
                51.020918771137374
              ],
              [
                -0.486635887444681,
                51.01678926125601
              ],
              [
                -0.48620123437891394,
                51.010131480018714
              ],
              [
                -0.4969226766678716,
                51.011058512849225
              ],
              [
                -0.505181084917476,
                51.00608624584922
              ],
              [
                -0.5105418060619549,
                51.00794031151023
              ],
              [
                -0.5176411394695091,
                50.99858570749327
              ],
              [
                -0.5088031937988813,
                50.9961417118492
              ],
              [
                -0.5073543502463185,
                50.990410963442415
              ],
              [
                -0.5212632483509143,
                50.990326687730544
              ],
              [
                -0.5232916293245005,
                50.98189911654409
              ],
              [
                -0.5287972348242356,
                50.97911801805256
              ],
              [
                -0.5267688538506494,
                50.97397719962883
              ],
              [
                -0.5306807314425672,
                50.967066591255936
              ],
              [
                -0.5267688538506494,
                50.96386411420508
              ],
              [
                -0.5351721464555084,
                50.95729060867965
              ],
              [
                -0.5338681872582036,
                50.950295724594895
              ],
              [
                -0.5441549764813924,
                50.94802028037455
              ],
              [
                -0.5470526635865163,
                50.95450951018812
              ],
              [
                -0.5647285549277736,
                50.94810455608641
              ],
              [
                -0.568930201230204,
                50.93521037217114
              ],
              [
                -0.5525582690862532,
                50.92349604822197
              ],
              [
                -0.5373454117843526,
                50.917091094120266
              ],
              [
                -0.5363312212975586,
                50.91380434135755
              ],
              [
                -0.5513991942442029,
                50.91329868708636
              ],
              [
                -0.5558906092571458,
                50.90520821874736
              ],
              [
                -0.5531378065072783,
                50.901500087425326
              ],
              [
                -0.5796516435191617,
                50.899308918916844
              ],
              [
                -0.5937054259790138,
                50.90276422310329
              ],
              [
                -0.6050064056889966,
                50.901500087425326
              ],
              [
                -0.6174664602410296,
                50.905629597306685
              ],
              [
                -0.6336935080297241,
                50.90487111589991
              ],
              [
                -0.6491961340421373,
                50.899983124611765
              ],
              [
                -0.6486165966211139,
                50.905376770171095
              ],
              [
                -0.6549915082523858,
                50.90571387301855
              ],
              [
                -0.6577443110022534,
                50.90242712025584
              ],
              [
                -0.6581789640680222,
                50.88751031925581
              ],
              [
                -0.6497756714631624,
                50.88582480501852
              ],
              [
                -0.6539773177655928,
                50.87941985091682
              ],
              [
                -0.6503552088841875,
                50.866862769849
              ],
              [
                -0.6810706921985021,
                50.86332318995069
              ],
              [
                -0.6861416446324693,
                50.854727067340505
              ],
              [
                -0.693965399816304,
                50.84587811759473
              ],
              [
                -0.6925165562637421,
                50.83542792932353
              ],
              [
                -0.6865762976982372,
                50.82110105830656
              ],
              [
                -0.6899086378691299,
                50.812842038543835
              ],
              [
                -0.700919848868601,
                50.813431968526885
              ],
              [
                -0.7132350190653787,
                50.808291150103145
              ],
              [
                -0.7194650463413952,
                50.80517294876416
              ],
              [
                -0.734822787998552,
                50.80947101006925
              ],
              [
                -0.7339534818670144,
                50.8022232988489
              ],
              [
                -0.7394590873667504,
                50.79708248042516
              ],
              [
                -0.7346779036432958,
                50.793711451950585
              ],
              [
                -0.7551065977344198,
                50.79067752632346
              ],
              [
                -0.7496009922346847,
                50.781997128001414
              ],
              [
                -0.7561207882212138,
                50.783766917950565
              ],
              [
                -0.7590184753263376,
                50.77694058528954
              ],
              [
                -0.7636547746945359,
                50.77769906669632
              ],
              [
                -0.7614815093656926,
                50.772726799696315
              ]
            ]
          ],
          [
            [
              [
                -0.9244764090289177,
                50.83180407371335
              ],
              [
                -0.9198401096607194,
                50.82893869950996
              ],
              [
                -0.9176668443318761,
                50.827758839543854
              ],
              [
                -0.9121612388321401,
                50.827421736696394
              ],
              [
                -0.9082493612402232,
                50.822702296831984
              ],
              [
                -0.911147048345347,
                50.80331888310314
              ],
              [
                -0.9195503409502068,
                50.80559432732348
              ],
              [
                -0.9317206267917273,
                50.813684795662475
              ],
              [
                -0.9425869534359421,
                50.81537030989977
              ],
              [
                -0.9385301914887689,
                50.81781430554384
              ],
              [
                -0.9424420690806858,
                50.82438781106927
              ],
              [
                -0.939544381975562,
                50.83028711089979
              ],
              [
                -0.9327348172785213,
                50.82919152664555
              ],
              [
                -0.9244764090289177,
                50.83180407371335
              ]
            ]
          ],
          [
            [
              [
                -0.9069454020429175,
                50.80095916317093
              ],
              [
                -0.9079595925297106,
                50.79859944323873
              ],
              [
                -0.9110021639900907,
                50.80011640605229
              ],
              [
                -0.9069454020429175,
                50.80095916317093
              ]
            ]
          ],
          [
            [
              [
                -0.754237291602883,
                50.758989858662396
              ],
              [
                -0.754237291602883,
                50.75907413437426
              ],
              [
                -0.7504702983662215,
                50.76261371427257
              ],
              [
                -0.754237291602883,
                50.758989858662396
              ]
            ]
          ]
        ]
      },
      "properties": {
        "slot_id": "gas_emissions_6",
        "lineage_id": "LOCAL-NEW-92271296-1318-4c0c-a293-d0d4ebc2d06b",
        "page_generation": 1,
        "semantic_mode": "AREA_JOIN",
        "partition": {
          "start": 76904,
          "end": 92283,
          "count": 15380
        },
        "evidence_scope": "coverage_area",
        "coverage_area_id": "E07000225",
        "coverage_area_name": "Chichester",
        "coverage_area_identifier_scheme": "ONS_GSS_LTLA",
        "boundary_vintage": "2014-2025 topology; active 2025",
        "source_area_record": true,
        "accepted_parcel_record": false,
        "spatial_binding_method": "OFFICIAL_POLYGON_AND_EXACT_IDENTIFIER",
        "source_window_record_index": 2,
        "source_url": "https://raw.githubusercontent.com/ONSdigital/uk-topojson/aa84341201698f59b26998ca39d2b578df4b6d78/output/topo.json",
        "final_url": "https://raw.githubusercontent.com/ONSdigital/uk-topojson/aa84341201698f59b26998ca39d2b578df4b6d78/output/topo.json",
        "source_access_utc": "2026-10-01T21:28:00Z",
        "source_blob_sha": "668461dddd006aa7e8e176896a7bdcbe5f5e32b5",
        "source_file_sha256": "9feaf90628fee8cf713821801c17fff47691cfa03b60262d4b68e355c485f23d",
        "field_evidence": {
          "areacd": "E07000225",
          "areanm": "Chichester",
          "start": 2014,
          "end": null,
          "geometry_type": "MultiPolygon"
        },
        "evidence_slice_sha256": "4e5a8bdd7aec3c16c579eb8638351bf2c24916c89cfad3288655f482dfcbb3c0",
        "confidence_score_0_100": 96,
        "evidence_grade": "A",
        "licence": "ONS Geography licensing terms / Open Government Licence v3.0",
        "licence_evidence_url": "https://www.ons.gov.uk/methodology/geography/licences",
        "fake_data": false,
        "local_spatial_join_status": "DEFERRED_TO_LOCAL_OPENCODE"
      }
    },
    {
      "type": "Feature",
      "id": "E07000226",
      "geometry": {
        "type": "Polygon",
        "coordinates": [
          [
            [
              -0.1405071627376202,
              51.16005797142572
            ],
            [
              -0.13297317626429894,
              51.15887811145962
            ],
            [
              -0.13760947563249637,
              51.142191520510444
            ],
            [
              -0.14108670015864533,
              51.125420653849396
            ],
            [
              -0.13702993821147125,
              51.11303212420531
            ],
            [
              -0.1451434621058194,
              51.10317186591716
            ],
            [
              -0.15064906760555452,
              51.09929518317139
            ],
            [
              -0.16093585682874512,
              51.09322733191715
            ],
            [
              -0.16137050989451396,
              51.09289022906969
            ],
            [
              -0.17267148960449674,
              51.08994057915443
            ],
            [
              -0.19556321773497665,
              51.08623244783239
            ],
            [
              -0.21193514987892748,
              51.08656955067985
            ],
            [
              -0.21193514987892748,
              51.09196319623918
            ],
            [
              -0.21773052408917515,
              51.091878920527314
            ],
            [
              -0.21946913635224874,
              51.09963228601885
            ],
            [
              -0.2325087283253069,
              51.09744111751037
            ],
            [
              -0.23163942219377098,
              51.10789130578158
            ],
            [
              -0.23685525898299353,
              51.10940826859514
            ],
            [
              -0.23584106849619957,
              51.11176798852735
            ],
            [
              -0.22280147652314142,
              51.11488618986633
            ],
            [
              -0.21932425199699246,
              51.12879168232398
            ],
            [
              -0.2117902655236712,
              51.13131995367991
            ],
            [
              -0.20005463274791957,
              51.138736216324
            ],
            [
              -0.20642954437919236,
              51.140758833408746
            ],
            [
              -0.24091202093016761,
              51.143118553340955
            ],
            [
              -0.2545311503242491,
              51.13907331917145
            ],
            [
              -0.2552555721005305,
              51.14412986188333
            ],
            [
              -0.2142532995630262,
              51.148512198900285
            ],
            [
              -0.21222491858944004,
              51.15550708298504
            ],
            [
              -0.20411139469509187,
              51.155675634408766
            ],
            [
              -0.1958529864454892,
              51.16233341564607
            ],
            [
              -0.18687015641960514,
              51.16165920995115
            ],
            [
              -0.18527642851178605,
              51.16477741129014
            ],
            [
              -0.17672825155167082,
              51.16688430408675
            ],
            [
              -0.16093585682874512,
              51.15980514429013
            ],
            [
              -0.15108372067132336,
              51.15997369571386
            ],
            [
              -0.1405071627376202,
              51.16005797142572
            ]
          ]
        ]
      },
      "properties": {
        "slot_id": "gas_emissions_6",
        "lineage_id": "LOCAL-NEW-92271296-1318-4c0c-a293-d0d4ebc2d06b",
        "page_generation": 1,
        "semantic_mode": "AREA_JOIN",
        "partition": {
          "start": 76904,
          "end": 92283,
          "count": 15380
        },
        "evidence_scope": "coverage_area",
        "coverage_area_id": "E07000226",
        "coverage_area_name": "Crawley",
        "coverage_area_identifier_scheme": "ONS_GSS_LTLA",
        "boundary_vintage": "2014-2025 topology; active 2025",
        "source_area_record": true,
        "accepted_parcel_record": false,
        "spatial_binding_method": "OFFICIAL_POLYGON_AND_EXACT_IDENTIFIER",
        "source_window_record_index": 3,
        "source_url": "https://raw.githubusercontent.com/ONSdigital/uk-topojson/aa84341201698f59b26998ca39d2b578df4b6d78/output/topo.json",
        "final_url": "https://raw.githubusercontent.com/ONSdigital/uk-topojson/aa84341201698f59b26998ca39d2b578df4b6d78/output/topo.json",
        "source_access_utc": "2026-10-01T21:28:00Z",
        "source_blob_sha": "668461dddd006aa7e8e176896a7bdcbe5f5e32b5",
        "source_file_sha256": "9feaf90628fee8cf713821801c17fff47691cfa03b60262d4b68e355c485f23d",
        "field_evidence": {
          "areacd": "E07000226",
          "areanm": "Crawley",
          "start": 2014,
          "end": null,
          "geometry_type": "Polygon"
        },
        "evidence_slice_sha256": "4e5a8bdd7aec3c16c579eb8638351bf2c24916c89cfad3288655f482dfcbb3c0",
        "confidence_score_0_100": 96,
        "evidence_grade": "A",
        "licence": "ONS Geography licensing terms / Open Government Licence v3.0",
        "licence_evidence_url": "https://www.ons.gov.uk/methodology/geography/licences",
        "fake_data": false,
        "local_spatial_join_status": "DEFERRED_TO_LOCAL_OPENCODE"
      }
    },
    {
      "type": "Feature",
      "id": "E07000227",
      "geometry": {
        "type": "Polygon",
        "coordinates": [
          [
            [
              -0.2995901848089275,
              50.86484015276425
            ],
            [
              -0.2991555317431587,
              50.864924428476115
            ],
            [
              -0.29843110996687905,
              50.865514358459166
            ],
            [
              -0.2981413412563665,
              50.86795835410324
            ],
            [
              -0.3004594909404652,
              50.86930676549307
            ],
            [
              -0.3010390283614903,
              50.87099227973036
            ],
            [
              -0.3035020624008453,
              50.87217213969647
            ],
            [
              -0.30263275626930763,
              50.873941929645625
            ],
            [
              -0.3042264841771267,
              50.8773129581202
            ],
            [
              -0.3045162528876393,
              50.87739723383207
            ],
            [
              -0.30335717804558904,
              50.87402620535749
            ],
            [
              -0.3036469467561016,
              50.87200358827274
            ],
            [
              -0.30147368142725917,
              50.87082372830663
            ],
            [
              -0.3013287970720029,
              50.8694753169168
            ],
            [
              -0.29857599432213533,
              50.86795835410324
            ],
            [
              -0.2987208786773916,
              50.86627283986595
            ],
            [
              -0.29930041609841496,
              50.86517725561171
            ],
            [
              -0.3004594909404652,
              50.864924428476115
            ],
            [
              -0.3075588243480194,
              50.86652566700154
            ],
            [
              -0.3433452600962994,
              50.86290181139137
            ],
            [
              -0.364643260318962,
              50.874531859628675
            ],
            [
              -0.36362906983216803,
              50.87621737386596
            ],
            [
              -0.36667164129254814,
              50.88220094940834
            ],
            [
              -0.3639188385426806,
              50.888521627798184
            ],
            [
              -0.38014588633137514,
              50.885571977882925
            ],
            [
              -0.3866656823179042,
              50.88734176783208
            ],
            [
              -0.38869406329149037,
              50.89239831054395
            ],
            [
              -0.39593828105430084,
              50.891892656272766
            ],
            [
              -0.40854321996159015,
              50.879925505188005
            ],
            [
              -0.41317951932978936,
              50.879588402340545
            ],
            [
              -0.41173067577722655,
              50.8865832864253
            ],
            [
              -0.424915152105541,
              50.88633045928971
            ],
            [
              -0.427378186144896,
              50.8932410676626
            ],
            [
              -0.4311451793815575,
              50.89281968910328
            ],
            [
              -0.4399831250521853,
              50.877481509543934
            ],
            [
              -0.44795176459127717,
              50.87967267805241
            ],
            [
              -0.4514289891174261,
              50.895516511882946
            ],
            [
              -0.45534086670934215,
              50.89686492327277
            ],
            [
              -0.46490323415625134,
              50.8839707393575
            ],
            [
              -0.47663886693200475,
              50.88506632361174
            ],
            [
              -0.4753349077346982,
              50.8944209276287
            ],
            [
              -0.4819995880764836,
              50.8944209276287
            ],
            [
              -0.4802609758134082,
              50.898466161798204
            ],
            [
              -0.4928659147206993,
              50.89256686196769
            ],
            [
              -0.4931556834312101,
              50.885319150747335
            ],
            [
              -0.4999652481282517,
              50.8998988488999
            ],
            [
              -0.5148883367196415,
              50.88902728206937
            ],
            [
              -0.5192348673773264,
              50.889785763476155
            ],
            [
              -0.5247404728770615,
              50.88295943081513
            ],
            [
              -0.5328539967714097,
              50.88118964086597
            ],
            [
              -0.5382147179158885,
              50.88616190786598
            ],
            [
              -0.5471975479417726,
              50.88447639362869
            ],
            [
              -0.5438652077708799,
              50.88127391657784
            ],
            [
              -0.5493708132706168,
              50.880178332323595
            ],
            [
              -0.5611064460463684,
              50.887931697815134
            ],
            [
              -0.5486463914943354,
              50.892988240527
            ],
            [
              -0.5461833574549804,
              50.88961721205243
            ],
            [
              -0.542995901639344,
              50.89121845057785
            ],
            [
              -0.5435754390603691,
              50.898129058950744
            ],
            [
              -0.5531378065072783,
              50.901500087425326
            ],
            [
              -0.5558906092571458,
              50.90520821874736
            ],
            [
              -0.5513991942442029,
              50.91329868708636
            ],
            [
              -0.5363312212975586,
              50.91380434135755
            ],
            [
              -0.5373454117843526,
              50.917091094120266
            ],
            [
              -0.5525582690862532,
              50.92349604822197
            ],
            [
              -0.568930201230204,
              50.93521037217114
            ],
            [
              -0.5647285549277736,
              50.94810455608641
            ],
            [
              -0.5470526635865163,
              50.95450951018812
            ],
            [
              -0.5441549764813924,
              50.94802028037455
            ],
            [
              -0.5338681872582036,
              50.950295724594895
            ],
            [
              -0.5351721464555084,
              50.95729060867965
            ],
            [
              -0.5267688538506494,
              50.96386411420508
            ],
            [
              -0.5306807314425672,
              50.967066591255936
            ],
            [
              -0.5267688538506494,
              50.97397719962883
            ],
            [
              -0.5287972348242356,
              50.97911801805256
            ],
            [
              -0.5232916293245005,
              50.98189911654409
            ],
            [
              -0.5212632483509143,
              50.990326687730544
            ],
            [
              -0.5073543502463185,
              50.990410963442415
            ],
            [
              -0.5088031937988813,
              50.9961417118492
            ],
            [
              -0.5176411394695091,
              50.99858570749327
            ],
            [
              -0.5105418060619549,
              51.00794031151023
            ],
            [
              -0.505181084917476,
              51.00608624584922
            ],
            [
              -0.4969226766678716,
              51.011058512849225
            ],
            [
              -0.48620123437891394,
              51.010131480018714
            ],
            [
              -0.486635887444681,
              51.01678926125601
            ],
            [
              -0.47591444515572334,
              51.020918771137374
            ],
            [
              -0.4731616424058558,
              51.03389723076451
            ],
            [
              -0.4760593295109796,
              51.03878522205265
            ],
            [
              -0.48388308469481345,
              51.040386460578084
            ],
            [
              -0.4799712071028974,
              51.04830837749335
            ],
            [
              -0.47765305741879693,
              51.04999389173064
            ],
            [
              -0.47576956080046706,
              51.05639884583234
            ],
            [
              -0.48373820033955717,
              51.05648312154421
            ],
            [
              -0.48460750647109485,
              51.06246669708659
            ],
            [
              -0.47837747919507834,
              51.06651193125609
            ],
            [
              -0.4864910030894265,
              51.07022006257813
            ],
            [
              -0.4921414929444179,
              51.09449146759511
            ],
            [
              -0.48851938406301265,
              51.097272566086644
            ],
            [
              -0.44490919313089705,
              51.09963228601885
            ],
            [
              -0.4414319686047481,
              51.10334041734089
            ],
            [
              -0.4389689345653913,
              51.100306491713766
            ],
            [
              -0.4424461590915403,
              51.09811532320529
            ],
            [
              -0.43853428149962426,
              51.097862496069695
            ],
            [
              -0.4192646622505496,
              51.10519448300191
            ],
            [
              -0.4001399273567312,
              51.108396960052765
            ],
            [
              -0.3915917503966142,
              51.11648742839176
            ],
            [
              -0.38463730134431806,
              51.114717638442606
            ],
            [
              -0.3581234643324329,
              51.12103831683244
            ],
            [
              -0.3527627431879541,
              51.11834149405278
            ],
            [
              -0.34204130089899465,
              51.11985845686634
            ],
            [
              -0.3265386748865815,
              51.12584203240872
            ],
            [
              -0.3194393414790273,
              51.124577896730756
            ],
            [
              -0.3004594909404652,
              51.12466217244262
            ],
            [
              -0.2864057084806131,
              51.13047719656127
            ],
            [
              -0.2752496131258866,
              51.13030864513754
            ],
            [
              -0.2545311503242491,
              51.13907331917145
            ],
            [
              -0.24091202093016761,
              51.143118553340955
            ],
            [
              -0.20642954437919236,
              51.140758833408746
            ],
            [
              -0.20005463274791957,
              51.138736216324
            ],
            [
              -0.2117902655236712,
              51.13131995367991
            ],
            [
              -0.21932425199699246,
              51.12879168232398
            ],
            [
              -0.22280147652314142,
              51.11488618986633
            ],
            [
              -0.23584106849619957,
              51.11176798852735
            ],
            [
              -0.23685525898299353,
              51.10940826859514
            ],
            [
              -0.23163942219377098,
              51.10789130578158
            ],
            [
              -0.2325087283253069,
              51.09744111751037
            ],
            [
              -0.21946913635224874,
              51.09963228601885
            ],
            [
              -0.21773052408917515,
              51.091878920527314
            ],
            [
              -0.21193514987892748,
              51.09196319623918
            ],
            [
              -0.21193514987892748,
              51.08656955067985
            ],
            [
              -0.21265957165520888,
              51.07536088100186
            ],
            [
              -0.2117902655236712,
              51.06448931417134
            ],
            [
              -0.22265659216788514,
              51.06019125286625
            ],
            [
              -0.21946913635224874,
              51.051763681679795
            ],
            [
              -0.2268582384703155,
              51.041566320544185
            ],
            [
              -0.21917936764173795,
              51.03811101635774
            ],
            [
              -0.22656846975980294,
              51.03457143645943
            ],
            [
              -0.2293212725096705,
              51.03785818922214
            ],
            [
              -0.24714204820618413,
              51.03339157649332
            ],
            [
              -0.24917042917977028,
              51.02496400530687
            ],
            [
              -0.23671037462773725,
              51.0210873225611
            ],
            [
              -0.24554832029836504,
              51.01409243847635
            ],
            [
              -0.23192919090428354,
              51.01088996142549
            ],
            [
              -0.2362757215619684,
              50.992770683374616
            ],
            [
              -0.24207109577221608,
              50.990663790578004
            ],
            [
              -0.24178132706170352,
              50.986787107832235
            ],
            [
              -0.23105988477274586,
              50.98923110347631
            ],
            [
              -0.22961104122018305,
              50.98703993496783
            ],
            [
              -0.2410569052854239,
              50.971786031120345
            ],
            [
              -0.2387387556013234,
              50.95012717317116
            ],
            [
              -0.22482985749672935,
              50.94852593464574
            ],
            [
              -0.22454008878621678,
              50.94296373766268
            ],
            [
              -0.23192919090428354,
              50.93580030215419
            ],
            [
              -0.2293212725096705,
              50.918776608357554
            ],
            [
              -0.22381566700993538,
              50.9117817242728
            ],
            [
              -0.2442443611010603,
              50.90739938725584
            ],
            [
              -0.24380970803529145,
              50.88489777218801
            ],
            [
              -0.24873577611400144,
              50.87309917252698
            ],
            [
              -0.23931829302234853,
              50.867874078391374
            ],
            [
              -0.24496878287733992,
              50.86382884422188
            ],
            [
              -0.24844600740348888,
              50.86408167135747
            ],
            [
              -0.249025544824514,
              50.87073945259477
            ],
            [
              -0.2552555721005305,
              50.87158220971342
            ],
            [
              -0.25902256533719203,
              50.87116083115409
            ],
            [
              -0.25655953129783704,
              50.86231188140832
            ],
            [
              -0.27611891925742427,
              50.863407465662554
            ],
            [
              -0.2995901848089275,
              50.86484015276425
            ]
          ]
        ]
      },
      "properties": {
        "slot_id": "gas_emissions_6",
        "lineage_id": "LOCAL-NEW-92271296-1318-4c0c-a293-d0d4ebc2d06b",
        "page_generation": 1,
        "semantic_mode": "AREA_JOIN",
        "partition": {
          "start": 76904,
          "end": 92283,
          "count": 15380
        },
        "evidence_scope": "coverage_area",
        "coverage_area_id": "E07000227",
        "coverage_area_name": "Horsham",
        "coverage_area_identifier_scheme": "ONS_GSS_LTLA",
        "boundary_vintage": "2014-2025 topology; active 2025",
        "source_area_record": true,
        "accepted_parcel_record": false,
        "spatial_binding_method": "OFFICIAL_POLYGON_AND_EXACT_IDENTIFIER",
        "source_window_record_index": 4,
        "source_url": "https://raw.githubusercontent.com/ONSdigital/uk-topojson/aa84341201698f59b26998ca39d2b578df4b6d78/output/topo.json",
        "final_url": "https://raw.githubusercontent.com/ONSdigital/uk-topojson/aa84341201698f59b26998ca39d2b578df4b6d78/output/topo.json",
        "source_access_utc": "2026-10-01T21:28:00Z",
        "source_blob_sha": "668461dddd006aa7e8e176896a7bdcbe5f5e32b5",
        "source_file_sha256": "9feaf90628fee8cf713821801c17fff47691cfa03b60262d4b68e355c485f23d",
        "field_evidence": {
          "areacd": "E07000227",
          "areanm": "Horsham",
          "start": 2014,
          "end": null,
          "geometry_type": "Polygon"
        },
        "evidence_slice_sha256": "4e5a8bdd7aec3c16c579eb8638351bf2c24916c89cfad3288655f482dfcbb3c0",
        "confidence_score_0_100": 96,
        "evidence_grade": "A",
        "licence": "ONS Geography licensing terms / Open Government Licence v3.0",
        "licence_evidence_url": "https://www.ons.gov.uk/methodology/geography/licences",
        "fake_data": false,
        "local_spatial_join_status": "DEFERRED_TO_LOCAL_OPENCODE"
      }
    },
    {
      "type": "Feature",
      "id": "E07000228",
      "geometry": {
        "type": "Polygon",
        "coordinates": [
          [
            [
              -0.016341270283056986,
              51.00246239023904
            ],
            [
              -0.020108263519718506,
              50.9854386964424
            ],
            [
              -0.02459967853266143,
              50.97996077517121
            ],
            [
              -0.03474158340059397,
              50.977516779527136
            ],
            [
              -0.04705675359737249,
              50.98122491084918
            ],
            [
              -0.06342868574132154,
              50.97911801805256
            ],
            [
              -0.07052801914887574,
              50.99133799627292
            ],
            [
              -0.08385737983244645,
              50.990663790578004
            ],
            [
              -0.09312997856884309,
              50.97920229376443
            ],
            [
              -0.10269234601575228,
              50.980803532289855
            ],
            [
              -0.1151524005677853,
              50.97608409242544
            ],
            [
              -0.11616659105457927,
              50.97043761973052
            ],
            [
              -0.11631147540983555,
              50.96723514267966
            ],
            [
              -0.1103712168443316,
              50.96782507266271
            ],
            [
              -0.1064593392524138,
              50.96293708137457
            ],
            [
              -0.10472072698933843,
              50.94557628473048
            ],
            [
              -0.10544514876561983,
              50.94313228908641
            ],
            [
              -0.11805008767290914,
              50.94532345759488
            ],
            [
              -0.11993358429124079,
              50.94169960198471
            ],
            [
              -0.11689101283086067,
              50.94110967200166
            ],
            [
              -0.12833687689609974,
              50.91886088406942
            ],
            [
              -0.133407829330066,
              50.89399954906938
            ],
            [
              -0.1350015572378851,
              50.8865832864253
            ],
            [
              -0.13717482256672753,
              50.88456066934055
            ],
            [
              -0.1445639246847943,
              50.88700466498462
            ],
            [
              -0.1525325642238844,
              50.88548770217106
            ],
            [
              -0.15296721728965323,
              50.879925505188005
            ],
            [
              -0.16644146232848023,
              50.88093681373038
            ],
            [
              -0.1658619249074551,
              50.89231403483209
            ],
            [
              -0.1825236257619185,
              50.888268800662594
            ],
            [
              -0.18194408834089337,
              50.88093681373038
            ],
            [
              -0.18976784352472897,
              50.87436330820494
            ],
            [
              -0.18773946255114105,
              50.86863255979816
            ],
            [
              -0.1990404422611256,
              50.870065246899856
            ],
            [
              -0.20266255114253084,
              50.8758802710185
            ],
            [
              -0.2054153538923984,
              50.870065246899856
            ],
            [
              -0.21396353085251363,
              50.87048662545917
            ],
            [
              -0.2142532995630262,
              50.87520606532359
            ],
            [
              -0.22671335411505922,
              50.87823999095071
            ],
            [
              -0.23931829302234853,
              50.867874078391374
            ],
            [
              -0.24873577611400144,
              50.87309917252698
            ],
            [
              -0.24380970803529145,
              50.88489777218801
            ],
            [
              -0.2442443611010603,
              50.90739938725584
            ],
            [
              -0.22381566700993538,
              50.9117817242728
            ],
            [
              -0.2293212725096705,
              50.918776608357554
            ],
            [
              -0.23192919090428354,
              50.93580030215419
            ],
            [
              -0.22454008878621678,
              50.94296373766268
            ],
            [
              -0.22482985749672935,
              50.94852593464574
            ],
            [
              -0.2387387556013234,
              50.95012717317116
            ],
            [
              -0.2410569052854239,
              50.971786031120345
            ],
            [
              -0.22961104122018305,
              50.98703993496783
            ],
            [
              -0.23105988477274586,
              50.98923110347631
            ],
            [
              -0.24178132706170352,
              50.986787107832235
            ],
            [
              -0.24207109577221608,
              50.990663790578004
            ],
            [
              -0.2362757215619684,
              50.992770683374616
            ],
            [
              -0.23192919090428354,
              51.01088996142549
            ],
            [
              -0.24554832029836504,
              51.01409243847635
            ],
            [
              -0.23671037462773725,
              51.0210873225611
            ],
            [
              -0.24917042917977028,
              51.02496400530687
            ],
            [
              -0.24714204820618413,
              51.03339157649332
            ],
            [
              -0.2293212725096705,
              51.03785818922214
            ],
            [
              -0.22656846975980294,
              51.03457143645943
            ],
            [
              -0.21917936764173795,
              51.03811101635774
            ],
            [
              -0.2268582384703155,
              51.041566320544185
            ],
            [
              -0.21946913635224874,
              51.051763681679795
            ],
            [
              -0.22265659216788514,
              51.06019125286625
            ],
            [
              -0.2117902655236712,
              51.06448931417134
            ],
            [
              -0.21265957165520888,
              51.07536088100186
            ],
            [
              -0.21193514987892748,
              51.08656955067985
            ],
            [
              -0.19556321773497665,
              51.08623244783239
            ],
            [
              -0.17267148960449674,
              51.08994057915443
            ],
            [
              -0.16137050989451396,
              51.09289022906969
            ],
            [
              -0.16093585682874512,
              51.09322733191715
            ],
            [
              -0.15064906760555452,
              51.09929518317139
            ],
            [
              -0.1451434621058194,
              51.10317186591716
            ],
            [
              -0.13702993821147125,
              51.11303212420531
            ],
            [
              -0.14108670015864533,
              51.125420653849396
            ],
            [
              -0.13760947563249637,
              51.142191520510444
            ],
            [
              -0.1310896796459673,
              51.139494697730775
            ],
            [
              -0.11732566589662952,
              51.14160159052739
            ],
            [
              -0.09370951598986821,
              51.13839911347654
            ],
            [
              -0.09312997856884309,
              51.138736216324
            ],
            [
              -0.08255342063513993,
              51.14261289906977
            ],
            [
              -0.06313891703081076,
              51.14126448767993
            ],
            [
              -0.05632935233376912,
              51.136797874951114
            ],
            [
              -0.03329273984803294,
              51.13932614630705
            ],
            [
              -0.03213366500598269,
              51.13898904345959
            ],
            [
              -0.017790113835619792,
              51.14118021196807
            ],
            [
              -0.006634018480891513,
              51.137640632069754
            ],
            [
              0.027268920649058614,
              51.1399160762901
            ],
            [
              0.025530308385985023,
              51.12727471951042
            ],
            [
              0.028138226780596298,
              51.117667288357865
            ],
            [
              0.04451015892454713,
              51.11058812856124
            ],
            [
              0.025385424030728743,
              51.108986890035816
            ],
            [
              0.018575859333687106,
              51.103593244476485
            ],
            [
              0.009448144952546755,
              51.11041957713751
            ],
            [
              0.004956729939603832,
              51.10527875871377
            ],
            [
              0.010462335439338943,
              51.10216055737479
            ],
            [
              0.00292834896601768,
              51.102329108798514
            ],
            [
              -0.010835664783321874,
              51.09651408467986
            ],
            [
              -0.02141222271702503,
              51.09676691181546
            ],
            [
              -0.02619340644047874,
              51.09179464481545
            ],
            [
              -0.030829705808677943,
              51.09423864045952
            ],
            [
              -0.036190426953156773,
              51.09348015905274
            ],
            [
              -0.032858086782264095,
              51.0923845747985
            ],
            [
              -0.026917828216760142,
              51.07510805386627
            ],
            [
              -0.013298698822676869,
              51.07401246961203
            ],
            [
              -0.015037311085752236,
              51.06937730545948
            ],
            [
              -0.00982147429652791,
              51.063478005628966
            ],
            [
              -0.0082277463887106,
              51.05631457012048
            ],
            [
              0.01364979125497534,
              51.0569887758154
            ],
            [
              0.007709532689471388,
              51.05092092456115
            ],
            [
              -0.0030119095994862732,
              51.04763417179843
            ],
            [
              -0.001997719112694085,
              51.043083283357745
            ],
            [
              -0.007937977678198038,
              51.03903804918825
            ],
            [
              -0.0015630660469252433,
              51.035835572137394
            ],
            [
              -0.021846875782793873,
              51.02648096812043
            ],
            [
              -0.022136644493304658,
              51.01678926125601
            ],
            [
              -0.016051501572544424,
              51.01476664417126
            ],
            [
              -0.020108263519718506,
              51.00347369878141
            ],
            [
              -0.016341270283056986,
              51.00246239023904
            ]
          ]
        ]
      },
      "properties": {
        "slot_id": "gas_emissions_6",
        "lineage_id": "LOCAL-NEW-92271296-1318-4c0c-a293-d0d4ebc2d06b",
        "page_generation": 1,
        "semantic_mode": "AREA_JOIN",
        "partition": {
          "start": 76904,
          "end": 92283,
          "count": 15380
        },
        "evidence_scope": "coverage_area",
        "coverage_area_id": "E07000228",
        "coverage_area_name": "Mid Sussex",
        "coverage_area_identifier_scheme": "ONS_GSS_LTLA",
        "boundary_vintage": "2014-2025 topology; active 2025",
        "source_area_record": true,
        "accepted_parcel_record": false,
        "spatial_binding_method": "OFFICIAL_POLYGON_AND_EXACT_IDENTIFIER",
        "source_window_record_index": 5,
        "source_url": "https://raw.githubusercontent.com/ONSdigital/uk-topojson/aa84341201698f59b26998ca39d2b578df4b6d78/output/topo.json",
        "final_url": "https://raw.githubusercontent.com/ONSdigital/uk-topojson/aa84341201698f59b26998ca39d2b578df4b6d78/output/topo.json",
        "source_access_utc": "2026-10-01T21:28:00Z",
        "source_blob_sha": "668461dddd006aa7e8e176896a7bdcbe5f5e32b5",
        "source_file_sha256": "9feaf90628fee8cf713821801c17fff47691cfa03b60262d4b68e355c485f23d",
        "field_evidence": {
          "areacd": "E07000228",
          "areanm": "Mid Sussex",
          "start": 2014,
          "end": null,
          "geometry_type": "Polygon"
        },
        "evidence_slice_sha256": "4e5a8bdd7aec3c16c579eb8638351bf2c24916c89cfad3288655f482dfcbb3c0",
        "confidence_score_0_100": 96,
        "evidence_grade": "A",
        "licence": "ONS Geography licensing terms / Open Government Licence v3.0",
        "licence_evidence_url": "https://www.ons.gov.uk/methodology/geography/licences",
        "fake_data": false,
        "local_spatial_join_status": "DEFERRED_TO_LOCAL_OPENCODE"
      }
    },
    {
      "type": "Feature",
      "id": "E07000229",
      "geometry": {
        "type": "Polygon",
        "coordinates": [
          [
            [
              -0.3323340490968292,
              50.81747720269638
            ],
            [
              -0.332768702162598,
              50.81747720269638
            ],
            [
              -0.36015184530601907,
              50.811325075730274
            ],
            [
              -0.36015184530601907,
              50.811325075730274
            ],
            [
              -0.37826238971304527,
              50.80812259867942
            ],
            [
              -0.37840727406829977,
              50.80812259867942
            ],
            [
              -0.3884042945809778,
              50.80668991157772
            ],
            [
              -0.38869406329149037,
              50.80668991157772
            ],
            [
              -0.4057904172117226,
              50.805678603035346
            ],
            [
              -0.4360712474602675,
              50.803234607391275
            ],
            [
              -0.44201150602577144,
              50.817308651272654
            ],
            [
              -0.4437501182888468,
              50.82143816115401
            ],
            [
              -0.44664780539397064,
              50.83627068644218
            ],
            [
              -0.44346034957833425,
              50.83719771927268
            ],
            [
              -0.4460682679729455,
              50.83989454205235
            ],
            [
              -0.4223072337109297,
              50.840737299170996
            ],
            [
              -0.42274188677669855,
              50.8602049886117
            ],
            [
              -0.40926764173787156,
              50.852283071696434
            ],
            [
              -0.40550064850121004,
              50.85455851591678
            ],
            [
              -0.3813049611734254,
              50.86323891423883
            ],
            [
              -0.36754094742408583,
              50.86054209145916
            ],
            [
              -0.36898979097664686,
              50.855316997323555
            ],
            [
              -0.36594721951626674,
              50.84739508040829
            ],
            [
              -0.35855811739820176,
              50.84351839766252
            ],
            [
              -0.3591376548192269,
              50.835596480747256
            ],
            [
              -0.3494304030170614,
              50.82261802112012
            ],
            [
              -0.33726011717553916,
              50.82101678259469
            ],
            [
              -0.3323340490968292,
              50.81747720269638
            ]
          ]
        ]
      },
      "properties": {
        "slot_id": "gas_emissions_6",
        "lineage_id": "LOCAL-NEW-92271296-1318-4c0c-a293-d0d4ebc2d06b",
        "page_generation": 1,
        "semantic_mode": "AREA_JOIN",
        "partition": {
          "start": 76904,
          "end": 92283,
          "count": 15380
        },
        "evidence_scope": "coverage_area",
        "coverage_area_id": "E07000229",
        "coverage_area_name": "Worthing",
        "coverage_area_identifier_scheme": "ONS_GSS_LTLA",
        "boundary_vintage": "2014-2025 topology; active 2025",
        "source_area_record": true,
        "accepted_parcel_record": false,
        "spatial_binding_method": "OFFICIAL_POLYGON_AND_EXACT_IDENTIFIER",
        "source_window_record_index": 6,
        "source_url": "https://raw.githubusercontent.com/ONSdigital/uk-topojson/aa84341201698f59b26998ca39d2b578df4b6d78/output/topo.json",
        "final_url": "https://raw.githubusercontent.com/ONSdigital/uk-topojson/aa84341201698f59b26998ca39d2b578df4b6d78/output/topo.json",
        "source_access_utc": "2026-10-01T21:28:00Z",
        "source_blob_sha": "668461dddd006aa7e8e176896a7bdcbe5f5e32b5",
        "source_file_sha256": "9feaf90628fee8cf713821801c17fff47691cfa03b60262d4b68e355c485f23d",
        "field_evidence": {
          "areacd": "E07000229",
          "areanm": "Worthing",
          "start": 2014,
          "end": null,
          "geometry_type": "Polygon"
        },
        "evidence_slice_sha256": "4e5a8bdd7aec3c16c579eb8638351bf2c24916c89cfad3288655f482dfcbb3c0",
        "confidence_score_0_100": 96,
        "evidence_grade": "A",
        "licence": "ONS Geography licensing terms / Open Government Licence v3.0",
        "licence_evidence_url": "https://www.ons.gov.uk/methodology/geography/licences",
        "fake_data": false,
        "local_spatial_join_status": "DEFERRED_TO_LOCAL_OPENCODE"
      }
    },
    {
      "type": "Feature",
      "id": "E07000234",
      "geometry": {
        "type": "Polygon",
        "coordinates": [
          [
            [
              -1.8688326365888273,
              52.40472595995307
            ],
            [
              -1.8456511397478357,
              52.3994165901056
            ],
            [
              -1.861298650115505,
              52.383909859122525
            ],
            [
              -1.8668042556152402,
              52.37270118944454
            ],
            [
              -1.8720200924044637,
              52.36756037102081
            ],
            [
              -1.8760768543516377,
              52.363599412563175
            ],
            [
              -1.8889715619694396,
              52.36107114120723
            ],
            [
              -1.8730342828912576,
              52.33730539046144
            ],
            [
              -1.864775874641654,
              52.33309160486821
            ],
            [
              -1.8704263644966455,
              52.312612606885125
            ],
            [
              -1.8808580380750923,
              52.31092709264784
            ],
            [
              -1.8918692490745634,
              52.32137728091904
            ],
            [
              -1.9088207186395385,
              52.3205345238004
            ],
            [
              -1.9094002560605636,
              52.323484173715656
            ],
            [
              -1.9347550182303985,
              52.32415837941057
            ],
            [
              -1.9425787734142332,
              52.3217143837665
            ],
            [
              -1.9482292632692246,
              52.3217143837665
            ],
            [
              -1.9550388279662663,
              52.321040178071584
            ],
            [
              -1.9605444334660023,
              52.31471949968174
            ],
            [
              -1.9696721478471426,
              52.31497232681733
            ],
            [
              -1.9740186785048284,
              52.3083988212919
            ],
            [
              -1.9779305560967462,
              52.30991578410546
            ],
            [
              -1.9806833588466137,
              52.30713468561393
            ],
            [
              -1.9764817125441843,
              52.303679381427486
            ],
            [
              -1.9815526649781505,
              52.29929704441053
            ],
            [
              -1.9850298895042995,
              52.30013980152918
            ],
            [
              -1.9861889643463488,
              52.29086947322408
            ],
            [
              -1.9909701480698034,
              52.291965057478315
            ],
            [
              -2.0019813590692745,
              52.288088374732546
            ],
            [
              -1.9980694814773576,
              52.283621762003726
            ],
            [
              -2.0025608964902997,
              52.27957652783423
            ],
            [
              -2.0232793592919363,
              52.27805956502067
            ],
            [
              -2.047040393553953,
              52.287835547596956
            ],
            [
              -2.055588570514069,
              52.28471734625796
            ],
            [
              -2.0767416863814745,
              52.28909968327492
            ],
            [
              -2.0916647749728625,
              52.28850975329187
            ],
            [
              -2.084855210275821,
              52.29693732447832
            ],
            [
              -2.090360815775557,
              52.30485924139359
            ],
            [
              -2.0851449789863334,
              52.313539639715636
            ],
            [
              -2.0951419994990115,
              52.31337108829191
            ],
            [
              -2.0941278090122184,
              52.31539370537666
            ],
            [
              -2.100357836288235,
              52.31337108829191
            ],
            [
              -2.1241188705502516,
              52.314466672546146
            ],
            [
              -2.115860462300648,
              52.32213576232582
            ],
            [
              -2.1184683806952593,
              52.332080296325834
            ],
            [
              -2.113252543906037,
              52.33713683903771
            ],
            [
              -2.1170195371426974,
              52.342024830325855
            ],
            [
              -2.124698407971276,
              52.34017076466483
            ],
            [
              -2.1231046800634576,
              52.34269903602077
            ],
            [
              -2.1315079726683175,
              52.347081373037724
            ],
            [
              -2.127740979431656,
              52.35222219146146
            ],
            [
              -2.1329568162208794,
              52.348008405868235
            ],
            [
              -2.1371584625233098,
              52.35003102295298
            ],
            [
              -2.130783550892037,
              52.357868664156385
            ],
            [
              -2.1191928024715407,
              52.357868664156385
            ],
            [
              -2.1231046800634576,
              52.373038292292
            ],
            [
              -2.1325221631551106,
              52.38618530334287
            ],
            [
              -2.1299142447604993,
              52.38879785041067
            ],
            [
              -2.137737999944334,
              52.39393866883441
            ],
            [
              -2.126292135879094,
              52.40329327285137
            ],
            [
              -2.1339710067076734,
              52.410288156936126
            ],
            [
              -2.142664068023045,
              52.41121518976664
            ],
            [
              -2.1583115783907143,
              52.40927684839375
            ],
            [
              -2.167729061482367,
              52.423772270834455
            ],
            [
              -2.1638171838904503,
              52.4231823408514
            ],
            [
              -2.1648313743772434,
              52.43017722493616
            ],
            [
              -2.1435333741545826,
              52.42596343934293
            ],
            [
              -2.1359993876812595,
              52.42630054219039
            ],
            [
              -2.129769360405243,
              52.43219984202091
            ],
            [
              -2.1174541902084663,
              52.433885356258195
            ],
            [
              -2.108761128893094,
              52.44121734319041
            ],
            [
              -2.105283904366946,
              52.44416699310567
            ],
            [
              -2.0932585028806807,
              52.44526257735991
            ],
            [
              -2.0861591694731274,
              52.43287404771582
            ],
            [
              -2.07992914219711,
              52.43228411773277
            ],
            [
              -2.068048625066102,
              52.43523376764803
            ],
            [
              -2.0676139720003333,
              52.43253694486837
            ],
            [
              -2.0623981352111107,
              52.432368393444634
            ],
            [
              -2.0657304753820025,
              52.42807033213954
            ],
            [
              -2.0606595229480362,
              52.42748040215649
            ],
            [
              -2.0593555637507297,
              52.44003748322431
            ],
            [
              -2.0379126791728126,
              52.441470170326006
            ],
            [
              -2.037043373041275,
              52.42748040215649
            ],
            [
              -2.029654270923209,
              52.427311850732764
            ],
            [
              -2.024728202844498,
              52.43489666480057
            ],
            [
              -2.0170493320159197,
              52.432705496292094
            ],
            [
              -2.009660229897854,
              52.426469093614116
            ],
            [
              -2.004734161819143,
              52.428407434987
            ],
            [
              -1.9970552909905646,
              52.41736731673275
            ],
            [
              -1.9860440799910934,
              52.41669311103783
            ],
            [
              -1.997779712766845,
              52.409698226953076
            ],
            [
              -2.009225576832085,
              52.41037243264799
            ],
            [
              -2.017628869436945,
              52.40556871707171
            ],
            [
              -2.0274810055943657,
              52.40809698842765
            ],
            [
              -2.0322621893178203,
              52.40152348290221
            ],
            [
              -2.020671440897325,
              52.39933231439374
            ],
            [
              -2.0113988421609283,
              52.38618530334287
            ],
            [
              -1.9973450597010762,
              52.381128760631
            ],
            [
              -1.9854645425700683,
              52.38601675191914
            ],
            [
              -1.96633980767625,
              52.38947205610559
            ],
            [
              -1.964890964123688,
              52.39216887888525
            ],
            [
              -1.960399549110746,
              52.38913495325813
            ],
            [
              -1.9595302429792083,
              52.38888212612253
            ],
            [
              -1.952865562637423,
              52.39343301456322
            ],
            [
              -1.9343203651646297,
              52.387196611885244
            ],
            [
              -1.918527970441704,
              52.398236730139494
            ],
            [
              -1.9137467867182494,
              52.40742278273273
            ],
            [
              -1.904619072337109,
              52.40312472142764
            ],
            [
              -1.8870880653511088,
              52.40472595995307
            ],
            [
              -1.88665341228534,
              52.40472595995307
            ],
            [
              -1.8827415346934222,
              52.399837968664926
            ],
            [
              -1.8688326365888273,
              52.40472595995307
            ]
          ]
        ]
      },
      "properties": {
        "slot_id": "gas_emissions_6",
        "lineage_id": "LOCAL-NEW-92271296-1318-4c0c-a293-d0d4ebc2d06b",
        "page_generation": 1,
        "semantic_mode": "AREA_JOIN",
        "partition": {
          "start": 76904,
          "end": 92283,
          "count": 15380
        },
        "evidence_scope": "coverage_area",
        "coverage_area_id": "E07000234",
        "coverage_area_name": "Bromsgrove",
        "coverage_area_identifier_scheme": "ONS_GSS_LTLA",
        "boundary_vintage": "2014-2025 topology; active 2025",
        "source_area_record": true,
        "accepted_parcel_record": false,
        "spatial_binding_method": "OFFICIAL_POLYGON_AND_EXACT_IDENTIFIER",
        "source_window_record_index": 7,
        "source_url": "https://raw.githubusercontent.com/ONSdigital/uk-topojson/aa84341201698f59b26998ca39d2b578df4b6d78/output/topo.json",
        "final_url": "https://raw.githubusercontent.com/ONSdigital/uk-topojson/aa84341201698f59b26998ca39d2b578df4b6d78/output/topo.json",
        "source_access_utc": "2026-10-01T21:28:00Z",
        "source_blob_sha": "668461dddd006aa7e8e176896a7bdcbe5f5e32b5",
        "source_file_sha256": "9feaf90628fee8cf713821801c17fff47691cfa03b60262d4b68e355c485f23d",
        "field_evidence": {
          "areacd": "E07000234",
          "areanm": "Bromsgrove",
          "start": 2014,
          "end": null,
          "geometry_type": "Polygon"
        },
        "evidence_slice_sha256": "4e5a8bdd7aec3c16c579eb8638351bf2c24916c89cfad3288655f482dfcbb3c0",
        "confidence_score_0_100": 96,
        "evidence_grade": "A",
        "licence": "ONS Geography licensing terms / Open Government Licence v3.0",
        "licence_evidence_url": "https://www.ons.gov.uk/methodology/geography/licences",
        "fake_data": false,
        "local_spatial_join_status": "DEFERRED_TO_LOCAL_OPENCODE"
      }
    },
    {
      "type": "Feature",
      "id": "E07000235",
      "geometry": {
        "type": "Polygon",
        "coordinates": [
          [
            [
              -2.2705969537142696,
              51.968936253901546
            ],
            [
              -2.288272845055526,
              51.970706043850704
            ],
            [
              -2.3004431308970466,
              51.966829361104935
            ],
            [
              -2.309570845278187,
              51.97062176813884
            ],
            [
              -2.312613416738567,
              51.97652106796936
            ],
            [
              -2.3266671991984182,
              51.975762586562574
            ],
            [
              -2.3207269406329143,
              51.9921120746643
            ],
            [
              -2.324638818224832,
              52.00357357147787
            ],
            [
              -2.3294200019482867,
              52.00677604852872
            ],
            [
              -2.3408658660135258,
              52.00686032424059
            ],
            [
              -2.352456614434022,
              52.013518105477885
            ],
            [
              -2.351442423947229,
              52.021271470969424
            ],
            [
              -2.3507180021709475,
              52.030036145003336
            ],
            [
              -2.348544736842105,
              52.048913904460996
            ],
            [
              -2.351587308302485,
              52.05641444281694
            ],
            [
              -2.339417022460964,
              52.068887248172885
            ],
            [
              -2.3382579476189145,
              52.09543409741022
            ],
            [
              -2.3491242742631293,
              52.095602648833946
            ],
            [
              -2.354484995407609,
              52.11936839957975
            ],
            [
              -2.3556440702496584,
              52.128217349325524
            ],
            [
              -2.3446328592501873,
              52.13259968634248
            ],
            [
              -2.3511526552367163,
              52.14178573893571
            ],
            [
              -2.3586866417100385,
              52.151898824359456
            ],
            [
              -2.3652064376965676,
              52.150971791528946
            ],
            [
              -2.379260220156419,
              52.15510130141031
            ],
            [
              -2.3940384243925514,
              52.14667373022385
            ],
            [
              -2.400268451668568,
              52.14819069303742
            ],
            [
              -2.415191540259957,
              52.145241043122155
            ],
            [
              -2.435185581285312,
              52.16816403674931
            ],
            [
              -2.4330123159564696,
              52.17204071949508
            ],
            [
              -2.4220011049569976,
              52.17237782234254
            ],
            [
              -2.4254783294831466,
              52.177012986495086
            ],
            [
              -2.4150466559047006,
              52.18333366488493
            ],
            [
              -2.4191034178518738,
              52.18796882903748
            ],
            [
              -2.408671744273428,
              52.19639640022393
            ],
            [
              -2.4079473224971464,
              52.20271707861377
            ],
            [
              -2.4005582203790805,
              52.2017057700714
            ],
            [
              -2.402731485707924,
              52.20709941563073
            ],
            [
              -2.3960668053661385,
              52.20566672852903
            ],
            [
              -2.392879349550502,
              52.21030189268158
            ],
            [
              -2.4015724108658736,
              52.215358435393455
            ],
            [
              -2.4040354449052295,
              52.22117345951211
            ],
            [
              -2.3976605332739567,
              52.221679113783296
            ],
            [
              -2.3965014584319073,
              52.22479731512228
            ],
            [
              -2.3865044379192293,
              52.22218476805448
            ],
            [
              -2.385924900498204,
              52.226398553647705
            ],
            [
              -2.393314002616271,
              52.23103371780026
            ],
            [
              -2.414177349773163,
              52.23170792349517
            ],
            [
              -2.423160179799048,
              52.237185844766366
            ],
            [
              -2.4648868741128336,
              52.23440474627484
            ],
            [
              -2.4747390102702544,
              52.24131535464773
            ],
            [
              -2.4737248197834614,
              52.250669958664695
            ],
            [
              -2.46807432992847,
              52.25597932851216
            ],
            [
              -2.4279413635225024,
              52.27055902666473
            ],
            [
              -2.4514126290740066,
              52.28513872481729
            ],
            [
              -2.483432071585627,
              52.28438024341051
            ],
            [
              -2.491980248545743,
              52.278228116444396
            ],
            [
              -2.5031363439004704,
              52.27738535932575
            ],
            [
              -2.504440303097776,
              52.27451998512236
            ],
            [
              -2.493573976453561,
              52.26398552113929
            ],
            [
              -2.4957472417824036,
              52.25690636134267
            ],
            [
              -2.515451514097247,
              52.25597932851216
            ],
            [
              -2.5225508475048004,
              52.251007061512155
            ],
            [
              -2.525738303320437,
              52.24814168730876
            ],
            [
              -2.5316785618859416,
              52.25328250573249
            ],
            [
              -2.5480504940298916,
              52.24965865012232
            ],
            [
              -2.5531214464638587,
              52.252524024325716
            ],
            [
              -2.5674649976342225,
              52.250080028681644
            ],
            [
              -2.574129677976008,
              52.25269257574944
            ],
            [
              -2.576158058949595,
              52.247720308749436
            ],
            [
              -2.5854306576859916,
              52.248310238732486
            ],
            [
              -2.5964418686854627,
              52.24418072885113
            ],
            [
              -2.628895964262851,
              52.24030404610536
            ],
            [
              -2.6342566854073306,
              52.250669958664695
            ],
            [
              -2.6283164268418266,
              52.26120442264776
            ],
            [
              -2.6144075287372317,
              52.265671035376585
            ],
            [
              -2.6067286579086524,
              52.27569984508846
            ],
            [
              -2.5964418686854627,
              52.27662687791897
            ],
            [
              -2.599049787080074,
              52.28353748629186
            ],
            [
              -2.612668916474157,
              52.28673996334272
            ],
            [
              -2.618464290684405,
              52.28218907490203
            ],
            [
              -2.6262880458682396,
              52.28893113185119
            ],
            [
              -2.639907175262323,
              52.28640286049526
            ],
            [
              -2.6442537059200086,
              52.29373484742747
            ],
            [
              -2.652367229814356,
              52.29516753452917
            ],
            [
              -2.6632335564585707,
              52.30393220856308
            ],
            [
              -2.6362850663809176,
              52.30890447556309
            ],
            [
              -2.632373188789,
              52.30561772280037
            ],
            [
              -2.618029637618636,
              52.30688185847834
            ],
            [
              -2.610060998079545,
              52.30629192849529
            ],
            [
              -2.595137909488157,
              52.313876742563096
            ],
            [
              -2.584561351554454,
              52.31320253686818
            ],
            [
              -2.5748540997522884,
              52.31758487388514
            ],
            [
              -2.5625389295555117,
              52.311095644071564
            ],
            [
              -2.562249160844999,
              52.33309160486821
            ],
            [
              -2.539212548359264,
              52.344131723122466
            ],
            [
              -2.521971310083776,
              52.34177200319026
            ],
            [
              -2.5121191739263544,
              52.33713683903771
            ],
            [
              -2.508352180689693,
              52.33317588058007
            ],
            [
              -2.5131333644131475,
              52.32921492212244
            ],
            [
              -2.4818383436778086,
              52.33106898778346
            ],
            [
              -2.4782162347964034,
              52.338400974715675
            ],
            [
              -2.48444626207242,
              52.344468825969926
            ],
            [
              -2.4818383436778086,
              52.35112660720722
            ],
            [
              -2.4883581396643377,
              52.35542466851231
            ],
            [
              -2.4838667246513957,
              52.36048121122418
            ],
            [
              -2.47415947284923,
              52.36056548693605
            ],
            [
              -2.4747390102702544,
              52.367138992461484
            ],
            [
              -2.4677845612179574,
              52.364526445393686
            ],
            [
              -2.457642656350023,
              52.3678131981564
            ],
            [
              -2.4263476356146843,
              52.36579058107165
            ],
            [
              -2.4149017715494443,
              52.36823457671572
            ],
            [
              -2.411859200089064,
              52.35778438844452
            ],
            [
              -2.422145989312254,
              52.34901971441061
            ],
            [
              -2.4250436764173786,
              52.33671546047839
            ],
            [
              -2.4209869144702045,
              52.333007329156345
            ],
            [
              -2.433157200311725,
              52.32988912781736
            ],
            [
              -2.4364895404826177,
              52.32398982798684
            ],
            [
              -2.427216941746221,
              52.321882935190224
            ],
            [
              -2.4156261933257257,
              52.32247286517328
            ],
            [
              -2.4134529279968824,
              52.325506790800404
            ],
            [
              -2.4034559074842043,
              52.32398982798684
            ],
            [
              -2.4030212544184355,
              52.326686650766504
            ],
            [
              -2.3895470093796094,
              52.32120872949531
            ],
            [
              -2.369842737064766,
              52.32677092647837
            ],
            [
              -2.3731750772356586,
              52.31969176668175
            ],
            [
              -2.363322941078237,
              52.31480377539361
            ],
            [
              -2.347385662000055,
              52.32019742095294
            ],
            [
              -2.3284058114614927,
              52.32061879951226
            ],
            [
              -2.319712750146121,
              52.331490366342784
            ],
            [
              -2.3237695120932944,
              52.33528277337669
            ],
            [
              -2.3108748044754925,
              52.34050786751229
            ],
            [
              -2.3053691989757574,
              52.337811044732625
            ],
            [
              -2.308556654791394,
              52.33528277337669
            ],
            [
              -2.299139171699741,
              52.32230431374955
            ],
            [
              -2.2739292938851623,
              52.328877819274986
            ],
            [
              -2.2663953074118393,
              52.32356844942752
            ],
            [
              -2.26523623256979,
              52.31952321525802
            ],
            [
              -2.2749434843719554,
              52.30873592413936
            ],
            [
              -2.2704520693590133,
              52.282779004885086
            ],
            [
              -2.274798600016699,
              52.27148605949523
            ],
            [
              -2.251906871886219,
              52.26668234391896
            ],
            [
              -2.236404245873806,
              52.25387243571554
            ],
            [
              -2.231333293439839,
              52.24881589300367
            ],
            [
              -2.235824708452782,
              52.241062527512135
            ],
            [
              -2.2336514431239385,
              52.2385342561562
            ],
            [
              -2.2417649670182858,
              52.232129302054496
            ],
            [
              -2.243358694926104,
              52.22176338949516
            ],
            [
              -2.2435035792813602,
              52.217465328190066
            ],
            [
              -2.234955402321244,
              52.21139747693582
            ],
            [
              -2.248429647360071,
              52.20988051412226
            ],
            [
              -2.2501682596231447,
              52.197407708766306
            ],
            [
              -2.2604550488463353,
              52.19631212451207
            ],
            [
              -2.257412477385955,
              52.19209833891884
            ],
            [
              -2.261759008043641,
              52.1898228946985
            ],
            [
              -2.261903892398897,
              52.18190097778323
            ],
            [
              -2.2526312936625006,
              52.18350221630866
            ],
            [
              -2.2465461507417404,
              52.177012986495086
            ],
            [
              -2.247270572518021,
              52.16968099956287
            ],
            [
              -2.232782136992401,
              52.16968099956287
            ],
            [
              -2.2275663002031783,
              52.16369742402049
            ],
            [
              -2.2256828035848475,
              52.16807976103745
            ],
            [
              -2.220466966795624,
              52.16732127963067
            ],
            [
              -2.2175692796905,
              52.1620119097832
            ],
            [
              -2.2033706128753927,
              52.16732127963067
            ],
            [
              -2.189606599126054,
              52.14599952452894
            ],
            [
              -2.166714870995574,
              52.145578145969615
            ],
            [
              -2.1648313743772434,
              52.14279704747808
            ],
            [
              -2.171640939074285,
              52.14043732754588
            ],
            [
              -2.1728000139163344,
              52.13495940627468
            ],
            [
              -2.1922145175206653,
              52.13023996641027
            ],
            [
              -2.196416163823095,
              52.12476204513908
            ],
            [
              -2.1839561092710618,
              52.1199583295628
            ],
            [
              -2.1858396058893925,
              52.117682885342454
            ],
            [
              -2.173234666982103,
              52.109339589867865
            ],
            [
              -2.1519366667594415,
              52.10740124849498
            ],
            [
              -2.148749210943805,
              52.09956360729158
            ],
            [
              -2.1583115783907143,
              52.084478254867825
            ],
            [
              -2.1558485443513593,
              52.0764720622407
            ],
            [
              -2.1500531701411107,
              52.07537647798646
            ],
            [
              -2.158166694035458,
              52.06121815839322
            ],
            [
              -2.1754079323109456,
              52.05860561132541
            ],
            [
              -2.1697574424559543,
              52.055487409986426
            ],
            [
              -2.1713511703637725,
              52.04756549307116
            ],
            [
              -2.1807686534554254,
              52.041666193240644
            ],
            [
              -2.1768567758635085,
              52.022535606647395
            ],
            [
              -2.1877231025077233,
              52.01908030246095
            ],
            [
              -2.184100993626318,
              52.01393948403721
            ],
            [
              -2.164686490021987,
              52.00416350146092
            ],
            [
              -2.164251836956219,
              51.996410135969384
            ],
            [
              -2.1748283948899214,
              51.99607303312193
            ],
            [
              -2.181058422165938,
              51.99952833730838
            ],
            [
              -2.1794646942581197,
              51.99480889744396
            ],
            [
              -2.185115184113111,
              51.99059511185073
            ],
            [
              -2.202935959809624,
              51.996410135969384
            ],
            [
              -2.2206118511508803,
              51.995483103138874
            ],
            [
              -2.2514722188204512,
              51.96657653396934
            ],
            [
              -2.2705969537142696,
              51.968936253901546
            ]
          ]
        ]
      },
      "properties": {
        "slot_id": "gas_emissions_6",
        "lineage_id": "LOCAL-NEW-92271296-1318-4c0c-a293-d0d4ebc2d06b",
        "page_generation": 1,
        "semantic_mode": "AREA_JOIN",
        "partition": {
          "start": 76904,
          "end": 92283,
          "count": 15380
        },
        "evidence_scope": "coverage_area",
        "coverage_area_id": "E07000235",
        "coverage_area_name": "Malvern Hills",
        "coverage_area_identifier_scheme": "ONS_GSS_LTLA",
        "boundary_vintage": "2014-2025 topology; active 2025",
        "source_area_record": true,
        "accepted_parcel_record": false,
        "spatial_binding_method": "OFFICIAL_POLYGON_AND_EXACT_IDENTIFIER",
        "source_window_record_index": 8,
        "source_url": "https://raw.githubusercontent.com/ONSdigital/uk-topojson/aa84341201698f59b26998ca39d2b578df4b6d78/output/topo.json",
        "final_url": "https://raw.githubusercontent.com/ONSdigital/uk-topojson/aa84341201698f59b26998ca39d2b578df4b6d78/output/topo.json",
        "source_access_utc": "2026-10-01T21:28:00Z",
        "source_blob_sha": "668461dddd006aa7e8e176896a7bdcbe5f5e32b5",
        "source_file_sha256": "9feaf90628fee8cf713821801c17fff47691cfa03b60262d4b68e355c485f23d",
        "field_evidence": {
          "areacd": "E07000235",
          "areanm": "Malvern Hills",
          "start": 2014,
          "end": null,
          "geometry_type": "Polygon"
        },
        "evidence_slice_sha256": "4e5a8bdd7aec3c16c579eb8638351bf2c24916c89cfad3288655f482dfcbb3c0",
        "confidence_score_0_100": 96,
        "evidence_grade": "A",
        "licence": "ONS Geography licensing terms / Open Government Licence v3.0",
        "licence_evidence_url": "https://www.ons.gov.uk/methodology/geography/licences",
        "fake_data": false,
        "local_spatial_join_status": "DEFERRED_TO_LOCAL_OPENCODE"
      }
    },
    {
      "type": "Feature",
      "id": "E07000236",
      "geometry": {
        "type": "Polygon",
        "coordinates": [
          [
            [
              -1.8808580380750923,
              52.31092709264784
            ],
            [
              -1.8752075482201,
              52.30553344708851
            ],
            [
              -1.8804233850093235,
              52.298285735868156
            ],
            [
              -1.8865085279300837,
              52.286571411918985
            ],
            [
              -1.895636242311224,
              52.282694729173215
            ],
            [
              -1.9008520791004475,
              52.28353748629186
            ],
            [
              -1.9146160928497862,
              52.275362742241
            ],
            [
              -1.9211358888363153,
              52.276458326495245
            ],
            [
              -1.9343203651646297,
              52.27696398076643
            ],
            [
              -1.935479440006679,
              52.27696398076643
            ],
            [
              -1.9386668958223154,
              52.27047475095286
            ],
            [
              -1.934465249519886,
              52.26457545112234
            ],
            [
              -1.9346101338751422,
              52.25201837005453
            ],
            [
              -1.9460559979403822,
              52.25117561293588
            ],
            [
              -1.9530104469926792,
              52.24367507457994
            ],
            [
              -1.9676437668735556,
              52.23701729334264
            ],
            [
              -1.9940127195301844,
              52.23979839183417
            ],
            [
              -1.994737141306465,
              52.23533177910535
            ],
            [
              -2.016759563305407,
              52.23727012047823
            ],
            [
              -2.0189328286342505,
              52.24148390607146
            ],
            [
              -2.011253957805672,
              52.262637109749456
            ],
            [
              -2.0154556041081015,
              52.26996909668167
            ],
            [
              -2.005748352305936,
              52.27055902666473
            ],
            [
              -2.003140433911325,
              52.27359295229185
            ],
            [
              -2.0070523115032417,
              52.275362742241
            ],
            [
              -2.0025608964902997,
              52.27957652783423
            ],
            [
              -1.9980694814773576,
              52.283621762003726
            ],
            [
              -2.0019813590692745,
              52.288088374732546
            ],
            [
              -1.9909701480698034,
              52.291965057478315
            ],
            [
              -1.9861889643463488,
              52.29086947322408
            ],
            [
              -1.9850298895042995,
              52.30013980152918
            ],
            [
              -1.9815526649781505,
              52.29929704441053
            ],
            [
              -1.9764817125441843,
              52.303679381427486
            ],
            [
              -1.9806833588466137,
              52.30713468561393
            ],
            [
              -1.9779305560967462,
              52.30991578410546
            ],
            [
              -1.9740186785048284,
              52.3083988212919
            ],
            [
              -1.9696721478471426,
              52.31497232681733
            ],
            [
              -1.9605444334660023,
              52.31471949968174
            ],
            [
              -1.9550388279662663,
              52.321040178071584
            ],
            [
              -1.9482292632692246,
              52.3217143837665
            ],
            [
              -1.9425787734142332,
              52.3217143837665
            ],
            [
              -1.9347550182303985,
              52.32415837941057
            ],
            [
              -1.9094002560605636,
              52.323484173715656
            ],
            [
              -1.9088207186395385,
              52.3205345238004
            ],
            [
              -1.8918692490745634,
              52.32137728091904
            ],
            [
              -1.8808580380750923,
              52.31092709264784
            ]
          ]
        ]
      },
      "properties": {
        "slot_id": "gas_emissions_6",
        "lineage_id": "LOCAL-NEW-92271296-1318-4c0c-a293-d0d4ebc2d06b",
        "page_generation": 1,
        "semantic_mode": "AREA_JOIN",
        "partition": {
          "start": 76904,
          "end": 92283,
          "count": 15380
        },
        "evidence_scope": "coverage_area",
        "coverage_area_id": "E07000236",
        "coverage_area_name": "Redditch",
        "coverage_area_identifier_scheme": "ONS_GSS_LTLA",
        "boundary_vintage": "2014-2025 topology; active 2025",
        "source_area_record": true,
        "accepted_parcel_record": false,
        "spatial_binding_method": "OFFICIAL_POLYGON_AND_EXACT_IDENTIFIER",
        "source_window_record_index": 9,
        "source_url": "https://raw.githubusercontent.com/ONSdigital/uk-topojson/aa84341201698f59b26998ca39d2b578df4b6d78/output/topo.json",
        "final_url": "https://raw.githubusercontent.com/ONSdigital/uk-topojson/aa84341201698f59b26998ca39d2b578df4b6d78/output/topo.json",
        "source_access_utc": "2026-10-01T21:28:00Z",
        "source_blob_sha": "668461dddd006aa7e8e176896a7bdcbe5f5e32b5",
        "source_file_sha256": "9feaf90628fee8cf713821801c17fff47691cfa03b60262d4b68e355c485f23d",
        "field_evidence": {
          "areacd": "E07000236",
          "areanm": "Redditch",
          "start": 2014,
          "end": null,
          "geometry_type": "Polygon"
        },
        "evidence_slice_sha256": "4e5a8bdd7aec3c16c579eb8638351bf2c24916c89cfad3288655f482dfcbb3c0",
        "confidence_score_0_100": 96,
        "evidence_grade": "A",
        "licence": "ONS Geography licensing terms / Open Government Licence v3.0",
        "licence_evidence_url": "https://www.ons.gov.uk/methodology/geography/licences",
        "fake_data": false,
        "local_spatial_join_status": "DEFERRED_TO_LOCAL_OPENCODE"
      }
    },
    {
      "type": "Feature",
      "id": "E07000237",
      "geometry": {
        "type": "Polygon",
        "coordinates": [
          [
            [
              -2.2033706128753927,
              52.16732127963067
            ],
            [
              -2.2175692796905,
              52.1620119097832
            ],
            [
              -2.220466966795624,
              52.16732127963067
            ],
            [
              -2.2256828035848475,
              52.16807976103745
            ],
            [
              -2.2275663002031783,
              52.16369742402049
            ],
            [
              -2.232782136992401,
              52.16968099956287
            ],
            [
              -2.247270572518021,
              52.16968099956287
            ],
            [
              -2.2465461507417404,
              52.177012986495086
            ],
            [
              -2.2526312936625006,
              52.18350221630866
            ],
            [
              -2.261903892398897,
              52.18190097778323
            ],
            [
              -2.261759008043641,
              52.1898228946985
            ],
            [
              -2.257412477385955,
              52.19209833891884
            ],
            [
              -2.2604550488463353,
              52.19631212451207
            ],
            [
              -2.2501682596231447,
              52.197407708766306
            ],
            [
              -2.248429647360071,
              52.20988051412226
            ],
            [
              -2.234955402321244,
              52.21139747693582
            ],
            [
              -2.2435035792813602,
              52.217465328190066
            ],
            [
              -2.243358694926104,
              52.22176338949516
            ],
            [
              -2.2355349397422692,
              52.22210049234262
            ],
            [
              -2.233506558768682,
              52.22681993220703
            ],
            [
              -2.228435606334715,
              52.22479731512228
            ],
            [
              -2.222495347769211,
              52.23137082064771
            ],
            [
              -2.2091659870856404,
              52.22479731512228
            ],
            [
              -2.196561048178351,
              52.223701730868044
            ],
            [
              -2.167584177127111,
              52.21636974393583
            ],
            [
              -2.15773204096969,
              52.21342009402057
            ],
            [
              -2.1648313743772434,
              52.20018880725784
            ],
            [
              -2.1649762587324997,
              52.200104531545975
            ],
            [
              -2.171206286008516,
              52.184513524851035
            ],
            [
              -2.1797544629686323,
              52.18400787057985
            ],
            [
              -2.1874333337972107,
              52.178192846461194
            ],
            [
              -2.18859240863926,
              52.171029410952706
            ],
            [
              -2.2033706128753927,
              52.16732127963067
            ]
          ]
        ]
      },
      "properties": {
        "slot_id": "gas_emissions_6",
        "lineage_id": "LOCAL-NEW-92271296-1318-4c0c-a293-d0d4ebc2d06b",
        "page_generation": 1,
        "semantic_mode": "AREA_JOIN",
        "partition": {
          "start": 76904,
          "end": 92283,
          "count": 15380
        },
        "evidence_scope": "coverage_area",
        "coverage_area_id": "E07000237",
        "coverage_area_name": "Worcester",
        "coverage_area_identifier_scheme": "ONS_GSS_LTLA",
        "boundary_vintage": "2014-2025 topology; active 2025",
        "source_area_record": true,
        "accepted_parcel_record": false,
        "spatial_binding_method": "OFFICIAL_POLYGON_AND_EXACT_IDENTIFIER",
        "source_window_record_index": 10,
        "source_url": "https://raw.githubusercontent.com/ONSdigital/uk-topojson/aa84341201698f59b26998ca39d2b578df4b6d78/output/topo.json",
        "final_url": "https://raw.githubusercontent.com/ONSdigital/uk-topojson/aa84341201698f59b26998ca39d2b578df4b6d78/output/topo.json",
        "source_access_utc": "2026-10-01T21:28:00Z",
        "source_blob_sha": "668461dddd006aa7e8e176896a7bdcbe5f5e32b5",
        "source_file_sha256": "9feaf90628fee8cf713821801c17fff47691cfa03b60262d4b68e355c485f23d",
        "field_evidence": {
          "areacd": "E07000237",
          "areanm": "Worcester",
          "start": 2014,
          "end": null,
          "geometry_type": "Polygon"
        },
        "evidence_slice_sha256": "4e5a8bdd7aec3c16c579eb8638351bf2c24916c89cfad3288655f482dfcbb3c0",
        "confidence_score_0_100": 96,
        "evidence_grade": "A",
        "licence": "ONS Geography licensing terms / Open Government Licence v3.0",
        "licence_evidence_url": "https://www.ons.gov.uk/methodology/geography/licences",
        "fake_data": false,
        "local_spatial_join_status": "DEFERRED_TO_LOCAL_OPENCODE"
      }
    },
    {
      "type": "Feature",
      "id": "E07000238",
      "geometry": {
        "type": "Polygon",
        "coordinates": [
          [
            [
              -1.8391313437613066,
              52.00677604852872
            ],
            [
              -1.8615884188260177,
              52.012591072647375
            ],
            [
              -1.8623128406022982,
              52.01747906393552
            ],
            [
              -1.9134570180077368,
              52.04453156744404
            ],
            [
              -1.9221500793231092,
              52.03559834198639
            ],
            [
              -1.92707614740182,
              52.03669392624064
            ],
            [
              -1.9317124467700184,
              52.02986759357961
            ],
            [
              -1.9475048414929441,
              52.03189021066436
            ],
            [
              -1.951416719084861,
              52.03770523478301
            ],
            [
              -1.9841605833727627,
              52.035935444833854
            ],
            [
              -1.9951717943722338,
              52.02658084081689
            ],
            [
              -1.9986490188983828,
              52.029699042155876
            ],
            [
              -2.023714012357705,
              52.01688913395247
            ],
            [
              -2.0293645022126965,
              52.01275962407111
            ],
            [
              -2.0270463525285978,
              52.01056845556263
            ],
            [
              -2.0383473322385814,
              52.009641422732116
            ],
            [
              -2.0383473322385814,
              52.004584880020246
            ],
            [
              -2.049503427593309,
              52.00382639861347
            ],
            [
              -2.048634121461771,
              52.00711315137618
            ],
            [
              -2.0596453324612423,
              52.00997852557958
            ],
            [
              -2.0608044073032925,
              52.01469796544399
            ],
            [
              -2.084855210275821,
              52.010484179850764
            ],
            [
              -2.0977499178936228,
              52.01309672691856
            ],
            [
              -2.108761128893094,
              52.01427658688467
            ],
            [
              -2.1180337276294914,
              52.01436086259653
            ],
            [
              -2.1210762990898715,
              52.01132693696941
            ],
            [
              -2.1315079726683175,
              52.00593329141008
            ],
            [
              -2.1351300815497227,
              51.9996968887321
            ],
            [
              -2.1419396462467644,
              51.99978116444397
            ],
            [
              -2.1390419591416396,
              52.00391067432533
            ],
            [
              -2.150777591917392,
              52.006607497104994
            ],
            [
              -2.1396214965626648,
              52.02776070078299
            ],
            [
              -2.1171644214979537,
              52.03366000061351
            ],
            [
              -2.1184683806952593,
              52.04208757179997
            ],
            [
              -2.158166694035458,
              52.05017804013896
            ],
            [
              -2.1713511703637725,
              52.04756549307116
            ],
            [
              -2.1697574424559543,
              52.055487409986426
            ],
            [
              -2.1754079323109456,
              52.05860561132541
            ],
            [
              -2.158166694035458,
              52.06121815839322
            ],
            [
              -2.1500531701411107,
              52.07537647798646
            ],
            [
              -2.1558485443513593,
              52.0764720622407
            ],
            [
              -2.1583115783907143,
              52.084478254867825
            ],
            [
              -2.148749210943805,
              52.09956360729158
            ],
            [
              -2.1519366667594415,
              52.10740124849498
            ],
            [
              -2.173234666982103,
              52.109339589867865
            ],
            [
              -2.1858396058893925,
              52.117682885342454
            ],
            [
              -2.1839561092710618,
              52.1199583295628
            ],
            [
              -2.196416163823095,
              52.12476204513908
            ],
            [
              -2.1922145175206653,
              52.13023996641027
            ],
            [
              -2.1728000139163344,
              52.13495940627468
            ],
            [
              -2.171640939074285,
              52.14043732754588
            ],
            [
              -2.1648313743772434,
              52.14279704747808
            ],
            [
              -2.166714870995574,
              52.145578145969615
            ],
            [
              -2.189606599126054,
              52.14599952452894
            ],
            [
              -2.2033706128753927,
              52.16732127963067
            ],
            [
              -2.18859240863926,
              52.171029410952706
            ],
            [
              -2.1874333337972107,
              52.178192846461194
            ],
            [
              -2.1797544629686323,
              52.18400787057985
            ],
            [
              -2.171206286008516,
              52.184513524851035
            ],
            [
              -2.1649762587324997,
              52.200104531545975
            ],
            [
              -2.1648313743772434,
              52.20018880725784
            ],
            [
              -2.15773204096969,
              52.21342009402057
            ],
            [
              -2.167584177127111,
              52.21636974393583
            ],
            [
              -2.196561048178351,
              52.223701730868044
            ],
            [
              -2.2091659870856404,
              52.22479731512228
            ],
            [
              -2.222495347769211,
              52.23137082064771
            ],
            [
              -2.228435606334715,
              52.22479731512228
            ],
            [
              -2.233506558768682,
              52.22681993220703
            ],
            [
              -2.2355349397422692,
              52.22210049234262
            ],
            [
              -2.243358694926104,
              52.22176338949516
            ],
            [
              -2.2417649670182858,
              52.232129302054496
            ],
            [
              -2.2336514431239385,
              52.2385342561562
            ],
            [
              -2.235824708452782,
              52.241062527512135
            ],
            [
              -2.231333293439839,
              52.24881589300367
            ],
            [
              -2.236404245873806,
              52.25387243571554
            ],
            [
              -2.251906871886219,
              52.26668234391896
            ],
            [
              -2.274798600016699,
              52.27148605949523
            ],
            [
              -2.2704520693590133,
              52.282779004885086
            ],
            [
              -2.2749434843719554,
              52.30873592413936
            ],
            [
              -2.26523623256979,
              52.31952321525802
            ],
            [
              -2.2663953074118393,
              52.32356844942752
            ],
            [
              -2.2604550488463353,
              52.32828788929193
            ],
            [
              -2.271756028556319,
              52.33258595059702
            ],
            [
              -2.249443837846864,
              52.34573296164789
            ],
            [
              -2.2456768446102027,
              52.36098686549537
            ],
            [
              -2.2336514431239385,
              52.36098686549537
            ],
            [
              -2.233506558768682,
              52.36107114120723
            ],
            [
              -2.2117739054802525,
              52.3559303227835
            ],
            [
              -2.204964340783211,
              52.34556441022416
            ],
            [
              -2.19395312978374,
              52.3400022132411
            ],
            [
              -2.190475905257591,
              52.328877819274986
            ],
            [
              -2.1707716329427473,
              52.33157464205465
            ],
            [
              -2.174538626179409,
              52.316573565342765
            ],
            [
              -2.1668597553508304,
              52.31842763100378
            ],
            [
              -2.167584177127111,
              52.324411206546166
            ],
            [
              -2.156138313061872,
              52.3309847120716
            ],
            [
              -2.1488940952990614,
              52.34632289163094
            ],
            [
              -2.1430987210888137,
              52.3466599944784
            ],
            [
              -2.1371584625233098,
              52.35003102295298
            ],
            [
              -2.1329568162208794,
              52.348008405868235
            ],
            [
              -2.127740979431656,
              52.35222219146146
            ],
            [
              -2.1315079726683175,
              52.347081373037724
            ],
            [
              -2.1231046800634576,
              52.34269903602077
            ],
            [
              -2.124698407971276,
              52.34017076466483
            ],
            [
              -2.1170195371426974,
              52.342024830325855
            ],
            [
              -2.113252543906037,
              52.33713683903771
            ],
            [
              -2.1184683806952593,
              52.332080296325834
            ],
            [
              -2.115860462300648,
              52.32213576232582
            ],
            [
              -2.1241188705502516,
              52.314466672546146
            ],
            [
              -2.100357836288235,
              52.31337108829191
            ],
            [
              -2.0941278090122184,
              52.31539370537666
            ],
            [
              -2.0951419994990115,
              52.31337108829191
            ],
            [
              -2.0851449789863334,
              52.313539639715636
            ],
            [
              -2.090360815775557,
              52.30485924139359
            ],
            [
              -2.084855210275821,
              52.29693732447832
            ],
            [
              -2.0916647749728625,
              52.28850975329187
            ],
            [
              -2.0767416863814745,
              52.28909968327492
            ],
            [
              -2.055588570514069,
              52.28471734625796
            ],
            [
              -2.047040393553953,
              52.287835547596956
            ],
            [
              -2.0232793592919363,
              52.27805956502067
            ],
            [
              -2.0025608964902997,
              52.27957652783423
            ],
            [
              -2.0070523115032417,
              52.275362742241
            ],
            [
              -2.003140433911325,
              52.27359295229185
            ],
            [
              -2.005748352305936,
              52.27055902666473
            ],
            [
              -2.0154556041081015,
              52.26996909668167
            ],
            [
              -2.011253957805672,
              52.262637109749456
            ],
            [
              -2.0189328286342505,
              52.24148390607146
            ],
            [
              -2.016759563305407,
              52.23727012047823
            ],
            [
              -1.994737141306465,
              52.23533177910535
            ],
            [
              -1.9940127195301844,
              52.23979839183417
            ],
            [
              -1.9676437668735556,
              52.23701729334264
            ],
            [
              -1.9530104469926792,
              52.24367507457994
            ],
            [
              -1.9460559979403822,
              52.25117561293588
            ],
            [
              -1.9346101338751422,
              52.25201837005453
            ],
            [
              -1.9247579977177205,
              52.24089397608841
            ],
            [
              -1.9173688955996546,
              52.21830808530871
            ],
            [
              -1.9201216983495222,
              52.21030189268158
            ],
            [
              -1.9356243243619353,
              52.20406549000361
            ],
            [
              -1.9359140930724479,
              52.189907170410365
            ],
            [
              -1.9446071543878203,
              52.17482181798661
            ],
            [
              -1.9617035083080516,
              52.1724620980544
            ],
            [
              -1.960399549110746,
              52.1686696910205
            ],
            [
              -1.935479440006679,
              52.169512448139145
            ],
            [
              -1.9340305964541171,
              52.165382938257785
            ],
            [
              -1.9443173856773077,
              52.15526985283404
            ],
            [
              -1.9401157393748774,
              52.152994408613694
            ],
            [
              -1.9218603106125967,
              52.152994408613694
            ],
            [
              -1.9169342425338858,
              52.14667373022385
            ],
            [
              -1.905053725402877,
              52.14271277176622
            ],
            [
              -1.9031702287845471,
              52.13335816774926
            ],
            [
              -1.8850596843775218,
              52.14675800593572
            ],
            [
              -1.8941873987586622,
              52.14819069303742
            ],
            [
              -1.8907101742325132,
              52.15569123139336
            ],
            [
              -1.8669491399704965,
              52.152994408613694
            ],
            [
              -1.8639065685101164,
              52.14701083307131
            ],
            [
              -1.8669491399704965,
              52.14456683742724
            ],
            [
              -1.854199316707951,
              52.138498986173
            ],
            [
              -1.845796024103092,
              52.14262849605436
            ],
            [
              -1.8469550989451413,
              52.14717938449504
            ],
            [
              -1.8518811670238522,
              52.14802214161369
            ],
            [
              -1.848259058142447,
              52.14996048298657
            ],
            [
              -1.8397108811823308,
              52.152741581478104
            ],
            [
              -1.8310178198669593,
              52.148274968749284
            ],
            [
              -1.8314524729327282,
              52.14566242168148
            ],
            [
              -1.823338949038381,
              52.145915248817076
            ],
            [
              -1.827830364051323,
              52.14119580895266
            ],
            [
              -1.8231940646831246,
              52.13639209337638
            ],
            [
              -1.808415860446992,
              52.139931673274695
            ],
            [
              -1.7856690166717684,
              52.13200975635942
            ],
            [
              -1.7958109215397027,
              52.12442494229162
            ],
            [
              -1.791029737816248,
              52.12021115669839
            ],
            [
              -1.780598064237802,
              52.120126880986525
            ],
            [
              -1.7697317375935864,
              52.115323165410246
            ],
            [
              -1.7578512204625785,
              52.11608164681703
            ],
            [
              -1.7677033566200002,
              52.112626342630584
            ],
            [
              -1.7894360099084299,
              52.10638993995261
            ],
            [
              -1.7901604316847113,
              52.10057491583395
            ],
            [
              -1.8023307175262318,
              52.09686678451192
            ],
            [
              -1.8127623911046777,
              52.07866323074917
            ],
            [
              -1.8189924183806951,
              52.085405287698336
            ],
            [
              -1.8317422416432398,
              52.072763930918654
            ],
            [
              -1.8466653302346288,
              52.079421712155956
            ],
            [
              -1.853330010576414,
              52.0724268280712
            ],
            [
              -1.8556481602605128,
              52.074365169444086
            ],
            [
              -1.8691224052993398,
              52.07377523946103
            ],
            [
              -1.8720200924044637,
              52.071921173800014
            ],
            [
              -1.871730323693951,
              52.06543194398644
            ],
            [
              -1.8650656433521666,
              52.06627470110509
            ],
            [
              -1.8628923780233233,
              52.06340932690169
            ],
            [
              -1.8634719154443484,
              52.053380517189815
            ],
            [
              -1.8346399287483646,
              52.04368881032539
            ],
            [
              -1.82985874502491,
              52.03913792188471
            ],
            [
              -1.8305831668011905,
              52.032058762088084
            ],
            [
              -1.824932676946199,
              52.030878902121984
            ],
            [
              -1.8356541192351576,
              52.022535606647395
            ],
            [
              -1.835364350524645,
              52.00922004417279
            ],
            [
              -1.8391313437613066,
              52.00677604852872
            ]
          ]
        ]
      },
      "properties": {
        "slot_id": "gas_emissions_6",
        "lineage_id": "LOCAL-NEW-92271296-1318-4c0c-a293-d0d4ebc2d06b",
        "page_generation": 1,
        "semantic_mode": "AREA_JOIN",
        "partition": {
          "start": 76904,
          "end": 92283,
          "count": 15380
        },
        "evidence_scope": "coverage_area",
        "coverage_area_id": "E07000238",
        "coverage_area_name": "Wychavon",
        "coverage_area_identifier_scheme": "ONS_GSS_LTLA",
        "boundary_vintage": "2014-2025 topology; active 2025",
        "source_area_record": true,
        "accepted_parcel_record": false,
        "spatial_binding_method": "OFFICIAL_POLYGON_AND_EXACT_IDENTIFIER",
        "source_window_record_index": 11,
        "source_url": "https://raw.githubusercontent.com/ONSdigital/uk-topojson/aa84341201698f59b26998ca39d2b578df4b6d78/output/topo.json",
        "final_url": "https://raw.githubusercontent.com/ONSdigital/uk-topojson/aa84341201698f59b26998ca39d2b578df4b6d78/output/topo.json",
        "source_access_utc": "2026-10-01T21:28:00Z",
        "source_blob_sha": "668461dddd006aa7e8e176896a7bdcbe5f5e32b5",
        "source_file_sha256": "9feaf90628fee8cf713821801c17fff47691cfa03b60262d4b68e355c485f23d",
        "field_evidence": {
          "areacd": "E07000238",
          "areanm": "Wychavon",
          "start": 2014,
          "end": null,
          "geometry_type": "Polygon"
        },
        "evidence_slice_sha256": "4e5a8bdd7aec3c16c579eb8638351bf2c24916c89cfad3288655f482dfcbb3c0",
        "confidence_score_0_100": 96,
        "evidence_grade": "A",
        "licence": "ONS Geography licensing terms / Open Government Licence v3.0",
        "licence_evidence_url": "https://www.ons.gov.uk/methodology/geography/licences",
        "fake_data": false,
        "local_spatial_join_status": "DEFERRED_TO_LOCAL_OPENCODE"
      }
    },
    {
      "type": "Feature",
      "id": "E07000239",
      "geometry": {
        "type": "Polygon",
        "coordinates": [
          [
            [
              -2.2874035389239884,
              52.45529138707179
            ],
            [
              -2.2949375253973106,
              52.448886432970085
            ],
            [
              -2.287258654568732,
              52.445599680207366
            ],
            [
              -2.2694378788722194,
              52.43860479612261
            ],
            [
              -2.2626283141751786,
              52.44071168891922
            ],
            [
              -2.2614692393331284,
              52.436919281885324
            ],
            [
              -2.217859048401013,
              52.435402319071756
            ],
            [
              -2.210469946282946,
              52.42992439780056
            ],
            [
              -2.19699570124412,
              52.42773322929209
            ],
            [
              -2.192938939296946,
              52.42326661656327
            ],
            [
              -2.1858396058893925,
              52.42621626647853
            ],
            [
              -2.167729061482367,
              52.423772270834455
            ],
            [
              -2.1583115783907143,
              52.40927684839375
            ],
            [
              -2.142664068023045,
              52.41121518976664
            ],
            [
              -2.1339710067076734,
              52.410288156936126
            ],
            [
              -2.126292135879094,
              52.40329327285137
            ],
            [
              -2.137737999944334,
              52.39393866883441
            ],
            [
              -2.1299142447604993,
              52.38879785041067
            ],
            [
              -2.1325221631551106,
              52.38618530334287
            ],
            [
              -2.1231046800634576,
              52.373038292292
            ],
            [
              -2.1191928024715407,
              52.357868664156385
            ],
            [
              -2.130783550892037,
              52.357868664156385
            ],
            [
              -2.1371584625233098,
              52.35003102295298
            ],
            [
              -2.1430987210888137,
              52.3466599944784
            ],
            [
              -2.1488940952990614,
              52.34632289163094
            ],
            [
              -2.156138313061872,
              52.3309847120716
            ],
            [
              -2.167584177127111,
              52.324411206546166
            ],
            [
              -2.1668597553508304,
              52.31842763100378
            ],
            [
              -2.174538626179409,
              52.316573565342765
            ],
            [
              -2.1707716329427473,
              52.33157464205465
            ],
            [
              -2.190475905257591,
              52.328877819274986
            ],
            [
              -2.19395312978374,
              52.3400022132411
            ],
            [
              -2.204964340783211,
              52.34556441022416
            ],
            [
              -2.2117739054802525,
              52.3559303227835
            ],
            [
              -2.233506558768682,
              52.36107114120723
            ],
            [
              -2.2336514431239385,
              52.36098686549537
            ],
            [
              -2.2456768446102027,
              52.36098686549537
            ],
            [
              -2.249443837846864,
              52.34573296164789
            ],
            [
              -2.271756028556319,
              52.33258595059702
            ],
            [
              -2.2604550488463353,
              52.32828788929193
            ],
            [
              -2.2663953074118393,
              52.32356844942752
            ],
            [
              -2.2739292938851623,
              52.328877819274986
            ],
            [
              -2.299139171699741,
              52.32230431374955
            ],
            [
              -2.308556654791394,
              52.33528277337669
            ],
            [
              -2.3053691989757574,
              52.337811044732625
            ],
            [
              -2.3108748044754925,
              52.34050786751229
            ],
            [
              -2.3237695120932944,
              52.33528277337669
            ],
            [
              -2.319712750146121,
              52.331490366342784
            ],
            [
              -2.3284058114614927,
              52.32061879951226
            ],
            [
              -2.347385662000055,
              52.32019742095294
            ],
            [
              -2.363322941078237,
              52.31480377539361
            ],
            [
              -2.3731750772356586,
              52.31969176668175
            ],
            [
              -2.369842737064766,
              52.32677092647837
            ],
            [
              -2.3895470093796094,
              52.32120872949531
            ],
            [
              -2.4030212544184355,
              52.326686650766504
            ],
            [
              -2.4034559074842043,
              52.32398982798684
            ],
            [
              -2.4134529279968824,
              52.325506790800404
            ],
            [
              -2.4156261933257257,
              52.32247286517328
            ],
            [
              -2.427216941746221,
              52.321882935190224
            ],
            [
              -2.4364895404826177,
              52.32398982798684
            ],
            [
              -2.433157200311725,
              52.32988912781736
            ],
            [
              -2.4209869144702045,
              52.333007329156345
            ],
            [
              -2.4250436764173786,
              52.33671546047839
            ],
            [
              -2.422145989312254,
              52.34901971441061
            ],
            [
              -2.411859200089064,
              52.35778438844452
            ],
            [
              -2.4149017715494443,
              52.36823457671572
            ],
            [
              -2.409830819115477,
              52.37059429664793
            ],
            [
              -2.415191540259957,
              52.37902186783438
            ],
            [
              -2.4105552408917585,
              52.38711233617338
            ],
            [
              -2.405339404102535,
              52.38306710200388
            ],
            [
              -2.3936037713267826,
              52.38441551339371
            ],
            [
              -2.3907060842216588,
              52.381465863478454
            ],
            [
              -2.387373744050766,
              52.384499789105575
            ],
            [
              -2.377956260959113,
              52.38306710200388
            ],
            [
              -2.367379703025411,
              52.38803936900389
            ],
            [
              -2.3526014987892783,
              52.38888212612253
            ],
            [
              -2.3501384647499233,
              52.38567964907168
            ],
            [
              -2.335505144869047,
              52.38525827051236
            ],
            [
              -2.334056301316485,
              52.38879785041067
            ],
            [
              -2.3421698252108323,
              52.393180187427625
            ],
            [
              -2.372885308525146,
              52.4020291371734
            ],
            [
              -2.365930859472849,
              52.40775988558019
            ],
            [
              -2.3666552812491295,
              52.42301378942767
            ],
            [
              -2.3627434036572126,
              52.4257948879192
            ],
            [
              -2.3641922472097745,
              52.43186273917345
            ],
            [
              -2.363467825433493,
              52.439363277529395
            ],
            [
              -2.345067512315956,
              52.439279001817525
            ],
            [
              -2.333042110829691,
              52.43531804335989
            ],
            [
              -2.3259427774221377,
              52.43826769327515
            ],
            [
              -2.321596246764452,
              52.43616080047854
            ],
            [
              -2.3117441106070302,
              52.437509211868374
            ],
            [
              -2.3062385051072942,
              52.445936783054826
            ],
            [
              -2.2874035389239884,
              52.45529138707179
            ]
          ]
        ]
      },
      "properties": {
        "slot_id": "gas_emissions_6",
        "lineage_id": "LOCAL-NEW-92271296-1318-4c0c-a293-d0d4ebc2d06b",
        "page_generation": 1,
        "semantic_mode": "AREA_JOIN",
        "partition": {
          "start": 76904,
          "end": 92283,
          "count": 15380
        },
        "evidence_scope": "coverage_area",
        "coverage_area_id": "E07000239",
        "coverage_area_name": "Wyre Forest",
        "coverage_area_identifier_scheme": "ONS_GSS_LTLA",
        "boundary_vintage": "2014-2025 topology; active 2025",
        "source_area_record": true,
        "accepted_parcel_record": false,
        "spatial_binding_method": "OFFICIAL_POLYGON_AND_EXACT_IDENTIFIER",
        "source_window_record_index": 12,
        "source_url": "https://raw.githubusercontent.com/ONSdigital/uk-topojson/aa84341201698f59b26998ca39d2b578df4b6d78/output/topo.json",
        "final_url": "https://raw.githubusercontent.com/ONSdigital/uk-topojson/aa84341201698f59b26998ca39d2b578df4b6d78/output/topo.json",
        "source_access_utc": "2026-10-01T21:28:00Z",
        "source_blob_sha": "668461dddd006aa7e8e176896a7bdcbe5f5e32b5",
        "source_file_sha256": "9feaf90628fee8cf713821801c17fff47691cfa03b60262d4b68e355c485f23d",
        "field_evidence": {
          "areacd": "E07000239",
          "areanm": "Wyre Forest",
          "start": 2014,
          "end": null,
          "geometry_type": "Polygon"
        },
        "evidence_slice_sha256": "4e5a8bdd7aec3c16c579eb8638351bf2c24916c89cfad3288655f482dfcbb3c0",
        "confidence_score_0_100": 96,
        "evidence_grade": "A",
        "licence": "ONS Geography licensing terms / Open Government Licence v3.0",
        "licence_evidence_url": "https://www.ons.gov.uk/methodology/geography/licences",
        "fake_data": false,
        "local_spatial_join_status": "DEFERRED_TO_LOCAL_OPENCODE"
      }
    },
    {
      "type": "Feature",
      "id": "E07000240",
      "geometry": {
        "type": "Polygon",
        "coordinates": [
          [
            [
              -0.4049211110801849,
              51.84058434473186
            ],
            [
              -0.38318845779175525,
              51.83190394640981
            ],
            [
              -0.3740607434106149,
              51.82920712363015
            ],
            [
              -0.3688449066213906,
              51.83106118929116
            ],
            [
              -0.36435349160844943,
              51.839910139036945
            ],
            [
              -0.36333930112165547,
              51.84210130754542
            ],
            [
              -0.356095083358845,
              51.840500069019996
            ],
            [
              -0.3394333825043834,
              51.84960184590136
            ],
            [
              -0.3232063347156888,
              51.84479813032509
            ],
            [
              -0.3194393414790273,
              51.836623386274226
            ],
            [
              -0.2736558852180675,
              51.835359250596255
            ],
            [
              -0.26510770825795227,
              51.83375801207083
            ],
            [
              -0.2435199393247789,
              51.81277335981656
            ],
            [
              -0.24380970803529145,
              51.80940233134198
            ],
            [
              -0.25655953129783704,
              51.803334480087734
            ],
            [
              -0.274959844415374,
              51.799794900189426
            ],
            [
              -0.2775677628099853,
              51.79777228310467
            ],
            [
              -0.2711928511787125,
              51.79103022615551
            ],
            [
              -0.27727799409947274,
              51.77602914944362
            ],
            [
              -0.26699120487628214,
              51.768022956816495
            ],
            [
              -0.2587327966266795,
              51.76018531561309
            ],
            [
              -0.26134071502129075,
              51.7584998013758
            ],
            [
              -0.25583510952155564,
              51.74931374878256
            ],
            [
              -0.2530823067716881,
              51.74771251025714
            ],
            [
              -0.24554832029836504,
              51.751842020138504
            ],
            [
              -0.24207109577221608,
              51.743161621816455
            ],
            [
              -0.246562510785159,
              51.73818935481645
            ],
            [
              -0.24453412981157285,
              51.73186867642661
            ],
            [
              -0.2503295040218205,
              51.732627157833385
            ],
            [
              -0.2552555721005305,
              51.7295089564944
            ],
            [
              -0.26612189874474623,
              51.73810507910458
            ],
            [
              -0.2837977900860018,
              51.733301363528305
            ],
            [
              -0.2894482799409932,
              51.72799199368084
            ],
            [
              -0.28365290573074553,
              51.724283862358796
            ],
            [
              -0.285971055414846,
              51.72082855817235
            ],
            [
              -0.2769882253889602,
              51.72133421244354
            ],
            [
              -0.2839426744412581,
              51.71433932835878
            ],
            [
              -0.3020532188482825,
              51.708102925680805
            ],
            [
              -0.30002483787469636,
              51.6964728774435
            ],
            [
              -0.309297436611093,
              51.697905564545195
            ],
            [
              -0.32233702858415114,
              51.69352322752824
            ],
            [
              -0.3266835592418378,
              51.70346776152826
            ],
            [
              -0.3369703484650284,
              51.69773701312147
            ],
            [
              -0.3545013554510277,
              51.69832694310452
            ],
            [
              -0.35537066158256536,
              51.69057357761298
            ],
            [
              -0.372032362437027,
              51.68762392769772
            ],
            [
              -0.37536470260791965,
              51.692511918985865
            ],
            [
              -0.3756544713184322,
              51.69293329754519
            ],
            [
              -0.38087030810765654,
              51.70700734142657
            ],
            [
              -0.3963729341200697,
              51.7095356127825
            ],
            [
              -0.4059353015669789,
              51.713833674087596
            ],
            [
              -0.4024580770408299,
              51.72116566101981
            ],
            [
              -0.4095574104483841,
              51.72192414242659
            ],
            [
              -0.4066597233432603,
              51.72436813807066
            ],
            [
              -0.41187556013248283,
              51.7321215035622
            ],
            [
              -0.4162220907901695,
              51.732627157833385
            ],
            [
              -0.4221623493556734,
              51.74080190188425
            ],
            [
              -0.4266537643686146,
              51.744341481782556
            ],
            [
              -0.4210032745136232,
              51.748808094511375
            ],
            [
              -0.4256395738818224,
              51.75293760439274
            ],
            [
              -0.4234663085529782,
              51.756308632867324
            ],
            [
              -0.42288677113195483,
              51.76600033973174
            ],
            [
              -0.42984122018425097,
              51.767938681104624
            ],
            [
              -0.4302758732500198,
              51.77746183654532
            ],
            [
              -0.43694055359180517,
              51.78243410354533
            ],
            [
              -0.4405626624732104,
              51.78690071627415
            ],
            [
              -0.4272333017896397,
              51.79212581040975
            ],
            [
              -0.41346928804030014,
              51.79119877757924
            ],
            [
              -0.40941252609312784,
              51.79726662883348
            ],
            [
              -0.42897191405271506,
              51.80678978427418
            ],
            [
              -0.42752307050015226,
              51.81159349985046
            ],
            [
              -0.41404882546132526,
              51.8190940382064
            ],
            [
              -0.41984419967157294,
              51.82086382815556
            ],
            [
              -0.41636697514542576,
              51.83578062915558
            ],
            [
              -0.4049211110801849,
              51.84058434473186
            ]
          ]
        ]
      },
      "properties": {
        "slot_id": "gas_emissions_6",
        "lineage_id": "LOCAL-NEW-92271296-1318-4c0c-a293-d0d4ebc2d06b",
        "page_generation": 1,
        "semantic_mode": "AREA_JOIN",
        "partition": {
          "start": 76904,
          "end": 92283,
          "count": 15380
        },
        "evidence_scope": "coverage_area",
        "coverage_area_id": "E07000240",
        "coverage_area_name": "St Albans",
        "coverage_area_identifier_scheme": "ONS_GSS_LTLA",
        "boundary_vintage": "2014-2025 topology; active 2025",
        "source_area_record": true,
        "accepted_parcel_record": false,
        "spatial_binding_method": "OFFICIAL_POLYGON_AND_EXACT_IDENTIFIER",
        "source_window_record_index": 13,
        "source_url": "https://raw.githubusercontent.com/ONSdigital/uk-topojson/aa84341201698f59b26998ca39d2b578df4b6d78/output/topo.json",
        "final_url": "https://raw.githubusercontent.com/ONSdigital/uk-topojson/aa84341201698f59b26998ca39d2b578df4b6d78/output/topo.json",
        "source_access_utc": "2026-10-01T21:28:00Z",
        "source_blob_sha": "668461dddd006aa7e8e176896a7bdcbe5f5e32b5",
        "source_file_sha256": "9feaf90628fee8cf713821801c17fff47691cfa03b60262d4b68e355c485f23d",
        "field_evidence": {
          "areacd": "E07000240",
          "areanm": "St Albans",
          "start": 2014,
          "end": null,
          "geometry_type": "Polygon"
        },
        "evidence_slice_sha256": "4e5a8bdd7aec3c16c579eb8638351bf2c24916c89cfad3288655f482dfcbb3c0",
        "confidence_score_0_100": 96,
        "evidence_grade": "A",
        "licence": "ONS Geography licensing terms / Open Government Licence v3.0",
        "licence_evidence_url": "https://www.ons.gov.uk/methodology/geography/licences",
        "fake_data": false,
        "local_spatial_join_status": "DEFERRED_TO_LOCAL_OPENCODE"
      }
    },
    {
      "type": "Feature",
      "id": "E07000241",
      "geometry": {
        "type": "Polygon",
        "coordinates": [
          [
            [
              -0.1057349174761324,
              51.691921989002815
            ],
            [
              -0.149345108408248,
              51.68551703490111
            ],
            [
              -0.1635437752233564,
              51.68812958196891
            ],
            [
              -0.16310912215758755,
              51.69992818162994
            ],
            [
              -0.17209195218347162,
              51.702709280121475
            ],
            [
              -0.1736856800912907,
              51.70262500440961
            ],
            [
              -0.20266255114253084,
              51.70970416420623
            ],
            [
              -0.22236682345737435,
              51.71307519268081
            ],
            [
              -0.23424734058838226,
              51.710799748460474
            ],
            [
              -0.23902852431183597,
              51.70608030859606
            ],
            [
              -0.2410569052854239,
              51.71577201546048
            ],
            [
              -0.2552555721005305,
              51.7295089564944
            ],
            [
              -0.2503295040218205,
              51.732627157833385
            ],
            [
              -0.24453412981157285,
              51.73186867642661
            ],
            [
              -0.246562510785159,
              51.73818935481645
            ],
            [
              -0.24207109577221608,
              51.743161621816455
            ],
            [
              -0.24554832029836504,
              51.751842020138504
            ],
            [
              -0.2530823067716881,
              51.74771251025714
            ],
            [
              -0.25583510952155564,
              51.74931374878256
            ],
            [
              -0.26134071502129075,
              51.7584998013758
            ],
            [
              -0.2587327966266795,
              51.76018531561309
            ],
            [
              -0.26699120487628214,
              51.768022956816495
            ],
            [
              -0.27727799409947274,
              51.77602914944362
            ],
            [
              -0.2711928511787125,
              51.79103022615551
            ],
            [
              -0.2775677628099853,
              51.79777228310467
            ],
            [
              -0.274959844415374,
              51.799794900189426
            ],
            [
              -0.25655953129783704,
              51.803334480087734
            ],
            [
              -0.24380970803529145,
              51.80940233134198
            ],
            [
              -0.2435199393247789,
              51.81277335981656
            ],
            [
              -0.26510770825795227,
              51.83375801207083
            ],
            [
              -0.2736558852180675,
              51.835359250596255
            ],
            [
              -0.272496810376019,
              51.840500069019996
            ],
            [
              -0.2472869325614404,
              51.84623081742678
            ],
            [
              -0.24163644270644724,
              51.83527497488439
            ],
            [
              -0.22569916362826525,
              51.8376346948166
            ],
            [
              -0.22482985749672935,
              51.83316808208778
            ],
            [
              -0.2187447145759691,
              51.83839317622338
            ],
            [
              -0.22381566700993538,
              51.840500069019996
            ],
            [
              -0.22396055136519166,
              51.84656792027424
            ],
            [
              -0.22236682345737435,
              51.84471385461322
            ],
            [
              -0.21294934036571966,
              51.85137163585052
            ],
            [
              -0.20599489131342352,
              51.84639936885051
            ],
            [
              -0.21454306827353875,
              51.839573036189485
            ],
            [
              -0.2039665103398356,
              51.84488240603695
            ],
            [
              -0.19918532661638189,
              51.84387109749458
            ],
            [
              -0.19643252386651433,
              51.8495175701895
            ],
            [
              -0.20671931308970315,
              51.85432128576578
            ],
            [
              -0.1958529864454892,
              51.85912500134206
            ],
            [
              -0.19179622449831513,
              51.857270935681036
            ],
            [
              -0.18353781624871246,
              51.86038913702002
            ],
            [
              -0.17281637395975302,
              51.85659672998612
            ],
            [
              -0.1667312310389928,
              51.84420820034203
            ],
            [
              -0.17006357120988547,
              51.8390673819183
            ],
            [
              -0.1786117481700007,
              51.84117427471491
            ],
            [
              -0.17006357120988547,
              51.83873027907084
            ],
            [
              -0.17426521751231583,
              51.83679193769795
            ],
            [
              -0.16846984330206638,
              51.831229740714896
            ],
            [
              -0.173830564446547,
              51.82356065093522
            ],
            [
              -0.18353781624871246,
              51.81513307974877
            ],
            [
              -0.1633988908681001,
              51.80830674708774
            ],
            [
              -0.14804114921094325,
              51.79903641878264
            ],
            [
              -0.15600978875003335,
              51.79903641878264
            ],
            [
              -0.16397842828912523,
              51.79482263318941
            ],
            [
              -0.16397842828912523,
              51.78942898763008
            ],
            [
              -0.16455796571015036,
              51.789260436206355
            ],
            [
              -0.14152135322441417,
              51.773669429511415
            ],
            [
              -0.14383950290851288,
              51.757488492833424
            ],
            [
              -0.1381890130535215,
              51.751504917291044
            ],
            [
              -0.13833389740877777,
              51.73726232198594
            ],
            [
              -0.12833687689609974,
              51.73920066335882
            ],
            [
              -0.12833687689609974,
              51.7413918318673
            ],
            [
              -0.10515538005510727,
              51.74156038329103
            ],
            [
              -0.10124350246319125,
              51.74509996318934
            ],
            [
              -0.0922606724373054,
              51.743161621816455
            ],
            [
              -0.0986355840685782,
              51.7359139105961
            ],
            [
              -0.11413821008099312,
              51.72082855817235
            ],
            [
              -0.10559003312087611,
              51.713580846952
            ],
            [
              -0.1057349174761324,
              51.691921989002815
            ]
          ]
        ]
      },
      "properties": {
        "slot_id": "gas_emissions_6",
        "lineage_id": "LOCAL-NEW-92271296-1318-4c0c-a293-d0d4ebc2d06b",
        "page_generation": 1,
        "semantic_mode": "AREA_JOIN",
        "partition": {
          "start": 76904,
          "end": 92283,
          "count": 15380
        },
        "evidence_scope": "coverage_area",
        "coverage_area_id": "E07000241",
        "coverage_area_name": "Welwyn Hatfield",
        "coverage_area_identifier_scheme": "ONS_GSS_LTLA",
        "boundary_vintage": "2014-2025 topology; active 2025",
        "source_area_record": true,
        "accepted_parcel_record": false,
        "spatial_binding_method": "OFFICIAL_POLYGON_AND_EXACT_IDENTIFIER",
        "source_window_record_index": 14,
        "source_url": "https://raw.githubusercontent.com/ONSdigital/uk-topojson/aa84341201698f59b26998ca39d2b578df4b6d78/output/topo.json",
        "final_url": "https://raw.githubusercontent.com/ONSdigital/uk-topojson/aa84341201698f59b26998ca39d2b578df4b6d78/output/topo.json",
        "source_access_utc": "2026-10-01T21:28:00Z",
        "source_blob_sha": "668461dddd006aa7e8e176896a7bdcbe5f5e32b5",
        "source_file_sha256": "9feaf90628fee8cf713821801c17fff47691cfa03b60262d4b68e355c485f23d",
        "field_evidence": {
          "areacd": "E07000241",
          "areanm": "Welwyn Hatfield",
          "start": 2014,
          "end": null,
          "geometry_type": "Polygon"
        },
        "evidence_slice_sha256": "4e5a8bdd7aec3c16c579eb8638351bf2c24916c89cfad3288655f482dfcbb3c0",
        "confidence_score_0_100": 96,
        "evidence_grade": "A",
        "licence": "ONS Geography licensing terms / Open Government Licence v3.0",
        "licence_evidence_url": "https://www.ons.gov.uk/methodology/geography/licences",
        "fake_data": false,
        "local_spatial_join_status": "DEFERRED_TO_LOCAL_OPENCODE"
      }
    },
    {
      "type": "Feature",
      "id": "E07000242",
      "geometry": {
        "type": "Polygon",
        "coordinates": [
          [
            [
              0.05754975089760528,
              51.779737280765666
            ],
            [
              0.04233689359570292,
              51.77510211661311
            ],
            [
              0.026834267583289773,
              51.7741750837826
            ],
            [
              0.013939559965487902,
              51.764399101206315
            ],
            [
              0.0052464986501163935,
              51.77088833101988
            ],
            [
              0.0033630020317865217,
              51.77763038796905
            ],
            [
              0.005536267360628955,
              51.78007438361312
            ],
            [
              0.0003204305714046285,
              51.77982155647753
            ],
            [
              -0.018224766901388634,
              51.78049576217244
            ],
            [
              -0.023150834980098622,
              51.77350087808769
            ],
            [
              -0.045607910044809685,
              51.77021412532497
            ],
            [
              -0.04894025021570236,
              51.76128089986733
            ],
            [
              -0.05241747474185132,
              51.74231886469781
            ],
            [
              -0.05546004620223144,
              51.742487416121534
            ],
            [
              -0.05748842717581759,
              51.73540825632492
            ],
            [
              -0.058357733307355275,
              51.73473405063
            ],
            [
              -0.0986355840685782,
              51.7359139105961
            ],
            [
              -0.0922606724373054,
              51.743161621816455
            ],
            [
              -0.10124350246319125,
              51.74509996318934
            ],
            [
              -0.10515538005510727,
              51.74156038329103
            ],
            [
              -0.12833687689609974,
              51.7413918318673
            ],
            [
              -0.12833687689609974,
              51.73920066335882
            ],
            [
              -0.13833389740877777,
              51.73726232198594
            ],
            [
              -0.1381890130535215,
              51.751504917291044
            ],
            [
              -0.14383950290851288,
              51.757488492833424
            ],
            [
              -0.14152135322441417,
              51.773669429511415
            ],
            [
              -0.16455796571015036,
              51.789260436206355
            ],
            [
              -0.16397842828912523,
              51.78942898763008
            ],
            [
              -0.16397842828912523,
              51.79482263318941
            ],
            [
              -0.15600978875003335,
              51.79903641878264
            ],
            [
              -0.14804114921094325,
              51.79903641878264
            ],
            [
              -0.1633988908681001,
              51.80830674708774
            ],
            [
              -0.18353781624871246,
              51.81513307974877
            ],
            [
              -0.173830564446547,
              51.82356065093522
            ],
            [
              -0.16846984330206638,
              51.831229740714896
            ],
            [
              -0.17426521751231583,
              51.83679193769795
            ],
            [
              -0.17006357120988547,
              51.83873027907084
            ],
            [
              -0.1786117481700007,
              51.84117427471491
            ],
            [
              -0.17006357120988547,
              51.8390673819183
            ],
            [
              -0.1667312310389928,
              51.84420820034203
            ],
            [
              -0.17281637395975302,
              51.85659672998612
            ],
            [
              -0.16455796571015036,
              51.86182182412172
            ],
            [
              -0.17354079573603443,
              51.87530593802005
            ],
            [
              -0.1483309179214558,
              51.86932236247767
            ],
            [
              -0.14963487711876056,
              51.875221662308185
            ],
            [
              -0.15615467310528963,
              51.87758138224039
            ],
            [
              -0.15122860502657964,
              51.88541902344379
            ],
            [
              -0.15514048261849744,
              51.88710453768108
            ],
            [
              -0.16122562553925768,
              51.88499764488447
            ],
            [
              -0.15934212892092603,
              51.88584040200311
            ],
            [
              -0.15296721728965323,
              51.89898741305398
            ],
            [
              -0.15992166634195115,
              51.90168423583365
            ],
            [
              -0.1594870132761823,
              51.9037068529184
            ],
            [
              -0.15543025132901,
              51.9037068529184
            ],
            [
              -0.1564444418158022,
              51.91483124688452
            ],
            [
              -0.16223981602604987,
              51.92030916815571
            ],
            [
              -0.15528536697375372,
              51.92393302376588
            ],
            [
              -0.15485071390798488,
              51.92957949646081
            ],
            [
              -0.1452883464610757,
              51.93396183347777
            ],
            [
              -0.11935404687021567,
              51.92831536078284
            ],
            [
              -0.1167461284756044,
              51.936237277698105
            ],
            [
              -0.12022335300175335,
              51.94222085324049
            ],
            [
              -0.11022633248907532,
              51.94188375039303
            ],
            [
              -0.10732864538395148,
              51.94626608740999
            ],
            [
              -0.10703887667343892,
              51.95401945290153
            ],
            [
              -0.09255044114781796,
              51.95621062141
            ],
            [
              -0.0747296654513061,
              51.97121169812189
            ],
            [
              -0.0708177878593883,
              51.971295973833755
            ],
            [
              -0.06560195107016575,
              51.95680055139305
            ],
            [
              -0.040247188900330855,
              51.96767211822358
            ],
            [
              -0.03865346099251177,
              51.97138024954562
            ],
            [
              -0.04807094408416468,
              51.97972354502021
            ],
            [
              -0.030684821453421662,
              51.9837687791897
            ],
            [
              -0.023730372401123745,
              51.99716861737617
            ],
            [
              -0.003156793954742554,
              51.99337621034226
            ],
            [
              0.00017554621615012422,
              51.9837687791897
            ],
            [
              0.009158376242034194,
              51.9837687791897
            ],
            [
              0.023212158701884533,
              51.98435870917276
            ],
            [
              0.021473546438810942,
              51.98890959761344
            ],
            [
              0.0321949887277686,
              51.98697125624056
            ],
            [
              0.034947791477637935,
              51.989583803308356
            ],
            [
              0.0385699003590414,
              51.98638132625751
            ],
            [
              0.04451015892454713,
              51.986886980528695
            ],
            [
              0.043640852793009444,
              51.984780087732084
            ],
            [
              0.06696723398925819,
              51.97980782073207
            ],
            [
              0.06899561496284434,
              51.9840216063253
            ],
            [
              0.07681937014667817,
              51.980819129274444
            ],
            [
              0.0963787581062654,
              51.9842744334609
            ],
            [
              0.0978276016588282,
              51.97719527366427
            ],
            [
              0.10695531603996855,
              51.97180162810494
            ],
            [
              0.10565135684266203,
              51.96345833263035
            ],
            [
              0.11463418686854787,
              51.95578924285068
            ],
            [
              0.11796652703944055,
              51.94812015307101
            ],
            [
              0.12013979236828298,
              51.92662984654555
            ],
            [
              0.12477609173648041,
              51.92351164520656
            ],
            [
              0.1217335202761003,
              51.91120739127434
            ],
            [
              0.12463120738122413,
              51.88457626632515
            ],
            [
              0.15708530295861323,
              51.890138463308205
            ],
            [
              0.17925260931281173,
              51.895532108867535
            ],
            [
              0.18388890868101093,
              51.89342521607092
            ],
            [
              0.17606515349717533,
              51.88727308910481
            ],
            [
              0.17664469091820045,
              51.88162661640989
            ],
            [
              0.19345127612792012,
              51.87319904522343
            ],
            [
              0.19084335773330885,
              51.87176635812174
            ],
            [
              0.19562454145676256,
              51.8680582267997
            ],
            [
              0.18635194272036593,
              51.863507338359014
            ],
            [
              0.1827298338389607,
              51.86510857688444
            ],
            [
              0.17041466364218394,
              51.86156899698613
            ],
            [
              0.17345723510256406,
              51.849770397325095
            ],
            [
              0.1667925547607787,
              51.850697430155606
            ],
            [
              0.16317044587937346,
              51.84479813032509
            ],
            [
              0.1618664866820687,
              51.84066862044372
            ],
            [
              0.16172160232681243,
              51.832072497833536
            ],
            [
              0.1660681329844973,
              51.83072408644371
            ],
            [
              0.1611420649057873,
              51.82592037086743
            ],
            [
              0.16621301733975358,
              51.82212796383352
            ],
            [
              0.16476417378719255,
              51.819178313918265
            ],
            [
              0.1730225820367952,
              51.818925486782675
            ],
            [
              0.17258792897102637,
              51.81631293971487
            ],
            [
              0.16693743911603498,
              51.81327901408775
            ],
            [
              0.15824437780066347,
              51.813531841223345
            ],
            [
              0.15071039132734043,
              51.797013801697894
            ],
            [
              0.146074091959143,
              51.796171044579246
            ],
            [
              0.13245496256505973,
              51.795833941731786
            ],
            [
              0.11115696234239891,
              51.78841767908771
            ],
            [
              0.10724508475048111,
              51.78791202481652
            ],
            [
              0.09913156085613295,
              51.78319258495211
            ],
            [
              0.08971407776448004,
              51.78403534207075
            ],
            [
              0.06363489381836551,
              51.783866790647025
            ],
            [
              0.05754975089760528,
              51.779737280765666
            ]
          ]
        ]
      },
      "properties": {
        "slot_id": "gas_emissions_6",
        "lineage_id": "LOCAL-NEW-92271296-1318-4c0c-a293-d0d4ebc2d06b",
        "page_generation": 1,
        "semantic_mode": "AREA_JOIN",
        "partition": {
          "start": 76904,
          "end": 92283,
          "count": 15380
        },
        "evidence_scope": "coverage_area",
        "coverage_area_id": "E07000242",
        "coverage_area_name": "East Hertfordshire",
        "coverage_area_identifier_scheme": "ONS_GSS_LTLA",
        "boundary_vintage": "2014-2025 topology; active 2025",
        "source_area_record": true,
        "accepted_parcel_record": false,
        "spatial_binding_method": "OFFICIAL_POLYGON_AND_EXACT_IDENTIFIER",
        "source_window_record_index": 15,
        "source_url": "https://raw.githubusercontent.com/ONSdigital/uk-topojson/aa84341201698f59b26998ca39d2b578df4b6d78/output/topo.json",
        "final_url": "https://raw.githubusercontent.com/ONSdigital/uk-topojson/aa84341201698f59b26998ca39d2b578df4b6d78/output/topo.json",
        "source_access_utc": "2026-10-01T21:28:00Z",
        "source_blob_sha": "668461dddd006aa7e8e176896a7bdcbe5f5e32b5",
        "source_file_sha256": "9feaf90628fee8cf713821801c17fff47691cfa03b60262d4b68e355c485f23d",
        "field_evidence": {
          "areacd": "E07000242",
          "areanm": "East Hertfordshire",
          "start": 2014,
          "end": null,
          "geometry_type": "Polygon"
        },
        "evidence_slice_sha256": "4e5a8bdd7aec3c16c579eb8638351bf2c24916c89cfad3288655f482dfcbb3c0",
        "confidence_score_0_100": 96,
        "evidence_grade": "A",
        "licence": "ONS Geography licensing terms / Open Government Licence v3.0",
        "licence_evidence_url": "https://www.ons.gov.uk/methodology/geography/licences",
        "fake_data": false,
        "local_spatial_join_status": "DEFERRED_TO_LOCAL_OPENCODE"
      }
    },
    {
      "type": "Feature",
      "id": "E07000243",
      "geometry": {
        "type": "Polygon",
        "coordinates": [
          [
            [
              -0.17354079573603443,
              51.87530593802005
            ],
            [
              -0.17556917670962058,
              51.875811592291235
            ],
            [
              -0.1919411088535714,
              51.88289075208785
            ],
            [
              -0.20425627905034816,
              51.88010965359633
            ],
            [
              -0.21454306827353875,
              51.89409942176584
            ],
            [
              -0.21903448328648167,
              51.89603776313872
            ],
            [
              -0.2252645105624982,
              51.89317238893533
            ],
            [
              -0.22584404798352153,
              51.897639001664146
            ],
            [
              -0.23062523170697702,
              51.89890313734212
            ],
            [
              -0.22888661944390165,
              51.90353830149466
            ],
            [
              -0.23439222494363854,
              51.90522381573196
            ],
            [
              -0.2300456942859519,
              51.91137594269807
            ],
            [
              -0.2261338166940341,
              51.928231085070976
            ],
            [
              -0.22004867377327386,
              51.93101218356251
            ],
            [
              -0.21005165326059583,
              51.9283996364947
            ],
            [
              -0.1944041428929264,
              51.93042225357945
            ],
            [
              -0.19324506805087793,
              51.92772543079979
            ],
            [
              -0.18455200673550465,
              51.932360594952335
            ],
            [
              -0.16803519023629931,
              51.927893982223516
            ],
            [
              -0.16252958473656243,
              51.9208148224269
            ],
            [
              -0.16223981602604987,
              51.92030916815571
            ],
            [
              -0.1564444418158022,
              51.91483124688452
            ],
            [
              -0.15543025132901,
              51.9037068529184
            ],
            [
              -0.1594870132761823,
              51.9037068529184
            ],
            [
              -0.15992166634195115,
              51.90168423583365
            ],
            [
              -0.15296721728965323,
              51.89898741305398
            ],
            [
              -0.15934212892092603,
              51.88584040200311
            ],
            [
              -0.16122562553925768,
              51.88499764488447
            ],
            [
              -0.15514048261849744,
              51.88710453768108
            ],
            [
              -0.15122860502657964,
              51.88541902344379
            ],
            [
              -0.15615467310528963,
              51.87758138224039
            ],
            [
              -0.14963487711876056,
              51.875221662308185
            ],
            [
              -0.1483309179214558,
              51.86932236247767
            ],
            [
              -0.17354079573603443,
              51.87530593802005
            ]
          ]
        ]
      },
      "properties": {
        "slot_id": "gas_emissions_6",
        "lineage_id": "LOCAL-NEW-92271296-1318-4c0c-a293-d0d4ebc2d06b",
        "page_generation": 1,
        "semantic_mode": "AREA_JOIN",
        "partition": {
          "start": 76904,
          "end": 92283,
          "count": 15380
        },
        "evidence_scope": "coverage_area",
        "coverage_area_id": "E07000243",
        "coverage_area_name": "Stevenage",
        "coverage_area_identifier_scheme": "ONS_GSS_LTLA",
        "boundary_vintage": "2014-2025 topology; active 2025",
        "source_area_record": true,
        "accepted_parcel_record": false,
        "spatial_binding_method": "OFFICIAL_POLYGON_AND_EXACT_IDENTIFIER",
        "source_window_record_index": 16,
        "source_url": "https://raw.githubusercontent.com/ONSdigital/uk-topojson/aa84341201698f59b26998ca39d2b578df4b6d78/output/topo.json",
        "final_url": "https://raw.githubusercontent.com/ONSdigital/uk-topojson/aa84341201698f59b26998ca39d2b578df4b6d78/output/topo.json",
        "source_access_utc": "2026-10-01T21:28:00Z",
        "source_blob_sha": "668461dddd006aa7e8e176896a7bdcbe5f5e32b5",
        "source_file_sha256": "9feaf90628fee8cf713821801c17fff47691cfa03b60262d4b68e355c485f23d",
        "field_evidence": {
          "areacd": "E07000243",
          "areanm": "Stevenage",
          "start": 2014,
          "end": null,
          "geometry_type": "Polygon"
        },
        "evidence_slice_sha256": "4e5a8bdd7aec3c16c579eb8638351bf2c24916c89cfad3288655f482dfcbb3c0",
        "confidence_score_0_100": 96,
        "evidence_grade": "A",
        "licence": "ONS Geography licensing terms / Open Government Licence v3.0",
        "licence_evidence_url": "https://www.ons.gov.uk/methodology/geography/licences",
        "fake_data": false,
        "local_spatial_join_status": "DEFERRED_TO_LOCAL_OPENCODE"
      }
    },
    {
      "type": "Feature",
      "id": "E08000001",
      "geometry": {
        "type": "Polygon",
        "coordinates": [
          [
            [
              -2.6258533928024708,
              53.59368770293795
            ],
            [
              -2.617450100197612,
              53.59579459573457
            ],
            [
              -2.615131950513512,
              53.60278947981932
            ],
            [
              -2.5958623312644376,
              53.61079567244645
            ],
            [
              -2.583112508001892,
              53.604727821192206
            ],
            [
              -2.5739847936207516,
              53.594277632921006
            ],
            [
              -2.557757745832057,
              53.60160961985322
            ],
            [
              -2.5565986709900077,
              53.60363223693797
            ],
            [
              -2.5112498677948167,
              53.62697660912444
            ],
            [
              -2.51038056166328,
              53.62630240342953
            ],
            [
              -2.47300039800718,
              53.616610696565104
            ],
            [
              -2.466045948954883,
              53.62166723927698
            ],
            [
              -2.453730778758106,
              53.622004342124434
            ],
            [
              -2.4583670781263045,
              53.62461688919224
            ],
            [
              -2.45054332294247,
              53.62781936624309
            ],
            [
              -2.4502535542319572,
              53.64138775585328
            ],
            [
              -2.438662805811461,
              53.64602292000583
            ],
            [
              -2.4260578669041717,
              53.634982801751576
            ],
            [
              -2.4259129825489154,
              53.62579674915834
            ],
            [
              -2.419827839628155,
              53.623605580649865
            ],
            [
              -2.405339404102535,
              53.625122543463426
            ],
            [
              -2.4011377578001056,
              53.62461688919224
            ],
            [
              -2.397805417629213,
              53.632201703260044
            ],
            [
              -2.3791153358011625,
              53.63093756758208
            ],
            [
              -2.379260220156419,
              53.62933632905665
            ],
            [
              -2.383461866458849,
              53.62545964631088
            ],
            [
              -2.376362533051295,
              53.6220886178363
            ],
            [
              -2.379405104511675,
              53.62031882788715
            ],
            [
              -2.363033172367725,
              53.61029001817526
            ],
            [
              -2.366365512538617,
              53.60186244698881
            ],
            [
              -2.368393893512204,
              53.595963147158294
            ],
            [
              -2.37694207047232,
              53.59326632437863
            ],
            [
              -2.3740443833671963,
              53.57152319071758
            ],
            [
              -2.361004791394138,
              53.56832071366673
            ],
            [
              -2.3572377981574766,
              53.56317989524299
            ],
            [
              -2.3582519886442705,
              53.553235361242976
            ],
            [
              -2.3621638662361875,
              53.55610073544637
            ],
            [
              -2.3666552812491295,
              53.55331963695484
            ],
            [
              -2.3736097303014274,
              53.55390956693789
            ],
            [
              -2.3441982061844184,
              53.5455662714633
            ],
            [
              -2.3382579476189145,
              53.53359912037854
            ],
            [
              -2.345936818447493,
              53.53739152741244
            ],
            [
              -2.3537605736313276,
              53.53503180748024
            ],
            [
              -2.350862886526204,
              53.5296381619209
            ],
            [
              -2.3543401110523527,
              53.526182857734455
            ],
            [
              -2.38534536307718,
              53.53149222758192
            ],
            [
              -2.4001235673133117,
              53.538571387378546
            ],
            [
              -2.410265472181246,
              53.53848711166668
            ],
            [
              -2.4214215675359734,
              53.54101538302262
            ],
            [
              -2.435765118706337,
              53.54202669156499
            ],
            [
              -2.444603064376965,
              53.53090229759887
            ],
            [
              -2.451122860363494,
              53.528626853378526
            ],
            [
              -2.4902416362826685,
              53.53562173746329
            ],
            [
              -2.5073379902029,
              53.53781290597176
            ],
            [
              -2.5102356773080237,
              53.53410477464973
            ],
            [
              -2.515451514097247,
              53.535790288887014
            ],
            [
              -2.5157412828077597,
              53.52921678336158
            ],
            [
              -2.531243908820173,
              53.52289610497174
            ],
            [
              -2.553700983884884,
              53.53621166744634
            ],
            [
              -2.561814507779231,
              53.538908490226
            ],
            [
              -2.5580475145425696,
              53.5443864114972
            ],
            [
              -2.569203609897297,
              53.547504612836185
            ],
            [
              -2.559786126805644,
              53.555510805463314
            ],
            [
              -2.5634082356870493,
              53.55947176392095
            ],
            [
              -2.5600758955161567,
              53.56208431098875
            ],
            [
              -2.5684791881210156,
              53.56469685805655
            ],
            [
              -2.567754766344735,
              53.571438915005714
            ],
            [
              -2.585140888975479,
              53.58509158032777
            ],
            [
              -2.618029637618636,
              53.59107515587015
            ],
            [
              -2.627447120710289,
              53.58938964163286
            ],
            [
              -2.6258533928024708,
              53.59368770293795
            ]
          ]
        ]
      },
      "properties": {
        "slot_id": "gas_emissions_6",
        "lineage_id": "LOCAL-NEW-92271296-1318-4c0c-a293-d0d4ebc2d06b",
        "page_generation": 1,
        "semantic_mode": "AREA_JOIN",
        "partition": {
          "start": 76904,
          "end": 92283,
          "count": 15380
        },
        "evidence_scope": "coverage_area",
        "coverage_area_id": "E08000001",
        "coverage_area_name": "Bolton",
        "coverage_area_identifier_scheme": "ONS_GSS_LTLA",
        "boundary_vintage": "2014-2025 topology; active 2025",
        "source_area_record": true,
        "accepted_parcel_record": false,
        "spatial_binding_method": "OFFICIAL_POLYGON_AND_EXACT_IDENTIFIER",
        "source_window_record_index": 17,
        "source_url": "https://raw.githubusercontent.com/ONSdigital/uk-topojson/aa84341201698f59b26998ca39d2b578df4b6d78/output/topo.json",
        "final_url": "https://raw.githubusercontent.com/ONSdigital/uk-topojson/aa84341201698f59b26998ca39d2b578df4b6d78/output/topo.json",
        "source_access_utc": "2026-10-01T21:28:00Z",
        "source_blob_sha": "668461dddd006aa7e8e176896a7bdcbe5f5e32b5",
        "source_file_sha256": "9feaf90628fee8cf713821801c17fff47691cfa03b60262d4b68e355c485f23d",
        "field_evidence": {
          "areacd": "E08000001",
          "areanm": "Bolton",
          "start": 2014,
          "end": null,
          "geometry_type": "Polygon"
        },
        "evidence_slice_sha256": "4e5a8bdd7aec3c16c579eb8638351bf2c24916c89cfad3288655f482dfcbb3c0",
        "confidence_score_0_100": 96,
        "evidence_grade": "A",
        "licence": "ONS Geography licensing terms / Open Government Licence v3.0",
        "licence_evidence_url": "https://www.ons.gov.uk/methodology/geography/licences",
        "fake_data": false,
        "local_spatial_join_status": "DEFERRED_TO_LOCAL_OPENCODE"
      }
    },
    {
      "type": "Feature",
      "id": "E08000002",
      "geometry": {
        "type": "Polygon",
        "coordinates": [
          [
            [
              -2.3791153358011625,
              53.63093756758208
            ],
            [
              -2.3702773901305347,
              53.63152749756513
            ],
            [
              -2.371436464972584,
              53.643326097226165
            ],
            [
              -2.3625985193019563,
              53.65596745400585
            ],
            [
              -2.3711466962620715,
              53.66709184797196
            ],
            [
              -2.3556440702496584,
              53.66447930090416
            ],
            [
              -2.3533259205655597,
              53.65849572536178
            ],
            [
              -2.3253632400011126,
              53.655377524022796
            ],
            [
              -2.315655988198947,
              53.6551246968872
            ],
            [
              -2.2989942873444846,
              53.666670469412644
            ],
            [
              -2.293778450555261,
              53.657990071090595
            ],
            [
              -2.2975454437919227,
              53.651922219836344
            ],
            [
              -2.295661947173592,
              53.641472031565144
            ],
            [
              -2.2900114573185997,
              53.635235628887166
            ],
            [
              -2.28276723955579,
              53.62023455217528
            ],
            [
              -2.2726253346878558,
              53.618464762226125
            ],
            [
              -2.271756028556319,
              53.61450380376849
            ],
            [
              -2.2665401917670955,
              53.60911015820916
            ],
            [
              -2.2594408583595422,
              53.60607623258204
            ],
            [
              -2.2510375657546824,
              53.60717181683628
            ],
            [
              -2.2490091847810953,
              53.60329513409051
            ],
            [
              -2.2455319602549464,
              53.59908134849728
            ],
            [
              -2.2555289807676244,
              53.59705873141253
            ],
            [
              -2.2591510896490297,
              53.59217074012439
            ],
            [
              -2.2700174162932445,
              53.5919179129888
            ],
            [
              -2.2701623006485008,
              53.589136814497266
            ],
            [
              -2.2765372122797736,
              53.591496534429474
            ],
            [
              -2.2781309401875918,
              53.587282748836245
            ],
            [
              -2.2823325864900212,
              53.586692818853194
            ],
            [
              -2.2814632803584844,
              53.58273186039556
            ],
            [
              -2.272190681622088,
              53.57936083192098
            ],
            [
              -2.2655260012803025,
              53.58559723459896
            ],
            [
              -2.2591510896490297,
              53.5852601317515
            ],
            [
              -2.244372885412897,
              53.57228167212436
            ],
            [
              -2.2481398786495586,
              53.56326417095485
            ],
            [
              -2.2426342731498226,
              53.5614943810057
            ],
            [
              -2.2365491302290623,
              53.559218936785356
            ],
            [
              -2.2417649670182858,
              53.557112043988745
            ],
            [
              -2.235824708452782,
              53.5481788185311
            ],
            [
              -2.2371286676500874,
              53.538824214514136
            ],
            [
              -2.2479949942943023,
              53.5441335843616
            ],
            [
              -2.258861320938517,
              53.54312227581923
            ],
            [
              -2.2685685727406826,
              53.53713870027685
            ],
            [
              -2.2659606543460713,
              53.53022809190396
            ],
            [
              -2.2640771577277405,
              53.52466589492089
            ],
            [
              -2.2465461507417404,
              53.52921678336158
            ],
            [
              -2.2485745317153274,
              53.52508727348022
            ],
            [
              -2.251761987530963,
              53.52567720346327
            ],
            [
              -2.2569778243201863,
              53.517923837971736
            ],
            [
              -2.279290015029641,
              53.51590122088698
            ],
            [
              -2.290735879094881,
              53.51202453814122
            ],
            [
              -2.3023266275153773,
              53.51708108085309
            ],
            [
              -2.3104401514097246,
              53.52719416627683
            ],
            [
              -2.3268120835536745,
              53.5284583019548
            ],
            [
              -2.3382579476189145,
              53.53359912037854
            ],
            [
              -2.3441982061844184,
              53.5455662714633
            ],
            [
              -2.3736097303014274,
              53.55390956693789
            ],
            [
              -2.3666552812491295,
              53.55331963695484
            ],
            [
              -2.3621638662361875,
              53.55610073544637
            ],
            [
              -2.3582519886442705,
              53.553235361242976
            ],
            [
              -2.3572377981574766,
              53.56317989524299
            ],
            [
              -2.361004791394138,
              53.56832071366673
            ],
            [
              -2.3740443833671963,
              53.57152319071758
            ],
            [
              -2.37694207047232,
              53.59326632437863
            ],
            [
              -2.368393893512204,
              53.595963147158294
            ],
            [
              -2.366365512538617,
              53.60186244698881
            ],
            [
              -2.363033172367725,
              53.61029001817526
            ],
            [
              -2.379405104511675,
              53.62031882788715
            ],
            [
              -2.376362533051295,
              53.6220886178363
            ],
            [
              -2.383461866458849,
              53.62545964631088
            ],
            [
              -2.379260220156419,
              53.62933632905665
            ],
            [
              -2.3791153358011625,
              53.63093756758208
            ]
          ]
        ]
      },
      "properties": {
        "slot_id": "gas_emissions_6",
        "lineage_id": "LOCAL-NEW-92271296-1318-4c0c-a293-d0d4ebc2d06b",
        "page_generation": 1,
        "semantic_mode": "AREA_JOIN",
        "partition": {
          "start": 76904,
          "end": 92283,
          "count": 15380
        },
        "evidence_scope": "coverage_area",
        "coverage_area_id": "E08000002",
        "coverage_area_name": "Bury",
        "coverage_area_identifier_scheme": "ONS_GSS_LTLA",
        "boundary_vintage": "2014-2025 topology; active 2025",
        "source_area_record": true,
        "accepted_parcel_record": false,
        "spatial_binding_method": "OFFICIAL_POLYGON_AND_EXACT_IDENTIFIER",
        "source_window_record_index": 18,
        "source_url": "https://raw.githubusercontent.com/ONSdigital/uk-topojson/aa84341201698f59b26998ca39d2b578df4b6d78/output/topo.json",
        "final_url": "https://raw.githubusercontent.com/ONSdigital/uk-topojson/aa84341201698f59b26998ca39d2b578df4b6d78/output/topo.json",
        "source_access_utc": "2026-10-01T21:28:00Z",
        "source_blob_sha": "668461dddd006aa7e8e176896a7bdcbe5f5e32b5",
        "source_file_sha256": "9feaf90628fee8cf713821801c17fff47691cfa03b60262d4b68e355c485f23d",
        "field_evidence": {
          "areacd": "E08000002",
          "areanm": "Bury",
          "start": 2014,
          "end": null,
          "geometry_type": "Polygon"
        },
        "evidence_slice_sha256": "4e5a8bdd7aec3c16c579eb8638351bf2c24916c89cfad3288655f482dfcbb3c0",
        "confidence_score_0_100": 96,
        "evidence_grade": "A",
        "licence": "ONS Geography licensing terms / Open Government Licence v3.0",
        "licence_evidence_url": "https://www.ons.gov.uk/methodology/geography/licences",
        "fake_data": false,
        "local_spatial_join_status": "DEFERRED_TO_LOCAL_OPENCODE"
      }
    },
    {
      "type": "Feature",
      "id": "E08000003",
      "geometry": {
        "type": "Polygon",
        "coordinates": [
          [
            [
              -2.240750776531492,
              53.35956977537827
            ],
            [
              -2.256398286899162,
              53.360665359632506
            ],
            [
              -2.2671197291881207,
              53.35063654992063
            ],
            [
              -2.2805939742269468,
              53.346001385768076
            ],
            [
              -2.2878381919897572,
              53.34313601156468
            ],
            [
              -2.301747090094352,
              53.34018636164942
            ],
            [
              -2.2969659063708976,
              53.34861393283588
            ],
            [
              -2.314062260291129,
              53.35737860686979
            ],
            [
              -2.298559634278716,
              53.36083391105624
            ],
            [
              -2.286244464081939,
              53.37583498776812
            ],
            [
              -2.2998635934760214,
              53.384262558954575
            ],
            [
              -2.299573824765509,
              53.38763358742916
            ],
            [
              -2.300153362186534,
              53.39210020015798
            ],
            [
              -2.3198576345013775,
              53.411567889598686
            ],
            [
              -2.3043550084889635,
              53.4098823753614
            ],
            [
              -2.297690328147179,
              53.40828113683597
            ],
            [
              -2.2940682192657738,
              53.413590506683434
            ],
            [
              -2.2805939742269468,
              53.41527602092073
            ],
            [
              -2.2736395251746497,
              53.42252373214108
            ],
            [
              -2.283636545687327,
              53.42496772778515
            ],
            [
              -2.286679117147708,
              53.43019282192075
            ],
            [
              -2.2998635934760214,
              53.433395298971604
            ],
            [
              -2.299718709120765,
              53.43727198171737
            ],
            [
              -2.2943579879762863,
              53.4360078460394
            ],
            [
              -2.2953721784630794,
              53.438788944530934
            ],
            [
              -2.2898665729633443,
              53.44131721588687
            ],
            [
              -2.2930540287789807,
              53.444435417225854
            ],
            [
              -2.286244464081939,
              53.44907058137841
            ],
            [
              -2.2730599877536246,
              53.450503268480105
            ],
            [
              -2.2714662598458064,
              53.45067181990383
            ],
            [
              -2.2581368991622357,
              53.45876228824283
            ],
            [
              -2.2536454841492937,
              53.45985787249707
            ],
            [
              -2.25379036850455,
              53.46272324670046
            ],
            [
              -2.257847130451724,
              53.462386143853
            ],
            [
              -2.2681339196749137,
              53.46971813078522
            ],
            [
              -2.26523623256979,
              53.472667780700476
            ],
            [
              -2.263352735951459,
              53.4757017063276
            ],
            [
              -2.246256382031228,
              53.48716320314118
            ],
            [
              -2.2485745317153274,
              53.48817451168355
            ],
            [
              -2.2504580283336573,
              53.49011285305644
            ],
            [
              -2.255384096412368,
              53.49913035422594
            ],
            [
              -2.2514722188204512,
              53.50393406980222
            ],
            [
              -2.2471256881627646,
              53.50241710698866
            ],
            [
              -2.2452421915444347,
              53.50486110263273
            ],
            [
              -2.2491540691363516,
              53.50949626678528
            ],
            [
              -2.2452421915444347,
              53.51210881385308
            ],
            [
              -2.2569778243201863,
              53.517923837971736
            ],
            [
              -2.251761987530963,
              53.52567720346327
            ],
            [
              -2.2485745317153274,
              53.52508727348022
            ],
            [
              -2.2465461507417404,
              53.52921678336158
            ],
            [
              -2.2640771577277405,
              53.52466589492089
            ],
            [
              -2.2659606543460713,
              53.53022809190396
            ],
            [
              -2.2685685727406826,
              53.53713870027685
            ],
            [
              -2.258861320938517,
              53.54312227581923
            ],
            [
              -2.2479949942943023,
              53.5441335843616
            ],
            [
              -2.2371286676500874,
              53.538824214514136
            ],
            [
              -2.2187283545325496,
              53.54388075722601
            ],
            [
              -2.2071376061120542,
              53.538234284531086
            ],
            [
              -2.2068478374015417,
              53.53418905036159
            ],
            [
              -2.19395312978374,
              53.53157650329379
            ],
            [
              -2.185984490244649,
              53.52896395622599
            ],
            [
              -2.170192095521723,
              53.52761554483615
            ],
            [
              -2.1704818642322357,
              53.52390741351412
            ],
            [
              -2.1648313743772434,
              53.52011500648021
            ],
            [
              -2.159180884522252,
              53.52213762356496
            ],
            [
              -2.156138313061872,
              53.51581694517512
            ],
            [
              -2.161209265495838,
              53.51286729525986
            ],
            [
              -2.1713511703637725,
              53.51320439810732
            ],
            [
              -2.1783056194160704,
              53.506799444005615
            ],
            [
              -2.175552816666202,
              53.502585658412386
            ],
            [
              -2.1619336872721195,
              53.49828759710729
            ],
            [
              -2.1629478777589126,
              53.4928096758361
            ],
            [
              -2.1659904492192927,
              53.49162981587
            ],
            [
              -2.1674392927718547,
              53.48109535188693
            ],
            [
              -2.1659904492192927,
              53.47856708053099
            ],
            [
              -2.1503429388516233,
              53.47249922927675
            ],
            [
              -2.1499082857858554,
              53.470897990751325
            ],
            [
              -2.1490389796543177,
              53.46508296663267
            ],
            [
              -2.152805972890979,
              53.46322890097165
            ],
            [
              -2.1490389796543177,
              53.460616353903845
            ],
            [
              -2.1584564627459706,
              53.45488560549706
            ],
            [
              -2.1613541498510944,
              53.45176740415807
            ],
            [
              -2.1659904492192927,
              53.453790021242824
            ],
            [
              -2.1739590887583837,
              53.44367693581908
            ],
            [
              -2.174683510534665,
              53.43803046312415
            ],
            [
              -2.1768567758635085,
              53.43297392041228
            ],
            [
              -2.1874333337972107,
              53.43668205173432
            ],
            [
              -2.1913452113891276,
              53.43508081320889
            ],
            [
              -2.193083823652202,
              53.42758027485295
            ],
            [
              -2.199458735283475,
              53.426906069158036
            ],
            [
              -2.2097455245066655,
              53.41788856798853
            ],
            [
              -2.2133676333880707,
              53.4188998765309
            ],
            [
              -2.2142369395196075,
              53.41460181522581
            ],
            [
              -2.2126432116117893,
              53.407017001158
            ],
            [
              -2.218438585822037,
              53.40541576263258
            ],
            [
              -2.2226402321244674,
              53.40120197703935
            ],
            [
              -2.2381428581368805,
              53.400780598480026
            ],
            [
              -2.24234450443931,
              53.399010808530875
            ],
            [
              -2.246835919452253,
              53.395976882903746
            ],
            [
              -2.2411854295972606,
              53.3794588433783
            ],
            [
              -2.2387223955579056,
              53.37077844505625
            ],
            [
              -2.240750776531492,
              53.35956977537827
            ]
          ]
        ]
      },
      "properties": {
        "slot_id": "gas_emissions_6",
        "lineage_id": "LOCAL-NEW-92271296-1318-4c0c-a293-d0d4ebc2d06b",
        "page_generation": 1,
        "semantic_mode": "AREA_JOIN",
        "partition": {
          "start": 76904,
          "end": 92283,
          "count": 15380
        },
        "evidence_scope": "coverage_area",
        "coverage_area_id": "E08000003",
        "coverage_area_name": "Manchester",
        "coverage_area_identifier_scheme": "ONS_GSS_LTLA",
        "boundary_vintage": "2014-2025 topology; active 2025",
        "source_area_record": true,
        "accepted_parcel_record": false,
        "spatial_binding_method": "OFFICIAL_POLYGON_AND_EXACT_IDENTIFIER",
        "source_window_record_index": 19,
        "source_url": "https://raw.githubusercontent.com/ONSdigital/uk-topojson/aa84341201698f59b26998ca39d2b578df4b6d78/output/topo.json",
        "final_url": "https://raw.githubusercontent.com/ONSdigital/uk-topojson/aa84341201698f59b26998ca39d2b578df4b6d78/output/topo.json",
        "source_access_utc": "2026-10-01T21:28:00Z",
        "source_blob_sha": "668461dddd006aa7e8e176896a7bdcbe5f5e32b5",
        "source_file_sha256": "9feaf90628fee8cf713821801c17fff47691cfa03b60262d4b68e355c485f23d",
        "field_evidence": {
          "areacd": "E08000003",
          "areanm": "Manchester",
          "start": 2014,
          "end": null,
          "geometry_type": "Polygon"
        },
        "evidence_slice_sha256": "4e5a8bdd7aec3c16c579eb8638351bf2c24916c89cfad3288655f482dfcbb3c0",
        "confidence_score_0_100": 96,
        "evidence_grade": "A",
        "licence": "ONS Geography licensing terms / Open Government Licence v3.0",
        "licence_evidence_url": "https://www.ons.gov.uk/methodology/geography/licences",
        "fake_data": false,
        "local_spatial_join_status": "DEFERRED_TO_LOCAL_OPENCODE"
      }
    },
    {
      "type": "Feature",
      "id": "E08000004",
      "geometry": {
        "type": "Polygon",
        "coordinates": [
          [
            [
              -2.026756583818085,
              53.624195510632916
            ],
            [
              -2.0229895905814237,
              53.61576793944646
            ],
            [
              -2.0095153455425976,
              53.61677924798884
            ],
            [
              -1.9815526649781505,
              53.58930536592099
            ],
            [
              -1.9480843789139684,
              53.57278732639555
            ],
            [
              -1.9427236577694895,
              53.561578656717565
            ],
            [
              -1.927510800467588,
              53.55458377263281
            ],
            [
              -1.9257721882045136,
              53.553235361242976
            ],
            [
              -1.9128774805867117,
              53.551634122717545
            ],
            [
              -1.90954514041582,
              53.53840283595481
            ],
            [
              -1.922439848033621,
              53.53081802188701
            ],
            [
              -1.9267863786913075,
              53.520873487886995
            ],
            [
              -1.9167893581786295,
              53.51446853378529
            ],
            [
              -1.922005194967853,
              53.5099176453446
            ],
            [
              -1.9512718347296047,
              53.50418689693781
            ],
            [
              -1.963442120571126,
              53.50983336963274
            ],
            [
              -1.9857543112805809,
              53.51640687515817
            ],
            [
              -1.9969104066353083,
              53.52196907214123
            ],
            [
              -2.0090806924768287,
              53.51910369793784
            ],
            [
              -2.018787944278994,
              53.52137914215818
            ],
            [
              -2.018063522502713,
              53.52483444634463
            ],
            [
              -2.026756583818085,
              53.52938533478531
            ],
            [
              -2.048634121461771,
              53.53031236761582
            ],
            [
              -2.0568925297113747,
              53.530733746175144
            ],
            [
              -2.054139726961507,
              53.52230617498869
            ],
            [
              -2.061963482145342,
              53.52230617498869
            ],
            [
              -2.0706565434607134,
              53.521716245005635
            ],
            [
              -2.0771763394472424,
              53.52028355790394
            ],
            [
              -2.0920994280386314,
              53.5206206607514
            ],
            [
              -2.1032555233933588,
              53.50966481820901
            ],
            [
              -2.119772339892565,
              53.50570385975138
            ],
            [
              -2.1260023671685824,
              53.498961802802214
            ],
            [
              -2.1316528570235738,
              53.498119045683566
            ],
            [
              -2.136144272036516,
              53.49188264300559
            ],
            [
              -2.156283197417128,
              53.493905260090344
            ],
            [
              -2.1629478777589126,
              53.4928096758361
            ],
            [
              -2.1619336872721195,
              53.49828759710729
            ],
            [
              -2.175552816666202,
              53.502585658412386
            ],
            [
              -2.1783056194160704,
              53.506799444005615
            ],
            [
              -2.1713511703637725,
              53.51320439810732
            ],
            [
              -2.161209265495838,
              53.51286729525986
            ],
            [
              -2.156138313061872,
              53.51581694517512
            ],
            [
              -2.159180884522252,
              53.52213762356496
            ],
            [
              -2.1648313743772434,
              53.52011500648021
            ],
            [
              -2.1704818642322357,
              53.52390741351412
            ],
            [
              -2.170192095521723,
              53.52761554483615
            ],
            [
              -2.185984490244649,
              53.52896395622599
            ],
            [
              -2.1707716329427473,
              53.54379648151414
            ],
            [
              -2.1699023268112105,
              53.551381295581955
            ],
            [
              -2.1719307077847976,
              53.55508942690399
            ],
            [
              -2.1717858234295413,
              53.55820762824298
            ],
            [
              -2.155269006930334,
              53.5652867880396
            ],
            [
              -2.1509224762726484,
              53.56714085370062
            ],
            [
              -2.15657296612764,
              53.58231048183624
            ],
            [
              -2.136723809457541,
              53.58306896324302
            ],
            [
              -2.125857482813326,
              53.58652426742947
            ],
            [
              -2.118758149405772,
              53.592423567259985
            ],
            [
              -2.1126730064850117,
              53.59276067010744
            ],
            [
              -2.1106446255114246,
              53.599671278480336
            ],
            [
              -2.0980396866041353,
              53.596300250005754
            ],
            [
              -2.069932121684433,
              53.59503611432778
            ],
            [
              -2.0673242032898207,
              53.592423567259985
            ],
            [
              -2.0551539174483002,
              53.59461473576846
            ],
            [
              -2.0568925297113747,
              53.59739583425999
            ],
            [
              -2.0357394138439693,
              53.602873755531185
            ],
            [
              -2.026756583818085,
              53.624195510632916
            ]
          ]
        ]
      },
      "properties": {
        "slot_id": "gas_emissions_6",
        "lineage_id": "LOCAL-NEW-92271296-1318-4c0c-a293-d0d4ebc2d06b",
        "page_generation": 1,
        "semantic_mode": "AREA_JOIN",
        "partition": {
          "start": 76904,
          "end": 92283,
          "count": 15380
        },
        "evidence_scope": "coverage_area",
        "coverage_area_id": "E08000004",
        "coverage_area_name": "Oldham",
        "coverage_area_identifier_scheme": "ONS_GSS_LTLA",
        "boundary_vintage": "2014-2025 topology; active 2025",
        "source_area_record": true,
        "accepted_parcel_record": false,
        "spatial_binding_method": "OFFICIAL_POLYGON_AND_EXACT_IDENTIFIER",
        "source_window_record_index": 20,
        "source_url": "https://raw.githubusercontent.com/ONSdigital/uk-topojson/aa84341201698f59b26998ca39d2b578df4b6d78/output/topo.json",
        "final_url": "https://raw.githubusercontent.com/ONSdigital/uk-topojson/aa84341201698f59b26998ca39d2b578df4b6d78/output/topo.json",
        "source_access_utc": "2026-10-01T21:28:00Z",
        "source_blob_sha": "668461dddd006aa7e8e176896a7bdcbe5f5e32b5",
        "source_file_sha256": "9feaf90628fee8cf713821801c17fff47691cfa03b60262d4b68e355c485f23d",
        "field_evidence": {
          "areacd": "E08000004",
          "areanm": "Oldham",
          "start": 2014,
          "end": null,
          "geometry_type": "Polygon"
        },
        "evidence_slice_sha256": "4e5a8bdd7aec3c16c579eb8638351bf2c24916c89cfad3288655f482dfcbb3c0",
        "confidence_score_0_100": 96,
        "evidence_grade": "A",
        "licence": "ONS Geography licensing terms / Open Government Licence v3.0",
        "licence_evidence_url": "https://www.ons.gov.uk/methodology/geography/licences",
        "fake_data": false,
        "local_spatial_join_status": "DEFERRED_TO_LOCAL_OPENCODE"
      }
    },
    {
      "type": "Feature",
      "id": "E08000005",
      "geometry": {
        "type": "Polygon",
        "coordinates": [
          [
            [
              -2.271756028556319,
              53.61450380376849
            ],
            [
              -2.257847130451724,
              53.616357869429514
            ],
            [
              -2.25683293996493,
              53.62040310359901
            ],
            [
              -2.2630629672409466,
              53.62503826775156
            ],
            [
              -2.269872531937988,
              53.64610719571769
            ],
            [
              -2.2614692393331284,
              53.654113388344825
            ],
            [
              -2.2365491302290623,
              53.6670075722601
            ],
            [
              -2.2258276879401038,
              53.670799979294
            ],
            [
              -2.2177141640457565,
              53.669030189344845
            ],
            [
              -2.2152511300064006,
              53.66709184797196
            ],
            [
              -2.2003280414150126,
              53.652933528378725
            ],
            [
              -2.189606599126054,
              53.64796126137871
            ],
            [
              -2.1823623813632436,
              53.64821408851431
            ],
            [
              -2.180478884744913,
              53.64046072302277
            ],
            [
              -2.1854049528236237,
              53.638185278802425
            ],
            [
              -2.1613541498510944,
              53.64138775585328
            ],
            [
              -2.1639620682457066,
              53.6548718697516
            ],
            [
              -2.1588911158117394,
              53.66026551531093
            ],
            [
              -2.14628617690445,
              53.682177200395714
            ],
            [
              -2.142229414957276,
              53.67796341480249
            ],
            [
              -2.1341158910629288,
              53.68571678029403
            ],
            [
              -2.1254228297475573,
              53.674760937751635
            ],
            [
              -2.1141218500375736,
              53.67113708214146
            ],
            [
              -2.087028475604664,
              53.670799979294
            ],
            [
              -2.0832614823680027,
              53.67813196622622
            ],
            [
              -2.073409346210582,
              53.67754203624317
            ],
            [
              -2.0567476453561184,
              53.68301995751436
            ],
            [
              -2.0512420398563833,
              53.683694163209275
            ],
            [
              -2.050662502435358,
              53.67948037761605
            ],
            [
              -2.0548641487377877,
              53.67560369487028
            ],
            [
              -2.0528357677642015,
              53.670294325022816
            ],
            [
              -2.0357394138439693,
              53.65933848248043
            ],
            [
              -2.041534788054218,
              53.64248334010752
            ],
            [
              -2.0299440396337216,
              53.63616266171768
            ],
            [
              -2.0309582301205147,
              53.62916777763292
            ],
            [
              -2.026756583818085,
              53.624195510632916
            ],
            [
              -2.0357394138439693,
              53.602873755531185
            ],
            [
              -2.0568925297113747,
              53.59739583425999
            ],
            [
              -2.0551539174483002,
              53.59461473576846
            ],
            [
              -2.0673242032898207,
              53.592423567259985
            ],
            [
              -2.069932121684433,
              53.59503611432778
            ],
            [
              -2.0980396866041353,
              53.596300250005754
            ],
            [
              -2.1106446255114246,
              53.599671278480336
            ],
            [
              -2.1126730064850117,
              53.59276067010744
            ],
            [
              -2.118758149405772,
              53.592423567259985
            ],
            [
              -2.125857482813326,
              53.58652426742947
            ],
            [
              -2.136723809457541,
              53.58306896324302
            ],
            [
              -2.15657296612764,
              53.58231048183624
            ],
            [
              -2.1509224762726484,
              53.56714085370062
            ],
            [
              -2.155269006930334,
              53.5652867880396
            ],
            [
              -2.1717858234295413,
              53.55820762824298
            ],
            [
              -2.1719307077847976,
              53.55508942690399
            ],
            [
              -2.1699023268112105,
              53.551381295581955
            ],
            [
              -2.1707716329427473,
              53.54379648151414
            ],
            [
              -2.185984490244649,
              53.52896395622599
            ],
            [
              -2.19395312978374,
              53.53157650329379
            ],
            [
              -2.2068478374015417,
              53.53418905036159
            ],
            [
              -2.2071376061120542,
              53.538234284531086
            ],
            [
              -2.2187283545325496,
              53.54388075722601
            ],
            [
              -2.2371286676500874,
              53.538824214514136
            ],
            [
              -2.235824708452782,
              53.5481788185311
            ],
            [
              -2.2417649670182858,
              53.557112043988745
            ],
            [
              -2.2365491302290623,
              53.559218936785356
            ],
            [
              -2.2426342731498226,
              53.5614943810057
            ],
            [
              -2.2481398786495586,
              53.56326417095485
            ],
            [
              -2.244372885412897,
              53.57228167212436
            ],
            [
              -2.2591510896490297,
              53.5852601317515
            ],
            [
              -2.2655260012803025,
              53.58559723459896
            ],
            [
              -2.272190681622088,
              53.57936083192098
            ],
            [
              -2.2814632803584844,
              53.58273186039556
            ],
            [
              -2.2823325864900212,
              53.586692818853194
            ],
            [
              -2.2781309401875918,
              53.587282748836245
            ],
            [
              -2.2765372122797736,
              53.591496534429474
            ],
            [
              -2.2701623006485008,
              53.589136814497266
            ],
            [
              -2.2700174162932445,
              53.5919179129888
            ],
            [
              -2.2591510896490297,
              53.59217074012439
            ],
            [
              -2.2555289807676244,
              53.59705873141253
            ],
            [
              -2.2455319602549464,
              53.59908134849728
            ],
            [
              -2.2490091847810953,
              53.60329513409051
            ],
            [
              -2.2510375657546824,
              53.60717181683628
            ],
            [
              -2.2594408583595422,
              53.60607623258204
            ],
            [
              -2.2665401917670955,
              53.60911015820916
            ],
            [
              -2.271756028556319,
              53.61450380376849
            ]
          ]
        ]
      },
      "properties": {
        "slot_id": "gas_emissions_6",
        "lineage_id": "LOCAL-NEW-92271296-1318-4c0c-a293-d0d4ebc2d06b",
        "page_generation": 1,
        "semantic_mode": "AREA_JOIN",
        "partition": {
          "start": 76904,
          "end": 92283,
          "count": 15380
        },
        "evidence_scope": "coverage_area",
        "coverage_area_id": "E08000005",
        "coverage_area_name": "Rochdale",
        "coverage_area_identifier_scheme": "ONS_GSS_LTLA",
        "boundary_vintage": "2014-2025 topology; active 2025",
        "source_area_record": true,
        "accepted_parcel_record": false,
        "spatial_binding_method": "OFFICIAL_POLYGON_AND_EXACT_IDENTIFIER",
        "source_window_record_index": 21,
        "source_url": "https://raw.githubusercontent.com/ONSdigital/uk-topojson/aa84341201698f59b26998ca39d2b578df4b6d78/output/topo.json",
        "final_url": "https://raw.githubusercontent.com/ONSdigital/uk-topojson/aa84341201698f59b26998ca39d2b578df4b6d78/output/topo.json",
        "source_access_utc": "2026-10-01T21:28:00Z",
        "source_blob_sha": "668461dddd006aa7e8e176896a7bdcbe5f5e32b5",
        "source_file_sha256": "9feaf90628fee8cf713821801c17fff47691cfa03b60262d4b68e355c485f23d",
        "field_evidence": {
          "areacd": "E08000005",
          "areanm": "Rochdale",
          "start": 2014,
          "end": null,
          "geometry_type": "Polygon"
        },
        "evidence_slice_sha256": "4e5a8bdd7aec3c16c579eb8638351bf2c24916c89cfad3288655f482dfcbb3c0",
        "confidence_score_0_100": 96,
        "evidence_grade": "A",
        "licence": "ONS Geography licensing terms / Open Government Licence v3.0",
        "licence_evidence_url": "https://www.ons.gov.uk/methodology/geography/licences",
        "fake_data": false,
        "local_spatial_join_status": "DEFERRED_TO_LOCAL_OPENCODE"
      }
    },
    {
      "type": "Feature",
      "id": "E08000006",
      "geometry": {
        "type": "Polygon",
        "coordinates": [
          [
            [
              -2.4493842481004195,
              53.41586595090378
            ],
            [
              -2.451557513429263,
              53.4267375177343
            ],
            [
              -2.461699418297197,
              53.436429224598726
            ],
            [
              -2.467639676862701,
              53.4374405331411
            ],
            [
              -2.4782162347964034,
              53.44342410868348
            ],
            [
              -2.476042969467561,
              53.44822782425976
            ],
            [
              -2.4896620988616434,
              53.46027925105639
            ],
            [
              -2.4383730371009484,
              53.46466158807335
            ],
            [
              -2.4344611595090315,
              53.4649986909208
            ],
            [
              -2.4360548874168497,
              53.4719092992937
            ],
            [
              -2.4385179214562047,
              53.492388297276776
            ],
            [
              -2.4304043975618574,
              53.50477682692087
            ],
            [
              -2.4205522614044357,
              53.506799444005615
            ],
            [
              -2.4195380709176426,
              53.51210881385308
            ],
            [
              -2.415336424615213,
              53.51202453814122
            ],
            [
              -2.418234111720337,
              53.51809238939546
            ],
            [
              -2.4324327785354445,
              53.522390450700556
            ],
            [
              -2.454165431823874,
              53.526182857734455
            ],
            [
              -2.451122860363494,
              53.528626853378526
            ],
            [
              -2.444603064376965,
              53.53090229759887
            ],
            [
              -2.435765118706337,
              53.54202669156499
            ],
            [
              -2.4214215675359734,
              53.54101538302262
            ],
            [
              -2.410265472181246,
              53.53848711166668
            ],
            [
              -2.4001235673133117,
              53.538571387378546
            ],
            [
              -2.38534536307718,
              53.53149222758192
            ],
            [
              -2.3543401110523527,
              53.526182857734455
            ],
            [
              -2.350862886526204,
              53.5296381619209
            ],
            [
              -2.3537605736313276,
              53.53503180748024
            ],
            [
              -2.345936818447493,
              53.53739152741244
            ],
            [
              -2.3382579476189145,
              53.53359912037854
            ],
            [
              -2.3268120835536745,
              53.5284583019548
            ],
            [
              -2.3104401514097246,
              53.52719416627683
            ],
            [
              -2.3023266275153773,
              53.51708108085309
            ],
            [
              -2.290735879094881,
              53.51202453814122
            ],
            [
              -2.279290015029641,
              53.51590122088698
            ],
            [
              -2.2569778243201863,
              53.517923837971736
            ],
            [
              -2.2452421915444347,
              53.51210881385308
            ],
            [
              -2.2491540691363516,
              53.50949626678528
            ],
            [
              -2.2452421915444347,
              53.50486110263273
            ],
            [
              -2.2471256881627646,
              53.50241710698866
            ],
            [
              -2.2514722188204512,
              53.50393406980222
            ],
            [
              -2.255384096412368,
              53.49913035422594
            ],
            [
              -2.2504580283336573,
              53.49011285305644
            ],
            [
              -2.2485745317153274,
              53.48817451168355
            ],
            [
              -2.246256382031228,
              53.48716320314118
            ],
            [
              -2.263352735951459,
              53.4757017063276
            ],
            [
              -2.26523623256979,
              53.472667780700476
            ],
            [
              -2.2839263143978394,
              53.46533579376826
            ],
            [
              -2.3043550084889635,
              53.4730891592598
            ],
            [
              -2.319133212725096,
              53.47957838907337
            ],
            [
              -2.329564886303543,
              53.47999976763269
            ],
            [
              -2.3521668457235094,
              53.474690397785224
            ],
            [
              -2.3691183152884854,
              53.46921247651403
            ],
            [
              -2.3956321523003696,
              53.45876228824283
            ],
            [
              -2.4095410504049646,
              53.445699552903825
            ],
            [
              -2.4134529279968824,
              53.43752480885296
            ],
            [
              -2.4224357580227664,
              53.42732744771735
            ],
            [
              -2.4493842481004195,
              53.41586595090378
            ]
          ]
        ]
      },
      "properties": {
        "slot_id": "gas_emissions_6",
        "lineage_id": "LOCAL-NEW-92271296-1318-4c0c-a293-d0d4ebc2d06b",
        "page_generation": 1,
        "semantic_mode": "AREA_JOIN",
        "partition": {
          "start": 76904,
          "end": 92283,
          "count": 15380
        },
        "evidence_scope": "coverage_area",
        "coverage_area_id": "E08000006",
        "coverage_area_name": "Salford",
        "coverage_area_identifier_scheme": "ONS_GSS_LTLA",
        "boundary_vintage": "2014-2025 topology; active 2025",
        "source_area_record": true,
        "accepted_parcel_record": false,
        "spatial_binding_method": "OFFICIAL_POLYGON_AND_EXACT_IDENTIFIER",
        "source_window_record_index": 22,
        "source_url": "https://raw.githubusercontent.com/ONSdigital/uk-topojson/aa84341201698f59b26998ca39d2b578df4b6d78/output/topo.json",
        "final_url": "https://raw.githubusercontent.com/ONSdigital/uk-topojson/aa84341201698f59b26998ca39d2b578df4b6d78/output/topo.json",
        "source_access_utc": "2026-10-01T21:28:00Z",
        "source_blob_sha": "668461dddd006aa7e8e176896a7bdcbe5f5e32b5",
        "source_file_sha256": "9feaf90628fee8cf713821801c17fff47691cfa03b60262d4b68e355c485f23d",
        "field_evidence": {
          "areacd": "E08000006",
          "areanm": "Salford",
          "start": 2014,
          "end": null,
          "geometry_type": "Polygon"
        },
        "evidence_slice_sha256": "4e5a8bdd7aec3c16c579eb8638351bf2c24916c89cfad3288655f482dfcbb3c0",
        "confidence_score_0_100": 96,
        "evidence_grade": "A",
        "licence": "ONS Geography licensing terms / Open Government Licence v3.0",
        "licence_evidence_url": "https://www.ons.gov.uk/methodology/geography/licences",
        "fake_data": false,
        "local_spatial_join_status": "DEFERRED_TO_LOCAL_OPENCODE"
      }
    },
    {
      "type": "Feature",
      "id": "E08000007",
      "geometry": {
        "type": "Polygon",
        "coordinates": [
          [
            [
              -2.0263219307523164,
              53.429771443361425
            ],
            [
              -2.019657250410531,
              53.42513627920888
            ],
            [
              -2.023714012357705,
              53.420501115056325
            ],
            [
              -2.013716991845027,
              53.41586595090378
            ],
            [
              -1.99227410726711,
              53.415191745208865
            ],
            [
              -2.005168814884911,
              53.39049896163255
            ],
            [
              -2.0045892774638867,
              53.38628517603933
            ],
            [
              -2.019657250410531,
              53.3806387033444
            ],
            [
              -2.0170493320159197,
              53.37777332914101
            ],
            [
              -2.0219754000946306,
              53.375919263479986
            ],
            [
              -2.02617704639706,
              53.373559543547785
            ],
            [
              -2.0338559172256385,
              53.37549788492066
            ],
            [
              -2.031103114475771,
              53.3701885150732
            ],
            [
              -2.04066548192268,
              53.37406519781897
            ],
            [
              -2.0552988018035565,
              53.36690176231048
            ],
            [
              -2.0612390603690605,
              53.35838991541217
            ],
            [
              -2.0786251829998044,
              53.35813708827657
            ],
            [
              -2.094997115143755,
              53.36597472947997
            ],
            [
              -2.103835060814383,
              53.366059005191836
            ],
            [
              -2.114411618748086,
              53.36462631809014
            ],
            [
              -2.123249564418714,
              53.36192949531048
            ],
            [
              -2.1280307481421685,
              53.36462631809014
            ],
            [
              -2.1390419591416396,
              53.36732314086981
            ],
            [
              -2.138172653010103,
              53.3568729525986
            ],
            [
              -2.1425191836677886,
              53.35417612981894
            ],
            [
              -2.151212244983161,
              53.348108278564695
            ],
            [
              -2.144112911575607,
              53.34288318442909
            ],
            [
              -2.1500531701411107,
              53.33833229598841
            ],
            [
              -2.1525162041804666,
              53.32847203770025
            ],
            [
              -2.1599053062985325,
              53.3281349348528
            ],
            [
              -2.184970299757855,
              53.33268582329348
            ],
            [
              -2.1942428984942524,
              53.338585123124
            ],
            [
              -2.181058422165938,
              53.34397876868333
            ],
            [
              -2.188012871218236,
              53.348698208547745
            ],
            [
              -2.1854049528236237,
              53.352574891293514
            ],
            [
              -2.2082966809541036,
              53.355018886937586
            ],
            [
              -2.2161204361379383,
              53.358895569683355
            ],
            [
              -2.2330719057029134,
              53.358811293971485
            ],
            [
              -2.240750776531492,
              53.35956977537827
            ],
            [
              -2.2387223955579056,
              53.37077844505625
            ],
            [
              -2.2411854295972606,
              53.3794588433783
            ],
            [
              -2.246835919452253,
              53.395976882903746
            ],
            [
              -2.24234450443931,
              53.399010808530875
            ],
            [
              -2.2381428581368805,
              53.400780598480026
            ],
            [
              -2.2226402321244674,
              53.40120197703935
            ],
            [
              -2.218438585822037,
              53.40541576263258
            ],
            [
              -2.2126432116117893,
              53.407017001158
            ],
            [
              -2.2142369395196075,
              53.41460181522581
            ],
            [
              -2.2133676333880707,
              53.4188998765309
            ],
            [
              -2.2097455245066655,
              53.41788856798853
            ],
            [
              -2.199458735283475,
              53.426906069158036
            ],
            [
              -2.193083823652202,
              53.42758027485295
            ],
            [
              -2.1913452113891276,
              53.43508081320889
            ],
            [
              -2.1874333337972107,
              53.43668205173432
            ],
            [
              -2.1768567758635085,
              53.43297392041228
            ],
            [
              -2.174683510534665,
              53.43803046312415
            ],
            [
              -2.1739590887583837,
              53.44367693581908
            ],
            [
              -2.1659904492192927,
              53.453790021242824
            ],
            [
              -2.1613541498510944,
              53.45176740415807
            ],
            [
              -2.1584564627459706,
              53.45488560549706
            ],
            [
              -2.1433884897993263,
              53.444772520073315
            ],
            [
              -2.141649877536252,
              53.438199014547884
            ],
            [
              -2.1306386665367807,
              53.439378874513984
            ],
            [
              -2.1229597957082014,
              53.4376933602767
            ],
            [
              -2.123249564418714,
              53.44098011303941
            ],
            [
              -2.12035187731359,
              53.436429224598726
            ],
            [
              -2.1160053466559043,
              53.44072728590382
            ],
            [
              -2.1026759859723336,
              53.43263681756482
            ],
            [
              -2.092823849814912,
              53.43752480885296
            ],
            [
              -2.083985904144284,
              53.43406950466652
            ],
            [
              -2.082971713657491,
              53.426821793446166
            ],
            [
              -2.0693525842634077,
              53.42766455056481
            ],
            [
              -2.0557334548693253,
              53.43179406044618
            ],
            [
              -2.039071754014862,
              53.427158896293626
            ],
            [
              -2.0263219307523164,
              53.429771443361425
            ]
          ]
        ]
      },
      "properties": {
        "slot_id": "gas_emissions_6",
        "lineage_id": "LOCAL-NEW-92271296-1318-4c0c-a293-d0d4ebc2d06b",
        "page_generation": 1,
        "semantic_mode": "AREA_JOIN",
        "partition": {
          "start": 76904,
          "end": 92283,
          "count": 15380
        },
        "evidence_scope": "coverage_area",
        "coverage_area_id": "E08000007",
        "coverage_area_name": "Stockport",
        "coverage_area_identifier_scheme": "ONS_GSS_LTLA",
        "boundary_vintage": "2014-2025 topology; active 2025",
        "source_area_record": true,
        "accepted_parcel_record": false,
        "spatial_binding_method": "OFFICIAL_POLYGON_AND_EXACT_IDENTIFIER",
        "source_window_record_index": 23,
        "source_url": "https://raw.githubusercontent.com/ONSdigital/uk-topojson/aa84341201698f59b26998ca39d2b578df4b6d78/output/topo.json",
        "final_url": "https://raw.githubusercontent.com/ONSdigital/uk-topojson/aa84341201698f59b26998ca39d2b578df4b6d78/output/topo.json",
        "source_access_utc": "2026-10-01T21:28:00Z",
        "source_blob_sha": "668461dddd006aa7e8e176896a7bdcbe5f5e32b5",
        "source_file_sha256": "9feaf90628fee8cf713821801c17fff47691cfa03b60262d4b68e355c485f23d",
        "field_evidence": {
          "areacd": "E08000007",
          "areanm": "Stockport",
          "start": 2014,
          "end": null,
          "geometry_type": "Polygon"
        },
        "evidence_slice_sha256": "4e5a8bdd7aec3c16c579eb8638351bf2c24916c89cfad3288655f482dfcbb3c0",
        "confidence_score_0_100": 96,
        "evidence_grade": "A",
        "licence": "ONS Geography licensing terms / Open Government Licence v3.0",
        "licence_evidence_url": "https://www.ons.gov.uk/methodology/geography/licences",
        "fake_data": false,
        "local_spatial_join_status": "DEFERRED_TO_LOCAL_OPENCODE"
      }
    },
    {
      "type": "Feature",
      "id": "E08000008",
      "geometry": {
        "type": "Polygon",
        "coordinates": [
          [
            [
              -1.963442120571126,
              53.50983336963274
            ],
            [
              -1.9727147193075227,
              53.50250138270052
            ],
            [
              -1.9745982159258535,
              53.487921684547956
            ],
            [
              -1.9870582704778865,
              53.481601006158115
            ],
            [
              -1.9885071140304484,
              53.469970957920815
            ],
            [
              -1.9815526649781505,
              53.464493036649614
            ],
            [
              -1.987348039188399,
              53.45893083966656
            ],
            [
              -1.9869133861226302,
              53.45429567551401
            ],
            [
              -1.998214365832614,
              53.44578382861569
            ],
            [
              -2.0083562707005473,
              53.44140149159873
            ],
            [
              -2.004154624398118,
              53.43592357032754
            ],
            [
              -2.013716991845027,
              53.43988452878517
            ],
            [
              -2.0273361212391103,
              53.43238399042923
            ],
            [
              -2.0263219307523164,
              53.429771443361425
            ],
            [
              -2.039071754014862,
              53.427158896293626
            ],
            [
              -2.0557334548693253,
              53.43179406044618
            ],
            [
              -2.0693525842634077,
              53.42766455056481
            ],
            [
              -2.082971713657491,
              53.426821793446166
            ],
            [
              -2.083985904144284,
              53.43406950466652
            ],
            [
              -2.092823849814912,
              53.43752480885296
            ],
            [
              -2.1026759859723336,
              53.43263681756482
            ],
            [
              -2.1160053466559043,
              53.44072728590382
            ],
            [
              -2.12035187731359,
              53.436429224598726
            ],
            [
              -2.123249564418714,
              53.44098011303941
            ],
            [
              -2.1229597957082014,
              53.4376933602767
            ],
            [
              -2.1306386665367807,
              53.439378874513984
            ],
            [
              -2.141649877536252,
              53.438199014547884
            ],
            [
              -2.1433884897993263,
              53.444772520073315
            ],
            [
              -2.1584564627459706,
              53.45488560549706
            ],
            [
              -2.1490389796543177,
              53.460616353903845
            ],
            [
              -2.152805972890979,
              53.46322890097165
            ],
            [
              -2.1490389796543177,
              53.46508296663267
            ],
            [
              -2.1499082857858554,
              53.470897990751325
            ],
            [
              -2.1503429388516233,
              53.47249922927675
            ],
            [
              -2.1659904492192927,
              53.47856708053099
            ],
            [
              -2.1674392927718547,
              53.48109535188693
            ],
            [
              -2.1659904492192927,
              53.49162981587
            ],
            [
              -2.1629478777589126,
              53.4928096758361
            ],
            [
              -2.156283197417128,
              53.493905260090344
            ],
            [
              -2.136144272036516,
              53.49188264300559
            ],
            [
              -2.1316528570235738,
              53.498119045683566
            ],
            [
              -2.1260023671685824,
              53.498961802802214
            ],
            [
              -2.119772339892565,
              53.50570385975138
            ],
            [
              -2.1032555233933588,
              53.50966481820901
            ],
            [
              -2.0920994280386314,
              53.5206206607514
            ],
            [
              -2.0771763394472424,
              53.52028355790394
            ],
            [
              -2.0706565434607134,
              53.521716245005635
            ],
            [
              -2.061963482145342,
              53.52230617498869
            ],
            [
              -2.054139726961507,
              53.52230617498869
            ],
            [
              -2.0568925297113747,
              53.530733746175144
            ],
            [
              -2.048634121461771,
              53.53031236761582
            ],
            [
              -2.026756583818085,
              53.52938533478531
            ],
            [
              -2.018063522502713,
              53.52483444634463
            ],
            [
              -2.018787944278994,
              53.52137914215818
            ],
            [
              -2.0090806924768287,
              53.51910369793784
            ],
            [
              -1.9969104066353083,
              53.52196907214123
            ],
            [
              -1.9857543112805809,
              53.51640687515817
            ],
            [
              -1.963442120571126,
              53.50983336963274
            ]
          ]
        ]
      },
      "properties": {
        "slot_id": "gas_emissions_6",
        "lineage_id": "LOCAL-NEW-92271296-1318-4c0c-a293-d0d4ebc2d06b",
        "page_generation": 1,
        "semantic_mode": "AREA_JOIN",
        "partition": {
          "start": 76904,
          "end": 92283,
          "count": 15380
        },
        "evidence_scope": "coverage_area",
        "coverage_area_id": "E08000008",
        "coverage_area_name": "Tameside",
        "coverage_area_identifier_scheme": "ONS_GSS_LTLA",
        "boundary_vintage": "2014-2025 topology; active 2025",
        "source_area_record": true,
        "accepted_parcel_record": false,
        "spatial_binding_method": "OFFICIAL_POLYGON_AND_EXACT_IDENTIFIER",
        "source_window_record_index": 24,
        "source_url": "https://raw.githubusercontent.com/ONSdigital/uk-topojson/aa84341201698f59b26998ca39d2b578df4b6d78/output/topo.json",
        "final_url": "https://raw.githubusercontent.com/ONSdigital/uk-topojson/aa84341201698f59b26998ca39d2b578df4b6d78/output/topo.json",
        "source_access_utc": "2026-10-01T21:28:00Z",
        "source_blob_sha": "668461dddd006aa7e8e176896a7bdcbe5f5e32b5",
        "source_file_sha256": "9feaf90628fee8cf713821801c17fff47691cfa03b60262d4b68e355c485f23d",
        "field_evidence": {
          "areacd": "E08000008",
          "areanm": "Tameside",
          "start": 2014,
          "end": null,
          "geometry_type": "Polygon"
        },
        "evidence_slice_sha256": "4e5a8bdd7aec3c16c579eb8638351bf2c24916c89cfad3288655f482dfcbb3c0",
        "confidence_score_0_100": 96,
        "evidence_grade": "A",
        "licence": "ONS Geography licensing terms / Open Government Licence v3.0",
        "licence_evidence_url": "https://www.ons.gov.uk/methodology/geography/licences",
        "fake_data": false,
        "local_spatial_join_status": "DEFERRED_TO_LOCAL_OPENCODE"
      }
    },
    {
      "type": "Feature",
      "id": "E08000009",
      "geometry": {
        "type": "Polygon",
        "coordinates": [
          [
            [
              -2.426637404325197,
              53.38738076029357
            ],
            [
              -2.4483700576136265,
              53.394797022937645
            ],
            [
              -2.458511962481561,
              53.39302723298849
            ],
            [
              -2.4659010645996267,
              53.394797022937645
            ],
            [
              -2.470972017033594,
              53.39226875158171
            ],
            [
              -2.478506003506916,
              53.39622971003934
            ],
            [
              -2.466045948954883,
              53.40069632276816
            ],
            [
              -2.453730778758106,
              53.41316912812411
            ],
            [
              -2.4493842481004195,
              53.41586595090378
            ],
            [
              -2.4224357580227664,
              53.42732744771735
            ],
            [
              -2.4134529279968824,
              53.43752480885296
            ],
            [
              -2.4095410504049646,
              53.445699552903825
            ],
            [
              -2.3956321523003696,
              53.45876228824283
            ],
            [
              -2.3691183152884854,
              53.46921247651403
            ],
            [
              -2.3521668457235094,
              53.474690397785224
            ],
            [
              -2.329564886303543,
              53.47999976763269
            ],
            [
              -2.319133212725096,
              53.47957838907337
            ],
            [
              -2.3043550084889635,
              53.4730891592598
            ],
            [
              -2.2839263143978394,
              53.46533579376826
            ],
            [
              -2.26523623256979,
              53.472667780700476
            ],
            [
              -2.2681339196749137,
              53.46971813078522
            ],
            [
              -2.257847130451724,
              53.462386143853
            ],
            [
              -2.25379036850455,
              53.46272324670046
            ],
            [
              -2.2536454841492937,
              53.45985787249707
            ],
            [
              -2.2581368991622357,
              53.45876228824283
            ],
            [
              -2.2714662598458064,
              53.45067181990383
            ],
            [
              -2.2730599877536246,
              53.450503268480105
            ],
            [
              -2.286244464081939,
              53.44907058137841
            ],
            [
              -2.2930540287789807,
              53.444435417225854
            ],
            [
              -2.2898665729633443,
              53.44131721588687
            ],
            [
              -2.2953721784630794,
              53.438788944530934
            ],
            [
              -2.2943579879762863,
              53.4360078460394
            ],
            [
              -2.299718709120765,
              53.43727198171737
            ],
            [
              -2.2998635934760214,
              53.433395298971604
            ],
            [
              -2.286679117147708,
              53.43019282192075
            ],
            [
              -2.283636545687327,
              53.42496772778515
            ],
            [
              -2.2736395251746497,
              53.42252373214108
            ],
            [
              -2.2805939742269468,
              53.41527602092073
            ],
            [
              -2.2940682192657738,
              53.413590506683434
            ],
            [
              -2.297690328147179,
              53.40828113683597
            ],
            [
              -2.3043550084889635,
              53.4098823753614
            ],
            [
              -2.3198576345013775,
              53.411567889598686
            ],
            [
              -2.300153362186534,
              53.39210020015798
            ],
            [
              -2.299573824765509,
              53.38763358742916
            ],
            [
              -2.2998635934760214,
              53.384262558954575
            ],
            [
              -2.286244464081939,
              53.37583498776812
            ],
            [
              -2.298559634278716,
              53.36083391105624
            ],
            [
              -2.314062260291129,
              53.35737860686979
            ],
            [
              -2.3233348590275265,
              53.3583056397003
            ],
            [
              -2.3243490495143195,
              53.36142384103929
            ],
            [
              -2.328985348882518,
              53.36083391105624
            ],
            [
              -2.3298546550140546,
              53.36386783668336
            ],
            [
              -2.3401414442372452,
              53.36740741658167
            ],
            [
              -2.348979389907873,
              53.36589045376811
            ],
            [
              -2.35405034234184,
              53.368165897988455
            ],
            [
              -2.3650615533413113,
              53.36310935527658
            ],
            [
              -2.384765825656155,
              53.37001996364947
            ],
            [
              -2.400703104734337,
              53.37516078207321
            ],
            [
              -2.4105552408917585,
              53.38384118039526
            ],
            [
              -2.426637404325197,
              53.38738076029357
            ]
          ]
        ]
      },
      "properties": {
        "slot_id": "gas_emissions_6",
        "lineage_id": "LOCAL-NEW-92271296-1318-4c0c-a293-d0d4ebc2d06b",
        "page_generation": 1,
        "semantic_mode": "AREA_JOIN",
        "partition": {
          "start": 76904,
          "end": 92283,
          "count": 15380
        },
        "evidence_scope": "coverage_area",
        "coverage_area_id": "E08000009",
        "coverage_area_name": "Trafford",
        "coverage_area_identifier_scheme": "ONS_GSS_LTLA",
        "boundary_vintage": "2014-2025 topology; active 2025",
        "source_area_record": true,
        "accepted_parcel_record": false,
        "spatial_binding_method": "OFFICIAL_POLYGON_AND_EXACT_IDENTIFIER",
        "source_window_record_index": 25,
        "source_url": "https://raw.githubusercontent.com/ONSdigital/uk-topojson/aa84341201698f59b26998ca39d2b578df4b6d78/output/topo.json",
        "final_url": "https://raw.githubusercontent.com/ONSdigital/uk-topojson/aa84341201698f59b26998ca39d2b578df4b6d78/output/topo.json",
        "source_access_utc": "2026-10-01T21:28:00Z",
        "source_blob_sha": "668461dddd006aa7e8e176896a7bdcbe5f5e32b5",
        "source_file_sha256": "9feaf90628fee8cf713821801c17fff47691cfa03b60262d4b68e355c485f23d",
        "field_evidence": {
          "areacd": "E08000009",
          "areanm": "Trafford",
          "start": 2014,
          "end": null,
          "geometry_type": "Polygon"
        },
        "evidence_slice_sha256": "4e5a8bdd7aec3c16c579eb8638351bf2c24916c89cfad3288655f482dfcbb3c0",
        "confidence_score_0_100": 96,
        "evidence_grade": "A",
        "licence": "ONS Geography licensing terms / Open Government Licence v3.0",
        "licence_evidence_url": "https://www.ons.gov.uk/methodology/geography/licences",
        "fake_data": false,
        "local_spatial_join_status": "DEFERRED_TO_LOCAL_OPENCODE"
      }
    },
    {
      "type": "Feature",
      "id": "E08000010",
      "geometry": {
        "type": "Polygon",
        "coordinates": [
          [
            [
              -2.576737596370619,
              53.446036655751286
            ],
            [
              -2.5832573923571482,
              53.44890202995468
            ],
            [
              -2.5839818141334296,
              53.45387429695469
            ],
            [
              -2.59615209997495,
              53.45640256831062
            ],
            [
              -2.599629324501099,
              53.46103773246317
            ],
            [
              -2.6148421818029997,
              53.46331317668351
            ],
            [
              -2.6168705627765867,
              53.46617855088691
            ],
            [
              -2.614552413092487,
              53.47030806076827
            ],
            [
              -2.6078877327507026,
              53.470813715039455
            ],
            [
              -2.612089379053132,
              53.48109535188693
            ],
            [
              -2.6455576651173143,
              53.48016831905642
            ],
            [
              -2.655844454340505,
              53.490281404480164
            ],
            [
              -2.662943787748058,
              53.4928096758361
            ],
            [
              -2.666276127918951,
              53.49980455992086
            ],
            [
              -2.680185026023546,
              53.4994674570734
            ],
            [
              -2.7055397881933807,
              53.50477682692087
            ],
            [
              -2.7100312032063227,
              53.51463708520902
            ],
            [
              -2.723070795179381,
              53.510001921056464
            ],
            [
              -2.7304598972974476,
              53.5206206607514
            ],
            [
              -2.7178549583901583,
              53.52719416627683
            ],
            [
              -2.714667502574522,
              53.53831856024295
            ],
            [
              -2.718579380166439,
              53.54345937866669
            ],
            [
              -2.712639121600935,
              53.548768748514156
            ],
            [
              -2.704670482061844,
              53.561831483853155
            ],
            [
              -2.7113351624036293,
              53.56478113376841
            ],
            [
              -2.719158917587464,
              53.57607407915826
            ],
            [
              -2.7013381418909512,
              53.590569501598964
            ],
            [
              -2.6933695023518602,
              53.58938964163286
            ],
            [
              -2.692645080575579,
              53.59613169858202
            ],
            [
              -2.689312740404686,
              53.60430644263288
            ],
            [
              -2.66135005984024,
              53.60329513409051
            ],
            [
              -2.659466563221909,
              53.60363223693797
            ],
            [
              -2.6361401820256614,
              53.608267401090515
            ],
            [
              -2.6313589983022068,
              53.60523347546339
            ],
            [
              -2.6258533928024708,
              53.59368770293795
            ],
            [
              -2.627447120710289,
              53.58938964163286
            ],
            [
              -2.618029637618636,
              53.59107515587015
            ],
            [
              -2.585140888975479,
              53.58509158032777
            ],
            [
              -2.567754766344735,
              53.571438915005714
            ],
            [
              -2.5684791881210156,
              53.56469685805655
            ],
            [
              -2.5600758955161567,
              53.56208431098875
            ],
            [
              -2.5634082356870493,
              53.55947176392095
            ],
            [
              -2.559786126805644,
              53.555510805463314
            ],
            [
              -2.569203609897297,
              53.547504612836185
            ],
            [
              -2.5580475145425696,
              53.5443864114972
            ],
            [
              -2.561814507779231,
              53.538908490226
            ],
            [
              -2.553700983884884,
              53.53621166744634
            ],
            [
              -2.531243908820173,
              53.52289610497174
            ],
            [
              -2.5157412828077597,
              53.52921678336158
            ],
            [
              -2.515451514097247,
              53.535790288887014
            ],
            [
              -2.5102356773080237,
              53.53410477464973
            ],
            [
              -2.5073379902029,
              53.53781290597176
            ],
            [
              -2.4902416362826685,
              53.53562173746329
            ],
            [
              -2.451122860363494,
              53.528626853378526
            ],
            [
              -2.454165431823874,
              53.526182857734455
            ],
            [
              -2.4324327785354445,
              53.522390450700556
            ],
            [
              -2.418234111720337,
              53.51809238939546
            ],
            [
              -2.415336424615213,
              53.51202453814122
            ],
            [
              -2.4195380709176426,
              53.51210881385308
            ],
            [
              -2.4205522614044357,
              53.506799444005615
            ],
            [
              -2.4304043975618574,
              53.50477682692087
            ],
            [
              -2.4385179214562047,
              53.492388297276776
            ],
            [
              -2.4360548874168497,
              53.4719092992937
            ],
            [
              -2.4344611595090315,
              53.4649986909208
            ],
            [
              -2.4383730371009484,
              53.46466158807335
            ],
            [
              -2.4896620988616434,
              53.46027925105639
            ],
            [
              -2.4890825614406182,
              53.47578598203947
            ],
            [
              -2.4963267792034287,
              53.4809268004632
            ],
            [
              -2.5364597456093962,
              53.471487920734376
            ],
            [
              -2.5525419090428336,
              53.46777978941233
            ],
            [
              -2.5490646845166856,
              53.46145911102249
            ],
            [
              -2.5703626847393464,
              53.458509461107234
            ],
            [
              -2.576737596370619,
              53.446036655751286
            ]
          ]
        ]
      },
      "properties": {
        "slot_id": "gas_emissions_6",
        "lineage_id": "LOCAL-NEW-92271296-1318-4c0c-a293-d0d4ebc2d06b",
        "page_generation": 1,
        "semantic_mode": "AREA_JOIN",
        "partition": {
          "start": 76904,
          "end": 92283,
          "count": 15380
        },
        "evidence_scope": "coverage_area",
        "coverage_area_id": "E08000010",
        "coverage_area_name": "Wigan",
        "coverage_area_identifier_scheme": "ONS_GSS_LTLA",
        "boundary_vintage": "2014-2025 topology; active 2025",
        "source_area_record": true,
        "accepted_parcel_record": false,
        "spatial_binding_method": "OFFICIAL_POLYGON_AND_EXACT_IDENTIFIER",
        "source_window_record_index": 26,
        "source_url": "https://raw.githubusercontent.com/ONSdigital/uk-topojson/aa84341201698f59b26998ca39d2b578df4b6d78/output/topo.json",
        "final_url": "https://raw.githubusercontent.com/ONSdigital/uk-topojson/aa84341201698f59b26998ca39d2b578df4b6d78/output/topo.json",
        "source_access_utc": "2026-10-01T21:28:00Z",
        "source_blob_sha": "668461dddd006aa7e8e176896a7bdcbe5f5e32b5",
        "source_file_sha256": "9feaf90628fee8cf713821801c17fff47691cfa03b60262d4b68e355c485f23d",
        "field_evidence": {
          "areacd": "E08000010",
          "areanm": "Wigan",
          "start": 2014,
          "end": null,
          "geometry_type": "Polygon"
        },
        "evidence_slice_sha256": "4e5a8bdd7aec3c16c579eb8638351bf2c24916c89cfad3288655f482dfcbb3c0",
        "confidence_score_0_100": 96,
        "evidence_grade": "A",
        "licence": "ONS Geography licensing terms / Open Government Licence v3.0",
        "licence_evidence_url": "https://www.ons.gov.uk/methodology/geography/licences",
        "fake_data": false,
        "local_spatial_join_status": "DEFERRED_TO_LOCAL_OPENCODE"
      }
    },
    {
      "type": "Feature",
      "id": "E08000011",
      "geometry": {
        "type": "Polygon",
        "coordinates": [
          [
            [
              -2.8879491914609368,
              53.50376551837849
            ],
            [
              -2.8733158715800604,
              53.49997311134459
            ],
            [
              -2.871142606251217,
              53.49500084434458
            ],
            [
              -2.8614353544490516,
              53.49112416159881
            ],
            [
              -2.8498446060285563,
              53.493062502971696
            ],
            [
              -2.8439043474630514,
              53.4901971287683
            ],
            [
              -2.8443390005288203,
              53.48412927751406
            ],
            [
              -2.8256489187007707,
              53.48278086612422
            ],
            [
              -2.8250693812797456,
              53.485224861768295
            ],
            [
              -2.816810973030142,
              53.47780859912422
            ],
            [
              -2.818694469648473,
              53.466937032293686
            ],
            [
              -2.804350918478109,
              53.46718985942928
            ],
            [
              -2.806958836872721,
              53.45581263832757
            ],
            [
              -2.7950783197417124,
              53.44317128154789
            ],
            [
              -2.796816932004787,
              53.44055873448009
            ],
            [
              -2.8046406871886216,
              53.44106438875127
            ],
            [
              -2.804930455899134,
              53.4386203931072
            ],
            [
              -2.787834101978903,
              53.43036137334448
            ],
            [
              -2.7762433535584066,
              53.4267375177343
            ],
            [
              -2.7817489590581417,
              53.420838217903786
            ],
            [
              -2.7782717345319936,
              53.4162873294631
            ],
            [
              -2.7856608366500595,
              53.41502319378513
            ],
            [
              -2.786819911492109,
              53.40120197703935
            ],
            [
              -2.7452381015335794,
              53.40212900986986
            ],
            [
              -2.7433546049152495,
              53.39530267720883
            ],
            [
              -2.750598822678059,
              53.39378571439527
            ],
            [
              -2.74712159815191,
              53.39243730300544
            ],
            [
              -2.7494397478360098,
              53.388223517412214
            ],
            [
              -2.7603060744802246,
              53.384262558954575
            ],
            [
              -2.7576981560856133,
              53.380722979056266
            ],
            [
              -2.772041707255976,
              53.38291414756475
            ],
            [
              -2.7813143059923737,
              53.37170547788676
            ],
            [
              -2.7813143059923737,
              53.3716212021749
            ],
            [
              -2.784791530518522,
              53.360665359632506
            ],
            [
              -2.7872545645578777,
              53.35628302261555
            ],
            [
              -2.8091321022015636,
              53.35510316264945
            ],
            [
              -2.818839354003729,
              53.348024002852824
            ],
            [
              -2.8404271229369034,
              53.34726552144605
            ],
            [
              -2.8463673815024073,
              53.35400757839521
            ],
            [
              -2.852162755712655,
              53.36117101390369
            ],
            [
              -2.856219517659829,
              53.37870036197152
            ],
            [
              -2.853756483620473,
              53.379795946225755
            ],
            [
              -2.8443390005288203,
              53.38198711473424
            ],
            [
              -2.8220268098193655,
              53.380722979056266
            ],
            [
              -2.8336175582398617,
              53.38889772310713
            ],
            [
              -2.837239667121267,
              53.39993784136138
            ],
            [
              -2.856219517659829,
              53.39488129864951
            ],
            [
              -2.8753442525536475,
              53.40103342561562
            ],
            [
              -2.879690783211333,
              53.405584314056306
            ],
            [
              -2.8817191641849202,
              53.40802830970038
            ],
            [
              -2.890557109855548,
              53.40693272544614
            ],
            [
              -2.892440606473879,
              53.41182071673428
            ],
            [
              -2.884037313869019,
              53.41687725944615
            ],
            [
              -2.871142606251217,
              53.41241064671733
            ],
            [
              -2.868679572211862,
              53.41561312376818
            ],
            [
              -2.8679551504355807,
              53.420501115056325
            ],
            [
              -2.8667960755935313,
              53.428338756259734
            ],
            [
              -2.8734607559353167,
              53.43651350031059
            ],
            [
              -2.870128415764424,
              53.44173859444619
            ],
            [
              -2.870563068830193,
              53.44249707585297
            ],
            [
              -2.8683898035013495,
              53.449913338497055
            ],
            [
              -2.891426415987085,
              53.463060349547916
            ],
            [
              -2.8918610690528537,
              53.46322890097165
            ],
            [
              -2.905914851512705,
              53.470223785056405
            ],
            [
              -2.904900661025912,
              53.465167242344535
            ],
            [
              -2.914463028472821,
              53.4649986909208
            ],
            [
              -2.9225765523671683,
              53.475027500632685
            ],
            [
              -2.9167811781569206,
              53.479241286225914
            ],
            [
              -2.919533980906788,
              53.4821066604293
            ],
            [
              -2.9143181441175647,
              53.482528038988626
            ],
            [
              -2.9053353140916807,
              53.49196691871746
            ],
            [
              -2.899539939881432,
              53.4928096758361
            ],
            [
              -2.8983808650393827,
              53.500815868463235
            ],
            [
              -2.8879491914609368,
              53.50376551837849
            ]
          ]
        ]
      },
      "properties": {
        "slot_id": "gas_emissions_6",
        "lineage_id": "LOCAL-NEW-92271296-1318-4c0c-a293-d0d4ebc2d06b",
        "page_generation": 1,
        "semantic_mode": "AREA_JOIN",
        "partition": {
          "start": 76904,
          "end": 92283,
          "count": 15380
        },
        "evidence_scope": "coverage_area",
        "coverage_area_id": "E08000011",
        "coverage_area_name": "Knowsley",
        "coverage_area_identifier_scheme": "ONS_GSS_LTLA",
        "boundary_vintage": "2014-2025 topology; active 2025",
        "source_area_record": true,
        "accepted_parcel_record": false,
        "spatial_binding_method": "OFFICIAL_POLYGON_AND_EXACT_IDENTIFIER",
        "source_window_record_index": 27,
        "source_url": "https://raw.githubusercontent.com/ONSdigital/uk-topojson/aa84341201698f59b26998ca39d2b578df4b6d78/output/topo.json",
        "final_url": "https://raw.githubusercontent.com/ONSdigital/uk-topojson/aa84341201698f59b26998ca39d2b578df4b6d78/output/topo.json",
        "source_access_utc": "2026-10-01T21:28:00Z",
        "source_blob_sha": "668461dddd006aa7e8e176896a7bdcbe5f5e32b5",
        "source_file_sha256": "9feaf90628fee8cf713821801c17fff47691cfa03b60262d4b68e355c485f23d",
        "field_evidence": {
          "areacd": "E08000011",
          "areanm": "Knowsley",
          "start": 2014,
          "end": null,
          "geometry_type": "Polygon"
        },
        "evidence_slice_sha256": "4e5a8bdd7aec3c16c579eb8638351bf2c24916c89cfad3288655f482dfcbb3c0",
        "confidence_score_0_100": 96,
        "evidence_grade": "A",
        "licence": "ONS Geography licensing terms / Open Government Licence v3.0",
        "licence_evidence_url": "https://www.ons.gov.uk/methodology/geography/licences",
        "fake_data": false,
        "local_spatial_join_status": "DEFERRED_TO_LOCAL_OPENCODE"
      }
    },
    {
      "type": "Feature",
      "id": "E08000012",
      "geometry": {
        "type": "Polygon",
        "coordinates": [
          [
            [
              -2.825793803056027,
              53.33175879046297
            ],
            [
              -2.826663109187564,
              53.331590239039244
            ],
            [
              -2.8363703609897293,
              53.327039350598554
            ],
            [
              -2.855060442817779,
              53.32746072915788
            ],
            [
              -2.8782419396587713,
              53.33420278610704
            ],
            [
              -2.9027273956970685,
              53.34608566147994
            ],
            [
              -2.909971613459879,
              53.34954096566639
            ],
            [
              -2.9102613821703915,
              53.34979379280198
            ],
            [
              -2.922431668011912,
              53.35721005544606
            ],
            [
              -2.944743858721367,
              53.36681748659862
            ],
            [
              -2.94575804920816,
              53.367238865157944
            ],
            [
              -2.9680702399176146,
              53.375329333496936
            ],
            [
              -2.969229314759665,
              53.37583498776812
            ],
            [
              -2.9850217094825906,
              53.38653800317492
            ],
            [
              -2.995163614350524,
              53.40086487419189
            ],
            [
              -2.9960329204820617,
              53.40229756129359
            ],
            [
              -3.0018282946923094,
              53.410977959615636
            ],
            [
              -3.0018282946923094,
              53.41173644102242
            ],
            [
              -3.008637859389351,
              53.43777763598856
            ],
            [
              -2.985166593837847,
              53.441570043022466
            ],
            [
              -2.975314457680425,
              53.44317128154789
            ],
            [
              -2.9729963079963255,
              53.449913338497055
            ],
            [
              -2.9725616549305567,
              53.45842518539537
            ],
            [
              -2.969808852180689,
              53.46600999946318
            ],
            [
              -2.96024648473378,
              53.46803261654793
            ],
            [
              -2.9596669473127557,
              53.467611237988606
            ],
            [
              -2.956334607141863,
              53.47300488354794
            ],
            [
              -2.9225765523671683,
              53.475027500632685
            ],
            [
              -2.914463028472821,
              53.4649986909208
            ],
            [
              -2.904900661025912,
              53.465167242344535
            ],
            [
              -2.905914851512705,
              53.470223785056405
            ],
            [
              -2.8918610690528537,
              53.46322890097165
            ],
            [
              -2.891426415987085,
              53.463060349547916
            ],
            [
              -2.8683898035013495,
              53.449913338497055
            ],
            [
              -2.870563068830193,
              53.44249707585297
            ],
            [
              -2.870128415764424,
              53.44173859444619
            ],
            [
              -2.8734607559353167,
              53.43651350031059
            ],
            [
              -2.8667960755935313,
              53.428338756259734
            ],
            [
              -2.8679551504355807,
              53.420501115056325
            ],
            [
              -2.868679572211862,
              53.41561312376818
            ],
            [
              -2.871142606251217,
              53.41241064671733
            ],
            [
              -2.884037313869019,
              53.41687725944615
            ],
            [
              -2.892440606473879,
              53.41182071673428
            ],
            [
              -2.890557109855548,
              53.40693272544614
            ],
            [
              -2.8817191641849202,
              53.40802830970038
            ],
            [
              -2.879690783211333,
              53.405584314056306
            ],
            [
              -2.8753442525536475,
              53.40103342561562
            ],
            [
              -2.856219517659829,
              53.39488129864951
            ],
            [
              -2.837239667121267,
              53.39993784136138
            ],
            [
              -2.8336175582398617,
              53.38889772310713
            ],
            [
              -2.8220268098193655,
              53.380722979056266
            ],
            [
              -2.8443390005288203,
              53.38198711473424
            ],
            [
              -2.853756483620473,
              53.379795946225755
            ],
            [
              -2.856219517659829,
              53.37870036197152
            ],
            [
              -2.852162755712655,
              53.36117101390369
            ],
            [
              -2.8463673815024073,
              53.35400757839521
            ],
            [
              -2.8404271229369034,
              53.34726552144605
            ],
            [
              -2.818839354003729,
              53.348024002852824
            ],
            [
              -2.818839354003729,
              53.347771175717234
            ],
            [
              -2.818839354003729,
              53.339764983090106
            ],
            [
              -2.8324584833978124,
              53.337320987446034
            ],
            [
              -2.825793803056027,
              53.33175879046297
            ]
          ]
        ]
      },
      "properties": {
        "slot_id": "gas_emissions_6",
        "lineage_id": "LOCAL-NEW-92271296-1318-4c0c-a293-d0d4ebc2d06b",
        "page_generation": 1,
        "semantic_mode": "AREA_JOIN",
        "partition": {
          "start": 76904,
          "end": 92283,
          "count": 15380
        },
        "evidence_scope": "coverage_area",
        "coverage_area_id": "E08000012",
        "coverage_area_name": "Liverpool",
        "coverage_area_identifier_scheme": "ONS_GSS_LTLA",
        "boundary_vintage": "2014-2025 topology; active 2025",
        "source_area_record": true,
        "accepted_parcel_record": false,
        "spatial_binding_method": "OFFICIAL_POLYGON_AND_EXACT_IDENTIFIER",
        "source_window_record_index": 28,
        "source_url": "https://raw.githubusercontent.com/ONSdigital/uk-topojson/aa84341201698f59b26998ca39d2b578df4b6d78/output/topo.json",
        "final_url": "https://raw.githubusercontent.com/ONSdigital/uk-topojson/aa84341201698f59b26998ca39d2b578df4b6d78/output/topo.json",
        "source_access_utc": "2026-10-01T21:28:00Z",
        "source_blob_sha": "668461dddd006aa7e8e176896a7bdcbe5f5e32b5",
        "source_file_sha256": "9feaf90628fee8cf713821801c17fff47691cfa03b60262d4b68e355c485f23d",
        "field_evidence": {
          "areacd": "E08000012",
          "areanm": "Liverpool",
          "start": 2014,
          "end": null,
          "geometry_type": "Polygon"
        },
        "evidence_slice_sha256": "4e5a8bdd7aec3c16c579eb8638351bf2c24916c89cfad3288655f482dfcbb3c0",
        "confidence_score_0_100": 96,
        "evidence_grade": "A",
        "licence": "ONS Geography licensing terms / Open Government Licence v3.0",
        "licence_evidence_url": "https://www.ons.gov.uk/methodology/geography/licences",
        "fake_data": false,
        "local_spatial_join_status": "DEFERRED_TO_LOCAL_OPENCODE"
      }
    },
    {
      "type": "Feature",
      "id": "E08000013",
      "geometry": {
        "type": "Polygon",
        "coordinates": [
          [
            [
              -2.8250693812797456,
              53.485224861768295
            ],
            [
              -2.819853544490522,
              53.49651780715814
            ],
            [
              -2.8226063472403906,
              53.50511392976832
            ],
            [
              -2.8166660886748858,
              53.512193089564946
            ],
            [
              -2.7946436666759435,
              53.52129486644631
            ],
            [
              -2.782473380834423,
              53.53140795187006
            ],
            [
              -2.76885425144034,
              53.51362577666664
            ],
            [
              -2.7598714214144557,
              53.512530192412406
            ],
            [
              -2.7304598972974476,
              53.5206206607514
            ],
            [
              -2.723070795179381,
              53.510001921056464
            ],
            [
              -2.7100312032063227,
              53.51463708520902
            ],
            [
              -2.7055397881933807,
              53.50477682692087
            ],
            [
              -2.680185026023546,
              53.4994674570734
            ],
            [
              -2.666276127918951,
              53.49980455992086
            ],
            [
              -2.662943787748058,
              53.4928096758361
            ],
            [
              -2.655844454340505,
              53.490281404480164
            ],
            [
              -2.6455576651173143,
              53.48016831905642
            ],
            [
              -2.612089379053132,
              53.48109535188693
            ],
            [
              -2.6078877327507026,
              53.470813715039455
            ],
            [
              -2.614552413092487,
              53.47030806076827
            ],
            [
              -2.6168705627765867,
              53.46617855088691
            ],
            [
              -2.6148421818029997,
              53.46331317668351
            ],
            [
              -2.599629324501099,
              53.46103773246317
            ],
            [
              -2.59615209997495,
              53.45640256831062
            ],
            [
              -2.5839818141334296,
              53.45387429695469
            ],
            [
              -2.5832573923571482,
              53.44890202995468
            ],
            [
              -2.576737596370619,
              53.446036655751286
            ],
            [
              -2.584561351554454,
              53.44039018305636
            ],
            [
              -2.5987600183695614,
              53.45041899276824
            ],
            [
              -2.59615209997495,
              53.4426656272767
            ],
            [
              -2.6113649572768507,
              53.44232852442924
            ],
            [
              -2.627447120710289,
              53.43440660751398
            ],
            [
              -2.632373188789,
              53.441570043022466
            ],
            [
              -2.639472522196554,
              53.444435417225854
            ],
            [
              -2.6736652300370167,
              53.45244160985299
            ],
            [
              -2.6771424545631657,
              53.45269443698858
            ],
            [
              -2.682213406997133,
              53.43921032309026
            ],
            [
              -2.668739161958306,
              53.44098011303941
            ],
            [
              -2.675258957944835,
              53.43288964470042
            ],
            [
              -2.6639579782348513,
              53.42968716764956
            ],
            [
              -2.672361270839711,
              53.42201807786989
            ],
            [
              -2.666855665339976,
              53.41620305375124
            ],
            [
              -2.6719266177739422,
              53.41527602092073
            ],
            [
              -2.6720715021291985,
              53.41182071673428
            ],
            [
              -2.671347080352918,
              53.400190668496975
            ],
            [
              -2.6759833797211163,
              53.39496557436137
            ],
            [
              -2.676273148431629,
              53.38763358742916
            ],
            [
              -2.6906166996019927,
              53.38535814320882
            ],
            [
              -2.7049602507723565,
              53.386706554598646
            ],
            [
              -2.712784005956191,
              53.390583237344416
            ],
            [
              -2.715247039995546,
              53.399010808530875
            ],
            [
              -2.7343717748893646,
              53.400527771344436
            ],
            [
              -2.7452381015335794,
              53.40212900986986
            ],
            [
              -2.786819911492109,
              53.40120197703935
            ],
            [
              -2.7856608366500595,
              53.41502319378513
            ],
            [
              -2.7782717345319936,
              53.4162873294631
            ],
            [
              -2.7817489590581417,
              53.420838217903786
            ],
            [
              -2.7762433535584066,
              53.4267375177343
            ],
            [
              -2.787834101978903,
              53.43036137334448
            ],
            [
              -2.804930455899134,
              53.4386203931072
            ],
            [
              -2.8046406871886216,
              53.44106438875127
            ],
            [
              -2.796816932004787,
              53.44055873448009
            ],
            [
              -2.7950783197417124,
              53.44317128154789
            ],
            [
              -2.806958836872721,
              53.45581263832757
            ],
            [
              -2.804350918478109,
              53.46718985942928
            ],
            [
              -2.818694469648473,
              53.466937032293686
            ],
            [
              -2.816810973030142,
              53.47780859912422
            ],
            [
              -2.8250693812797456,
              53.485224861768295
            ]
          ]
        ]
      },
      "properties": {
        "slot_id": "gas_emissions_6",
        "lineage_id": "LOCAL-NEW-92271296-1318-4c0c-a293-d0d4ebc2d06b",
        "page_generation": 1,
        "semantic_mode": "AREA_JOIN",
        "partition": {
          "start": 76904,
          "end": 92283,
          "count": 15380
        },
        "evidence_scope": "coverage_area",
        "coverage_area_id": "E08000013",
        "coverage_area_name": "St. Helens",
        "coverage_area_identifier_scheme": "ONS_GSS_LTLA",
        "boundary_vintage": "2014-2025 topology; active 2025",
        "source_area_record": true,
        "accepted_parcel_record": false,
        "spatial_binding_method": "OFFICIAL_POLYGON_AND_EXACT_IDENTIFIER",
        "source_window_record_index": 29,
        "source_url": "https://raw.githubusercontent.com/ONSdigital/uk-topojson/aa84341201698f59b26998ca39d2b578df4b6d78/output/topo.json",
        "final_url": "https://raw.githubusercontent.com/ONSdigital/uk-topojson/aa84341201698f59b26998ca39d2b578df4b6d78/output/topo.json",
        "source_access_utc": "2026-10-01T21:28:00Z",
        "source_blob_sha": "668461dddd006aa7e8e176896a7bdcbe5f5e32b5",
        "source_file_sha256": "9feaf90628fee8cf713821801c17fff47691cfa03b60262d4b68e355c485f23d",
        "field_evidence": {
          "areacd": "E08000013",
          "areanm": "St. Helens",
          "start": 2014,
          "end": null,
          "geometry_type": "Polygon"
        },
        "evidence_slice_sha256": "4e5a8bdd7aec3c16c579eb8638351bf2c24916c89cfad3288655f482dfcbb3c0",
        "confidence_score_0_100": 96,
        "evidence_grade": "A",
        "licence": "ONS Geography licensing terms / Open Government Licence v3.0",
        "licence_evidence_url": "https://www.ons.gov.uk/methodology/geography/licences",
        "fake_data": false,
        "local_spatial_join_status": "DEFERRED_TO_LOCAL_OPENCODE"
      }
    },
    {
      "type": "Feature",
      "id": "E08000014",
      "geometry": {
        "type": "MultiPolygon",
        "coordinates": [
          [
            [
              [
                -3.008637859389351,
                53.43777763598856
              ],
              [
                -3.0087827437446073,
                53.43836756597161
              ],
              [
                -3.023560947980739,
                53.456234016886896
              ],
              [
                -3.02544444459907,
                53.4557283626157
              ],
              [
                -3.036021002532773,
                53.46112200817504
              ],
              [
                -3.036455655598541,
                53.46137483531063
              ],
              [
                -3.0403675331904587,
                53.46466158807335
              ],
              [
                -3.041526608032508,
                53.46558862090386
              ],
              [
                -3.037614730440591,
                53.46853827081912
              ],
              [
                -3.043410104650839,
                53.47780859912422
              ],
              [
                -3.043410104650839,
                53.47789287483608
              ],
              [
                -3.054855968716079,
                53.49196691871746
              ],
              [
                -3.0651427579392685,
                53.50477682692087
              ],
              [
                -3.0641285674524754,
                53.51050757532765
              ],
              [
                -3.0641285674524754,
                53.51143460815816
              ],
              [
                -3.0626797238999135,
                53.52677278771751
              ],
              [
                -3.0626797238999135,
                53.52736271770056
              ],
              [
                -3.0641285674524754,
                53.53056519475141
              ],
              [
                -3.063404145676194,
                53.526519960581915
              ],
              [
                -3.070938132149517,
                53.521463417870045
              ],
              [
                -3.0790516560438643,
                53.52609858202259
              ],
              [
                -3.085426567675137,
                53.5336833960904
              ],
              [
                -3.1015087311085745,
                53.54076255588702
              ],
              [
                -3.1055654930557486,
                53.55146557129382
              ],
              [
                -3.1004945406217814,
                53.56941629792097
              ],
              [
                -3.0861509894514176,
                53.587282748836245
              ],
              [
                -3.0861509894514176,
                53.587367024548115
              ],
              [
                -3.0621001864788884,
                53.6102057424634
              ],
              [
                -3.061955302123632,
                53.61029001817526
              ],
              [
                -3.0426856828745574,
                53.63633121314141
              ],
              [
                -3.0312398188093184,
                53.64762415853126
              ],
              [
                -3.0177655737704914,
                53.65419766405669
              ],
              [
                -3.017620689415235,
                53.65428193976855
              ],
              [
                -2.9973368796793673,
                53.672316942107564
              ],
              [
                -2.9793712196275983,
                53.68832932736183
              ],
              [
                -2.9789365665618295,
                53.688834981633015
              ],
              [
                -2.973865614127863,
                53.69102615014149
              ],
              [
                -2.9770530699434996,
                53.69650407141269
              ],
              [
                -2.965317437167747,
                53.69818958564998
              ],
              [
                -2.9645930153914657,
                53.69347014578556
              ],
              [
                -2.9715474644437636,
                53.692121734395734
              ],
              [
                -2.962854403128392,
                53.69288021580251
              ],
              [
                -2.958362988115449,
                53.687570845955044
              ],
              [
                -2.953871573102507,
                53.69102615014149
              ],
              [
                -2.9541613418130197,
                53.68209292468385
              ],
              [
                -2.944743858721367,
                53.67880617192113
              ],
              [
                -2.9444540900108542,
                53.678974723344865
              ],
              [
                -2.953871573102507,
                53.682177200395714
              ],
              [
                -2.950249464221102,
                53.69161608012455
              ],
              [
                -2.946772239694954,
                53.68799222451437
              ],
              [
                -2.9525676139052015,
                53.68226147610758
              ],
              [
                -2.944309205655598,
                53.67905899905673
              ],
              [
                -2.947351777115978,
                53.667260399395694
              ],
              [
                -2.9401075593531685,
                53.658580001073645
              ],
              [
                -2.9499596955105902,
                53.652259322683804
              ],
              [
                -2.960391369089036,
                53.63869093307361
              ],
              [
                -2.967780471207102,
                53.631021843293944
              ],
              [
                -2.981834253666954,
                53.62217289354817
              ],
              [
                -2.993714770797962,
                53.628325020514275
              ],
              [
                -2.9973368796793673,
                53.62689233341258
              ],
              [
                -3.014143464889086,
                53.61130132671764
              ],
              [
                -3.0322540092961114,
                53.59849141851423
              ],
              [
                -3.0332681997829045,
                53.58509158032777
              ],
              [
                -3.020663260875615,
                53.58365889322607
              ],
              [
                -3.0208081452308715,
                53.582816136107425
              ],
              [
                -3.022546757493946,
                53.56958484934469
              ],
              [
                -3.0406573019009713,
                53.56503396090401
              ],
              [
                -3.0387738052826405,
                53.55188694985314
              ],
              [
                -3.0467424448217315,
                53.54286944868364
              ],
              [
                -3.0386289209273842,
                53.53831856024295
              ],
              [
                -3.0251546758885572,
                53.53899276593787
              ],
              [
                -2.9915415054691197,
                53.522980380683606
              ],
              [
                -2.9825586754432347,
                53.51952507649716
              ],
              [
                -2.9760388794567056,
                53.51531129090393
              ],
              [
                -2.9641583623256977,
                53.51859804366665
              ],
              [
                -2.9631441718389038,
                53.52483444634463
              ],
              [
                -2.9783570291408052,
                53.54286944868364
              ],
              [
                -2.9725616549305567,
                53.54792599139551
              ],
              [
                -2.947931314537003,
                53.54430213578533
              ],
              [
                -2.9360507974059944,
                53.53840283595481
              ],
              [
                -2.923011205432937,
                53.52517154919208
              ],
              [
                -2.9166362938016643,
                53.523233207819196
              ],
              [
                -2.8917161846975974,
                53.52213762356496
              ],
              [
                -2.881139626763895,
                53.52003073076835
              ],
              [
                -2.892440606473879,
                53.51109750531071
              ],
              [
                -2.8879491914609368,
                53.50376551837849
              ],
              [
                -2.8983808650393827,
                53.500815868463235
              ],
              [
                -2.899539939881432,
                53.4928096758361
              ],
              [
                -2.9053353140916807,
                53.49196691871746
              ],
              [
                -2.9143181441175647,
                53.482528038988626
              ],
              [
                -2.919533980906788,
                53.4821066604293
              ],
              [
                -2.9167811781569206,
                53.479241286225914
              ],
              [
                -2.9225765523671683,
                53.475027500632685
              ],
              [
                -2.956334607141863,
                53.47300488354794
              ],
              [
                -2.9596669473127557,
                53.467611237988606
              ],
              [
                -2.96024648473378,
                53.46803261654793
              ],
              [
                -2.969808852180689,
                53.46600999946318
              ],
              [
                -2.9725616549305567,
                53.45842518539537
              ],
              [
                -2.9729963079963255,
                53.449913338497055
              ],
              [
                -2.975314457680425,
                53.44317128154789
              ],
              [
                -2.985166593837847,
                53.441570043022466
              ],
              [
                -3.008637859389351,
                53.43777763598856
              ]
            ]
          ],
          [
            [
              [
                -2.955175532299813,
                53.69650407141269
              ],
              [
                -2.9505392329316145,
                53.69170035583641
              ],
              [
                -2.957348797628656,
                53.69102615014149
              ],
              [
                -2.962274865707367,
                53.69380724863302
              ],
              [
                -2.955175532299813,
                53.69650407141269
              ]
            ]
          ]
        ]
      },
      "properties": {
        "slot_id": "gas_emissions_6",
        "lineage_id": "LOCAL-NEW-92271296-1318-4c0c-a293-d0d4ebc2d06b",
        "page_generation": 1,
        "semantic_mode": "AREA_JOIN",
        "partition": {
          "start": 76904,
          "end": 92283,
          "count": 15380
        },
        "evidence_scope": "coverage_area",
        "coverage_area_id": "E08000014",
        "coverage_area_name": "Sefton",
        "coverage_area_identifier_scheme": "ONS_GSS_LTLA",
        "boundary_vintage": "2014-2025 topology; active 2025",
        "source_area_record": true,
        "accepted_parcel_record": false,
        "spatial_binding_method": "OFFICIAL_POLYGON_AND_EXACT_IDENTIFIER",
        "source_window_record_index": 30,
        "source_url": "https://raw.githubusercontent.com/ONSdigital/uk-topojson/aa84341201698f59b26998ca39d2b578df4b6d78/output/topo.json",
        "final_url": "https://raw.githubusercontent.com/ONSdigital/uk-topojson/aa84341201698f59b26998ca39d2b578df4b6d78/output/topo.json",
        "source_access_utc": "2026-10-01T21:28:00Z",
        "source_blob_sha": "668461dddd006aa7e8e176896a7bdcbe5f5e32b5",
        "source_file_sha256": "9feaf90628fee8cf713821801c17fff47691cfa03b60262d4b68e355c485f23d",
        "field_evidence": {
          "areacd": "E08000014",
          "areanm": "Sefton",
          "start": 2014,
          "end": null,
          "geometry_type": "MultiPolygon"
        },
        "evidence_slice_sha256": "4e5a8bdd7aec3c16c579eb8638351bf2c24916c89cfad3288655f482dfcbb3c0",
        "confidence_score_0_100": 96,
        "evidence_grade": "A",
        "licence": "ONS Geography licensing terms / Open Government Licence v3.0",
        "licence_evidence_url": "https://www.ons.gov.uk/methodology/geography/licences",
        "fake_data": false,
        "local_spatial_join_status": "DEFERRED_TO_LOCAL_OPENCODE"
      }
    },
    {
      "type": "Feature",
      "id": "E08000015",
      "geometry": {
        "type": "MultiPolygon",
        "coordinates": [
          [
            [
              [
                -2.928806579643185,
                53.30841441827649
              ],
              [
                -2.9315593823930524,
                53.306138974056154
              ],
              [
                -2.9395280219321434,
                53.31043703536125
              ],
              [
                -2.9466273553396976,
                53.30546476836123
              ],
              [
                -2.9680702399176146,
                53.30116670705615
              ],
              [
                -2.980240525759136,
                53.30462201124259
              ],
              [
                -2.992700580311169,
                53.307066006886664
              ],
              [
                -3.0128395056917805,
                53.298975538547666
              ],
              [
                -3.0297909752567556,
                53.298975538547666
              ],
              [
                -3.0483361727295497,
                53.31085841392056
              ],
              [
                -3.0596371524395334,
                53.30900434825955
              ],
              [
                -3.0641285674524754,
                53.3122068253104
              ],
              [
                -3.0726767444125915,
                53.31583068092058
              ],
              [
                -3.0945542820562775,
                53.30420063268327
              ],
              [
                -3.0955684725430705,
                53.30487483837818
              ],
              [
                -3.105710377411005,
                53.311785446751074
              ],
              [
                -3.1378747042778814,
                53.333697131835855
              ],
              [
                -3.138744010409418,
                53.334287061818905
              ],
              [
                -3.1906126095911373,
                53.368165897988455
              ],
              [
                -3.19090237830165,
                53.36850300083591
              ],
              [
                -3.198436364774972,
                53.375666436344396
              ],
              [
                -3.200464745748559,
                53.38746503600543
              ],
              [
                -3.17757301761808,
                53.39968501422579
              ],
              [
                -3.141062160093518,
                53.41182071673428
              ],
              [
                -3.140627507027749,
                53.411904992446146
              ],
              [
                -3.1188948537393184,
                53.416371605174966
              ],
              [
                -3.1184602006735505,
                53.41662443231056
              ],
              [
                -3.089917982688079,
                53.426906069158036
              ],
              [
                -3.0567394653344095,
                53.44013735592077
              ],
              [
                -3.0565945809791533,
                53.44013735592077
              ],
              [
                -3.0403675331904587,
                53.44291845441229
              ],
              [
                -3.030080743967268,
                53.42707462058176
              ],
              [
                -3.0292114378357313,
                53.42589476061566
              ],
              [
                -3.0242853697570204,
                53.419321255090225
              ],
              [
                -3.024140485401764,
                53.419068427954635
              ],
              [
                -3.0128395056917805,
                53.40153907988681
              ],
              [
                -3.0128395056917805,
                53.401370528463076
              ],
              [
                -3.0067543627710203,
                53.385863797480006
              ],
              [
                -3.0064645940605077,
                53.38535814320882
              ],
              [
                -2.995598267416293,
                53.368418725124044
              ],
              [
                -2.9953084987057803,
                53.36799734656472
              ],
              [
                -2.973141192351582,
                53.35299626985284
              ],
              [
                -2.958362988115449,
                53.33260154758162
              ],
              [
                -2.9580732194049375,
                53.332517271869754
              ],
              [
                -2.9347468382086888,
                53.313302409564635
              ],
              [
                -2.928806579643185,
                53.30841441827649
              ]
            ]
          ],
          [
            [
              [
                -3.0949889351220463,
                53.304032081259535
              ],
              [
                -3.1054206087004923,
                53.29846988427648
              ],
              [
                -3.1090427175818975,
                53.297205748598515
              ],
              [
                -3.109332486292409,
                53.29703719717478
              ],
              [
                -3.1106364454897157,
                53.296278715768004
              ],
              [
                -3.1164318196999634,
                53.303189324140895
              ],
              [
                -3.1070143366083105,
                53.30209373988666
              ],
              [
                -3.1158522822789383,
                53.30479056266632
              ],
              [
                -3.1200539285813687,
                53.30993138109006
              ],
              [
                -3.120343697291881,
                53.31170117103921
              ],
              [
                -3.1223720782654674,
                53.32248846215787
              ],
              [
                -3.1064347991872854,
                53.311785446751074
              ],
              [
                -3.095858241253583,
                53.304706286954456
              ],
              [
                -3.0949889351220463,
                53.304032081259535
              ]
            ]
          ],
          [
            [
              [
                -3.226254160984163,
                53.3823242175817
              ],
              [
                -3.2236462425895516,
                53.3794588433783
              ],
              [
                -3.22828254195775,
                53.38223994186983
              ],
              [
                -3.226254160984163,
                53.3823242175817
              ]
            ]
          ],
          [
            [
              [
                -3.2214729772607082,
                53.37912174053084
              ],
              [
                -3.2172713309582788,
                53.37634064203931
              ],
              [
                -3.2201690180634026,
                53.37718339915796
              ],
              [
                -3.2214729772607082,
                53.37912174053084
              ]
            ]
          ],
          [
            [
              [
                -3.2051010451167574,
                53.37187402931049
              ],
              [
                -3.2042317389852206,
                53.3701885150732
              ],
              [
                -3.2071294260903445,
                53.37178975359863
              ],
              [
                -3.2051010451167574,
                53.37187402931049
              ]
            ]
          ]
        ]
      },
      "properties": {
        "slot_id": "gas_emissions_6",
        "lineage_id": "LOCAL-NEW-92271296-1318-4c0c-a293-d0d4ebc2d06b",
        "page_generation": 1,
        "semantic_mode": "AREA_JOIN",
        "partition": {
          "start": 76904,
          "end": 92283,
          "count": 15380
        },
        "evidence_scope": "coverage_area",
        "coverage_area_id": "E08000015",
        "coverage_area_name": "Wirral",
        "coverage_area_identifier_scheme": "ONS_GSS_LTLA",
        "boundary_vintage": "2014-2025 topology; active 2025",
        "source_area_record": true,
        "accepted_parcel_record": false,
        "spatial_binding_method": "OFFICIAL_POLYGON_AND_EXACT_IDENTIFIER",
        "source_window_record_index": 31,
        "source_url": "https://raw.githubusercontent.com/ONSdigital/uk-topojson/aa84341201698f59b26998ca39d2b578df4b6d78/output/topo.json",
        "final_url": "https://raw.githubusercontent.com/ONSdigital/uk-topojson/aa84341201698f59b26998ca39d2b578df4b6d78/output/topo.json",
        "source_access_utc": "2026-10-01T21:28:00Z",
        "source_blob_sha": "668461dddd006aa7e8e176896a7bdcbe5f5e32b5",
        "source_file_sha256": "9feaf90628fee8cf713821801c17fff47691cfa03b60262d4b68e355c485f23d",
        "field_evidence": {
          "areacd": "E08000015",
          "areanm": "Wirral",
          "start": 2014,
          "end": null,
          "geometry_type": "MultiPolygon"
        },
        "evidence_slice_sha256": "4e5a8bdd7aec3c16c579eb8638351bf2c24916c89cfad3288655f482dfcbb3c0",
        "confidence_score_0_100": 96,
        "evidence_grade": "A",
        "licence": "ONS Geography licensing terms / Open Government Licence v3.0",
        "licence_evidence_url": "https://www.ons.gov.uk/methodology/geography/licences",
        "fake_data": false,
        "local_spatial_join_status": "DEFERRED_TO_LOCAL_OPENCODE"
      }
    },
    {
      "type": "Feature",
      "id": "E08000017",
      "geometry": {
        "type": "Polygon",
        "coordinates": [
          [
            [
              -1.048642301483481,
              53.65596745400585
            ],
            [
              -1.0293726822344063,
              53.6548718697516
            ],
            [
              -0.9905436750257444,
              53.66119254814144
            ],
            [
              -0.9902539063152318,
              53.65900137963297
            ],
            [
              -0.9467885997383725,
              53.65908565534483
            ],
            [
              -0.8653635920843881,
              53.63767962453124
            ],
            [
              -0.8869513610175614,
              53.60970008819221
            ],
            [
              -0.8869513610175614,
              53.601019689870164
            ],
            [
              -0.8979625720170326,
              53.58332179037861
            ],
            [
              -0.8962239597539581,
              53.58290041181929
            ],
            [
              -0.901150027832669,
              53.568742092226046
            ],
            [
              -0.8910081229647355,
              53.56646664800571
            ],
            [
              -0.9002807217011322,
              53.555595081175184
            ],
            [
              -0.8998460686353633,
              53.54447068720906
            ],
            [
              -0.8923120821620412,
              53.53756007883617
            ],
            [
              -0.8981074563722888,
              53.53267208754803
            ],
            [
              -0.9437460282779924,
              53.53056519475141
            ],
            [
              -0.948527212001447,
              53.52036783361581
            ],
            [
              -0.9499760555540089,
              53.51362577666664
            ],
            [
              -0.9321552798574961,
              53.510676126751385
            ],
            [
              -0.9356325043836451,
              53.50250138270052
            ],
            [
              -0.9533083957249016,
              53.48438210464965
            ],
            [
              -0.9860522600128023,
              53.471740747869966
            ],
            [
              -0.9854727225917772,
              53.461290559598766
            ],
            [
              -0.9974981240780423,
              53.443592660107214
            ],
            [
              -0.9957595118149678,
              53.43693487886991
            ],
            [
              -1.0125660970246866,
              53.432805368988554
            ],
            [
              -1.014304709287761,
              53.42631613917498
            ],
            [
              -1.0231426549583897,
              53.424462073513965
            ],
            [
              -1.0305317570764556,
              53.42522055492074
            ],
            [
              -1.0309664101422245,
              53.431035579039396
            ],
            [
              -1.0570455940883399,
              53.425304830632605
            ],
            [
              -1.0732726418770344,
              53.428001653412274
            ],
            [
              -1.0803719752845886,
              53.426821793446166
            ],
            [
              -1.079068016087283,
              53.42277655927667
            ],
            [
              -1.087036655626374,
              53.42547338205634
            ],
            [
              -1.0987722884021256,
              53.418731325107174
            ],
            [
              -1.1081897714937785,
              53.405921416903766
            ],
            [
              -1.1160135266776132,
              53.40726982829359
            ],
            [
              -1.1180419076512003,
              53.41089368390377
            ],
            [
              -1.1333996493083571,
              53.40870251539529
            ],
            [
              -1.145859703860391,
              53.41232637100547
            ],
            [
              -1.1360075677029693,
              53.424462073513965
            ],
            [
              -1.145859703860391,
              53.42631613917498
            ],
            [
              -1.1604930237412665,
              53.42429352209023
            ],
            [
              -1.1700553911881757,
              53.435165088920755
            ],
            [
              -1.1858477859111014,
              53.43381667753093
            ],
            [
              -1.195120384647499,
              53.43710343029364
            ],
            [
              -1.1972936499763414,
              53.43154123331058
            ],
            [
              -1.2097537045283744,
              53.432215439005496
            ],
            [
              -1.216563269225416,
              53.43499653749703
            ],
            [
              -1.2381510381585903,
              53.43272109327668
            ],
            [
              -1.2401794191321764,
              53.43449088322584
            ],
            [
              -1.2375715007375652,
              53.44106438875127
            ],
            [
              -1.2507559770658796,
              53.44081156161568
            ],
            [
              -1.2530741267499783,
              53.446036655751286
            ],
            [
              -1.2581450791839455,
              53.45539125976825
            ],
            [
              -1.2520599362631852,
              53.454632778361464
            ],
            [
              -1.2593041540259948,
              53.4640716580903
            ],
            [
              -1.2500315552895982,
              53.47629163631065
            ],
            [
              -1.253943432881516,
              53.480758249039475
            ],
            [
              -1.2697358276044417,
              53.485814791751345
            ],
            [
              -1.280891922959169,
              53.47839852910727
            ],
            [
              -1.2985678143004256,
              53.47646018773438
            ],
            [
              -1.2959598959058134,
              53.48050542190388
            ],
            [
              -1.3013206170502931,
              53.483539347531
            ],
            [
              -1.2932070931559458,
              53.48573051603948
            ],
            [
              -1.2907440591165908,
              53.49112416159881
            ],
            [
              -1.3059569164184914,
              53.496012152886955
            ],
            [
              -1.313201134181301,
              53.501995728429335
            ],
            [
              -1.3120420593392517,
              53.507979303971716
            ],
            [
              -1.3123318280497642,
              53.51379432809037
            ],
            [
              -1.281326576024937,
              53.51649115087004
            ],
            [
              -1.2765453923014825,
              53.5206206607514
            ],
            [
              -1.2859628753931363,
              53.52694133914124
            ],
            [
              -1.2756760861699457,
              53.529806713344634
            ],
            [
              -1.293786630576971,
              53.535790288887014
            ],
            [
              -1.2869770658799293,
              53.5377286302599
            ],
            [
              -1.2975536238136316,
              53.551381295581955
            ],
            [
              -1.3268202635753843,
              53.55820762824298
            ],
            [
              -1.3320361003646077,
              53.562758516683665
            ],
            [
              -1.3486978012190702,
              53.58332179037861
            ],
            [
              -1.3078404130368222,
              53.575315597751484
            ],
            [
              -1.2985678143004256,
              53.577422490548095
            ],
            [
              -1.282340766511731,
              53.58298468753116
            ],
            [
              -1.2766902766567387,
              53.58997957161591
            ],
            [
              -1.2580001948286892,
              53.59200218870066
            ],
            [
              -1.252929242394722,
              53.59705873141253
            ],
            [
              -1.2575655417629203,
              53.59983982990406
            ],
            [
              -1.2471338681844744,
              53.60068258702271
            ],
            [
              -1.2522048206184415,
              53.607087541124415
            ],
            [
              -1.244960602855631,
              53.60809884966679
            ],
            [
              -1.2481480586712674,
              53.61627359371765
            ],
            [
              -1.2313414734615487,
              53.6168635237007
            ],
            [
              -1.2278642489353997,
              53.617284902260025
            ],
            [
              -1.2327903170141106,
              53.62107730929392
            ],
            [
              -1.2174325753569537,
              53.624195510632916
            ],
            [
              -1.2194609563305399,
              53.636668315988864
            ],
            [
              -1.215549078738623,
              53.64197768583633
            ],
            [
              -1.2109127793704246,
              53.64088210158209
            ],
            [
              -1.2097537045283744,
              53.64307327009057
            ],
            [
              -1.1903392009240443,
              53.63590983458209
            ],
            [
              -1.1522346154916638,
              53.64282044295498
            ],
            [
              -1.1354280302819442,
              53.63270735753123
            ],
            [
              -1.128908234295415,
              53.63489852603971
            ],
            [
              -1.1290531186506714,
              53.642988994378705
            ],
            [
              -1.1216640165326055,
              53.64669712570075
            ],
            [
              -1.0848633902975306,
              53.651669392700754
            ],
            [
              -1.0660284241142248,
              53.64888829420922
            ],
            [
              -1.0532786008516792,
              53.65150084127703
            ],
            [
              -1.048642301483481,
              53.65596745400585
            ]
          ]
        ]
      },
      "properties": {
        "slot_id": "gas_emissions_6",
        "lineage_id": "LOCAL-NEW-92271296-1318-4c0c-a293-d0d4ebc2d06b",
        "page_generation": 1,
        "semantic_mode": "AREA_JOIN",
        "partition": {
          "start": 76904,
          "end": 92283,
          "count": 15380
        },
        "evidence_scope": "coverage_area",
        "coverage_area_id": "E08000017",
        "coverage_area_name": "Doncaster",
        "coverage_area_identifier_scheme": "ONS_GSS_LTLA",
        "boundary_vintage": "2014-2025 topology; active 2025",
        "source_area_record": true,
        "accepted_parcel_record": false,
        "spatial_binding_method": "OFFICIAL_POLYGON_AND_EXACT_IDENTIFIER",
        "source_window_record_index": 32,
        "source_url": "https://raw.githubusercontent.com/ONSdigital/uk-topojson/aa84341201698f59b26998ca39d2b578df4b6d78/output/topo.json",
        "final_url": "https://raw.githubusercontent.com/ONSdigital/uk-topojson/aa84341201698f59b26998ca39d2b578df4b6d78/output/topo.json",
        "source_access_utc": "2026-10-01T21:28:00Z",
        "source_blob_sha": "668461dddd006aa7e8e176896a7bdcbe5f5e32b5",
        "source_file_sha256": "9feaf90628fee8cf713821801c17fff47691cfa03b60262d4b68e355c485f23d",
        "field_evidence": {
          "areacd": "E08000017",
          "areanm": "Doncaster",
          "start": 2014,
          "end": null,
          "geometry_type": "Polygon"
        },
        "evidence_slice_sha256": "4e5a8bdd7aec3c16c579eb8638351bf2c24916c89cfad3288655f482dfcbb3c0",
        "confidence_score_0_100": 96,
        "evidence_grade": "A",
        "licence": "ONS Geography licensing terms / Open Government Licence v3.0",
        "licence_evidence_url": "https://www.ons.gov.uk/methodology/geography/licences",
        "fake_data": false,
        "local_spatial_join_status": "DEFERRED_TO_LOCAL_OPENCODE"
      }
    },
    {
      "type": "Feature",
      "id": "E08000018",
      "geometry": {
        "type": "Polygon",
        "coordinates": [
          [
            [
              -1.1160135266776132,
              53.40726982829359
            ],
            [
              -1.1155788736118453,
              53.39724101858172
            ],
            [
              -1.1228230913746549,
              53.398336602835954
            ],
            [
              -1.1332547649531017,
              53.39142599446306
            ],
            [
              -1.1335445336636134,
              53.391510270174926
            ],
            [
              -1.1300673091374653,
              53.37752050200542
            ],
            [
              -1.1381808330318117,
              53.37221113215795
            ],
            [
              -1.144845513373597,
              53.37119982361558
            ],
            [
              -1.1464392412814153,
              53.36572190234438
            ],
            [
              -1.1451352820841096,
              53.363362182412175
            ],
            [
              -1.1406438670711676,
              53.36403638810709
            ],
            [
              -1.1384706017423243,
              53.355861644056226
            ],
            [
              -1.1516550780706387,
              53.3545132326664
            ],
            [
              -1.1619418672938284,
              53.35788426114098
            ],
            [
              -1.1619418672938284,
              53.35417612981894
            ],
            [
              -1.1568709148598622,
              53.34490580151384
            ],
            [
              -1.140354098360655,
              53.34650704003926
            ],
            [
              -1.1387603704528368,
              53.34136622161553
            ],
            [
              -1.1486125066102586,
              53.338500847412135
            ],
            [
              -1.1593339488992171,
              53.33352858041213
            ],
            [
              -1.1751263436221429,
              53.32569093920873
            ],
            [
              -1.1719388878065065,
              53.32274128929347
            ],
            [
              -1.1903392009240443,
              53.31987591509007
            ],
            [
              -1.1997566840156972,
              53.31136406819175
            ],
            [
              -1.2032339085418462,
              53.30420063268327
            ],
            [
              -1.2198956093963087,
              53.304116356971406
            ],
            [
              -1.2307619360405235,
              53.30849869398836
            ],
            [
              -1.2433668749478128,
              53.301588085615464
            ],
            [
              -1.2542332015920277,
              53.301672361327334
            ],
            [
              -1.2736477051963586,
              53.31043703536125
            ],
            [
              -1.2820509978012185,
              53.30942572681887
            ],
            [
              -1.2956701271953008,
              53.31498792380193
            ],
            [
              -1.2952354741295329,
              53.32181425646296
            ],
            [
              -1.2885707937877475,
              53.326196593479914
            ],
            [
              -1.2991473517214498,
              53.332517271869754
            ],
            [
              -1.3123318280497642,
              53.33411851039518
            ],
            [
              -1.3104483314314335,
              53.3293147948189
            ],
            [
              -1.3217493111414171,
              53.32569093920873
            ],
            [
              -1.324646998246541,
              53.32880914054771
            ],
            [
              -1.325661188733335,
              53.33689960888671
            ],
            [
              -1.3320361003646077,
              53.35240633986978
            ],
            [
              -1.3378314745748554,
              53.353501924124025
            ],
            [
              -1.352030141389963,
              53.36648038375116
            ],
            [
              -1.3611578557711033,
              53.36656465946302
            ],
            [
              -1.3766604817835173,
              53.378868913395245
            ],
            [
              -1.3911489173091365,
              53.38333552612407
            ],
            [
              -1.3757911756519796,
              53.39370143868341
            ],
            [
              -1.3907142642433685,
              53.41308485241225
            ],
            [
              -1.3894103050460629,
              53.41856277368345
            ],
            [
              -1.393467066993236,
              53.41999546078514
            ],
            [
              -1.3823109716385087,
              53.42100676932752
            ],
            [
              -1.3817314342174836,
              53.42538910634447
            ],
            [
              -1.3982482507166907,
              53.42463062493769
            ],
            [
              -1.4085350399398804,
              53.4203325636326
            ],
            [
              -1.4256313938601126,
              53.43390095324279
            ],
            [
              -1.433310264688691,
              53.43828329025975
            ],
            [
              -1.4428726321356002,
              53.44730079142925
            ],
            [
              -1.4476538158590548,
              53.461880489581816
            ],
            [
              -1.455187802332377,
              53.471740747869966
            ],
            [
              -1.4504066186089224,
              53.47738722056489
            ],
            [
              -1.4521452308719969,
              53.484887758920834
            ],
            [
              -1.4408442511620132,
              53.49112416159881
            ],
            [
              -1.4279495435442113,
              53.485814791751345
            ],
            [
              -1.4151997202816657,
              53.492472572988646
            ],
            [
              -1.4085350399398804,
              53.50325986410731
            ],
            [
              -1.3895551894013183,
              53.509411991073414
            ],
            [
              -1.378978631467616,
              53.51446853378529
            ],
            [
              -1.3692713796654505,
              53.51438425807342
            ],
            [
              -1.3688367265996817,
              53.51522701519207
            ],
            [
              -1.3601436652843102,
              53.51286729525986
            ],
            [
              -1.343626848785103,
              53.51429998236156
            ],
            [
              -1.3123318280497642,
              53.51379432809037
            ],
            [
              -1.3120420593392517,
              53.507979303971716
            ],
            [
              -1.313201134181301,
              53.501995728429335
            ],
            [
              -1.3059569164184914,
              53.496012152886955
            ],
            [
              -1.2907440591165908,
              53.49112416159881
            ],
            [
              -1.2932070931559458,
              53.48573051603948
            ],
            [
              -1.3013206170502931,
              53.483539347531
            ],
            [
              -1.2959598959058134,
              53.48050542190388
            ],
            [
              -1.2985678143004256,
              53.47646018773438
            ],
            [
              -1.280891922959169,
              53.47839852910727
            ],
            [
              -1.2697358276044417,
              53.485814791751345
            ],
            [
              -1.253943432881516,
              53.480758249039475
            ],
            [
              -1.2500315552895982,
              53.47629163631065
            ],
            [
              -1.2593041540259948,
              53.4640716580903
            ],
            [
              -1.2520599362631852,
              53.454632778361464
            ],
            [
              -1.2581450791839455,
              53.45539125976825
            ],
            [
              -1.2530741267499783,
              53.446036655751286
            ],
            [
              -1.2507559770658796,
              53.44081156161568
            ],
            [
              -1.2375715007375652,
              53.44106438875127
            ],
            [
              -1.2401794191321764,
              53.43449088322584
            ],
            [
              -1.2381510381585903,
              53.43272109327668
            ],
            [
              -1.216563269225416,
              53.43499653749703
            ],
            [
              -1.2097537045283744,
              53.432215439005496
            ],
            [
              -1.1972936499763414,
              53.43154123331058
            ],
            [
              -1.195120384647499,
              53.43710343029364
            ],
            [
              -1.1858477859111014,
              53.43381667753093
            ],
            [
              -1.1700553911881757,
              53.435165088920755
            ],
            [
              -1.1604930237412665,
              53.42429352209023
            ],
            [
              -1.145859703860391,
              53.42631613917498
            ],
            [
              -1.1360075677029693,
              53.424462073513965
            ],
            [
              -1.145859703860391,
              53.41232637100547
            ],
            [
              -1.1333996493083571,
              53.40870251539529
            ],
            [
              -1.1180419076512003,
              53.41089368390377
            ],
            [
              -1.1160135266776132,
              53.40726982829359
            ]
          ]
        ]
      },
      "properties": {
        "slot_id": "gas_emissions_6",
        "lineage_id": "LOCAL-NEW-92271296-1318-4c0c-a293-d0d4ebc2d06b",
        "page_generation": 1,
        "semantic_mode": "AREA_JOIN",
        "partition": {
          "start": 76904,
          "end": 92283,
          "count": 15380
        },
        "evidence_scope": "coverage_area",
        "coverage_area_id": "E08000018",
        "coverage_area_name": "Rotherham",
        "coverage_area_identifier_scheme": "ONS_GSS_LTLA",
        "boundary_vintage": "2014-2025 topology; active 2025",
        "source_area_record": true,
        "accepted_parcel_record": false,
        "spatial_binding_method": "OFFICIAL_POLYGON_AND_EXACT_IDENTIFIER",
        "source_window_record_index": 33,
        "source_url": "https://raw.githubusercontent.com/ONSdigital/uk-topojson/aa84341201698f59b26998ca39d2b578df4b6d78/output/topo.json",
        "final_url": "https://raw.githubusercontent.com/ONSdigital/uk-topojson/aa84341201698f59b26998ca39d2b578df4b6d78/output/topo.json",
        "source_access_utc": "2026-10-01T21:28:00Z",
        "source_blob_sha": "668461dddd006aa7e8e176896a7bdcbe5f5e32b5",
        "source_file_sha256": "9feaf90628fee8cf713821801c17fff47691cfa03b60262d4b68e355c485f23d",
        "field_evidence": {
          "areacd": "E08000018",
          "areanm": "Rotherham",
          "start": 2014,
          "end": null,
          "geometry_type": "Polygon"
        },
        "evidence_slice_sha256": "4e5a8bdd7aec3c16c579eb8638351bf2c24916c89cfad3288655f482dfcbb3c0",
        "confidence_score_0_100": 96,
        "evidence_grade": "A",
        "licence": "ONS Geography licensing terms / Open Government Licence v3.0",
        "licence_evidence_url": "https://www.ons.gov.uk/methodology/geography/licences",
        "fake_data": false,
        "local_spatial_join_status": "DEFERRED_TO_LOCAL_OPENCODE"
      }
    },
    {
      "type": "Feature",
      "id": "E08000021",
      "geometry": {
        "type": "Polygon",
        "coordinates": [
          [
            [
              -1.5305276670656012,
              54.98406839727908
            ],
            [
              -1.5308174357761137,
              54.98398412156722
            ],
            [
              -1.5350190820785432,
              54.97749489175364
            ],
            [
              -1.5351639664337995,
              54.97724206461805
            ],
            [
              -1.5406695719335346,
              54.96299946931295
            ],
            [
              -1.5502319393804438,
              54.960808300804466
            ],
            [
              -1.5551580074591547,
              54.96038692224514
            ],
            [
              -1.5654447966823453,
              54.96460070783837
            ],
            [
              -1.5657345653928578,
              54.96460070783837
            ],
            [
              -1.5806576539842458,
              54.96611767065193
            ],
            [
              -1.5880467561023126,
              54.970668559092616
            ],
            [
              -1.5887711778785931,
              54.97083711051635
            ],
            [
              -1.5960153956414036,
              54.971005661940076
            ],
            [
              -1.6064470692198496,
              54.96839311487228
            ],
            [
              -1.606157300509337,
              54.967971736312954
            ],
            [
              -1.6060124161540807,
              54.967971736312954
            ],
            [
              -1.616154321022015,
              54.96308374502481
            ],
            [
              -1.6187622394166263,
              54.961988160770574
            ],
            [
              -1.6331057905869901,
              54.95903851085531
            ],
            [
              -1.6568668248490068,
              54.96249381504176
            ],
            [
              -1.67888924684795,
              54.96460070783837
            ],
            [
              -1.697869097386512,
              54.97033145624516
            ],
            [
              -1.7185875601881486,
              54.96729753061803
            ],
            [
              -1.7259766623062145,
              54.970078629109565
            ],
            [
              -1.7275703902140327,
              54.975219447533306
            ],
            [
              -1.7378571794372233,
              54.97867475171975
            ],
            [
              -1.751621193186562,
              54.98246715875365
            ],
            [
              -1.7697317375935864,
              54.98103447165195
            ],
            [
              -1.7756719961590912,
              54.98963059426214
            ],
            [
              -1.7737884995407605,
              55.00412601670284
            ],
            [
              -1.757561451752066,
              55.0030304324486
            ],
            [
              -1.7568370299757854,
              55.00783414802488
            ],
            [
              -1.750172349634,
              55.02401508470287
            ],
            [
              -1.7400304447660657,
              55.02460501468592
            ],
            [
              -1.7393060229897852,
              55.02957728168593
            ],
            [
              -1.7268459684377513,
              55.03311686158424
            ],
            [
              -1.7143859138857183,
              55.03395961870289
            ],
            [
              -1.7168489479250741,
              55.038594782855434
            ],
            [
              -1.7085905396754706,
              55.042302914177476
            ],
            [
              -1.6949714102813873,
              55.04289284416053
            ],
            [
              -1.697869097386512,
              55.052415999601216
            ],
            [
              -1.7104740362938013,
              55.05266882673681
            ],
            [
              -1.7136614921094377,
              55.06547873494022
            ],
            [
              -1.7040991246625286,
              55.06581583778768
            ],
            [
              -1.7045337777282965,
              55.07087238049955
            ],
            [
              -1.691349301399983,
              55.06969252053345
            ],
            [
              -1.6910595326894704,
              55.072810721872436
            ],
            [
              -1.6477391104678665,
              55.07938422739787
            ],
            [
              -1.6378869743104447,
              55.06480452924531
            ],
            [
              -1.6322364844554533,
              55.04820221400799
            ],
            [
              -1.639046049152495,
              55.045084012669
            ],
            [
              -1.6384665117314698,
              55.04146015705883
            ],
            [
              -1.624557613626875,
              55.04002746995713
            ],
            [
              -1.5974642391939655,
              55.03960609139781
            ],
            [
              -1.5925381711152546,
              55.038931885702894
            ],
            [
              -1.5873223343260312,
              55.026037701787615
            ],
            [
              -1.5967398174176841,
              55.020728331940155
            ],
            [
              -1.6003619262990894,
              55.00977248939776
            ],
            [
              -1.579208810431684,
              55.00977248939776
            ],
            [
              -1.5719645926688743,
              55.003873189567244
            ],
            [
              -1.5584903476300473,
              55.00547442809267
            ],
            [
              -1.5606636129588907,
              54.99578272122825
            ],
            [
              -1.5625471095772214,
              54.99215886561807
            ],
            [
              -1.556317082301205,
              54.993423001296044
            ],
            [
              -1.5522603203540308,
              54.989714869974
            ],
            [
              -1.547913789696345,
              54.9925802441774
            ],
            [
              -1.5457405243675018,
              54.98904066427909
            ],
            [
              -1.540379803223023,
              54.989883421397735
            ],
            [
              -1.539945150157254,
              54.9833099158723
            ],
            [
              -1.5337151228812376,
              54.985669635804506
            ],
            [
              -1.5305276670656012,
              54.98406839727908
            ]
          ]
        ]
      },
      "properties": {
        "slot_id": "gas_emissions_6",
        "lineage_id": "LOCAL-NEW-92271296-1318-4c0c-a293-d0d4ebc2d06b",
        "page_generation": 1,
        "semantic_mode": "AREA_JOIN",
        "partition": {
          "start": 76904,
          "end": 92283,
          "count": 15380
        },
        "evidence_scope": "coverage_area",
        "coverage_area_id": "E08000021",
        "coverage_area_name": "Newcastle upon Tyne",
        "coverage_area_identifier_scheme": "ONS_GSS_LTLA",
        "boundary_vintage": "2014-2025 topology; active 2025",
        "source_area_record": true,
        "accepted_parcel_record": false,
        "spatial_binding_method": "OFFICIAL_POLYGON_AND_EXACT_IDENTIFIER",
        "source_window_record_index": 34,
        "source_url": "https://raw.githubusercontent.com/ONSdigital/uk-topojson/aa84341201698f59b26998ca39d2b578df4b6d78/output/topo.json",
        "final_url": "https://raw.githubusercontent.com/ONSdigital/uk-topojson/aa84341201698f59b26998ca39d2b578df4b6d78/output/topo.json",
        "source_access_utc": "2026-10-01T21:28:00Z",
        "source_blob_sha": "668461dddd006aa7e8e176896a7bdcbe5f5e32b5",
        "source_file_sha256": "9feaf90628fee8cf713821801c17fff47691cfa03b60262d4b68e355c485f23d",
        "field_evidence": {
          "areacd": "E08000021",
          "areanm": "Newcastle upon Tyne",
          "start": 2014,
          "end": null,
          "geometry_type": "Polygon"
        },
        "evidence_slice_sha256": "4e5a8bdd7aec3c16c579eb8638351bf2c24916c89cfad3288655f482dfcbb3c0",
        "confidence_score_0_100": 96,
        "evidence_grade": "A",
        "licence": "ONS Geography licensing terms / Open Government Licence v3.0",
        "licence_evidence_url": "https://www.ons.gov.uk/methodology/geography/licences",
        "fake_data": false,
        "local_spatial_join_status": "DEFERRED_TO_LOCAL_OPENCODE"
      }
    },
    {
      "type": "Feature",
      "id": "E08000022",
      "geometry": {
        "type": "Polygon",
        "coordinates": [
          [
            [
              -1.4619973670294186,
              55.074580511821594
            ],
            [
              -1.4618524826741623,
              55.074327684686
            ],
            [
              -1.4557673397534021,
              55.071883689041925
            ],
            [
              -1.4560571084639147,
              55.07078810478769
            ],
            [
              -1.4540287274903276,
              55.07120948334701
            ],
            [
              -1.4514208090957164,
              55.070113899092775
            ],
            [
              -1.4550429179771207,
              55.06413032355039
            ],
            [
              -1.4504066186089224,
              55.053595859567324
            ],
            [
              -1.4502617342536661,
              55.05351158385546
            ],
            [
              -1.4459152035959804,
              55.04837076543172
            ],
            [
              -1.445770319240724,
              55.04828648971986
            ],
            [
              -1.4356284143727898,
              55.04297711987239
            ],
            [
              -1.4315716524256166,
              55.04019602138086
            ],
            [
              -1.4307023462940798,
              55.03707782004187
            ],
            [
              -1.4307023462940798,
              55.03648789005882
            ],
            [
              -1.4304125775835672,
              55.034380997262204
            ],
            [
              -1.4307023462940798,
              55.03421244583848
            ],
            [
              -1.430267693228311,
              55.034128170126614
            ],
            [
              -1.429833040162542,
              55.03050431451644
            ],
            [
              -1.4296881558072858,
              55.03033576309271
            ],
            [
              -1.4196911352946078,
              55.01878999056727
            ],
            [
              -1.4157792577026909,
              55.0177786820249
            ],
            [
              -1.414330414150129,
              55.01659882205879
            ],
            [
              -1.4027396657296327,
              55.01449192926218
            ],
            [
              -1.4172281012552528,
              55.01668309777065
            ],
            [
              -1.4169383325447402,
              55.015334686380825
            ],
            [
              -1.4169383325447402,
              55.014407653550315
            ],
            [
              -1.429833040162542,
              55.01322779358421
            ],
            [
              -1.4409891355172695,
              55.00699139090624
            ],
            [
              -1.4411340198725258,
              55.0068228394825
            ],
            [
              -1.4509861560299475,
              54.99628837549944
            ],
            [
              -1.448668006345848,
              54.993085898448584
            ],
            [
              -1.4564917615296826,
              54.988619285719764
            ],
            [
              -1.4718495031868404,
              54.989209215702815
            ],
            [
              -1.4702557752790222,
              54.99097900565197
            ],
            [
              -1.4819914080547738,
              54.98819790716044
            ],
            [
              -1.5018405647248736,
              54.9885350100079
            ],
            [
              -1.5047382518299974,
              54.99232741704181
            ],
            [
              -1.5028547552116667,
              54.98870356143163
            ],
            [
              -1.5237181023685595,
              54.98718659861807
            ],
            [
              -1.5305276670656012,
              54.98406839727908
            ],
            [
              -1.5337151228812376,
              54.985669635804506
            ],
            [
              -1.539945150157254,
              54.9833099158723
            ],
            [
              -1.540379803223023,
              54.989883421397735
            ],
            [
              -1.5457405243675018,
              54.98904066427909
            ],
            [
              -1.547913789696345,
              54.9925802441774
            ],
            [
              -1.5522603203540308,
              54.989714869974
            ],
            [
              -1.556317082301205,
              54.993423001296044
            ],
            [
              -1.5625471095772214,
              54.99215886561807
            ],
            [
              -1.5606636129588907,
              54.99578272122825
            ],
            [
              -1.5584903476300473,
              55.00547442809267
            ],
            [
              -1.5719645926688743,
              55.003873189567244
            ],
            [
              -1.579208810431684,
              55.00977248939776
            ],
            [
              -1.6003619262990894,
              55.00977248939776
            ],
            [
              -1.5967398174176841,
              55.020728331940155
            ],
            [
              -1.5873223343260312,
              55.026037701787615
            ],
            [
              -1.5925381711152546,
              55.038931885702894
            ],
            [
              -1.5974642391939655,
              55.03960609139781
            ],
            [
              -1.624557613626875,
              55.04002746995713
            ],
            [
              -1.6384665117314698,
              55.04146015705883
            ],
            [
              -1.639046049152495,
              55.045084012669
            ],
            [
              -1.6322364844554533,
              55.04820221400799
            ],
            [
              -1.6378869743104447,
              55.06480452924531
            ],
            [
              -1.6329609062317338,
              55.065900113499545
            ],
            [
              -1.5921035180494858,
              55.06421459926226
            ],
            [
              -1.584279762865651,
              55.062360533601236
            ],
            [
              -1.5790639260764276,
              55.06303473929615
            ],
            [
              -1.5751520484845107,
              55.05561847665207
            ],
            [
              -1.559794306827353,
              55.054522892397834
            ],
            [
              -1.5476240209858325,
              55.056629785194446
            ],
            [
              -1.539945150157254,
              55.06160205219445
            ],
            [
              -1.5322662793286757,
              55.05410151383851
            ],
            [
              -1.5102438573297334,
              55.05502854666902
            ],
            [
              -1.5073461702246087,
              55.04828648971986
            ],
            [
              -1.492567965988477,
              55.05443861668597
            ],
            [
              -1.4877867822650224,
              55.053595859567324
            ],
            [
              -1.4912640067911704,
              55.065900113499545
            ],
            [
              -1.4795283740154188,
              55.06716424917751
            ],
            [
              -1.4706904283447901,
              55.074496236109724
            ],
            [
              -1.4619973670294186,
              55.074580511821594
            ]
          ]
        ]
      },
      "properties": {
        "slot_id": "gas_emissions_6",
        "lineage_id": "LOCAL-NEW-92271296-1318-4c0c-a293-d0d4ebc2d06b",
        "page_generation": 1,
        "semantic_mode": "AREA_JOIN",
        "partition": {
          "start": 76904,
          "end": 92283,
          "count": 15380
        },
        "evidence_scope": "coverage_area",
        "coverage_area_id": "E08000022",
        "coverage_area_name": "North Tyneside",
        "coverage_area_identifier_scheme": "ONS_GSS_LTLA",
        "boundary_vintage": "2014-2025 topology; active 2025",
        "source_area_record": true,
        "accepted_parcel_record": false,
        "spatial_binding_method": "OFFICIAL_POLYGON_AND_EXACT_IDENTIFIER",
        "source_window_record_index": 35,
        "source_url": "https://raw.githubusercontent.com/ONSdigital/uk-topojson/aa84341201698f59b26998ca39d2b578df4b6d78/output/topo.json",
        "final_url": "https://raw.githubusercontent.com/ONSdigital/uk-topojson/aa84341201698f59b26998ca39d2b578df4b6d78/output/topo.json",
        "source_access_utc": "2026-10-01T21:28:00Z",
        "source_blob_sha": "668461dddd006aa7e8e176896a7bdcbe5f5e32b5",
        "source_file_sha256": "9feaf90628fee8cf713821801c17fff47691cfa03b60262d4b68e355c485f23d",
        "field_evidence": {
          "areacd": "E08000022",
          "areanm": "North Tyneside",
          "start": 2014,
          "end": null,
          "geometry_type": "Polygon"
        },
        "evidence_slice_sha256": "4e5a8bdd7aec3c16c579eb8638351bf2c24916c89cfad3288655f482dfcbb3c0",
        "confidence_score_0_100": 96,
        "evidence_grade": "A",
        "licence": "ONS Geography licensing terms / Open Government Licence v3.0",
        "licence_evidence_url": "https://www.ons.gov.uk/methodology/geography/licences",
        "fake_data": false,
        "local_spatial_join_status": "DEFERRED_TO_LOCAL_OPENCODE"
      }
    },
    {
      "type": "Feature",
      "id": "E08000023",
      "geometry": {
        "type": "Polygon",
        "coordinates": [
          [
            [
              -1.534439544657518,
              54.96493781068583
            ],
            [
              -1.5341497759470064,
              54.96510636210956
            ],
            [
              -1.5302378983550886,
              54.980865920228226
            ],
            [
              -1.5213999526844608,
              54.98465832726213
            ],
            [
              -1.5157494628294685,
              54.985669635804506
            ],
            [
              -1.5063319797378156,
              54.98609101436383
            ],
            [
              -1.506042211027303,
              54.986006738651966
            ],
            [
              -1.4814118706337496,
              54.98583818722823
            ],
            [
              -1.4808323332127244,
              54.985922462940096
            ],
            [
              -1.4722841562526083,
              54.98617529007569
            ],
            [
              -1.4704006596342785,
              54.98019171453331
            ],
            [
              -1.4714148501210715,
              54.97960178455026
            ],
            [
              -1.4702557752790222,
              54.979938887397715
            ],
            [
              -1.4644604010687736,
              54.979096130279075
            ],
            [
              -1.4695313535027408,
              54.98010743882145
            ],
            [
              -1.4718495031868404,
              54.98609101436383
            ],
            [
              -1.4647501697792862,
              54.983815570143484
            ],
            [
              -1.4515656934509718,
              54.985079705821455
            ],
            [
              -1.4491026594116168,
              54.985416808668916
            ],
            [
              -1.443741938267137,
              54.99300162273672
            ],
            [
              -1.4435970539118808,
              54.99317017416045
            ],
            [
              -1.4398300606752201,
              55.003873189567244
            ],
            [
              -1.4291086183862616,
              55.00732849375369
            ],
            [
              -1.4237478972417819,
              55.008086975160474
            ],
            [
              -1.4185320604525584,
              55.003283259584194
            ],
            [
              -1.4121571488212856,
              55.00623290949945
            ],
            [
              -1.4120122644660293,
              55.005727255228265
            ],
            [
              -1.414330414150129,
              55.00463167097403
            ],
            [
              -1.4111429583344925,
              54.99932230112656
            ],
            [
              -1.41085318962398,
              54.99890092256724
            ],
            [
              -1.393467066993236,
              54.98819790716044
            ],
            [
              -1.3812967811517156,
              54.98583818722823
            ],
            [
              -1.3807172437306905,
              54.98373129443162
            ],
            [
              -1.3808621280859468,
              54.98036026595704
            ],
            [
              -1.3808621280859468,
              54.980275990245175
            ],
            [
              -1.3766604817835173,
              54.978421924584154
            ],
            [
              -1.3607232027053353,
              54.971258489075666
            ],
            [
              -1.3566664407581612,
              54.96519063782142
            ],
            [
              -1.3543482910740625,
              54.96013409510955
            ],
            [
              -1.3543482910740625,
              54.956088860940056
            ],
            [
              -1.364055542876227,
              54.94412170985529
            ],
            [
              -1.364055542876227,
              54.944037434143425
            ],
            [
              -1.3743423320994177,
              54.94353177987224
            ],
            [
              -1.3756462912967233,
              54.93687399863494
            ],
            [
              -1.393467066993236,
              54.939570821414605
            ],
            [
              -1.4047680467032198,
              54.93780103146545
            ],
            [
              -1.4124469175317982,
              54.9357784143807
            ],
            [
              -1.419401366584096,
              54.92987911455018
            ],
            [
              -1.4501168498984098,
              54.93392434871968
            ],
            [
              -1.4573610676612203,
              54.932660213041714
            ],
            [
              -1.4663438976871044,
              54.93013194168577
            ],
            [
              -1.483585135962592,
              54.92836215173662
            ],
            [
              -1.5112580478165265,
              54.931733180211204
            ],
            [
              -1.5180676125135681,
              54.946987084058684
            ],
            [
              -1.5163290002504937,
              54.95499327668581
            ],
            [
              -1.518936918645105,
              54.959291337990905
            ],
            [
              -1.5306725514208575,
              54.958027202312934
            ],
            [
              -1.5293685922235518,
              54.9633365721604
            ],
            [
              -1.534439544657518,
              54.96493781068583
            ]
          ]
        ]
      },
      "properties": {
        "slot_id": "gas_emissions_6",
        "lineage_id": "LOCAL-NEW-92271296-1318-4c0c-a293-d0d4ebc2d06b",
        "page_generation": 1,
        "semantic_mode": "AREA_JOIN",
        "partition": {
          "start": 76904,
          "end": 92283,
          "count": 15380
        },
        "evidence_scope": "coverage_area",
        "coverage_area_id": "E08000023",
        "coverage_area_name": "South Tyneside",
        "coverage_area_identifier_scheme": "ONS_GSS_LTLA",
        "boundary_vintage": "2014-2025 topology; active 2025",
        "source_area_record": true,
        "accepted_parcel_record": false,
        "spatial_binding_method": "OFFICIAL_POLYGON_AND_EXACT_IDENTIFIER",
        "source_window_record_index": 36,
        "source_url": "https://raw.githubusercontent.com/ONSdigital/uk-topojson/aa84341201698f59b26998ca39d2b578df4b6d78/output/topo.json",
        "final_url": "https://raw.githubusercontent.com/ONSdigital/uk-topojson/aa84341201698f59b26998ca39d2b578df4b6d78/output/topo.json",
        "source_access_utc": "2026-10-01T21:28:00Z",
        "source_blob_sha": "668461dddd006aa7e8e176896a7bdcbe5f5e32b5",
        "source_file_sha256": "9feaf90628fee8cf713821801c17fff47691cfa03b60262d4b68e355c485f23d",
        "field_evidence": {
          "areacd": "E08000023",
          "areanm": "South Tyneside",
          "start": 2014,
          "end": null,
          "geometry_type": "Polygon"
        },
        "evidence_slice_sha256": "4e5a8bdd7aec3c16c579eb8638351bf2c24916c89cfad3288655f482dfcbb3c0",
        "confidence_score_0_100": 96,
        "evidence_grade": "A",
        "licence": "ONS Geography licensing terms / Open Government Licence v3.0",
        "licence_evidence_url": "https://www.ons.gov.uk/methodology/geography/licences",
        "fake_data": false,
        "local_spatial_join_status": "DEFERRED_TO_LOCAL_OPENCODE"
      }
    },
    {
      "type": "Feature",
      "id": "E08000024",
      "geometry": {
        "type": "Polygon",
        "coordinates": [
          [
            [
              -1.364055542876227,
              54.944037434143425
            ],
            [
              -1.364490195941996,
              54.939570821414605
            ],
            [
              -1.365069733363021,
              54.93940226999087
            ],
            [
              -1.3646350802972522,
              54.93763248004172
            ],
            [
              -1.3652146177182773,
              54.93299731588917
            ],
            [
              -1.3653595020735336,
              54.93105897451628
            ],
            [
              -1.3633311210999466,
              54.92288423046543
            ],
            [
              -1.3613027401263595,
              54.92263140332983
            ],
            [
              -1.3611578557711033,
              54.922462851906104
            ],
            [
              -1.3633311210999466,
              54.922715679041694
            ],
            [
              -1.3607232027053353,
              54.91968175341457
            ],
            [
              -1.3604334339948227,
              54.918586169160335
            ],
            [
              -1.3659390394945579,
              54.917322033482364
            ],
            [
              -1.367532767402376,
              54.919766029126436
            ],
            [
              -1.371009991928525,
              54.911675560787444
            ],
            [
              -1.377529787915054,
              54.9108328036688
            ],
            [
              -1.38303539341479,
              54.91015859797388
            ],
            [
              -1.3905693798881122,
              54.9120126636349
            ],
            [
              -1.3957852166773357,
              54.917911963465414
            ],
            [
              -1.4050578154137323,
              54.91420383214338
            ],
            [
              -1.41389576108436,
              54.917406309194234
            ],
            [
              -1.427804659188955,
              54.916732103499314
            ],
            [
              -1.4285290809652365,
              54.916732103499314
            ],
            [
              -1.4489577750563605,
              54.91041142510947
            ],
            [
              -1.4583752581480134,
              54.90459640099082
            ],
            [
              -1.4580854894375008,
              54.904259298143366
            ],
            [
              -1.4576508363717329,
              54.90400647100777
            ],
            [
              -1.4540287274903276,
              54.90611336380438
            ],
            [
              -1.4438868226223933,
              54.910495700821336
            ],
            [
              -1.440264713740989,
              54.91142273365185
            ],
            [
              -1.4398300606752201,
              54.91150700936371
            ],
            [
              -1.4214297475576823,
              54.916479276363724
            ],
            [
              -1.4060720059005254,
              54.91327679931287
            ],
            [
              -1.405927121545269,
              54.91327679931287
            ],
            [
              -1.3953505636115668,
              54.91656355207559
            ],
            [
              -1.3920182234406742,
              54.91150700936371
            ],
            [
              -1.3828905090595338,
              54.90948439227896
            ],
            [
              -1.3827456247042775,
              54.90948439227896
            ],
            [
              -1.377529787915054,
              54.90948439227896
            ],
            [
              -1.3721690667705744,
              54.909568667990825
            ],
            [
              -1.3611578557711033,
              54.917322033482364
            ],
            [
              -1.3572459781791864,
              54.91454093499084
            ],
            [
              -1.3527545631662443,
              54.919176099143385
            ],
            [
              -1.3568113251134175,
              54.91420383214338
            ],
            [
              -1.358549937376492,
              54.91302397217727
            ],
            [
              -1.3556522502713682,
              54.91041142510947
            ],
            [
              -1.3504364134821447,
              54.90577626095693
            ],
            [
              -1.3547829441398305,
              54.90763032661795
            ],
            [
              -1.3514506039689378,
              54.90527060668574
            ],
            [
              -1.361592508836872,
              54.89827572260098
            ],
            [
              -1.3579703999554669,
              54.88571864153317
            ],
            [
              -1.3473938420217646,
              54.86060447939753
            ],
            [
              -1.3688367265996817,
              54.85757055377041
            ],
            [
              -1.3815865498622273,
              54.84720464121107
            ],
            [
              -1.4136059923738475,
              54.844929196990726
            ],
            [
              -1.4120122644660293,
              54.841895271363605
            ],
            [
              -1.4215746319129385,
              54.8381028643297
            ],
            [
              -1.4131713393080796,
              54.82453447471951
            ],
            [
              -1.4130264549528233,
              54.82327033904154
            ],
            [
              -1.4228785911102442,
              54.80818498661779
            ],
            [
              -1.4224439380444762,
              54.80321271961778
            ],
            [
              -1.4375119109911205,
              54.80051589683812
            ],
            [
              -1.4440317069776496,
              54.80253851392287
            ],
            [
              -1.4546082649113528,
              54.800010242566934
            ],
            [
              -1.4934372721200138,
              54.800010242566934
            ],
            [
              -1.4818465236995175,
              54.80961767371949
            ],
            [
              -1.4943065782515514,
              54.81602262782119
            ],
            [
              -1.4902498163043774,
              54.82023641341442
            ],
            [
              -1.4937270408305263,
              54.82352316617714
            ],
            [
              -1.4974940340671878,
              54.82259613334663
            ],
            [
              -1.5043035987642286,
              54.83119225595681
            ],
            [
              -1.5032894082774355,
              54.83658590151614
            ],
            [
              -1.503579176987948,
              54.83751293434665
            ],
            [
              -1.5102438573297334,
              54.86009882512634
            ],
            [
              -1.5067666328035845,
              54.8711389433806
            ],
            [
              -1.5196613404213863,
              54.876026934668744
            ],
            [
              -1.5328458167496999,
              54.87703824321112
            ],
            [
              -1.5415388780650723,
              54.87349866331281
            ],
            [
              -1.56182268780094,
              54.87568983182128
            ],
            [
              -1.559359653761585,
              54.882010510211124
            ],
            [
              -1.5582005789195348,
              54.902658059617934
            ],
            [
              -1.562836878287734,
              54.905102055262006
            ],
            [
              -1.5586352319853036,
              54.906534742363704
            ],
            [
              -1.5689220212084942,
              54.924569744702715
            ],
            [
              -1.5567517353669729,
              54.929963390262046
            ],
            [
              -1.5532745108408248,
              54.9276879460417
            ],
            [
              -1.5429877216176342,
              54.93139607736374
            ],
            [
              -1.5273402112499648,
              54.93308159160104
            ],
            [
              -1.5112580478165265,
              54.931733180211204
            ],
            [
              -1.483585135962592,
              54.92836215173662
            ],
            [
              -1.4663438976871044,
              54.93013194168577
            ],
            [
              -1.4573610676612203,
              54.932660213041714
            ],
            [
              -1.4501168498984098,
              54.93392434871968
            ],
            [
              -1.419401366584096,
              54.92987911455018
            ],
            [
              -1.4124469175317982,
              54.9357784143807
            ],
            [
              -1.4047680467032198,
              54.93780103146545
            ],
            [
              -1.393467066993236,
              54.939570821414605
            ],
            [
              -1.3756462912967233,
              54.93687399863494
            ],
            [
              -1.3743423320994177,
              54.94353177987224
            ],
            [
              -1.364055542876227,
              54.944037434143425
            ]
          ]
        ]
      },
      "properties": {
        "slot_id": "gas_emissions_6",
        "lineage_id": "LOCAL-NEW-92271296-1318-4c0c-a293-d0d4ebc2d06b",
        "page_generation": 1,
        "semantic_mode": "AREA_JOIN",
        "partition": {
          "start": 76904,
          "end": 92283,
          "count": 15380
        },
        "evidence_scope": "coverage_area",
        "coverage_area_id": "E08000024",
        "coverage_area_name": "Sunderland",
        "coverage_area_identifier_scheme": "ONS_GSS_LTLA",
        "boundary_vintage": "2014-2025 topology; active 2025",
        "source_area_record": true,
        "accepted_parcel_record": false,
        "spatial_binding_method": "OFFICIAL_POLYGON_AND_EXACT_IDENTIFIER",
        "source_window_record_index": 37,
        "source_url": "https://raw.githubusercontent.com/ONSdigital/uk-topojson/aa84341201698f59b26998ca39d2b578df4b6d78/output/topo.json",
        "final_url": "https://raw.githubusercontent.com/ONSdigital/uk-topojson/aa84341201698f59b26998ca39d2b578df4b6d78/output/topo.json",
        "source_access_utc": "2026-10-01T21:28:00Z",
        "source_blob_sha": "668461dddd006aa7e8e176896a7bdcbe5f5e32b5",
        "source_file_sha256": "9feaf90628fee8cf713821801c17fff47691cfa03b60262d4b68e355c485f23d",
        "field_evidence": {
          "areacd": "E08000024",
          "areanm": "Sunderland",
          "start": 2014,
          "end": null,
          "geometry_type": "Polygon"
        },
        "evidence_slice_sha256": "4e5a8bdd7aec3c16c579eb8638351bf2c24916c89cfad3288655f482dfcbb3c0",
        "confidence_score_0_100": 96,
        "evidence_grade": "A",
        "licence": "ONS Geography licensing terms / Open Government Licence v3.0",
        "licence_evidence_url": "https://www.ons.gov.uk/methodology/geography/licences",
        "fake_data": false,
        "local_spatial_join_status": "DEFERRED_TO_LOCAL_OPENCODE"
      }
    },
    {
      "type": "Feature",
      "id": "E08000025",
      "geometry": {
        "type": "Polygon",
        "coordinates": [
          [
            [
              -1.8725996298254888,
              52.58490743191945
            ],
            [
              -1.8540544323526946,
              52.601931125716085
            ],
            [
              -1.8324666634195212,
              52.6078304255466
            ],
            [
              -1.827830364051323,
              52.60867318266524
            ],
            [
              -1.796535343315984,
              52.59906575151269
            ],
            [
              -1.7881320507111242,
              52.58794135754657
            ],
            [
              -1.7881320507111242,
              52.58777280612284
            ],
            [
              -1.77799014584319,
              52.57513144934316
            ],
            [
              -1.7697317375935864,
              52.574962897919434
            ],
            [
              -1.7636465946728261,
              52.571001939461794
            ],
            [
              -1.7742231526065293,
              52.56459698536009
            ],
            [
              -1.7668340504884625,
              52.56156305973297
            ],
            [
              -1.7652403225806443,
              52.556675068444825
            ],
            [
              -1.7559677238442477,
              52.55541093276686
            ],
            [
              -1.753649574160149,
              52.545297847343114
            ],
            [
              -1.7464053563973385,
              52.54167399173294
            ],
            [
              -1.7508967714102806,
              52.53628034617361
            ],
            [
              -1.749158159147206,
              52.53139235488547
            ],
            [
              -1.7394509073450415,
              52.531898009156656
            ],
            [
              -1.7397406760555532,
              52.529116910665124
            ],
            [
              -1.7288743494113383,
              52.52448174651257
            ],
            [
              -1.7458258189763134,
              52.520099409495614
            ],
            [
              -1.7537944585154044,
              52.52119499374986
            ],
            [
              -1.757126798686297,
              52.51782396527528
            ],
            [
              -1.7535046898048927,
              52.513020249699
            ],
            [
              -1.7684277783962807,
              52.5142001096651
            ],
            [
              -1.7872627445795866,
              52.50948066980069
            ],
            [
              -1.7917541595925295,
              52.50922784266509
            ],
            [
              -1.799433030421108,
              52.50476122993627
            ],
            [
              -1.794506962342397,
              52.50282288856339
            ],
            [
              -1.7558228394889914,
              52.49953613580067
            ],
            [
              -1.7590102953046278,
              52.49523807449558
            ],
            [
              -1.7636465946728261,
              52.48706333044472
            ],
            [
              -1.7558228394889914,
              52.4718937023091
            ],
            [
              -1.7593000640151404,
              52.46885977668198
            ],
            [
              -1.7633568259623136,
              52.463803233970104
            ],
            [
              -1.7549535333574546,
              52.45630269561416
            ],
            [
              -1.7613284449887274,
              52.45090905005483
            ],
            [
              -1.782481560856132,
              52.45107760147856
            ],
            [
              -1.7987086086448265,
              52.45748255558027
            ],
            [
              -1.805952826407637,
              52.45411152710569
            ],
            [
              -1.8082709760917357,
              52.446526713037876
            ],
            [
              -1.8092851665785297,
              52.44543112878364
            ],
            [
              -1.8172538061176207,
              52.432368393444634
            ],
            [
              -1.825367330011968,
              52.42933446781751
            ],
            [
              -1.8307280511564468,
              52.42276096229208
            ],
            [
              -1.83290131648529,
              52.41947420952936
            ],
            [
              -1.8436227587742486,
              52.41054098407172
            ],
            [
              -1.8494181329844963,
              52.41079381120731
            ],
            [
              -1.8578214255893561,
              52.408434091275105
            ],
            [
              -1.8666593712599848,
              52.41096236263104
            ],
            [
              -1.8688326365888273,
              52.40472595995307
            ],
            [
              -1.8827415346934222,
              52.399837968664926
            ],
            [
              -1.88665341228534,
              52.40472595995307
            ],
            [
              -1.8870880653511088,
              52.40472595995307
            ],
            [
              -1.904619072337109,
              52.40312472142764
            ],
            [
              -1.9137467867182494,
              52.40742278273273
            ],
            [
              -1.918527970441704,
              52.398236730139494
            ],
            [
              -1.9343203651646297,
              52.387196611885244
            ],
            [
              -1.952865562637423,
              52.39343301456322
            ],
            [
              -1.9595302429792083,
              52.38888212612253
            ],
            [
              -1.960399549110746,
              52.38913495325813
            ],
            [
              -1.964890964123688,
              52.39216887888525
            ],
            [
              -1.96633980767625,
              52.38947205610559
            ],
            [
              -1.9854645425700683,
              52.38601675191914
            ],
            [
              -1.9973450597010762,
              52.381128760631
            ],
            [
              -2.0113988421609283,
              52.38618530334287
            ],
            [
              -2.020671440897325,
              52.39933231439374
            ],
            [
              -2.0322621893178203,
              52.40152348290221
            ],
            [
              -2.0274810055943657,
              52.40809698842765
            ],
            [
              -2.017628869436945,
              52.40556871707171
            ],
            [
              -2.009225576832085,
              52.41037243264799
            ],
            [
              -1.997779712766845,
              52.409698226953076
            ],
            [
              -1.9860440799910934,
              52.41669311103783
            ],
            [
              -1.9970552909905646,
              52.41736731673275
            ],
            [
              -2.004734161819143,
              52.428407434987
            ],
            [
              -2.009660229897854,
              52.426469093614116
            ],
            [
              -2.0170493320159197,
              52.432705496292094
            ],
            [
              -2.0129925700687465,
              52.450403395783646
            ],
            [
              -2.013137454424002,
              52.46211771973282
            ],
            [
              -2.013137454424002,
              52.46220199544468
            ],
            [
              -1.9816975493334068,
              52.466331505326046
            ],
            [
              -1.968368188649837,
              52.47223080515656
            ],
            [
              -1.9647460797684317,
              52.48150113346166
            ],
            [
              -1.9588058212029278,
              52.48276526913963
            ],
            [
              -1.9508371816638368,
              52.48318664769895
            ],
            [
              -1.9431583108352575,
              52.491108564614215
            ],
            [
              -1.9443173856773077,
              52.495659453054905
            ],
            [
              -1.9380873584012912,
              52.49844055154643
            ],
            [
              -1.9573569776503659,
              52.50315999141085
            ],
            [
              -1.9630074675053573,
              52.504929781360005
            ],
            [
              -1.9619932770185642,
              52.50990204836001
            ],
            [
              -1.9595302429792083,
              52.50973349693628
            ],
            [
              -1.9625728144395884,
              52.51361017968205
            ],
            [
              -1.95793651507139,
              52.52001513378375
            ],
            [
              -1.9602546647554897,
              52.5313080791736
            ],
            [
              -1.9512718347296047,
              52.52979111636004
            ],
            [
              -1.9457662292298696,
              52.533920626241404
            ],
            [
              -1.9293942970859188,
              52.5313080791736
            ],
            [
              -1.9331612903225803,
              52.5458035016143
            ],
            [
              -1.918527970441704,
              52.5469833615804
            ],
            [
              -1.9182382017311914,
              52.54732046442786
            ],
            [
              -1.8998378886136544,
              52.55498955420754
            ],
            [
              -1.8933180926271254,
              52.56131023259738
            ],
            [
              -1.8915794803640509,
              52.562405816851616
            ],
            [
              -1.8798438475882984,
              52.56881077095332
            ],
            [
              -1.8725996298254888,
              52.58490743191945
            ]
          ]
        ]
      },
      "properties": {
        "slot_id": "gas_emissions_6",
        "lineage_id": "LOCAL-NEW-92271296-1318-4c0c-a293-d0d4ebc2d06b",
        "page_generation": 1,
        "semantic_mode": "AREA_JOIN",
        "partition": {
          "start": 76904,
          "end": 92283,
          "count": 15380
        },
        "evidence_scope": "coverage_area",
        "coverage_area_id": "E08000025",
        "coverage_area_name": "Birmingham",
        "coverage_area_identifier_scheme": "ONS_GSS_LTLA",
        "boundary_vintage": "2014-2025 topology; active 2025",
        "source_area_record": true,
        "accepted_parcel_record": false,
        "spatial_binding_method": "OFFICIAL_POLYGON_AND_EXACT_IDENTIFIER",
        "source_window_record_index": 38,
        "source_url": "https://raw.githubusercontent.com/ONSdigital/uk-topojson/aa84341201698f59b26998ca39d2b578df4b6d78/output/topo.json",
        "final_url": "https://raw.githubusercontent.com/ONSdigital/uk-topojson/aa84341201698f59b26998ca39d2b578df4b6d78/output/topo.json",
        "source_access_utc": "2026-10-01T21:28:00Z",
        "source_blob_sha": "668461dddd006aa7e8e176896a7bdcbe5f5e32b5",
        "source_file_sha256": "9feaf90628fee8cf713821801c17fff47691cfa03b60262d4b68e355c485f23d",
        "field_evidence": {
          "areacd": "E08000025",
          "areanm": "Birmingham",
          "start": 2014,
          "end": null,
          "geometry_type": "Polygon"
        },
        "evidence_slice_sha256": "4e5a8bdd7aec3c16c579eb8638351bf2c24916c89cfad3288655f482dfcbb3c0",
        "confidence_score_0_100": 96,
        "evidence_grade": "A",
        "licence": "ONS Geography licensing terms / Open Government Licence v3.0",
        "licence_evidence_url": "https://www.ons.gov.uk/methodology/geography/licences",
        "fake_data": false,
        "local_spatial_join_status": "DEFERRED_TO_LOCAL_OPENCODE"
      }
    },
    {
      "type": "Feature",
      "id": "E08000026",
      "geometry": {
        "type": "Polygon",
        "coordinates": [
          [
            [
              -1.5954358582203785,
              52.45588131705484
            ],
            [
              -1.5948563207993534,
              52.46068503263112
            ],
            [
              -1.5899302527206425,
              52.46186489259722
            ],
            [
              -1.5612431503799158,
              52.455207111359925
            ],
            [
              -1.551391014222494,
              52.456976901309076
            ],
            [
              -1.5398002658019978,
              52.464814542512485
            ],
            [
              -1.5296583609340635,
              52.45706117702095
            ],
            [
              -1.5176329594477993,
              52.45680834988535
            ],
            [
              -1.5196613404213863,
              52.45326876998704
            ],
            [
              -1.4999570681065428,
              52.450993325766696
            ],
            [
              -1.4916986598569393,
              52.4550385599362
            ],
            [
              -1.4928577346989886,
              52.458409588410774
            ],
            [
              -1.4830055985415678,
              52.45807248556332
            ],
            [
              -1.4708353127000464,
              52.45689262559721
            ],
            [
              -1.4638808636477494,
              52.45832531269891
            ],
            [
              -1.4590996799242948,
              52.45512283564806
            ],
            [
              -1.4521452308719969,
              52.449560638665
            ],
            [
              -1.443741938267137,
              52.447369470156524
            ],
            [
              -1.4464947410170055,
              52.44307140885143
            ],
            [
              -1.4241825503075507,
              52.43396963197006
            ],
            [
              -1.4324409585571534,
              52.415681802495456
            ],
            [
              -1.4380914484121456,
              52.4101196055124
            ],
            [
              -1.432296074201898,
              52.39587701020729
            ],
            [
              -1.4450458974644436,
              52.38643813047846
            ],
            [
              -1.463156441871468,
              52.3796960735293
            ],
            [
              -1.4628666731609554,
              52.376409320766584
            ],
            [
              -1.4604036391216004,
              52.37480808224116
            ],
            [
              -1.4640257480030057,
              52.37329111942759
            ],
            [
              -1.466633666397617,
              52.37716780217336
            ],
            [
              -1.4803976801469556,
              52.37430242796997
            ],
            [
              -1.4822811767652864,
              52.3770835264615
            ],
            [
              -1.5044484831194849,
              52.37784200786828
            ],
            [
              -1.5138659662111378,
              52.368993058122506
            ],
            [
              -1.5247322928553526,
              52.37935897068184
            ],
            [
              -1.535453735144312,
              52.377589180732684
            ],
            [
              -1.5457405243675018,
              52.36933016096996
            ],
            [
              -1.5418286467755848,
              52.3666333381903
            ],
            [
              -1.5555926605249235,
              52.36503209966487
            ],
            [
              -1.5550131231038984,
              52.374386703681836
            ],
            [
              -1.5625471095772214,
              52.37691497503777
            ],
            [
              -1.567762946366444,
              52.384836891953036
            ],
            [
              -1.576745776392329,
              52.38281427486829
            ],
            [
              -1.575731585905535,
              52.384584064817446
            ],
            [
              -1.6010863480753699,
              52.389303504681855
            ],
            [
              -1.6034044977594695,
              52.40767560986833
            ],
            [
              -1.6022454229174201,
              52.416018905342916
            ],
            [
              -1.611083368588048,
              52.42233958373276
            ],
            [
              -1.6064470692198496,
              52.42537350935988
            ],
            [
              -1.6145605931141969,
              52.42798605642768
            ],
            [
              -1.6113731372985605,
              52.432115566309044
            ],
            [
              -1.6065919535751059,
              52.4310199820548
            ],
            [
              -1.6083305658381803,
              52.43877334754634
            ],
            [
              -1.595146089509866,
              52.43986893180058
            ],
            [
              -1.5954358582203785,
              52.45588131705484
            ]
          ]
        ]
      },
      "properties": {
        "slot_id": "gas_emissions_6",
        "lineage_id": "LOCAL-NEW-92271296-1318-4c0c-a293-d0d4ebc2d06b",
        "page_generation": 1,
        "semantic_mode": "AREA_JOIN",
        "partition": {
          "start": 76904,
          "end": 92283,
          "count": 15380
        },
        "evidence_scope": "coverage_area",
        "coverage_area_id": "E08000026",
        "coverage_area_name": "Coventry",
        "coverage_area_identifier_scheme": "ONS_GSS_LTLA",
        "boundary_vintage": "2014-2025 topology; active 2025",
        "source_area_record": true,
        "accepted_parcel_record": false,
        "spatial_binding_method": "OFFICIAL_POLYGON_AND_EXACT_IDENTIFIER",
        "source_window_record_index": 39,
        "source_url": "https://raw.githubusercontent.com/ONSdigital/uk-topojson/aa84341201698f59b26998ca39d2b578df4b6d78/output/topo.json",
        "final_url": "https://raw.githubusercontent.com/ONSdigital/uk-topojson/aa84341201698f59b26998ca39d2b578df4b6d78/output/topo.json",
        "source_access_utc": "2026-10-01T21:28:00Z",
        "source_blob_sha": "668461dddd006aa7e8e176896a7bdcbe5f5e32b5",
        "source_file_sha256": "9feaf90628fee8cf713821801c17fff47691cfa03b60262d4b68e355c485f23d",
        "field_evidence": {
          "areacd": "E08000026",
          "areanm": "Coventry",
          "start": 2014,
          "end": null,
          "geometry_type": "Polygon"
        },
        "evidence_slice_sha256": "4e5a8bdd7aec3c16c579eb8638351bf2c24916c89cfad3288655f482dfcbb3c0",
        "confidence_score_0_100": 96,
        "evidence_grade": "A",
        "licence": "ONS Geography licensing terms / Open Government Licence v3.0",
        "licence_evidence_url": "https://www.ons.gov.uk/methodology/geography/licences",
        "fake_data": false,
        "local_spatial_join_status": "DEFERRED_TO_LOCAL_OPENCODE"
      }
    },
    {
      "type": "Feature",
      "id": "E08000027",
      "geometry": {
        "type": "Polygon",
        "coordinates": [
          [
            [
              -2.0170493320159197,
              52.432705496292094
            ],
            [
              -2.024728202844498,
              52.43489666480057
            ],
            [
              -2.029654270923209,
              52.427311850732764
            ],
            [
              -2.037043373041275,
              52.42748040215649
            ],
            [
              -2.0379126791728126,
              52.441470170326006
            ],
            [
              -2.0593555637507297,
              52.44003748322431
            ],
            [
              -2.0606595229480362,
              52.42748040215649
            ],
            [
              -2.0657304753820025,
              52.42807033213954
            ],
            [
              -2.0623981352111107,
              52.432368393444634
            ],
            [
              -2.0676139720003333,
              52.43253694486837
            ],
            [
              -2.068048625066102,
              52.43523376764803
            ],
            [
              -2.07992914219711,
              52.43228411773277
            ],
            [
              -2.0861591694731274,
              52.43287404771582
            ],
            [
              -2.0932585028806807,
              52.44526257735991
            ],
            [
              -2.105283904366946,
              52.44416699310567
            ],
            [
              -2.108761128893094,
              52.44121734319041
            ],
            [
              -2.1174541902084663,
              52.433885356258195
            ],
            [
              -2.129769360405243,
              52.43219984202091
            ],
            [
              -2.1359993876812595,
              52.42630054219039
            ],
            [
              -2.1435333741545826,
              52.42596343934293
            ],
            [
              -2.1648313743772434,
              52.43017722493616
            ],
            [
              -2.1748283948899214,
              52.45857813983451
            ],
            [
              -2.1674392927718547,
              52.47121949661419
            ],
            [
              -2.1784505037713267,
              52.48268099342776
            ],
            [
              -2.1852600684683674,
              52.49481669593626
            ],
            [
              -2.1887372929945164,
              52.4944795930888
            ],
            [
              -2.1848254154025994,
              52.50029461720745
            ],
            [
              -2.1917798644548965,
              52.50341281854644
            ],
            [
              -2.186564027665673,
              52.50476122993627
            ],
            [
              -2.188012871218236,
              52.50830080983458
            ],
            [
              -2.178160735060814,
              52.5115875625973
            ],
            [
              -2.148749210943805,
              52.51470576393629
            ],
            [
              -2.1445475646413756,
              52.521363545173585
            ],
            [
              -2.1519366667594415,
              52.526167260749865
            ],
            [
              -2.1355647346154916,
              52.534510556224454
            ],
            [
              -2.139186843496896,
              52.547994670122776
            ],
            [
              -2.1335363536419045,
              52.55406252137703
            ],
            [
              -2.1284654012079374,
              52.55380969424143
            ],
            [
              -2.1275960950764006,
              52.558192031258386
            ],
            [
              -2.1215109521556395,
              52.55675934415669
            ],
            [
              -2.107746938406301,
              52.544117987377014
            ],
            [
              -2.0920994280386314,
              52.547994670122776
            ],
            [
              -2.0890568565782512,
              52.55153425002109
            ],
            [
              -2.0822472918812096,
              52.5524612828516
            ],
            [
              -2.07804564557878,
              52.55692789558042
            ],
            [
              -2.0738439992763498,
              52.54993301149566
            ],
            [
              -2.072974693144813,
              52.541758267444806
            ],
            [
              -2.075872380249937,
              52.53408917766513
            ],
            [
              -2.0793496047760858,
              52.535437589054965
            ],
            [
              -2.0777558768682676,
              52.53198228486852
            ],
            [
              -2.0796393734865983,
              52.524060367953254
            ],
            [
              -2.0713809652369948,
              52.52178492373291
            ],
            [
              -2.0632674413426475,
              52.51369445539391
            ],
            [
              -2.0573271827771435,
              52.51226176829222
            ],
            [
              -2.0623981352111107,
              52.50771087985153
            ],
            [
              -2.0628327882768787,
              52.49987323864813
            ],
            [
              -2.0703667747502017,
              52.491782770309136
            ],
            [
              -2.0642816318294406,
              52.487231881868446
            ],
            [
              -2.070511659105457,
              52.481585409173526
            ],
            [
              -2.075437727184168,
              52.47720307215657
            ],
            [
              -2.094272693367474,
              52.47357921654639
            ],
            [
              -2.0971703804725985,
              52.46843839812266
            ],
            [
              -2.076596802026218,
              52.46397178539384
            ],
            [
              -2.0722502713685316,
              52.46068503263112
            ],
            [
              -2.059065795040218,
              52.46203344402095
            ],
            [
              -2.048054584040747,
              52.46751136529215
            ],
            [
              -2.047475046619722,
              52.46751136529215
            ],
            [
              -2.0418245567647295,
              52.47349494083453
            ],
            [
              -2.0228447062261674,
              52.480321273495555
            ],
            [
              -2.0184981755684817,
              52.47442197366504
            ],
            [
              -2.013137454424002,
              52.46220199544468
            ],
            [
              -2.013137454424002,
              52.46211771973282
            ],
            [
              -2.0129925700687465,
              52.450403395783646
            ],
            [
              -2.0170493320159197,
              52.432705496292094
            ]
          ]
        ]
      },
      "properties": {
        "slot_id": "gas_emissions_6",
        "lineage_id": "LOCAL-NEW-92271296-1318-4c0c-a293-d0d4ebc2d06b",
        "page_generation": 1,
        "semantic_mode": "AREA_JOIN",
        "partition": {
          "start": 76904,
          "end": 92283,
          "count": 15380
        },
        "evidence_scope": "coverage_area",
        "coverage_area_id": "E08000027",
        "coverage_area_name": "Dudley",
        "coverage_area_identifier_scheme": "ONS_GSS_LTLA",
        "boundary_vintage": "2014-2025 topology; active 2025",
        "source_area_record": true,
        "accepted_parcel_record": false,
        "spatial_binding_method": "OFFICIAL_POLYGON_AND_EXACT_IDENTIFIER",
        "source_window_record_index": 40,
        "source_url": "https://raw.githubusercontent.com/ONSdigital/uk-topojson/aa84341201698f59b26998ca39d2b578df4b6d78/output/topo.json",
        "final_url": "https://raw.githubusercontent.com/ONSdigital/uk-topojson/aa84341201698f59b26998ca39d2b578df4b6d78/output/topo.json",
        "source_access_utc": "2026-10-01T21:28:00Z",
        "source_blob_sha": "668461dddd006aa7e8e176896a7bdcbe5f5e32b5",
        "source_file_sha256": "9feaf90628fee8cf713821801c17fff47691cfa03b60262d4b68e355c485f23d",
        "field_evidence": {
          "areacd": "E08000027",
          "areanm": "Dudley",
          "start": 2014,
          "end": null,
          "geometry_type": "Polygon"
        },
        "evidence_slice_sha256": "4e5a8bdd7aec3c16c579eb8638351bf2c24916c89cfad3288655f482dfcbb3c0",
        "confidence_score_0_100": 96,
        "evidence_grade": "A",
        "licence": "ONS Geography licensing terms / Open Government Licence v3.0",
        "licence_evidence_url": "https://www.ons.gov.uk/methodology/geography/licences",
        "fake_data": false,
        "local_spatial_join_status": "DEFERRED_TO_LOCAL_OPENCODE"
      }
    },
    {
      "type": "Feature",
      "id": "E08000028",
      "geometry": {
        "type": "Polygon",
        "coordinates": [
          [
            [
              -1.9182382017311914,
              52.54732046442786
            ],
            [
              -1.918527970441704,
              52.5469833615804
            ],
            [
              -1.9331612903225803,
              52.5458035016143
            ],
            [
              -1.9293942970859188,
              52.5313080791736
            ],
            [
              -1.9457662292298696,
              52.533920626241404
            ],
            [
              -1.9512718347296047,
              52.52979111636004
            ],
            [
              -1.9602546647554897,
              52.5313080791736
            ],
            [
              -1.95793651507139,
              52.52001513378375
            ],
            [
              -1.9625728144395884,
              52.51361017968205
            ],
            [
              -1.9595302429792083,
              52.50973349693628
            ],
            [
              -1.9619932770185642,
              52.50990204836001
            ],
            [
              -1.9630074675053573,
              52.504929781360005
            ],
            [
              -1.9573569776503659,
              52.50315999141085
            ],
            [
              -1.9380873584012912,
              52.49844055154643
            ],
            [
              -1.9443173856773077,
              52.495659453054905
            ],
            [
              -1.9431583108352575,
              52.491108564614215
            ],
            [
              -1.9508371816638368,
              52.48318664769895
            ],
            [
              -1.9588058212029278,
              52.48276526913963
            ],
            [
              -1.9647460797684317,
              52.48150113346166
            ],
            [
              -1.968368188649837,
              52.47223080515656
            ],
            [
              -1.9816975493334068,
              52.466331505326046
            ],
            [
              -2.013137454424002,
              52.46220199544468
            ],
            [
              -2.0184981755684817,
              52.47442197366504
            ],
            [
              -2.0228447062261674,
              52.480321273495555
            ],
            [
              -2.0418245567647295,
              52.47349494083453
            ],
            [
              -2.047475046619722,
              52.46751136529215
            ],
            [
              -2.048054584040747,
              52.46751136529215
            ],
            [
              -2.059065795040218,
              52.46203344402095
            ],
            [
              -2.0722502713685316,
              52.46068503263112
            ],
            [
              -2.076596802026218,
              52.46397178539384
            ],
            [
              -2.0971703804725985,
              52.46843839812266
            ],
            [
              -2.094272693367474,
              52.47357921654639
            ],
            [
              -2.075437727184168,
              52.47720307215657
            ],
            [
              -2.070511659105457,
              52.481585409173526
            ],
            [
              -2.0642816318294406,
              52.487231881868446
            ],
            [
              -2.0703667747502017,
              52.491782770309136
            ],
            [
              -2.0628327882768787,
              52.49987323864813
            ],
            [
              -2.0623981352111107,
              52.50771087985153
            ],
            [
              -2.0573271827771435,
              52.51226176829222
            ],
            [
              -2.0632674413426475,
              52.51369445539391
            ],
            [
              -2.0713809652369948,
              52.52178492373291
            ],
            [
              -2.0796393734865983,
              52.524060367953254
            ],
            [
              -2.0777558768682676,
              52.53198228486852
            ],
            [
              -2.0793496047760858,
              52.535437589054965
            ],
            [
              -2.075872380249937,
              52.53408917766513
            ],
            [
              -2.072974693144813,
              52.541758267444806
            ],
            [
              -2.0738439992763498,
              52.54993301149566
            ],
            [
              -2.061528829079573,
              52.54689908586854
            ],
            [
              -2.0509522711458708,
              52.55271410998719
            ],
            [
              -2.048489237106515,
              52.55170280144482
            ],
            [
              -2.0254526246207796,
              52.56232154113975
            ],
            [
              -2.0270463525285978,
              52.56459698536009
            ],
            [
              -2.0109641890951595,
              52.56897932237705
            ],
            [
              -1.9998080937404321,
              52.56518691534315
            ],
            [
              -1.9751777533468777,
              52.55591658703805
            ],
            [
              -1.966919345097275,
              52.56257436827534
            ],
            [
              -1.9541695218347295,
              52.56223726542789
            ],
            [
              -1.9511269503743485,
              52.55675934415669
            ],
            [
              -1.9422890047037207,
              52.56072030261433
            ],
            [
              -1.9325817529015552,
              52.55928761551263
            ],
            [
              -1.9331612903225803,
              52.55380969424143
            ],
            [
              -1.9182382017311914,
              52.54732046442786
            ]
          ]
        ]
      },
      "properties": {
        "slot_id": "gas_emissions_6",
        "lineage_id": "LOCAL-NEW-92271296-1318-4c0c-a293-d0d4ebc2d06b",
        "page_generation": 1,
        "semantic_mode": "AREA_JOIN",
        "partition": {
          "start": 76904,
          "end": 92283,
          "count": 15380
        },
        "evidence_scope": "coverage_area",
        "coverage_area_id": "E08000028",
        "coverage_area_name": "Sandwell",
        "coverage_area_identifier_scheme": "ONS_GSS_LTLA",
        "boundary_vintage": "2014-2025 topology; active 2025",
        "source_area_record": true,
        "accepted_parcel_record": false,
        "spatial_binding_method": "OFFICIAL_POLYGON_AND_EXACT_IDENTIFIER",
        "source_window_record_index": 41,
        "source_url": "https://raw.githubusercontent.com/ONSdigital/uk-topojson/aa84341201698f59b26998ca39d2b578df4b6d78/output/topo.json",
        "final_url": "https://raw.githubusercontent.com/ONSdigital/uk-topojson/aa84341201698f59b26998ca39d2b578df4b6d78/output/topo.json",
        "source_access_utc": "2026-10-01T21:28:00Z",
        "source_blob_sha": "668461dddd006aa7e8e176896a7bdcbe5f5e32b5",
        "source_file_sha256": "9feaf90628fee8cf713821801c17fff47691cfa03b60262d4b68e355c485f23d",
        "field_evidence": {
          "areacd": "E08000028",
          "areanm": "Sandwell",
          "start": 2014,
          "end": null,
          "geometry_type": "Polygon"
        },
        "evidence_slice_sha256": "4e5a8bdd7aec3c16c579eb8638351bf2c24916c89cfad3288655f482dfcbb3c0",
        "confidence_score_0_100": 96,
        "evidence_grade": "A",
        "licence": "ONS Geography licensing terms / Open Government Licence v3.0",
        "licence_evidence_url": "https://www.ons.gov.uk/methodology/geography/licences",
        "fake_data": false,
        "local_spatial_join_status": "DEFERRED_TO_LOCAL_OPENCODE"
      }
    },
    {
      "type": "Feature",
      "id": "E08000029",
      "geometry": {
        "type": "Polygon",
        "coordinates": [
          [
            [
              -1.7535046898048927,
              52.513020249699
            ],
            [
              -1.7432179005817021,
              52.50686812273288
            ],
            [
              -1.733220880069024,
              52.49211987315659
            ],
            [
              -1.7330759957137687,
              52.491867046021
            ],
            [
              -1.715255220017256,
              52.47838293212267
            ],
            [
              -1.7084456553202143,
              52.46557302391926
            ],
            [
              -1.6771506345848755,
              52.436329351902266
            ],
            [
              -1.6665740766511723,
              52.435486594783626
            ],
            [
              -1.6623724303487428,
              52.4443355445294
            ],
            [
              -1.6548384438754207,
              52.44071168891922
            ],
            [
              -1.6413641988365937,
              52.44332423598703
            ],
            [
              -1.6247024979821312,
              52.456976901309076
            ],
            [
              -1.624557613626875,
              52.46346613112265
            ],
            [
              -1.6142708244036843,
              52.462960476851464
            ],
            [
              -1.610648715522279,
              52.45857813983451
            ],
            [
              -1.5986233140360149,
              52.454280078529415
            ],
            [
              -1.5954358582203785,
              52.45588131705484
            ],
            [
              -1.595146089509866,
              52.43986893180058
            ],
            [
              -1.6083305658381803,
              52.43877334754634
            ],
            [
              -1.6065919535751059,
              52.4310199820548
            ],
            [
              -1.6113731372985605,
              52.432115566309044
            ],
            [
              -1.6145605931141969,
              52.42798605642768
            ],
            [
              -1.6064470692198496,
              52.42537350935988
            ],
            [
              -1.611083368588048,
              52.42233958373276
            ],
            [
              -1.6022454229174201,
              52.416018905342916
            ],
            [
              -1.6034044977594695,
              52.40767560986833
            ],
            [
              -1.6010863480753699,
              52.389303504681855
            ],
            [
              -1.6103589468117674,
              52.38247717202083
            ],
            [
              -1.6080407971276678,
              52.37632504505472
            ],
            [
              -1.6154298992457337,
              52.374386703681836
            ],
            [
              -1.618182701995602,
              52.37624076934286
            ],
            [
              -1.619052008127139,
              52.37051002093607
            ],
            [
              -1.6236883074953372,
              52.37177415661403
            ],
            [
              -1.626585994600461,
              52.36916160954623
            ],
            [
              -1.6209355047454697,
              52.36789747386826
            ],
            [
              -1.6233985387848247,
              52.36553775393606
            ],
            [
              -1.6364381307578828,
              52.3652006510886
            ],
            [
              -1.6464351512705608,
              52.35946990268181
            ],
            [
              -1.6513612193492717,
              52.35643597705469
            ],
            [
              -1.660923586796181,
              52.36570630535979
            ],
            [
              -1.6841050836371725,
              52.36317803400385
            ],
            [
              -1.6848295054134539,
              52.35601459849536
            ],
            [
              -1.6939572197945942,
              52.350958055783494
            ],
            [
              -1.6981588660970237,
              52.35567749564791
            ],
            [
              -1.710329151938545,
              52.35500328995299
            ],
            [
              -1.718297791477636,
              52.35871142127503
            ],
            [
              -1.7185875601881486,
              52.35567749564791
            ],
            [
              -1.720326172451223,
              52.37261691373268
            ],
            [
              -1.7339453018453055,
              52.37067857235979
            ],
            [
              -1.7382918325029912,
              52.36503209966487
            ],
            [
              -1.7413344039633714,
              52.35719445846147
            ],
            [
              -1.7488683904366944,
              52.35483473852926
            ],
            [
              -1.759589832725653,
              52.35837431842757
            ],
            [
              -1.7627772885412893,
              52.36427361825809
            ],
            [
              -1.7791492206852402,
              52.364526445393686
            ],
            [
              -1.7781350301984462,
              52.356604528478414
            ],
            [
              -1.7719050029224297,
              52.3559303227835
            ],
            [
              -1.7758168805143475,
              52.34792413015637
            ],
            [
              -1.784509941829719,
              52.350115298664846
            ],
            [
              -1.7858139010270246,
              52.35382342998689
            ],
            [
              -1.8042142141445625,
              52.36284093115639
            ],
            [
              -1.8078363230259678,
              52.3666333381903
            ],
            [
              -1.8349296974588762,
              52.367391819597074
            ],
            [
              -1.8428983369979672,
              52.365116375376736
            ],
            [
              -1.8720200924044637,
              52.36756037102081
            ],
            [
              -1.8668042556152402,
              52.37270118944454
            ],
            [
              -1.861298650115505,
              52.383909859122525
            ],
            [
              -1.8456511397478357,
              52.3994165901056
            ],
            [
              -1.8688326365888273,
              52.40472595995307
            ],
            [
              -1.8666593712599848,
              52.41096236263104
            ],
            [
              -1.8578214255893561,
              52.408434091275105
            ],
            [
              -1.8494181329844963,
              52.41079381120731
            ],
            [
              -1.8436227587742486,
              52.41054098407172
            ],
            [
              -1.83290131648529,
              52.41947420952936
            ],
            [
              -1.8307280511564468,
              52.42276096229208
            ],
            [
              -1.825367330011968,
              52.42933446781751
            ],
            [
              -1.8172538061176207,
              52.432368393444634
            ],
            [
              -1.8092851665785297,
              52.44543112878364
            ],
            [
              -1.8082709760917357,
              52.446526713037876
            ],
            [
              -1.805952826407637,
              52.45411152710569
            ],
            [
              -1.7987086086448265,
              52.45748255558027
            ],
            [
              -1.782481560856132,
              52.45107760147856
            ],
            [
              -1.7613284449887274,
              52.45090905005483
            ],
            [
              -1.7549535333574546,
              52.45630269561416
            ],
            [
              -1.7633568259623136,
              52.463803233970104
            ],
            [
              -1.7593000640151404,
              52.46885977668198
            ],
            [
              -1.7558228394889914,
              52.4718937023091
            ],
            [
              -1.7636465946728261,
              52.48706333044472
            ],
            [
              -1.7590102953046278,
              52.49523807449558
            ],
            [
              -1.7558228394889914,
              52.49953613580067
            ],
            [
              -1.794506962342397,
              52.50282288856339
            ],
            [
              -1.799433030421108,
              52.50476122993627
            ],
            [
              -1.7917541595925295,
              52.50922784266509
            ],
            [
              -1.7872627445795866,
              52.50948066980069
            ],
            [
              -1.7684277783962807,
              52.5142001096651
            ],
            [
              -1.7535046898048927,
              52.513020249699
            ]
          ]
        ]
      },
      "properties": {
        "slot_id": "gas_emissions_6",
        "lineage_id": "LOCAL-NEW-92271296-1318-4c0c-a293-d0d4ebc2d06b",
        "page_generation": 1,
        "semantic_mode": "AREA_JOIN",
        "partition": {
          "start": 76904,
          "end": 92283,
          "count": 15380
        },
        "evidence_scope": "coverage_area",
        "coverage_area_id": "E08000029",
        "coverage_area_name": "Solihull",
        "coverage_area_identifier_scheme": "ONS_GSS_LTLA",
        "boundary_vintage": "2014-2025 topology; active 2025",
        "source_area_record": true,
        "accepted_parcel_record": false,
        "spatial_binding_method": "OFFICIAL_POLYGON_AND_EXACT_IDENTIFIER",
        "source_window_record_index": 42,
        "source_url": "https://raw.githubusercontent.com/ONSdigital/uk-topojson/aa84341201698f59b26998ca39d2b578df4b6d78/output/topo.json",
        "final_url": "https://raw.githubusercontent.com/ONSdigital/uk-topojson/aa84341201698f59b26998ca39d2b578df4b6d78/output/topo.json",
        "source_access_utc": "2026-10-01T21:28:00Z",
        "source_blob_sha": "668461dddd006aa7e8e176896a7bdcbe5f5e32b5",
        "source_file_sha256": "9feaf90628fee8cf713821801c17fff47691cfa03b60262d4b68e355c485f23d",
        "field_evidence": {
          "areacd": "E08000029",
          "areanm": "Solihull",
          "start": 2014,
          "end": null,
          "geometry_type": "Polygon"
        },
        "evidence_slice_sha256": "4e5a8bdd7aec3c16c579eb8638351bf2c24916c89cfad3288655f482dfcbb3c0",
        "confidence_score_0_100": 96,
        "evidence_grade": "A",
        "licence": "ONS Geography licensing terms / Open Government Licence v3.0",
        "licence_evidence_url": "https://www.ons.gov.uk/methodology/geography/licences",
        "fake_data": false,
        "local_spatial_join_status": "DEFERRED_TO_LOCAL_OPENCODE"
      }
    },
    {
      "type": "Feature",
      "id": "E08000030",
      "geometry": {
        "type": "Polygon",
        "coordinates": [
          [
            [
              -1.9866236174121177,
              52.64036085032631
            ],
            [
              -1.9640216579921503,
              52.64179353742801
            ],
            [
              -1.9602546647554897,
              52.64432180878394
            ],
            [
              -1.9605444334660023,
              52.653676412800905
            ],
            [
              -1.9550388279662663,
              52.65409779136023
            ],
            [
              -1.9599648960449771,
              52.662019708275494
            ],
            [
              -1.9546041749004974,
              52.66260963825855
            ],
            [
              -1.9453315761641008,
              52.65628895986871
            ],
            [
              -1.933451059033093,
              52.661514054004314
            ],
            [
              -1.9237438072309274,
              52.65553047846193
            ],
            [
              -1.9127325962314563,
              52.658227301241595
            ],
            [
              -1.9086758342842822,
              52.654013515648366
            ],
            [
              -1.9179484330206789,
              52.64988400576701
            ],
            [
              -1.905053725402877,
              52.643226224529705
            ],
            [
              -1.916064936402348,
              52.63530430761444
            ],
            [
              -1.8943322831139184,
              52.622578675122895
            ],
            [
              -1.8850596843775218,
              52.612718416834745
            ],
            [
              -1.8904204055220015,
              52.598307270105906
            ],
            [
              -1.8725996298254888,
              52.58490743191945
            ],
            [
              -1.8798438475882984,
              52.56881077095332
            ],
            [
              -1.8915794803640509,
              52.562405816851616
            ],
            [
              -1.8933180926271254,
              52.56131023259738
            ],
            [
              -1.8998378886136544,
              52.55498955420754
            ],
            [
              -1.9182382017311914,
              52.54732046442786
            ],
            [
              -1.9331612903225803,
              52.55380969424143
            ],
            [
              -1.9325817529015552,
              52.55928761551263
            ],
            [
              -1.9422890047037207,
              52.56072030261433
            ],
            [
              -1.9511269503743485,
              52.55675934415669
            ],
            [
              -1.9541695218347295,
              52.56223726542789
            ],
            [
              -1.966919345097275,
              52.56257436827534
            ],
            [
              -1.9751777533468777,
              52.55591658703805
            ],
            [
              -1.9998080937404321,
              52.56518691534315
            ],
            [
              -2.0109641890951595,
              52.56897932237705
            ],
            [
              -2.0270463525285978,
              52.56459698536009
            ],
            [
              -2.0254526246207796,
              52.56232154113975
            ],
            [
              -2.048489237106515,
              52.55170280144482
            ],
            [
              -2.0509522711458708,
              52.55271410998719
            ],
            [
              -2.061963482145342,
              52.558192031258386
            ],
            [
              -2.055443686158813,
              52.56097312974992
            ],
            [
              -2.058051604553424,
              52.564175606800774
            ],
            [
              -2.0509522711458708,
              52.57243462656349
            ],
            [
              -2.057037414066631,
              52.57369876224146
            ],
            [
              -2.0563129922903496,
              52.57690123929232
            ],
            [
              -2.0658753597372588,
              52.581536403444865
            ],
            [
              -2.0777558768682676,
              52.58608729188555
            ],
            [
              -2.0628327882768787,
              52.597717340122855
            ],
            [
              -2.057037414066631,
              52.598307270105906
            ],
            [
              -2.0524011146984327,
              52.604880775631344
            ],
            [
              -2.048054584040747,
              52.61600516959746
            ],
            [
              -2.0528357677642015,
              52.61726930527543
            ],
            [
              -2.050662502435358,
              52.620471782326284
            ],
            [
              -2.030088923988978,
              52.61693220242797
            ],
            [
              -2.0354496451334567,
              52.62182019371611
            ],
            [
              -2.0099499986083655,
              52.63463010191953
            ],
            [
              -1.995751331793258,
              52.63833823324156
            ],
            [
              -1.9909701480698034,
              52.63673699471614
            ],
            [
              -1.9866236174121177,
              52.64036085032631
            ]
          ]
        ]
      },
      "properties": {
        "slot_id": "gas_emissions_6",
        "lineage_id": "LOCAL-NEW-92271296-1318-4c0c-a293-d0d4ebc2d06b",
        "page_generation": 1,
        "semantic_mode": "AREA_JOIN",
        "partition": {
          "start": 76904,
          "end": 92283,
          "count": 15380
        },
        "evidence_scope": "coverage_area",
        "coverage_area_id": "E08000030",
        "coverage_area_name": "Walsall",
        "coverage_area_identifier_scheme": "ONS_GSS_LTLA",
        "boundary_vintage": "2014-2025 topology; active 2025",
        "source_area_record": true,
        "accepted_parcel_record": false,
        "spatial_binding_method": "OFFICIAL_POLYGON_AND_EXACT_IDENTIFIER",
        "source_window_record_index": 43,
        "source_url": "https://raw.githubusercontent.com/ONSdigital/uk-topojson/aa84341201698f59b26998ca39d2b578df4b6d78/output/topo.json",
        "final_url": "https://raw.githubusercontent.com/ONSdigital/uk-topojson/aa84341201698f59b26998ca39d2b578df4b6d78/output/topo.json",
        "source_access_utc": "2026-10-01T21:28:00Z",
        "source_blob_sha": "668461dddd006aa7e8e176896a7bdcbe5f5e32b5",
        "source_file_sha256": "9feaf90628fee8cf713821801c17fff47691cfa03b60262d4b68e355c485f23d",
        "field_evidence": {
          "areacd": "E08000030",
          "areanm": "Walsall",
          "start": 2014,
          "end": null,
          "geometry_type": "Polygon"
        },
        "evidence_slice_sha256": "4e5a8bdd7aec3c16c579eb8638351bf2c24916c89cfad3288655f482dfcbb3c0",
        "confidence_score_0_100": 96,
        "evidence_grade": "A",
        "licence": "ONS Geography licensing terms / Open Government Licence v3.0",
        "licence_evidence_url": "https://www.ons.gov.uk/methodology/geography/licences",
        "fake_data": false,
        "local_spatial_join_status": "DEFERRED_TO_LOCAL_OPENCODE"
      }
    },
    {
      "type": "Feature",
      "id": "E08000031",
      "geometry": {
        "type": "Polygon",
        "coordinates": [
          [
            [
              -2.1335363536419045,
              52.55406252137703
            ],
            [
              -2.1410703401152267,
              52.55852913410585
            ],
            [
              -2.1530957416014918,
              52.55372541852957
            ],
            [
              -2.173089782626847,
              52.554568175648214
            ],
            [
              -2.1829419187842687,
              52.57690123929232
            ],
            [
              -2.1883026399287475,
              52.57420441651265
            ],
            [
              -2.1894617147707978,
              52.577322617851635
            ],
            [
              -2.2017768849675745,
              52.5788395806652
            ],
            [
              -2.203950150296418,
              52.58381184766521
            ],
            [
              -2.1998933883492438,
              52.58381184766521
            ],
            [
              -2.2068478374015417,
              52.586592946156735
            ],
            [
              -2.1981547760861693,
              52.58920549322454
            ],
            [
              -2.1893168304155415,
              52.58861556324149
            ],
            [
              -2.18859240863926,
              52.592070867427935
            ],
            [
              -2.1898963678365657,
              52.59931857864828
            ],
            [
              -2.1952570889810454,
              52.60707194413982
            ],
            [
              -2.187143565086698,
              52.6090102855127
            ],
            [
              -2.1803340003896565,
              52.604880775631344
            ],
            [
              -2.172510245205822,
              52.610274421190674
            ],
            [
              -2.169177905034929,
              52.6092631126483
            ],
            [
              -2.17106140165326,
              52.61431965536017
            ],
            [
              -2.1649762587324997,
              52.61651082386865
            ],
            [
              -2.1684534832586486,
              52.61988185234323
            ],
            [
              -2.161643918561607,
              52.61912337093645
            ],
            [
              -2.1628029934036563,
              52.62123026373306
            ],
            [
              -2.151646898048929,
              52.62460129220764
            ],
            [
              -2.1529508572462355,
              52.62974211063138
            ],
            [
              -2.1371584625233098,
              52.62957355920765
            ],
            [
              -2.1339710067076734,
              52.63353451766528
            ],
            [
              -2.1316528570235738,
              52.637579751834785
            ],
            [
              -2.118323496340003,
              52.63766402754665
            ],
            [
              -2.099343645801441,
              52.63269176054664
            ],
            [
              -2.0987641083804167,
              52.6289836292246
            ],
            [
              -2.094852230788499,
              52.620724609461874
            ],
            [
              -2.08833243480197,
              52.61979757663136
            ],
            [
              -2.080943332683904,
              52.6118756597161
            ],
            [
              -2.0673242032898207,
              52.612128486851695
            ],
            [
              -2.068628162487127,
              52.618112062394076
            ],
            [
              -2.063991863118929,
              52.620724609461874
            ],
            [
              -2.050662502435358,
              52.620471782326284
            ],
            [
              -2.0528357677642015,
              52.61726930527543
            ],
            [
              -2.048054584040747,
              52.61600516959746
            ],
            [
              -2.0524011146984327,
              52.604880775631344
            ],
            [
              -2.057037414066631,
              52.598307270105906
            ],
            [
              -2.0628327882768787,
              52.597717340122855
            ],
            [
              -2.0777558768682676,
              52.58608729188555
            ],
            [
              -2.0658753597372588,
              52.581536403444865
            ],
            [
              -2.0563129922903496,
              52.57690123929232
            ],
            [
              -2.057037414066631,
              52.57369876224146
            ],
            [
              -2.0509522711458708,
              52.57243462656349
            ],
            [
              -2.058051604553424,
              52.564175606800774
            ],
            [
              -2.055443686158813,
              52.56097312974992
            ],
            [
              -2.061963482145342,
              52.558192031258386
            ],
            [
              -2.0509522711458708,
              52.55271410998719
            ],
            [
              -2.061528829079573,
              52.54689908586854
            ],
            [
              -2.0738439992763498,
              52.54993301149566
            ],
            [
              -2.07804564557878,
              52.55692789558042
            ],
            [
              -2.0822472918812096,
              52.5524612828516
            ],
            [
              -2.0890568565782512,
              52.55153425002109
            ],
            [
              -2.0920994280386314,
              52.547994670122776
            ],
            [
              -2.107746938406301,
              52.544117987377014
            ],
            [
              -2.1215109521556395,
              52.55675934415669
            ],
            [
              -2.1275960950764006,
              52.558192031258386
            ],
            [
              -2.1284654012079374,
              52.55380969424143
            ],
            [
              -2.1335363536419045,
              52.55406252137703
            ]
          ]
        ]
      },
      "properties": {
        "slot_id": "gas_emissions_6",
        "lineage_id": "LOCAL-NEW-92271296-1318-4c0c-a293-d0d4ebc2d06b",
        "page_generation": 1,
        "semantic_mode": "AREA_JOIN",
        "partition": {
          "start": 76904,
          "end": 92283,
          "count": 15380
        },
        "evidence_scope": "coverage_area",
        "coverage_area_id": "E08000031",
        "coverage_area_name": "Wolverhampton",
        "coverage_area_identifier_scheme": "ONS_GSS_LTLA",
        "boundary_vintage": "2014-2025 topology; active 2025",
        "source_area_record": true,
        "accepted_parcel_record": false,
        "spatial_binding_method": "OFFICIAL_POLYGON_AND_EXACT_IDENTIFIER",
        "source_window_record_index": 44,
        "source_url": "https://raw.githubusercontent.com/ONSdigital/uk-topojson/aa84341201698f59b26998ca39d2b578df4b6d78/output/topo.json",
        "final_url": "https://raw.githubusercontent.com/ONSdigital/uk-topojson/aa84341201698f59b26998ca39d2b578df4b6d78/output/topo.json",
        "source_access_utc": "2026-10-01T21:28:00Z",
        "source_blob_sha": "668461dddd006aa7e8e176896a7bdcbe5f5e32b5",
        "source_file_sha256": "9feaf90628fee8cf713821801c17fff47691cfa03b60262d4b68e355c485f23d",
        "field_evidence": {
          "areacd": "E08000031",
          "areanm": "Wolverhampton",
          "start": 2014,
          "end": null,
          "geometry_type": "Polygon"
        },
        "evidence_slice_sha256": "4e5a8bdd7aec3c16c579eb8638351bf2c24916c89cfad3288655f482dfcbb3c0",
        "confidence_score_0_100": 96,
        "evidence_grade": "A",
        "licence": "ONS Geography licensing terms / Open Government Licence v3.0",
        "licence_evidence_url": "https://www.ons.gov.uk/methodology/geography/licences",
        "fake_data": false,
        "local_spatial_join_status": "DEFERRED_TO_LOCAL_OPENCODE"
      }
    },
    {
      "type": "Feature",
      "id": "E08000032",
      "geometry": {
        "type": "Polygon",
        "coordinates": [
          [
            [
              -2.0612390603690605,
              53.825614461989154
            ],
            [
              -2.0468955091986967,
              53.829491144734924
            ],
            [
              -2.046171087422416,
              53.850138694141734
            ],
            [
              -2.031682651896796,
              53.85856626532819
            ],
            [
              -2.0215407470288618,
              53.871460449243465
            ],
            [
              -2.013572107489771,
              53.86969065929431
            ],
            [
              -1.9995183250299196,
              53.87213465493838
            ],
            [
              -1.9876378078989116,
              53.86766804220956
            ],
            [
              -1.9770612499652085,
              53.87550568341296
            ],
            [
              -1.9770612499652085,
              53.875589959124824
            ],
            [
              -1.9806833588466137,
              53.89699598993842
            ],
            [
              -1.9792345152940518,
              53.90120977553165
            ],
            [
              -1.9696721478471426,
              53.90340094404012
            ],
            [
              -1.9525757939269113,
              53.903485219751985
            ],
            [
              -1.9531553313479355,
              53.91165996380285
            ],
            [
              -1.9769163656099522,
              53.92640821337914
            ],
            [
              -1.971845413175985,
              53.93003206898932
            ],
            [
              -1.965905154610481,
              53.9279251761927
            ],
            [
              -1.9679335355840681,
              53.93180185893847
            ],
            [
              -1.9631523518606135,
              53.9334030974639
            ],
            [
              -1.9705414539786794,
              53.94326335575205
            ],
            [
              -1.9622830457290759,
              53.94317908004019
            ],
            [
              -1.9650358484789443,
              53.94823562275206
            ],
            [
              -1.9661949233209937,
              53.95152237551478
            ],
            [
              -1.9493883381112749,
              53.95303933832834
            ],
            [
              -1.9506922973085805,
              53.95666319393851
            ],
            [
              -1.927945453533357,
              53.95042679126053
            ],
            [
              -1.9227296167441335,
              53.95556760968427
            ],
            [
              -1.9063576846001835,
              53.95843298388767
            ],
            [
              -1.8930283239166128,
              53.95539905826055
            ],
            [
              -1.882161997272398,
              53.963068148040215
            ],
            [
              -1.878684772746249,
              53.9623939423453
            ],
            [
              -1.8788296571015053,
              53.9543034740063
            ],
            [
              -1.8740484733780507,
              53.94511742141307
            ],
            [
              -1.862167956247042,
              53.94056653297238
            ],
            [
              -1.8595600378524306,
              53.93247606463339
            ],
            [
              -1.8362336566561828,
              53.93138048037915
            ],
            [
              -1.8486937112082158,
              53.9360156445317
            ],
            [
              -1.8476795207214218,
              53.94081936010798
            ],
            [
              -1.8301485137354216,
              53.94039798154866
            ],
            [
              -1.8301485137354216,
              53.93803826161645
            ],
            [
              -1.8050835202760993,
              53.93896529444696
            ],
            [
              -1.8029102549472569,
              53.93593136881984
            ],
            [
              -1.7975495338027772,
              53.93652129880289
            ],
            [
              -1.797984186868546,
              53.92969496614186
            ],
            [
              -1.7823366765008766,
              53.9293578632944
            ],
            [
              -1.777555492777422,
              53.92286863348083
            ],
            [
              -1.7723396559881985,
              53.92093029210795
            ],
            [
              -1.7653852069359006,
              53.92472269914185
            ],
            [
              -1.7555330707784789,
              53.92101456781981
            ],
            [
              -1.7455360502658017,
              53.92303718490456
            ],
            [
              -1.742203710094909,
              53.914609613718106
            ],
            [
              -1.7271357371482638,
              53.91022727670115
            ],
            [
              -1.7320618052269747,
              53.89590040568418
            ],
            [
              -1.717283600990842,
              53.89227655007401
            ],
            [
              -1.726701084082496,
              53.888231315904505
            ],
            [
              -1.7253971248851894,
              53.88570304454857
            ],
            [
              -1.7564023769100165,
              53.8846917360062
            ],
            [
              -1.7672687035542314,
              53.89016965727739
            ],
            [
              -1.7794389893957518,
              53.891180965819764
            ],
            [
              -1.7766861866458843,
              53.89379351288757
            ],
            [
              -1.7875525132900991,
              53.896911714226555
            ],
            [
              -1.7949416154081659,
              53.89463627000621
            ],
            [
              -1.800447220907901,
              53.88604014739603
            ],
            [
              -1.7947967310529096,
              53.88047795041297
            ],
            [
              -1.7787145676194713,
              53.87862388475195
            ],
            [
              -1.7782799145537025,
              53.871797552090925
            ],
            [
              -1.7610386762782149,
              53.86379135946379
            ],
            [
              -1.753649574160149,
              53.86749949078583
            ],
            [
              -1.7443769754237515,
              53.86556114941295
            ],
            [
              -1.7464053563973385,
              53.863369980904466
            ],
            [
              -1.715255220017256,
              53.86623535510786
            ],
            [
              -1.710329151938545,
              53.8635385323282
            ],
            [
              -1.7020707436889415,
              53.85780778392141
            ],
            [
              -1.6951162946366436,
              53.85747068107395
            ],
            [
              -1.6939572197945942,
              53.85131855410784
            ],
            [
              -1.7036644715967597,
              53.84230105293833
            ],
            [
              -1.7030849341757346,
              53.83631747739595
            ],
            [
              -1.706272389991371,
              53.829238317599334
            ],
            [
              -1.7080110022544455,
              53.809770628158624
            ],
            [
              -1.7065621587018835,
              53.8041241554637
            ],
            [
              -1.70134632191266,
              53.80218581409082
            ],
            [
              -1.7098944988727762,
              53.79291548578572
            ],
            [
              -1.7110535737148256,
              53.791567074395886
            ],
            [
              -1.7071416961229087,
              53.78802749449758
            ],
            [
              -1.7120677642016195,
              53.78313950320943
            ],
            [
              -1.682366471374098,
              53.786426255972145
            ],
            [
              -1.6742529474797507,
              53.78002130187044
            ],
            [
              -1.6406397770603132,
              53.78002130187044
            ],
            [
              -1.6406397770603132,
              53.7737006234806
            ],
            [
              -1.6516509880597843,
              53.767295669378896
            ],
            [
              -1.662951967769768,
              53.766705739395846
            ],
            [
              -1.6816420495978175,
              53.756508378260236
            ],
            [
              -1.7049684307940653,
              53.76476739802296
            ],
            [
              -1.722209669069553,
              53.75878382248058
            ],
            [
              -1.7294538868323635,
              53.75128328412463
            ],
            [
              -1.736263451529405,
              53.747238049955136
            ],
            [
              -1.7472746625288762,
              53.74673239568395
            ],
            [
              -1.7459707033315697,
              53.73451241746359
            ],
            [
              -1.7608937919229586,
              53.734596693175455
            ],
            [
              -1.7701663906593552,
              53.726169121989
            ],
            [
              -1.7736436151855042,
              53.72431505632798
            ],
            [
              -1.7794389893957518,
              53.72962442617545
            ],
            [
              -1.7792941050404956,
              53.73712496453139
            ],
            [
              -1.786538322803306,
              53.74218150724327
            ],
            [
              -1.79247858136881,
              53.74487833002293
            ],
            [
              -1.7946518466976533,
              53.75296879836193
            ],
            [
              -1.8011716426841824,
              53.75490713973481
            ],
            [
              -1.8088505135127608,
              53.763924640904314
            ],
            [
              -1.827830364051323,
              53.763671813768724
            ],
            [
              -1.8401455342480997,
              53.755581345429725
            ],
            [
              -1.8526055888001327,
              53.75263169551447
            ],
            [
              -1.8555032759052574,
              53.748333634209374
            ],
            [
              -1.8556481602605128,
              53.750777629853445
            ],
            [
              -1.8656451807731909,
              53.75237886837888
            ],
            [
              -1.872744514180745,
              53.75490713973481
            ],
            [
              -1.8694121740098524,
              53.75971085531109
            ],
            [
              -1.8733240516017693,
              53.77858861476874
            ],
            [
              -1.895636242311224,
              53.78086405898909
            ],
            [
              -1.9146160928497862,
              53.781622540395865
            ],
            [
              -1.9269312630465638,
              53.78752184022639
            ],
            [
              -1.9506922973085805,
              53.78600487741282
            ],
            [
              -1.9596751273344646,
              53.784319363175534
            ],
            [
              -1.98082824320187,
              53.78634198026028
            ],
            [
              -1.986768501767374,
              53.79611796283657
            ],
            [
              -2.009660229897854,
              53.807073805378955
            ],
            [
              -2.03153776754154,
              53.80909642246371
            ],
            [
              -2.0368984886860195,
              53.81449006802304
            ],
            [
              -2.0612390603690605,
              53.825614461989154
            ]
          ]
        ]
      },
      "properties": {
        "slot_id": "gas_emissions_6",
        "lineage_id": "LOCAL-NEW-92271296-1318-4c0c-a293-d0d4ebc2d06b",
        "page_generation": 1,
        "semantic_mode": "AREA_JOIN",
        "partition": {
          "start": 76904,
          "end": 92283,
          "count": 15380
        },
        "evidence_scope": "coverage_area",
        "coverage_area_id": "E08000032",
        "coverage_area_name": "Bradford",
        "coverage_area_identifier_scheme": "ONS_GSS_LTLA",
        "boundary_vintage": "2014-2025 topology; active 2025",
        "source_area_record": true,
        "accepted_parcel_record": false,
        "spatial_binding_method": "OFFICIAL_POLYGON_AND_EXACT_IDENTIFIER",
        "source_window_record_index": 45,
        "source_url": "https://raw.githubusercontent.com/ONSdigital/uk-topojson/aa84341201698f59b26998ca39d2b578df4b6d78/output/topo.json",
        "final_url": "https://raw.githubusercontent.com/ONSdigital/uk-topojson/aa84341201698f59b26998ca39d2b578df4b6d78/output/topo.json",
        "source_access_utc": "2026-10-01T21:28:00Z",
        "source_blob_sha": "668461dddd006aa7e8e176896a7bdcbe5f5e32b5",
        "source_file_sha256": "9feaf90628fee8cf713821801c17fff47691cfa03b60262d4b68e355c485f23d",
        "field_evidence": {
          "areacd": "E08000032",
          "areanm": "Bradford",
          "start": 2014,
          "end": null,
          "geometry_type": "Polygon"
        },
        "evidence_slice_sha256": "4e5a8bdd7aec3c16c579eb8638351bf2c24916c89cfad3288655f482dfcbb3c0",
        "confidence_score_0_100": 96,
        "evidence_grade": "A",
        "licence": "ONS Geography licensing terms / Open Government Licence v3.0",
        "licence_evidence_url": "https://www.ons.gov.uk/methodology/geography/licences",
        "fake_data": false,
        "local_spatial_join_status": "DEFERRED_TO_LOCAL_OPENCODE"
      }
    },
    {
      "type": "Feature",
      "id": "E08000033",
      "geometry": {
        "type": "Polygon",
        "coordinates": [
          [
            [
              -2.026756583818085,
              53.624195510632916
            ],
            [
              -2.0309582301205147,
              53.62916777763292
            ],
            [
              -2.0299440396337216,
              53.63616266171768
            ],
            [
              -2.041534788054218,
              53.64248334010752
            ],
            [
              -2.0357394138439693,
              53.65933848248043
            ],
            [
              -2.0528357677642015,
              53.670294325022816
            ],
            [
              -2.0548641487377877,
              53.67560369487028
            ],
            [
              -2.050662502435358,
              53.67948037761605
            ],
            [
              -2.0512420398563833,
              53.683694163209275
            ],
            [
              -2.0567476453561184,
              53.68301995751436
            ],
            [
              -2.073409346210582,
              53.67754203624317
            ],
            [
              -2.0832614823680027,
              53.67813196622622
            ],
            [
              -2.087028475604664,
              53.670799979294
            ],
            [
              -2.1141218500375736,
              53.67113708214146
            ],
            [
              -2.1254228297475573,
              53.674760937751635
            ],
            [
              -2.1341158910629288,
              53.68571678029403
            ],
            [
              -2.142229414957276,
              53.67796341480249
            ],
            [
              -2.14628617690445,
              53.682177200395714
            ],
            [
              -2.145271986417656,
              53.69229028581946
            ],
            [
              -2.162658109048401,
              53.69920089419235
            ],
            [
              -2.1658455648640365,
              53.71083094242966
            ],
            [
              -2.173234666982103,
              53.722966644938154
            ],
            [
              -2.156138313061872,
              53.735270898870375
            ],
            [
              -2.1490389796543177,
              53.73392248748054
            ],
            [
              -2.1454168707729124,
              53.73602938027715
            ],
            [
              -2.141649877536252,
              53.745721087141575
            ],
            [
              -2.1333914692866482,
              53.74968204559921
            ],
            [
              -2.1294795916947304,
              53.75457003688735
            ],
            [
              -2.130204013471012,
              53.77032959500602
            ],
            [
              -2.1364340407470284,
              53.780105577582304
            ],
            [
              -2.124843292326532,
              53.78802749449758
            ],
            [
              -2.1294795916947304,
              53.79232555580266
            ],
            [
              -2.1284654012079374,
              53.798983337039964
            ],
            [
              -2.112238353419243,
              53.80572539398913
            ],
            [
              -2.0612390603690605,
              53.825614461989154
            ],
            [
              -2.0368984886860195,
              53.81449006802304
            ],
            [
              -2.03153776754154,
              53.80909642246371
            ],
            [
              -2.009660229897854,
              53.807073805378955
            ],
            [
              -1.986768501767374,
              53.79611796283657
            ],
            [
              -1.98082824320187,
              53.78634198026028
            ],
            [
              -1.9596751273344646,
              53.784319363175534
            ],
            [
              -1.9506922973085805,
              53.78600487741282
            ],
            [
              -1.9269312630465638,
              53.78752184022639
            ],
            [
              -1.9146160928497862,
              53.781622540395865
            ],
            [
              -1.895636242311224,
              53.78086405898909
            ],
            [
              -1.8733240516017693,
              53.77858861476874
            ],
            [
              -1.8694121740098524,
              53.75971085531109
            ],
            [
              -1.872744514180745,
              53.75490713973481
            ],
            [
              -1.8656451807731909,
              53.75237886837888
            ],
            [
              -1.8556481602605128,
              53.750777629853445
            ],
            [
              -1.8555032759052574,
              53.748333634209374
            ],
            [
              -1.8526055888001327,
              53.75263169551447
            ],
            [
              -1.8401455342480997,
              53.755581345429725
            ],
            [
              -1.827830364051323,
              53.763671813768724
            ],
            [
              -1.8088505135127608,
              53.763924640904314
            ],
            [
              -1.8011716426841824,
              53.75490713973481
            ],
            [
              -1.7946518466976533,
              53.75296879836193
            ],
            [
              -1.79247858136881,
              53.74487833002293
            ],
            [
              -1.786538322803306,
              53.74218150724327
            ],
            [
              -1.7792941050404956,
              53.73712496453139
            ],
            [
              -1.7794389893957518,
              53.72962442617545
            ],
            [
              -1.7736436151855042,
              53.72431505632798
            ],
            [
              -1.7701663906593552,
              53.726169121989
            ],
            [
              -1.753649574160149,
              53.72583201914154
            ],
            [
              -1.7553881864232226,
              53.72069120071781
            ],
            [
              -1.7445218597790078,
              53.715803209429666
            ],
            [
              -1.7368429889504293,
              53.71411769519237
            ],
            [
              -1.7394509073450415,
              53.69936944561608
            ],
            [
              -1.733220880069024,
              53.694818557175395
            ],
            [
              -1.732206689582231,
              53.684621196039785
            ],
            [
              -1.7271357371482638,
              53.682767130378764
            ],
            [
              -1.7313373834506942,
              53.68032313473469
            ],
            [
              -1.7462604720420822,
              53.694481454327935
            ],
            [
              -1.7597347170809092,
              53.692711664378784
            ],
            [
              -1.780018526816777,
              53.68360988749741
            ],
            [
              -1.7952313841186776,
              53.681334443277066
            ],
            [
              -1.8121828536836535,
              53.67762631195503
            ],
            [
              -1.8188475340254389,
              53.672906872090614
            ],
            [
              -1.8355092348799014,
              53.669030189344845
            ],
            [
              -1.8536197792869267,
              53.67248549353129
            ],
            [
              -1.8436227587742486,
              53.666080539429586
            ],
            [
              -1.8634719154443484,
              53.66110827242958
            ],
            [
              -1.8750626638648438,
              53.65807434680246
            ],
            [
              -1.8978095076400674,
              53.64459023290413
            ],
            [
              -1.9341754808093734,
              53.64829836422617
            ],
            [
              -1.9412748142169276,
              53.64079782587023
            ],
            [
              -1.9631523518606135,
              53.63270735753123
            ],
            [
              -1.9727147193075227,
              53.62579674915834
            ],
            [
              -1.9795242840045644,
              53.62301565066681
            ],
            [
              -2.0044443931086304,
              53.62242572068376
            ],
            [
              -2.0095153455425976,
              53.61677924798884
            ],
            [
              -2.0229895905814237,
              53.61576793944646
            ],
            [
              -2.026756583818085,
              53.624195510632916
            ]
          ]
        ]
      },
      "properties": {
        "slot_id": "gas_emissions_6",
        "lineage_id": "LOCAL-NEW-92271296-1318-4c0c-a293-d0d4ebc2d06b",
        "page_generation": 1,
        "semantic_mode": "AREA_JOIN",
        "partition": {
          "start": 76904,
          "end": 92283,
          "count": 15380
        },
        "evidence_scope": "coverage_area",
        "coverage_area_id": "E08000033",
        "coverage_area_name": "Calderdale",
        "coverage_area_identifier_scheme": "ONS_GSS_LTLA",
        "boundary_vintage": "2014-2025 topology; active 2025",
        "source_area_record": true,
        "accepted_parcel_record": false,
        "spatial_binding_method": "OFFICIAL_POLYGON_AND_EXACT_IDENTIFIER",
        "source_window_record_index": 46,
        "source_url": "https://raw.githubusercontent.com/ONSdigital/uk-topojson/aa84341201698f59b26998ca39d2b578df4b6d78/output/topo.json",
        "final_url": "https://raw.githubusercontent.com/ONSdigital/uk-topojson/aa84341201698f59b26998ca39d2b578df4b6d78/output/topo.json",
        "source_access_utc": "2026-10-01T21:28:00Z",
        "source_blob_sha": "668461dddd006aa7e8e176896a7bdcbe5f5e32b5",
        "source_file_sha256": "9feaf90628fee8cf713821801c17fff47691cfa03b60262d4b68e355c485f23d",
        "field_evidence": {
          "areacd": "E08000033",
          "areanm": "Calderdale",
          "start": 2014,
          "end": null,
          "geometry_type": "Polygon"
        },
        "evidence_slice_sha256": "4e5a8bdd7aec3c16c579eb8638351bf2c24916c89cfad3288655f482dfcbb3c0",
        "confidence_score_0_100": 96,
        "evidence_grade": "A",
        "licence": "ONS Geography licensing terms / Open Government Licence v3.0",
        "licence_evidence_url": "https://www.ons.gov.uk/methodology/geography/licences",
        "fake_data": false,
        "local_spatial_join_status": "DEFERRED_TO_LOCAL_OPENCODE"
      }
    },
    {
      "type": "Feature",
      "id": "E08000034",
      "geometry": {
        "type": "Polygon",
        "coordinates": [
          [
            [
              -1.90954514041582,
              53.53840283595481
            ],
            [
              -1.9128774805867117,
              53.551634122717545
            ],
            [
              -1.9257721882045136,
              53.553235361242976
            ],
            [
              -1.927510800467588,
              53.55458377263281
            ],
            [
              -1.9427236577694895,
              53.561578656717565
            ],
            [
              -1.9480843789139684,
              53.57278732639555
            ],
            [
              -1.9815526649781505,
              53.58930536592099
            ],
            [
              -2.0095153455425976,
              53.61677924798884
            ],
            [
              -2.0044443931086304,
              53.62242572068376
            ],
            [
              -1.9795242840045644,
              53.62301565066681
            ],
            [
              -1.9727147193075227,
              53.62579674915834
            ],
            [
              -1.9631523518606135,
              53.63270735753123
            ],
            [
              -1.9412748142169276,
              53.64079782587023
            ],
            [
              -1.9341754808093734,
              53.64829836422617
            ],
            [
              -1.8978095076400674,
              53.64459023290413
            ],
            [
              -1.8750626638648438,
              53.65807434680246
            ],
            [
              -1.8634719154443484,
              53.66110827242958
            ],
            [
              -1.8436227587742486,
              53.666080539429586
            ],
            [
              -1.8536197792869267,
              53.67248549353129
            ],
            [
              -1.8355092348799014,
              53.669030189344845
            ],
            [
              -1.8188475340254389,
              53.672906872090614
            ],
            [
              -1.8121828536836535,
              53.67762631195503
            ],
            [
              -1.7952313841186776,
              53.681334443277066
            ],
            [
              -1.780018526816777,
              53.68360988749741
            ],
            [
              -1.7597347170809092,
              53.692711664378784
            ],
            [
              -1.7462604720420822,
              53.694481454327935
            ],
            [
              -1.7313373834506942,
              53.68032313473469
            ],
            [
              -1.7271357371482638,
              53.682767130378764
            ],
            [
              -1.732206689582231,
              53.684621196039785
            ],
            [
              -1.733220880069024,
              53.694818557175395
            ],
            [
              -1.7394509073450415,
              53.69936944561608
            ],
            [
              -1.7368429889504293,
              53.71411769519237
            ],
            [
              -1.7445218597790078,
              53.715803209429666
            ],
            [
              -1.7553881864232226,
              53.72069120071781
            ],
            [
              -1.753649574160149,
              53.72583201914154
            ],
            [
              -1.7701663906593552,
              53.726169121989
            ],
            [
              -1.7608937919229586,
              53.734596693175455
            ],
            [
              -1.7459707033315697,
              53.73451241746359
            ],
            [
              -1.7472746625288762,
              53.74673239568395
            ],
            [
              -1.736263451529405,
              53.747238049955136
            ],
            [
              -1.7294538868323635,
              53.75128328412463
            ],
            [
              -1.722209669069553,
              53.75878382248058
            ],
            [
              -1.7049684307940653,
              53.76476739802296
            ],
            [
              -1.6816420495978175,
              53.756508378260236
            ],
            [
              -1.658460552756825,
              53.745383984294115
            ],
            [
              -1.6386113960867261,
              53.746058189989036
            ],
            [
              -1.6322364844554533,
              53.730804286141556
            ],
            [
              -1.6233985387848247,
              53.71850003220933
            ],
            [
              -1.6054328787330565,
              53.721196854988996
            ],
            [
              -1.5821064975368078,
              53.71386486805678
            ],
            [
              -1.5710952865373367,
              53.70636432970084
            ],
            [
              -1.5841348785103948,
              53.70307757693812
            ],
            [
              -1.5983335453255023,
              53.6997908241754
            ],
            [
              -1.6025351916279327,
              53.6922060101076
            ],
            [
              -1.592248402404742,
              53.691531804412676
            ],
            [
              -1.5919586336942295,
              53.6893406359042
            ],
            [
              -1.6049982256672877,
              53.67939610190419
            ],
            [
              -1.615140130535222,
              53.67762631195503
            ],
            [
              -1.614125940048428,
              53.673833904921125
            ],
            [
              -1.5909444432074364,
              53.66051834244653
            ],
            [
              -1.624122960561106,
              53.654113388344825
            ],
            [
              -1.6191968924823952,
              53.64627574714142
            ],
            [
              -1.6232536544295693,
              53.63810100309056
            ],
            [
              -1.6171685115088081,
              53.63767962453124
            ],
            [
              -1.6120975590748419,
              53.63270735753123
            ],
            [
              -1.6157196679562462,
              53.630179086175296
            ],
            [
              -1.6103589468117674,
              53.627987917666815
            ],
            [
              -1.6145605931141969,
              53.6258810248702
            ],
            [
              -1.6074612597066427,
              53.61956034648036
            ],
            [
              -1.5919586336942295,
              53.61467235519222
            ],
            [
              -1.5864530281944944,
              53.60717181683628
            ],
            [
              -1.5910893275626927,
              53.60683471398882
            ],
            [
              -1.5851490689971879,
              53.60051403559898
            ],
            [
              -1.5880467561023126,
              53.59351915151422
            ],
            [
              -1.601665885496395,
              53.58770412739557
            ],
            [
              -1.6003619262990894,
              53.57733821483623
            ],
            [
              -1.5961602799966599,
              53.57700111198877
            ],
            [
              -1.609634525035486,
              53.572028844988765
            ],
            [
              -1.61557478360099,
              53.56301134381926
            ],
            [
              -1.6193417768376515,
              53.563095619531126
            ],
            [
              -1.6565770561384952,
              53.56048307246333
            ],
            [
              -1.663966158256561,
              53.55753342254806
            ],
            [
              -1.661937777282974,
              53.55374101551416
            ],
            [
              -1.6694717637562961,
              53.553235361242976
            ],
            [
              -1.6990281722285614,
              53.553825291226026
            ],
            [
              -1.7040991246625286,
              53.56023024532773
            ],
            [
              -1.723223859556347,
              53.55989314248027
            ],
            [
              -1.7300334242533877,
              53.54683040714127
            ],
            [
              -1.7558228394889914,
              53.536717321717525
            ],
            [
              -1.7974046494475209,
              53.53393622322599
            ],
            [
              -1.8043590984998188,
              53.536970148853115
            ],
            [
              -1.8221798741963315,
              53.521126315022585
            ],
            [
              -1.8272508266302978,
              53.52348603495479
            ],
            [
              -1.8417392621559179,
              53.51986217934462
            ],
            [
              -1.8734689359570256,
              53.54042545303957
            ],
            [
              -1.8940425144034059,
              53.53359912037854
            ],
            [
              -1.8992583511926293,
              53.53806573310736
            ],
            [
              -1.90954514041582,
              53.53840283595481
            ]
          ]
        ]
      },
      "properties": {
        "slot_id": "gas_emissions_6",
        "lineage_id": "LOCAL-NEW-92271296-1318-4c0c-a293-d0d4ebc2d06b",
        "page_generation": 1,
        "semantic_mode": "AREA_JOIN",
        "partition": {
          "start": 76904,
          "end": 92283,
          "count": 15380
        },
        "evidence_scope": "coverage_area",
        "coverage_area_id": "E08000034",
        "coverage_area_name": "Kirklees",
        "coverage_area_identifier_scheme": "ONS_GSS_LTLA",
        "boundary_vintage": "2014-2025 topology; active 2025",
        "source_area_record": true,
        "accepted_parcel_record": false,
        "spatial_binding_method": "OFFICIAL_POLYGON_AND_EXACT_IDENTIFIER",
        "source_window_record_index": 47,
        "source_url": "https://raw.githubusercontent.com/ONSdigital/uk-topojson/aa84341201698f59b26998ca39d2b578df4b6d78/output/topo.json",
        "final_url": "https://raw.githubusercontent.com/ONSdigital/uk-topojson/aa84341201698f59b26998ca39d2b578df4b6d78/output/topo.json",
        "source_access_utc": "2026-10-01T21:28:00Z",
        "source_blob_sha": "668461dddd006aa7e8e176896a7bdcbe5f5e32b5",
        "source_file_sha256": "9feaf90628fee8cf713821801c17fff47691cfa03b60262d4b68e355c485f23d",
        "field_evidence": {
          "areacd": "E08000034",
          "areanm": "Kirklees",
          "start": 2014,
          "end": null,
          "geometry_type": "Polygon"
        },
        "evidence_slice_sha256": "4e5a8bdd7aec3c16c579eb8638351bf2c24916c89cfad3288655f482dfcbb3c0",
        "confidence_score_0_100": 96,
        "evidence_grade": "A",
        "licence": "ONS Geography licensing terms / Open Government Licence v3.0",
        "licence_evidence_url": "https://www.ons.gov.uk/methodology/geography/licences",
        "fake_data": false,
        "local_spatial_join_status": "DEFERRED_TO_LOCAL_OPENCODE"
      }
    },
    {
      "type": "Feature",
      "id": "E08000035",
      "geometry": {
        "type": "Polygon",
        "coordinates": [
          [
            [
              -1.7271357371482638,
              53.91022727670115
            ],
            [
              -1.7223545534248093,
              53.911912790938445
            ],
            [
              -1.7180080227671235,
              53.90854176246386
            ],
            [
              -1.7164142948593053,
              53.917559263633365
            ],
            [
              -1.7061275056361147,
              53.91713788507404
            ],
            [
              -1.7071416961229087,
              53.919076226446926
            ],
            [
              -1.6870027707422963,
              53.916379403667264
            ],
            [
              -1.6891760360711396,
              53.91258699663336
            ],
            [
              -1.6845397367029413,
              53.91056437954861
            ],
            [
              -1.6551282125859332,
              53.912502720921495
            ],
            [
              -1.6519407567702968,
              53.90567638826047
            ],
            [
              -1.6422335049681314,
              53.90727762678589
            ],
            [
              -1.6205008516797008,
              53.90340094404012
            ],
            [
              -1.6000721575885768,
              53.909805898141826
            ],
            [
              -1.59920285145704,
              53.90399087402318
            ],
            [
              -1.5868876812602624,
              53.90120977553165
            ],
            [
              -1.5828309193130892,
              53.90930024387064
            ],
            [
              -1.567762946366444,
              53.9108172066842
            ],
            [
              -1.562836878287734,
              53.90390659831131
            ],
            [
              -1.5525500890645434,
              53.902979565480805
            ],
            [
              -1.5487830958278819,
              53.91090148239607
            ],
            [
              -1.5286441704472704,
              53.90871031388759
            ],
            [
              -1.4987979932644935,
              53.91528381941303
            ],
            [
              -1.4860481700019479,
              53.91090148239607
            ],
            [
              -1.4683722786606914,
              53.910985758107934
            ],
            [
              -1.463156441871468,
              53.90601349110793
            ],
            [
              -1.4508412716746912,
              53.907109075362165
            ],
            [
              -1.4404095980962444,
              53.91393540802319
            ],
            [
              -1.4324409585571534,
              53.911238585243524
            ],
            [
              -1.4334551490439473,
              53.92632393766728
            ],
            [
              -1.429833040162542,
              53.928936484735075
            ],
            [
              -1.4066515433215505,
              53.92784090048084
            ],
            [
              -1.4105634209134674,
              53.93011634470118
            ],
            [
              -1.4092594617161618,
              53.93542571454865
            ],
            [
              -1.4007112847560457,
              53.93753260734526
            ],
            [
              -1.3972340602298976,
              53.94250487434527
            ],
            [
              -1.3618822775473847,
              53.941493565802894
            ],
            [
              -1.3404393929694667,
              53.94587590281985
            ],
            [
              -1.344641039271897,
              53.939470948718146
            ],
            [
              -1.3395700868379299,
              53.94081936010798
            ],
            [
              -1.3069711069052845,
              53.934414406006276
            ],
            [
              -1.3089994878788715,
              53.9241327691588
            ],
            [
              -1.3004513109187554,
              53.9293578632944
            ],
            [
              -1.294221283642739,
              53.9269981433622
            ],
            [
              -1.307260875615797,
              53.921520222091
            ],
            [
              -1.297263855103119,
              53.92168877351473
            ],
            [
              -1.3005961952740117,
              53.90753045392149
            ],
            [
              -1.3136357872470699,
              53.90466507971809
            ],
            [
              -1.3210248893651357,
              53.903485219751985
            ],
            [
              -1.3223288485624423,
              53.900367018413
            ],
            [
              -1.317692549194244,
              53.896321784243504
            ],
            [
              -1.320735120654624,
              53.883764703175686
            ],
            [
              -1.315664168220657,
              53.88174208609094
            ],
            [
              -1.31972093016783,
              53.87887671188754
            ],
            [
              -1.3126215967602768,
              53.86530832227736
            ],
            [
              -1.353044331876756,
              53.85671219966717
            ],
            [
              -1.3384110119958805,
              53.851739932667165
            ],
            [
              -1.3420331208772849,
              53.84516642714173
            ],
            [
              -1.3265304948648717,
              53.84036271156545
            ],
            [
              -1.325226535667566,
              53.83530616885358
            ],
            [
              -1.336092862311781,
              53.83362065461629
            ],
            [
              -1.309723909655153,
              53.82291763920949
            ],
            [
              -1.3104483314314335,
              53.81988371358237
            ],
            [
              -1.3036387667343918,
              53.81651268510779
            ],
            [
              -1.3123318280497642,
              53.81440579231117
            ],
            [
              -1.3149397464443755,
              53.80951780102303
            ],
            [
              -1.3137806716023261,
              53.781538264684
            ],
            [
              -1.303783651089648,
              53.7751333105823
            ],
            [
              -1.3068262225500282,
              53.77302641778569
            ],
            [
              -1.2981331612346567,
              53.77277359065009
            ],
            [
              -1.2920480183138965,
              53.76721139366703
            ],
            [
              -1.2921929026691528,
              53.76046933671787
            ],
            [
              -1.2966843176820948,
              53.758868098192444
            ],
            [
              -1.2949457054190203,
              53.755412794006
            ],
            [
              -1.312186943694508,
              53.755918448277185
            ],
            [
              -1.3153743995101443,
              53.74369847005683
            ],
            [
              -1.3020450388265736,
              53.74167585297208
            ],
            [
              -1.3081301817473348,
              53.73906330590428
            ],
            [
              -1.3137806716023261,
              53.740917371565295
            ],
            [
              -1.3230532703387228,
              53.73476524459919
            ],
            [
              -1.3401496242589541,
              53.73628220741275
            ],
            [
              -1.372024182415318,
              53.72962442617545
            ],
            [
              -1.3944812574800292,
              53.723809402056794
            ],
            [
              -1.3988277881377158,
              53.71942706503984
            ],
            [
              -1.4120122644660293,
              53.72313519636188
            ],
            [
              -1.428239312254724,
              53.72128113070086
            ],
            [
              -1.4346142238859967,
              53.725663467717816
            ],
            [
              -1.4431624008461128,
              53.72819173907375
            ],
            [
              -1.4809772175679807,
              53.72777036051443
            ],
            [
              -1.4883663196860466,
              53.72768608480256
            ],
            [
              -1.4914088911464267,
              53.72220816353137
            ],
            [
              -1.5044484831194849,
              53.7249892620229
            ],
            [
              -1.5056075579615342,
              53.72911877190426
            ],
            [
              -1.5131415444348573,
              53.72751753337884
            ],
            [
              -1.5470444835648074,
              53.710072461022875
            ],
            [
              -1.5544335856828742,
              53.702824749802524
            ],
            [
              -1.559359653761585,
              53.699032342768625
            ],
            [
              -1.5710952865373367,
              53.70636432970084
            ],
            [
              -1.5821064975368078,
              53.71386486805678
            ],
            [
              -1.6054328787330565,
              53.721196854988996
            ],
            [
              -1.6233985387848247,
              53.71850003220933
            ],
            [
              -1.6322364844554533,
              53.730804286141556
            ],
            [
              -1.6386113960867261,
              53.746058189989036
            ],
            [
              -1.658460552756825,
              53.745383984294115
            ],
            [
              -1.6816420495978175,
              53.756508378260236
            ],
            [
              -1.662951967769768,
              53.766705739395846
            ],
            [
              -1.6516509880597843,
              53.767295669378896
            ],
            [
              -1.6406397770603132,
              53.7737006234806
            ],
            [
              -1.6406397770603132,
              53.78002130187044
            ],
            [
              -1.6742529474797507,
              53.78002130187044
            ],
            [
              -1.682366471374098,
              53.786426255972145
            ],
            [
              -1.7120677642016195,
              53.78313950320943
            ],
            [
              -1.7071416961229087,
              53.78802749449758
            ],
            [
              -1.7110535737148256,
              53.791567074395886
            ],
            [
              -1.7098944988727762,
              53.79291548578572
            ],
            [
              -1.70134632191266,
              53.80218581409082
            ],
            [
              -1.7065621587018835,
              53.8041241554637
            ],
            [
              -1.7080110022544455,
              53.809770628158624
            ],
            [
              -1.706272389991371,
              53.829238317599334
            ],
            [
              -1.7030849341757346,
              53.83631747739595
            ],
            [
              -1.7036644715967597,
              53.84230105293833
            ],
            [
              -1.6939572197945942,
              53.85131855410784
            ],
            [
              -1.6951162946366436,
              53.85747068107395
            ],
            [
              -1.7020707436889415,
              53.85780778392141
            ],
            [
              -1.710329151938545,
              53.8635385323282
            ],
            [
              -1.715255220017256,
              53.86623535510786
            ],
            [
              -1.7464053563973385,
              53.863369980904466
            ],
            [
              -1.7443769754237515,
              53.86556114941295
            ],
            [
              -1.753649574160149,
              53.86749949078583
            ],
            [
              -1.7610386762782149,
              53.86379135946379
            ],
            [
              -1.7782799145537025,
              53.871797552090925
            ],
            [
              -1.7787145676194713,
              53.87862388475195
            ],
            [
              -1.7947967310529096,
              53.88047795041297
            ],
            [
              -1.800447220907901,
              53.88604014739603
            ],
            [
              -1.7949416154081659,
              53.89463627000621
            ],
            [
              -1.7875525132900991,
              53.896911714226555
            ],
            [
              -1.7766861866458843,
              53.89379351288757
            ],
            [
              -1.7794389893957518,
              53.891180965819764
            ],
            [
              -1.7672687035542314,
              53.89016965727739
            ],
            [
              -1.7564023769100165,
              53.8846917360062
            ],
            [
              -1.7253971248851894,
              53.88570304454857
            ],
            [
              -1.726701084082496,
              53.888231315904505
            ],
            [
              -1.717283600990842,
              53.89227655007401
            ],
            [
              -1.7320618052269747,
              53.89590040568418
            ],
            [
              -1.7271357371482638,
              53.91022727670115
            ]
          ]
        ]
      },
      "properties": {
        "slot_id": "gas_emissions_6",
        "lineage_id": "LOCAL-NEW-92271296-1318-4c0c-a293-d0d4ebc2d06b",
        "page_generation": 1,
        "semantic_mode": "AREA_JOIN",
        "partition": {
          "start": 76904,
          "end": 92283,
          "count": 15380
        },
        "evidence_scope": "coverage_area",
        "coverage_area_id": "E08000035",
        "coverage_area_name": "Leeds",
        "coverage_area_identifier_scheme": "ONS_GSS_LTLA",
        "boundary_vintage": "2014-2025 topology; active 2025",
        "source_area_record": true,
        "accepted_parcel_record": false,
        "spatial_binding_method": "OFFICIAL_POLYGON_AND_EXACT_IDENTIFIER",
        "source_window_record_index": 48,
        "source_url": "https://raw.githubusercontent.com/ONSdigital/uk-topojson/aa84341201698f59b26998ca39d2b578df4b6d78/output/topo.json",
        "final_url": "https://raw.githubusercontent.com/ONSdigital/uk-topojson/aa84341201698f59b26998ca39d2b578df4b6d78/output/topo.json",
        "source_access_utc": "2026-10-01T21:28:00Z",
        "source_blob_sha": "668461dddd006aa7e8e176896a7bdcbe5f5e32b5",
        "source_file_sha256": "9feaf90628fee8cf713821801c17fff47691cfa03b60262d4b68e355c485f23d",
        "field_evidence": {
          "areacd": "E08000035",
          "areanm": "Leeds",
          "start": 2014,
          "end": null,
          "geometry_type": "Polygon"
        },
        "evidence_slice_sha256": "4e5a8bdd7aec3c16c579eb8638351bf2c24916c89cfad3288655f482dfcbb3c0",
        "confidence_score_0_100": 96,
        "evidence_grade": "A",
        "licence": "ONS Geography licensing terms / Open Government Licence v3.0",
        "licence_evidence_url": "https://www.ons.gov.uk/methodology/geography/licences",
        "fake_data": false,
        "local_spatial_join_status": "DEFERRED_TO_LOCAL_OPENCODE"
      }
    },
    {
      "type": "Feature",
      "id": "E08000036",
      "geometry": {
        "type": "Polygon",
        "coordinates": [
          [
            [
              -1.3486978012190702,
              53.58332179037861
            ],
            [
              -1.3514506039689378,
              53.58113062187014
            ],
            [
              -1.3539136380082937,
              53.583406066090475
            ],
            [
              -1.356086903337136,
              53.59528894146338
            ],
            [
              -1.3766604817835173,
              53.606497611141364
            ],
            [
              -1.4001317473350214,
              53.59865996993796
            ],
            [
              -1.4249069720838312,
              53.60447499405661
            ],
            [
              -1.4328756116229222,
              53.608941606785436
            ],
            [
              -1.439250523254195,
              53.60700326541255
            ],
            [
              -1.4476538158590548,
              53.612734013819335
            ],
            [
              -1.4838749046731046,
              53.59486756290406
            ],
            [
              -1.4921333129227081,
              53.59697445570067
            ],
            [
              -1.491553775501683,
              53.60278947981932
            ],
            [
              -1.495031000027832,
              53.603210858378645
            ],
            [
              -1.4966247279356502,
              53.59739583425999
            ],
            [
              -1.5014059116591048,
              53.59983982990406
            ],
            [
              -1.5103887416849888,
              53.59680590427694
            ],
            [
              -1.5186471499345924,
              53.599671278480336
            ],
            [
              -1.5283544017367579,
              53.59697445570067
            ],
            [
              -1.5308174357761137,
              53.5930977729549
            ],
            [
              -1.535453735144312,
              53.593940530073546
            ],
            [
              -1.54733425227532,
              53.60312658266678
            ],
            [
              -1.5576210414985106,
              53.60590768115831
            ],
            [
              -1.5719645926688743,
              53.608604503937975
            ],
            [
              -1.5819616131815515,
              53.60573912973458
            ],
            [
              -1.5864530281944944,
              53.60717181683628
            ],
            [
              -1.5919586336942295,
              53.61467235519222
            ],
            [
              -1.6074612597066427,
              53.61956034648036
            ],
            [
              -1.6145605931141969,
              53.6258810248702
            ],
            [
              -1.6103589468117674,
              53.627987917666815
            ],
            [
              -1.6157196679562462,
              53.630179086175296
            ],
            [
              -1.6120975590748419,
              53.63270735753123
            ],
            [
              -1.6171685115088081,
              53.63767962453124
            ],
            [
              -1.6232536544295693,
              53.63810100309056
            ],
            [
              -1.6191968924823952,
              53.64627574714142
            ],
            [
              -1.624122960561106,
              53.654113388344825
            ],
            [
              -1.5909444432074364,
              53.66051834244653
            ],
            [
              -1.614125940048428,
              53.673833904921125
            ],
            [
              -1.615140130535222,
              53.67762631195503
            ],
            [
              -1.6049982256672877,
              53.67939610190419
            ],
            [
              -1.5919586336942295,
              53.6893406359042
            ],
            [
              -1.592248402404742,
              53.691531804412676
            ],
            [
              -1.6025351916279327,
              53.6922060101076
            ],
            [
              -1.5983335453255023,
              53.6997908241754
            ],
            [
              -1.5841348785103948,
              53.70307757693812
            ],
            [
              -1.5710952865373367,
              53.70636432970084
            ],
            [
              -1.559359653761585,
              53.699032342768625
            ],
            [
              -1.5544335856828742,
              53.702824749802524
            ],
            [
              -1.5470444835648074,
              53.710072461022875
            ],
            [
              -1.5131415444348573,
              53.72751753337884
            ],
            [
              -1.5056075579615342,
              53.72911877190426
            ],
            [
              -1.5044484831194849,
              53.7249892620229
            ],
            [
              -1.4914088911464267,
              53.72220816353137
            ],
            [
              -1.4883663196860466,
              53.72768608480256
            ],
            [
              -1.4809772175679807,
              53.72777036051443
            ],
            [
              -1.4431624008461128,
              53.72819173907375
            ],
            [
              -1.4346142238859967,
              53.725663467717816
            ],
            [
              -1.428239312254724,
              53.72128113070086
            ],
            [
              -1.4120122644660293,
              53.72313519636188
            ],
            [
              -1.3988277881377158,
              53.71942706503984
            ],
            [
              -1.3944812574800292,
              53.723809402056794
            ],
            [
              -1.372024182415318,
              53.72962442617545
            ],
            [
              -1.3401496242589541,
              53.73628220741275
            ],
            [
              -1.3230532703387228,
              53.73476524459919
            ],
            [
              -1.3137806716023261,
              53.740917371565295
            ],
            [
              -1.3081301817473348,
              53.73906330590428
            ],
            [
              -1.3020450388265736,
              53.74167585297208
            ],
            [
              -1.283789610064293,
              53.731984146107656
            ],
            [
              -1.2720539772885404,
              53.72490498631104
            ],
            [
              -1.2690114058281603,
              53.71512900373475
            ],
            [
              -1.2577104261181766,
              53.71175797526017
            ],
            [
              -1.2296028611984742,
              53.714876176599155
            ],
            [
              -1.2261256366723252,
              53.70990390959915
            ],
            [
              -1.2197507250410524,
              53.71437052232797
            ],
            [
              -1.2184467658437468,
              53.70712281110762
            ],
            [
              -1.1987424935289033,
              53.70071785700591
            ],
            [
              -1.1990322622394158,
              53.69490283288726
            ],
            [
              -1.2443810654346068,
              53.692374561531324
            ],
            [
              -1.243946412368838,
              53.67315969922621
            ],
            [
              -1.2523497049736978,
              53.66658619370077
            ],
            [
              -1.246988983829218,
              53.655630351158386
            ],
            [
              -1.2487275960922926,
              53.64956249990414
            ],
            [
              -1.2552473920788216,
              53.64888829420922
            ],
            [
              -1.2536536641710034,
              53.641219204429554
            ],
            [
              -1.2429322218820449,
              53.63456142319225
            ],
            [
              -1.2327903170141106,
              53.62107730929392
            ],
            [
              -1.2278642489353997,
              53.617284902260025
            ],
            [
              -1.2313414734615487,
              53.6168635237007
            ],
            [
              -1.2481480586712674,
              53.61627359371765
            ],
            [
              -1.244960602855631,
              53.60809884966679
            ],
            [
              -1.2522048206184415,
              53.607087541124415
            ],
            [
              -1.2471338681844744,
              53.60068258702271
            ],
            [
              -1.2575655417629203,
              53.59983982990406
            ],
            [
              -1.252929242394722,
              53.59705873141253
            ],
            [
              -1.2580001948286892,
              53.59200218870066
            ],
            [
              -1.2766902766567387,
              53.58997957161591
            ],
            [
              -1.282340766511731,
              53.58298468753116
            ],
            [
              -1.2985678143004256,
              53.577422490548095
            ],
            [
              -1.3078404130368222,
              53.575315597751484
            ],
            [
              -1.3486978012190702,
              53.58332179037861
            ]
          ]
        ]
      },
      "properties": {
        "slot_id": "gas_emissions_6",
        "lineage_id": "LOCAL-NEW-92271296-1318-4c0c-a293-d0d4ebc2d06b",
        "page_generation": 1,
        "semantic_mode": "AREA_JOIN",
        "partition": {
          "start": 76904,
          "end": 92283,
          "count": 15380
        },
        "evidence_scope": "coverage_area",
        "coverage_area_id": "E08000036",
        "coverage_area_name": "Wakefield",
        "coverage_area_identifier_scheme": "ONS_GSS_LTLA",
        "boundary_vintage": "2014-2025 topology; active 2025",
        "source_area_record": true,
        "accepted_parcel_record": false,
        "spatial_binding_method": "OFFICIAL_POLYGON_AND_EXACT_IDENTIFIER",
        "source_window_record_index": 49,
        "source_url": "https://raw.githubusercontent.com/ONSdigital/uk-topojson/aa84341201698f59b26998ca39d2b578df4b6d78/output/topo.json",
        "final_url": "https://raw.githubusercontent.com/ONSdigital/uk-topojson/aa84341201698f59b26998ca39d2b578df4b6d78/output/topo.json",
        "source_access_utc": "2026-10-01T21:28:00Z",
        "source_blob_sha": "668461dddd006aa7e8e176896a7bdcbe5f5e32b5",
        "source_file_sha256": "9feaf90628fee8cf713821801c17fff47691cfa03b60262d4b68e355c485f23d",
        "field_evidence": {
          "areacd": "E08000036",
          "areanm": "Wakefield",
          "start": 2014,
          "end": null,
          "geometry_type": "Polygon"
        },
        "evidence_slice_sha256": "4e5a8bdd7aec3c16c579eb8638351bf2c24916c89cfad3288655f482dfcbb3c0",
        "confidence_score_0_100": 96,
        "evidence_grade": "A",
        "licence": "ONS Geography licensing terms / Open Government Licence v3.0",
        "licence_evidence_url": "https://www.ons.gov.uk/methodology/geography/licences",
        "fake_data": false,
        "local_spatial_join_status": "DEFERRED_TO_LOCAL_OPENCODE"
      }
    },
    {
      "type": "Feature",
      "id": "E08000037",
      "geometry": {
        "type": "Polygon",
        "coordinates": [
          [
            [
              -1.6060124161540807,
              54.967971736312954
            ],
            [
              -1.6054328787330565,
              54.96746608204177
            ],
            [
              -1.5999272732333205,
              54.968561666296004
            ],
            [
              -1.5928279398257672,
              54.96940442341465
            ],
            [
              -1.5790639260764276,
              54.963757950719724
            ],
            [
              -1.578774157365915,
              54.963757950719724
            ],
            [
              -1.5681975994322128,
              54.96392650214345
            ],
            [
              -1.5586352319853036,
              54.95971271655023
            ],
            [
              -1.5579108102090231,
              54.95945988941463
            ],
            [
              -1.5524052047092871,
              54.958027202312934
            ],
            [
              -1.5382065378941796,
              54.96063974938074
            ],
            [
              -1.534439544657518,
              54.96493781068583
            ],
            [
              -1.5293685922235518,
              54.9633365721604
            ],
            [
              -1.5306725514208575,
              54.958027202312934
            ],
            [
              -1.518936918645105,
              54.959291337990905
            ],
            [
              -1.5163290002504937,
              54.95499327668581
            ],
            [
              -1.5180676125135681,
              54.946987084058684
            ],
            [
              -1.5112580478165265,
              54.931733180211204
            ],
            [
              -1.5273402112499648,
              54.93308159160104
            ],
            [
              -1.5429877216176342,
              54.93139607736374
            ],
            [
              -1.5532745108408248,
              54.9276879460417
            ],
            [
              -1.5567517353669729,
              54.929963390262046
            ],
            [
              -1.5689220212084942,
              54.924569744702715
            ],
            [
              -1.5586352319853036,
              54.906534742363704
            ],
            [
              -1.562836878287734,
              54.905102055262006
            ],
            [
              -1.5582005789195348,
              54.902658059617934
            ],
            [
              -1.559359653761585,
              54.882010510211124
            ],
            [
              -1.5799332322079653,
              54.877796724617895
            ],
            [
              -1.5806576539842458,
              54.88108347738061
            ],
            [
              -1.5876121030365438,
              54.894314764143346
            ],
            [
              -1.5938421303125603,
              54.901731026787424
            ],
            [
              -1.597754007904478,
              54.9015624753637
            ],
            [
              -1.6119526747195856,
              54.89532607268572
            ],
            [
              -1.6187622394166263,
              54.887067052923
            ],
            [
              -1.627600185087255,
              54.88630857151622
            ],
            [
              -1.6436823485206933,
              54.878808033160276
            ],
            [
              -1.6510714506387592,
              54.879735065990786
            ],
            [
              -1.6462902669153046,
              54.881420580228074
            ],
            [
              -1.650057260151966,
              54.89364055844843
            ],
            [
              -1.659909396309387,
              54.89069090853317
            ],
            [
              -1.662951967769768,
              54.89591600266877
            ],
            [
              -1.6781648250716685,
              54.89979268541454
            ],
            [
              -1.6748324849007759,
              54.909315840855236
            ],
            [
              -1.6875823081633214,
              54.90788315375354
            ],
            [
              -1.6906248796237016,
              54.902658059617934
            ],
            [
              -1.6975793286759995,
              54.90619763951625
            ],
            [
              -1.7006219001363796,
              54.909315840855236
            ],
            [
              -1.7249624718194214,
              54.90881018658405
            ],
            [
              -1.7375674107267107,
              54.9186704448722
            ],
            [
              -1.750607002699768,
              54.917406309194234
            ],
            [
              -1.7607489075677023,
              54.90847308373659
            ],
            [
              -1.7672687035542314,
              54.909568667990825
            ],
            [
              -1.7707459280803803,
              54.907208948058624
            ],
            [
              -1.7817571390798514,
              54.91150700936371
            ],
            [
              -1.7911746221715044,
              54.908725910872185
            ],
            [
              -1.7949416154081659,
              54.90350081673658
            ],
            [
              -1.8075465543154552,
              54.907208948058624
            ],
            [
              -1.8210207993542813,
              54.905691985245056
            ],
            [
              -1.8266712892092736,
              54.91007432226202
            ],
            [
              -1.852750473155389,
              54.917406309194234
            ],
            [
              -1.8411597247348936,
              54.929710563126456
            ],
            [
              -1.8269610579197852,
              54.93072187166883
            ],
            [
              -1.8247877925909428,
              54.94032930282138
            ],
            [
              -1.8311627042222156,
              54.944290261279015
            ],
            [
              -1.8337706226168269,
              54.953307762448524
            ],
            [
              -1.8230491803278683,
              54.95566748238073
            ],
            [
              -1.8226145272620995,
              54.9647692592621
            ],
            [
              -1.8155151938545462,
              54.96729753061803
            ],
            [
              -1.8127623911046777,
              54.97631503178754
            ],
            [
              -1.8027653705920006,
              54.978759027431614
            ],
            [
              -1.7861036697375372,
              54.9844897758384
            ],
            [
              -1.7727743090539674,
              54.98137157449941
            ],
            [
              -1.7697317375935864,
              54.98103447165195
            ],
            [
              -1.751621193186562,
              54.98246715875365
            ],
            [
              -1.7378571794372233,
              54.97867475171975
            ],
            [
              -1.7275703902140327,
              54.975219447533306
            ],
            [
              -1.7259766623062145,
              54.970078629109565
            ],
            [
              -1.7185875601881486,
              54.96729753061803
            ],
            [
              -1.697869097386512,
              54.97033145624516
            ],
            [
              -1.67888924684795,
              54.96460070783837
            ],
            [
              -1.6568668248490068,
              54.96249381504176
            ],
            [
              -1.6331057905869901,
              54.95903851085531
            ],
            [
              -1.6187622394166263,
              54.961988160770574
            ],
            [
              -1.616154321022015,
              54.96308374502481
            ],
            [
              -1.6060124161540807,
              54.967971736312954
            ]
          ]
        ]
      },
      "properties": {
        "slot_id": "gas_emissions_6",
        "lineage_id": "LOCAL-NEW-92271296-1318-4c0c-a293-d0d4ebc2d06b",
        "page_generation": 1,
        "semantic_mode": "AREA_JOIN",
        "partition": {
          "start": 76904,
          "end": 92283,
          "count": 15380
        },
        "evidence_scope": "coverage_area",
        "coverage_area_id": "E08000037",
        "coverage_area_name": "Gateshead",
        "coverage_area_identifier_scheme": "ONS_GSS_LTLA",
        "boundary_vintage": "2014-2025 topology; active 2025",
        "source_area_record": true,
        "accepted_parcel_record": false,
        "spatial_binding_method": "OFFICIAL_POLYGON_AND_EXACT_IDENTIFIER",
        "source_window_record_index": 50,
        "source_url": "https://raw.githubusercontent.com/ONSdigital/uk-topojson/aa84341201698f59b26998ca39d2b578df4b6d78/output/topo.json",
        "final_url": "https://raw.githubusercontent.com/ONSdigital/uk-topojson/aa84341201698f59b26998ca39d2b578df4b6d78/output/topo.json",
        "source_access_utc": "2026-10-01T21:28:00Z",
        "source_blob_sha": "668461dddd006aa7e8e176896a7bdcbe5f5e32b5",
        "source_file_sha256": "9feaf90628fee8cf713821801c17fff47691cfa03b60262d4b68e355c485f23d",
        "field_evidence": {
          "areacd": "E08000037",
          "areanm": "Gateshead",
          "start": 2014,
          "end": null,
          "geometry_type": "Polygon"
        },
        "evidence_slice_sha256": "4e5a8bdd7aec3c16c579eb8638351bf2c24916c89cfad3288655f482dfcbb3c0",
        "confidence_score_0_100": 96,
        "evidence_grade": "A",
        "licence": "ONS Geography licensing terms / Open Government Licence v3.0",
        "licence_evidence_url": "https://www.ons.gov.uk/methodology/geography/licences",
        "fake_data": false,
        "local_spatial_join_status": "DEFERRED_TO_LOCAL_OPENCODE"
      }
    }
  ]
}
