{"type":"FeatureCollection","name":"building_type_9_20261009T020937Z_GM_OS_POST_OFFICES_50","features":[{"type":"Feature","id":"2D6B7FA1-DBDE-4428-A7B9-C8D4CCFBD09D","geometry":{"type":"Polygon","coordinates":[[[-2.385318474486843,53.58054052232538],[-2.385393203973053,53.580553314569336],[-2.38532855133095,53.58068520217777],[-2.385253971030328,53.58067222964585],[-2.385318474486843,53.58054052232538]]]},"properties":{"slot_id":"building_type_9","lineage_id":"building_type_9-20261001T200900Z-newstart","page_generation":1,"batch_id":"20261009T020937Z_GM_OS_POST_OFFICES_50","source_entity":"2D6B7FA1-DBDE-4428-A7B9-C8D4CCFBD09D","source_reference":"2D6B7FA1-DBDE-4428-A7B9-C8D4CCFBD09D","source_dataset":"OS OpenMap Local ImportantBuilding","source_organisation":"Ordnance Survey via Trafford Data Lab","building_evidence_status":"BUILDING_PRESENT","parcel_status":"UNPROCESSED","canonical_parcel_id":null,"building_type":"post_office","building_use":"post_office_as_of_2018_04","poi_accepted":false,"field_evidence":{"footprint":"OS OpenMap Local ImportantBuilding Polygon, Trafford Data Lab published from OS EPSG:27700 to geographic CRS84 and intersects GM local authority; spatial extent and clipped edges require local physical-footprint confirmation","type":"CLASSIFICA=Post Office; BUILDGTHEM=Retail; FEATCODE=15026","use":"Post Office as classified by April 2018 source; not certification of current use","source_id":"2D6B7FA1-DBDE-4428-A7B9-C8D4CCFBD09D","source_name":"Unknown","admin_area":"E08000001","processing":"Official Trafford Data Lab published R pre-processing, CLASSIFICA=Post Office"},"source_url":"https://raw.githubusercontent.com/traffordDataLab/open_data/82d7d561d5238d819a956f1c5731317759f20162/post_office/gm_post_offices.geojson","final_url":"https://raw.githubusercontent.com/traffordDataLab/open_data/82d7d561d5238d819a956f1c5731317759f20162/post_office/gm_post_offices.geojson","http_status":null,"http_status_note":"numeric HTTP status not exposed by GitHub connector","access_utc":"2026-10-09T02:09:37.054Z","data_date":"2018-04","licence":"Open Government Licence v3.0; Contains OS data Crown copyright and database right 2018","source_sha256":"c284a4fa9f9f1c7568bd6cdb20c01fdb65f623e888ac91c6fc5921e33d518636","source_sha256_scope":"full source GeoJSON UTF-8 from immutable blob","evidence_slice_sha256":"4fbe3009a1c3fed9897e7057ade7c5bcea858c293b2f1993e7d337743bd6345f","confidence_score_0_100":86,"evidence_grade":"B","fake_data":false,"local_spatial_join_required":true}},{"type":"Feature","id":"0DACBC1F-45B3-4523-A240-1F1B0374CA26","geometry":{"type":"Polygon","coordinates":[[[-2.395385155788224,53.547692731041494],[-2.395567509564897,53.547664713064144],[-2.395639233492027,53.547830311576085],[-2.395456879052017,53.54785832966322],[-2.395385155788224,53.547692731041494]]]},"properties":{"slot_id":"building_type_9","lineage_id":"building_type_9-20261001T200900Z-newstart","page_generation":1,"batch_id":"20261009T020937Z_GM_OS_POST_OFFICES_50","source_entity":"0DACBC1F-45B3-4523-A240-1F1B0374CA26","source_reference":"0DACBC1F-45B3-4523-A240-1F1B0374CA26","source_dataset":"OS OpenMap Local ImportantBuilding","source_organisation":"Ordnance Survey via Trafford Data Lab","building_evidence_status":"BUILDING_PRESENT","parcel_status":"UNPROCESSED","canonical_parcel_id":null,"building_type":"post_office","building_use":"post_office_as_of_2018_04","poi_accepted":false,"field_evidence":{"footprint":"OS OpenMap Local ImportantBuilding Polygon, Trafford Data Lab published from OS EPSG:27700 to geographic CRS84 and intersects GM local authority; spatial extent and clipped edges require local physical-footprint confirmation","type":"CLASSIFICA=Post Office; BUILDGTHEM=Retail; FEATCODE=15026","use":"Post Office as classified by April 2018 source; not certification of current use","source_id":"0DACBC1F-45B3-4523-A240-1F1B0374CA26","source_name":"Unknown","admin_area":"E08000001","processing":"Official Trafford Data Lab published R pre-processing, CLASSIFICA=Post Office"},"source_url":"https://raw.githubusercontent.com/traffordDataLab/open_data/82d7d561d5238d819a956f1c5731317759f20162/post_office/gm_post_offices.geojson","final_url":"https://raw.githubusercontent.com/traffordDataLab/open_data/82d7d561d5238d819a956f1c5731317759f20162/post_office/gm_post_offices.geojson","http_status":null,"http_status_note":"numeric HTTP status not exposed by GitHub connector","access_utc":"2026-10-09T02:09:37.054Z","data_date":"2018-04","licence":"Open Government Licence v3.0; Contains OS data Crown copyright and database right 2018","source_sha256":"c284a4fa9f9f1c7568bd6cdb20c01fdb65f623e888ac91c6fc5921e33d518636","source_sha256_scope":"full source GeoJSON UTF-8 from immutable blob","evidence_slice_sha256":"8251de54d58865f590edb47d826167de73cee1285de1b49ec5bb1e6df2ad602c","confidence_score_0_100":86,"evidence_grade":"B","fake_data":false,"local_spatial_join_required":true}},{"type":"Feature","id":"374D21F4-E0BB-4283-AAB2-AE7D42B1C6B2","geometry":{"type":"Polygon","coordinates":[[[-2.372169437186459,53.53872944409484],[-2.372231832791803,53.53865239892429],[-2.372293856716257,53.538670542061276],[-2.372231462775041,53.538747767026926],[-2.372169437186459,53.53872944409484]]]},"properties":{"slot_id":"building_type_9","lineage_id":"building_type_9-20261001T200900Z-newstart","page_generation":1,"batch_id":"20261009T020937Z_GM_OS_POST_OFFICES_50","source_entity":"374D21F4-E0BB-4283-AAB2-AE7D42B1C6B2","source_reference":"374D21F4-E0BB-4283-AAB2-AE7D42B1C6B2","source_dataset":"OS OpenMap Local ImportantBuilding","source_organisation":"Ordnance Survey via Trafford Data Lab","building_evidence_status":"BUILDING_PRESENT","parcel_status":"UNPROCESSED","canonical_parcel_id":null,"building_type":"post_office","building_use":"post_office_as_of_2018_04","poi_accepted":false,"field_evidence":{"footprint":"OS OpenMap Local ImportantBuilding Polygon, Trafford Data Lab published from OS EPSG:27700 to geographic CRS84 and intersects GM local authority; spatial extent and clipped edges require local physical-footprint confirmation","type":"CLASSIFICA=Post Office; BUILDGTHEM=Retail; FEATCODE=15026","use":"Post Office as classified by April 2018 source; not certification of current use","source_id":"374D21F4-E0BB-4283-AAB2-AE7D42B1C6B2","source_name":"Unknown","admin_area":"E08000001","processing":"Official Trafford Data Lab published R pre-processing, CLASSIFICA=Post Office"},"source_url":"https://raw.githubusercontent.com/traffordDataLab/open_data/82d7d561d5238d819a956f1c5731317759f20162/post_office/gm_post_offices.geojson","final_url":"https://raw.githubusercontent.com/traffordDataLab/open_data/82d7d561d5238d819a956f1c5731317759f20162/post_office/gm_post_offices.geojson","http_status":null,"http_status_note":"numeric HTTP status not exposed by GitHub connector","access_utc":"2026-10-09T02:09:37.054Z","data_date":"2018-04","licence":"Open Government Licence v3.0; Contains OS data Crown copyright and database right 2018","source_sha256":"c284a4fa9f9f1c7568bd6cdb20c01fdb65f623e888ac91c6fc5921e33d518636","source_sha256_scope":"full source GeoJSON UTF-8 from immutable blob","evidence_slice_sha256":"f7227240782c221e9f1a7c3331e7d8a36b629244b01c04426bda97c76f1bbac6","confidence_score_0_100":86,"evidence_grade":"B","fake_data":false,"local_spatial_join_required":true}},{"type":"Feature","id":"9B6B0113-D520-472B-96AA-88C5B5FD37D1","geometry":{"type":"Polygon","coordinates":[[[-2.395653493414586,53.60527383767562],[-2.395570617947422,53.60526764023193],[-2.395586798838549,53.60517177133318],[-2.395669824401497,53.60517787838581],[-2.395653493414586,53.60527383767562]]]},"properties":{"slot_id":"building_type_9","lineage_id":"building_type_9-20261001T200900Z-newstart","page_generation":1,"batch_id":"20261009T020937Z_GM_OS_POST_OFFICES_50","source_entity":"9B6B0113-D520-472B-96AA-88C5B5FD37D1","source_reference":"9B6B0113-D520-472B-96AA-88C5B5FD37D1","source_dataset":"OS OpenMap Local ImportantBuilding","source_organisation":"Ordnance Survey via Trafford Data Lab","building_evidence_status":"BUILDING_PRESENT","parcel_status":"UNPROCESSED","canonical_parcel_id":null,"building_type":"post_office","building_use":"post_office_as_of_2018_04","poi_accepted":false,"field_evidence":{"footprint":"OS OpenMap Local ImportantBuilding Polygon, Trafford Data Lab published from OS EPSG:27700 to geographic CRS84 and intersects GM local authority; spatial extent and clipped edges require local physical-footprint confirmation","type":"CLASSIFICA=Post Office; BUILDGTHEM=Retail; FEATCODE=15026","use":"Post Office as classified by April 2018 source; not certification of current use","source_id":"9B6B0113-D520-472B-96AA-88C5B5FD37D1","source_name":"Unknown","admin_area":"E08000001","processing":"Official Trafford Data Lab published R pre-processing, CLASSIFICA=Post Office"},"source_url":"https://raw.githubusercontent.com/traffordDataLab/open_data/82d7d561d5238d819a956f1c5731317759f20162/post_office/gm_post_offices.geojson","final_url":"https://raw.githubusercontent.com/traffordDataLab/open_data/82d7d561d5238d819a956f1c5731317759f20162/post_office/gm_post_offices.geojson","http_status":null,"http_status_note":"numeric HTTP status not exposed by GitHub connector","access_utc":"2026-10-09T02:09:37.054Z","data_date":"2018-04","licence":"Open Government Licence v3.0; Contains OS data Crown copyright and database right 2018","source_sha256":"c284a4fa9f9f1c7568bd6cdb20c01fdb65f623e888ac91c6fc5921e33d518636","source_sha256_scope":"full source GeoJSON UTF-8 from immutable blob","evidence_slice_sha256":"82ca7043f5ec2b52fe2e299b8949ead9b5231a968b3905f8e1c0ecf582d8f784","confidence_score_0_100":86,"evidence_grade":"B","fake_data":false,"local_spatial_join_required":true}},{"type":"Feature","id":"4C14E897-DA95-4596-AD7E-F754D8AD1235","geometry":{"type":"Polygon","coordinates":[[[-2.412822334024724,53.59096886239679],[-2.412638024114315,53.59096913899478],[-2.412637679995982,53.59088734631929],[-2.412822593832599,53.59088706763639],[-2.412822334024724,53.59096886239679]]]},"properties":{"slot_id":"building_type_9","lineage_id":"building_type_9-20261001T200900Z-newstart","page_generation":1,"batch_id":"20261009T020937Z_GM_OS_POST_OFFICES_50","source_entity":"4C14E897-DA95-4596-AD7E-F754D8AD1235","source_reference":"4C14E897-DA95-4596-AD7E-F754D8AD1235","source_dataset":"OS OpenMap Local ImportantBuilding","source_organisation":"Ordnance Survey via Trafford Data Lab","building_evidence_status":"BUILDING_PRESENT","parcel_status":"UNPROCESSED","canonical_parcel_id":null,"building_type":"post_office","building_use":"post_office_as_of_2018_04","poi_accepted":false,"field_evidence":{"footprint":"OS OpenMap Local ImportantBuilding Polygon, Trafford Data Lab published from OS EPSG:27700 to geographic CRS84 and intersects GM local authority; spatial extent and clipped edges require local physical-footprint confirmation","type":"CLASSIFICA=Post Office; BUILDGTHEM=Retail; FEATCODE=15026","use":"Post Office as classified by April 2018 source; not certification of current use","source_id":"4C14E897-DA95-4596-AD7E-F754D8AD1235","source_name":"Unknown","admin_area":"E08000001","processing":"Official Trafford Data Lab published R pre-processing, CLASSIFICA=Post Office"},"source_url":"https://raw.githubusercontent.com/traffordDataLab/open_data/82d7d561d5238d819a956f1c5731317759f20162/post_office/gm_post_offices.geojson","final_url":"https://raw.githubusercontent.com/traffordDataLab/open_data/82d7d561d5238d819a956f1c5731317759f20162/post_office/gm_post_offices.geojson","http_status":null,"http_status_note":"numeric HTTP status not exposed by GitHub connector","access_utc":"2026-10-09T02:09:37.054Z","data_date":"2018-04","licence":"Open Government Licence v3.0; Contains OS data Crown copyright and database right 2018","source_sha256":"c284a4fa9f9f1c7568bd6cdb20c01fdb65f623e888ac91c6fc5921e33d518636","source_sha256_scope":"full source GeoJSON UTF-8 from immutable blob","evidence_slice_sha256":"c53eef2c09fc4655e043fc8cd15ae5a380bb131fc28b72d305e0989515b54f6b","confidence_score_0_100":86,"evidence_grade":"B","fake_data":false,"local_spatial_join_required":true}},{"type":"Feature","id":"8C211D5E-5770-4A5B-88FA-4A7F30302802","geometry":{"type":"Polygon","coordinates":[[[-2.405337569602509,53.580743802639404],[-2.405265081642021,53.580744947187874],[-2.405260243417728,53.58063395746949],[-2.4053327311885,53.58063281292427],[-2.405337569602509,53.580743802639404]]]},"properties":{"slot_id":"building_type_9","lineage_id":"building_type_9-20261001T200900Z-newstart","page_generation":1,"batch_id":"20261009T020937Z_GM_OS_POST_OFFICES_50","source_entity":"8C211D5E-5770-4A5B-88FA-4A7F30302802","source_reference":"8C211D5E-5770-4A5B-88FA-4A7F30302802","source_dataset":"OS OpenMap Local ImportantBuilding","source_organisation":"Ordnance Survey via Trafford Data Lab","building_evidence_status":"BUILDING_PRESENT","parcel_status":"UNPROCESSED","canonical_parcel_id":null,"building_type":"post_office","building_use":"post_office_as_of_2018_04","poi_accepted":false,"field_evidence":{"footprint":"OS OpenMap Local ImportantBuilding Polygon, Trafford Data Lab published from OS EPSG:27700 to geographic CRS84 and intersects GM local authority; spatial extent and clipped edges require local physical-footprint confirmation","type":"CLASSIFICA=Post Office; BUILDGTHEM=Retail; FEATCODE=15026","use":"Post Office as classified by April 2018 source; not certification of current use","source_id":"8C211D5E-5770-4A5B-88FA-4A7F30302802","source_name":"Unknown","admin_area":"E08000001","processing":"Official Trafford Data Lab published R pre-processing, CLASSIFICA=Post Office"},"source_url":"https://raw.githubusercontent.com/traffordDataLab/open_data/82d7d561d5238d819a956f1c5731317759f20162/post_office/gm_post_offices.geojson","final_url":"https://raw.githubusercontent.com/traffordDataLab/open_data/82d7d561d5238d819a956f1c5731317759f20162/post_office/gm_post_offices.geojson","http_status":null,"http_status_note":"numeric HTTP status not exposed by GitHub connector","access_utc":"2026-10-09T02:09:37.054Z","data_date":"2018-04","licence":"Open Government Licence v3.0; Contains OS data Crown copyright and database right 2018","source_sha256":"c284a4fa9f9f1c7568bd6cdb20c01fdb65f623e888ac91c6fc5921e33d518636","source_sha256_scope":"full source GeoJSON UTF-8 from immutable blob","evidence_slice_sha256":"85cda9e194e43c4db095b546c38dccd2790de05d306da5d165708e7ba1866e13","confidence_score_0_100":86,"evidence_grade":"B","fake_data":false,"local_spatial_join_required":true}},{"type":"Feature","id":"BBF9FA90-2B0A-4C13-81DB-E7207B02AA06","geometry":{"type":"Polygon","coordinates":[[[-2.395387097183408,53.59111173292319],[-2.395476887580148,53.591133367526666],[-2.39545453416188,53.591166338742525],[-2.395364289651631,53.59114461574043],[-2.395387097183408,53.59111173292319]]]},"properties":{"slot_id":"building_type_9","lineage_id":"building_type_9-20261001T200900Z-newstart","page_generation":1,"batch_id":"20261009T020937Z_GM_OS_POST_OFFICES_50","source_entity":"BBF9FA90-2B0A-4C13-81DB-E7207B02AA06","source_reference":"BBF9FA90-2B0A-4C13-81DB-E7207B02AA06","source_dataset":"OS OpenMap Local ImportantBuilding","source_organisation":"Ordnance Survey via Trafford Data Lab","building_evidence_status":"BUILDING_PRESENT","parcel_status":"UNPROCESSED","canonical_parcel_id":null,"building_type":"post_office","building_use":"post_office_as_of_2018_04","poi_accepted":false,"field_evidence":{"footprint":"OS OpenMap Local ImportantBuilding Polygon, Trafford Data Lab published from OS EPSG:27700 to geographic CRS84 and intersects GM local authority; spatial extent and clipped edges require local physical-footprint confirmation","type":"CLASSIFICA=Post Office; BUILDGTHEM=Retail; FEATCODE=15026","use":"Post Office as classified by April 2018 source; not certification of current use","source_id":"BBF9FA90-2B0A-4C13-81DB-E7207B02AA06","source_name":"Unknown","admin_area":"E08000001","processing":"Official Trafford Data Lab published R pre-processing, CLASSIFICA=Post Office"},"source_url":"https://raw.githubusercontent.com/traffordDataLab/open_data/82d7d561d5238d819a956f1c5731317759f20162/post_office/gm_post_offices.geojson","final_url":"https://raw.githubusercontent.com/traffordDataLab/open_data/82d7d561d5238d819a956f1c5731317759f20162/post_office/gm_post_offices.geojson","http_status":null,"http_status_note":"numeric HTTP status not exposed by GitHub connector","access_utc":"2026-10-09T02:09:37.054Z","data_date":"2018-04","licence":"Open Government Licence v3.0; Contains OS data Crown copyright and database right 2018","source_sha256":"c284a4fa9f9f1c7568bd6cdb20c01fdb65f623e888ac91c6fc5921e33d518636","source_sha256_scope":"full source GeoJSON UTF-8 from immutable blob","evidence_slice_sha256":"a0440cf4bc75ee9191ec700c0564105fc7acbf60919da095a8a3c5a79872533f","confidence_score_0_100":86,"evidence_grade":"B","fake_data":false,"local_spatial_join_required":true}},{"type":"Feature","id":"63078DEE-86C0-4069-8522-583074CE0E6C","geometry":{"type":"Polygon","coordinates":[[[-2.421583280507328,53.55263283724071],[-2.421438845327504,53.55275567864357],[-2.421326539183062,53.55270942476499],[-2.421471874773511,53.552586041018415],[-2.421583280507328,53.55263283724071]]]},"properties":{"slot_id":"building_type_9","lineage_id":"building_type_9-20261001T200900Z-newstart","page_generation":1,"batch_id":"20261009T020937Z_GM_OS_POST_OFFICES_50","source_entity":"63078DEE-86C0-4069-8522-583074CE0E6C","source_reference":"63078DEE-86C0-4069-8522-583074CE0E6C","source_dataset":"OS OpenMap Local ImportantBuilding","source_organisation":"Ordnance Survey via Trafford Data Lab","building_evidence_status":"BUILDING_PRESENT","parcel_status":"UNPROCESSED","canonical_parcel_id":null,"building_type":"post_office","building_use":"post_office_as_of_2018_04","poi_accepted":false,"field_evidence":{"footprint":"OS OpenMap Local ImportantBuilding Polygon, Trafford Data Lab published from OS EPSG:27700 to geographic CRS84 and intersects GM local authority; spatial extent and clipped edges require local physical-footprint confirmation","type":"CLASSIFICA=Post Office; BUILDGTHEM=Retail; FEATCODE=15026","use":"Post Office as classified by April 2018 source; not certification of current use","source_id":"63078DEE-86C0-4069-8522-583074CE0E6C","source_name":"Unknown","admin_area":"E08000001","processing":"Official Trafford Data Lab published R pre-processing, CLASSIFICA=Post Office"},"source_url":"https://raw.githubusercontent.com/traffordDataLab/open_data/82d7d561d5238d819a956f1c5731317759f20162/post_office/gm_post_offices.geojson","final_url":"https://raw.githubusercontent.com/traffordDataLab/open_data/82d7d561d5238d819a956f1c5731317759f20162/post_office/gm_post_offices.geojson","http_status":null,"http_status_note":"numeric HTTP status not exposed by GitHub connector","access_utc":"2026-10-09T02:09:37.054Z","data_date":"2018-04","licence":"Open Government Licence v3.0; Contains OS data Crown copyright and database right 2018","source_sha256":"c284a4fa9f9f1c7568bd6cdb20c01fdb65f623e888ac91c6fc5921e33d518636","source_sha256_scope":"full source GeoJSON UTF-8 from immutable blob","evidence_slice_sha256":"97f04e0b03c9bf8b9f3a64fff8cab30240046f8a0d9ea9d9bba38aaac0a9e003","confidence_score_0_100":86,"evidence_grade":"B","fake_data":false,"local_spatial_join_required":true}},{"type":"Feature","id":"51B6D9E0-0C6C-4859-8426-CCD1D9B1D593","geometry":{"type":"Polygon","coordinates":[[[-2.428924060657135,53.56012012053082],[-2.428651342106552,53.56014267085695],[-2.428646927925595,53.56012417060476],[-2.428642249192985,53.56007951509068],[-2.428765801225856,53.56005579209104],[-2.428911491566486,53.56004169699593],[-2.428924060657135,53.56012012053082]]]},"properties":{"slot_id":"building_type_9","lineage_id":"building_type_9-20261001T200900Z-newstart","page_generation":1,"batch_id":"20261009T020937Z_GM_OS_POST_OFFICES_50","source_entity":"51B6D9E0-0C6C-4859-8426-CCD1D9B1D593","source_reference":"51B6D9E0-0C6C-4859-8426-CCD1D9B1D593","source_dataset":"OS OpenMap Local ImportantBuilding","source_organisation":"Ordnance Survey via Trafford Data Lab","building_evidence_status":"BUILDING_PRESENT","parcel_status":"UNPROCESSED","canonical_parcel_id":null,"building_type":"post_office","building_use":"post_office_as_of_2018_04","poi_accepted":false,"field_evidence":{"footprint":"OS OpenMap Local ImportantBuilding Polygon, Trafford Data Lab published from OS EPSG:27700 to geographic CRS84 and intersects GM local authority; spatial extent and clipped edges require local physical-footprint confirmation","type":"CLASSIFICA=Post Office; BUILDGTHEM=Retail; FEATCODE=15026","use":"Post Office as classified by April 2018 source; not certification of current use","source_id":"51B6D9E0-0C6C-4859-8426-CCD1D9B1D593","source_name":"Unknown","admin_area":"E08000001","processing":"Official Trafford Data Lab published R pre-processing, CLASSIFICA=Post Office"},"source_url":"https://raw.githubusercontent.com/traffordDataLab/open_data/82d7d561d5238d819a956f1c5731317759f20162/post_office/gm_post_offices.geojson","final_url":"https://raw.githubusercontent.com/traffordDataLab/open_data/82d7d561d5238d819a956f1c5731317759f20162/post_office/gm_post_offices.geojson","http_status":null,"http_status_note":"numeric HTTP status not exposed by GitHub connector","access_utc":"2026-10-09T02:09:37.054Z","data_date":"2018-04","licence":"Open Government Licence v3.0; Contains OS data Crown copyright and database right 2018","source_sha256":"c284a4fa9f9f1c7568bd6cdb20c01fdb65f623e888ac91c6fc5921e33d518636","source_sha256_scope":"full source GeoJSON UTF-8 from immutable blob","evidence_slice_sha256":"f7992569f184661e6222f2e60785b0e59d4e2b2f6b2e9a215cd08eb05e7e9c96","confidence_score_0_100":86,"evidence_grade":"B","fake_data":false,"local_spatial_join_required":true}},{"type":"Feature","id":"E8F6A30B-784E-417B-AD10-33BC20FFE69E","geometry":{"type":"Polygon","coordinates":[[[-2.416920993531271,53.56267654555817],[-2.416962793284138,53.56270516259098],[-2.416838771987909,53.56277471574212],[-2.416796070849179,53.56274655122798],[-2.416920993531271,53.56267654555817]]]},"properties":{"slot_id":"building_type_9","lineage_id":"building_type_9-20261001T200900Z-newstart","page_generation":1,"batch_id":"20261009T020937Z_GM_OS_POST_OFFICES_50","source_entity":"E8F6A30B-784E-417B-AD10-33BC20FFE69E","source_reference":"E8F6A30B-784E-417B-AD10-33BC20FFE69E","source_dataset":"OS OpenMap Local ImportantBuilding","source_organisation":"Ordnance Survey via Trafford Data Lab","building_evidence_status":"BUILDING_PRESENT","parcel_status":"UNPROCESSED","canonical_parcel_id":null,"building_type":"post_office","building_use":"post_office_as_of_2018_04","poi_accepted":false,"field_evidence":{"footprint":"OS OpenMap Local ImportantBuilding Polygon, Trafford Data Lab published from OS EPSG:27700 to geographic CRS84 and intersects GM local authority; spatial extent and clipped edges require local physical-footprint confirmation","type":"CLASSIFICA=Post Office; BUILDGTHEM=Retail; FEATCODE=15026","use":"Post Office as classified by April 2018 source; not certification of current use","source_id":"E8F6A30B-784E-417B-AD10-33BC20FFE69E","source_name":"Unknown","admin_area":"E08000001","processing":"Official Trafford Data Lab published R pre-processing, CLASSIFICA=Post Office"},"source_url":"https://raw.githubusercontent.com/traffordDataLab/open_data/82d7d561d5238d819a956f1c5731317759f20162/post_office/gm_post_offices.geojson","final_url":"https://raw.githubusercontent.com/traffordDataLab/open_data/82d7d561d5238d819a956f1c5731317759f20162/post_office/gm_post_offices.geojson","http_status":null,"http_status_note":"numeric HTTP status not exposed by GitHub connector","access_utc":"2026-10-09T02:09:37.054Z","data_date":"2018-04","licence":"Open Government Licence v3.0; Contains OS data Crown copyright and database right 2018","source_sha256":"c284a4fa9f9f1c7568bd6cdb20c01fdb65f623e888ac91c6fc5921e33d518636","source_sha256_scope":"full source GeoJSON UTF-8 from immutable blob","evidence_slice_sha256":"d801e1b3a3b52dbf5dcce153e06a41d288cdf27c65de2aa64c87804abd5184c6","confidence_score_0_100":86,"evidence_grade":"B","fake_data":false,"local_spatial_join_required":true}},{"type":"Feature","id":"F1228A64-DBAE-45EA-B957-A6A5AE460FCC","geometry":{"type":"Polygon","coordinates":[[[-2.428592220173839,53.57520812171854],[-2.428487569828782,53.57523860782753],[-2.428373817552051,53.575265081690624],[-2.428312185195543,53.575188811499096],[-2.42852879989295,53.57513428490512],[-2.428589922216334,53.57520489414414],[-2.428592220173839,53.57520812171854]]]},"properties":{"slot_id":"building_type_9","lineage_id":"building_type_9-20261001T200900Z-newstart","page_generation":1,"batch_id":"20261009T020937Z_GM_OS_POST_OFFICES_50","source_entity":"F1228A64-DBAE-45EA-B957-A6A5AE460FCC","source_reference":"F1228A64-DBAE-45EA-B957-A6A5AE460FCC","source_dataset":"OS OpenMap Local ImportantBuilding","source_organisation":"Ordnance Survey via Trafford Data Lab","building_evidence_status":"BUILDING_PRESENT","parcel_status":"UNPROCESSED","canonical_parcel_id":null,"building_type":"post_office","building_use":"post_office_as_of_2018_04","poi_accepted":false,"field_evidence":{"footprint":"OS OpenMap Local ImportantBuilding Polygon, Trafford Data Lab published from OS EPSG:27700 to geographic CRS84 and intersects GM local authority; spatial extent and clipped edges require local physical-footprint confirmation","type":"CLASSIFICA=Post Office; BUILDGTHEM=Retail; FEATCODE=15026","use":"Post Office as classified by April 2018 source; not certification of current use","source_id":"F1228A64-DBAE-45EA-B957-A6A5AE460FCC","source_name":"Unknown","admin_area":"E08000001","processing":"Official Trafford Data Lab published R pre-processing, CLASSIFICA=Post Office"},"source_url":"https://raw.githubusercontent.com/traffordDataLab/open_data/82d7d561d5238d819a956f1c5731317759f20162/post_office/gm_post_offices.geojson","final_url":"https://raw.githubusercontent.com/traffordDataLab/open_data/82d7d561d5238d819a956f1c5731317759f20162/post_office/gm_post_offices.geojson","http_status":null,"http_status_note":"numeric HTTP status not exposed by GitHub connector","access_utc":"2026-10-09T02:09:37.054Z","data_date":"2018-04","licence":"Open Government Licence v3.0; Contains OS data Crown copyright and database right 2018","source_sha256":"c284a4fa9f9f1c7568bd6cdb20c01fdb65f623e888ac91c6fc5921e33d518636","source_sha256_scope":"full source GeoJSON UTF-8 from immutable blob","evidence_slice_sha256":"05a20603f029ab1abf590716bff25495c650918ac298af738e3d05c1dd814629","confidence_score_0_100":86,"evidence_grade":"B","fake_data":false,"local_spatial_join_required":true}},{"type":"Feature","id":"F7C75D56-F423-4E74-8C23-1319E742754E","geometry":{"type":"Polygon","coordinates":[[[-2.427690005702957,53.54672535708833],[-2.427732991821392,53.546603140684354],[-2.427897693270428,53.54662304475243],[-2.427854561229002,53.546745711158685],[-2.427690005702957,53.54672535708833]]]},"properties":{"slot_id":"building_type_9","lineage_id":"building_type_9-20261001T200900Z-newstart","page_generation":1,"batch_id":"20261009T020937Z_GM_OS_POST_OFFICES_50","source_entity":"F7C75D56-F423-4E74-8C23-1319E742754E","source_reference":"F7C75D56-F423-4E74-8C23-1319E742754E","source_dataset":"OS OpenMap Local ImportantBuilding","source_organisation":"Ordnance Survey via Trafford Data Lab","building_evidence_status":"BUILDING_PRESENT","parcel_status":"UNPROCESSED","canonical_parcel_id":null,"building_type":"post_office","building_use":"post_office_as_of_2018_04","poi_accepted":false,"field_evidence":{"footprint":"OS OpenMap Local ImportantBuilding Polygon, Trafford Data Lab published from OS EPSG:27700 to geographic CRS84 and intersects GM local authority; spatial extent and clipped edges require local physical-footprint confirmation","type":"CLASSIFICA=Post Office; BUILDGTHEM=Retail; FEATCODE=15026","use":"Post Office as classified by April 2018 source; not certification of current use","source_id":"F7C75D56-F423-4E74-8C23-1319E742754E","source_name":"Unknown","admin_area":"E08000001","processing":"Official Trafford Data Lab published R pre-processing, CLASSIFICA=Post Office"},"source_url":"https://raw.githubusercontent.com/traffordDataLab/open_data/82d7d561d5238d819a956f1c5731317759f20162/post_office/gm_post_offices.geojson","final_url":"https://raw.githubusercontent.com/traffordDataLab/open_data/82d7d561d5238d819a956f1c5731317759f20162/post_office/gm_post_offices.geojson","http_status":null,"http_status_note":"numeric HTTP status not exposed by GitHub connector","access_utc":"2026-10-09T02:09:37.054Z","data_date":"2018-04","licence":"Open Government Licence v3.0; Contains OS data Crown copyright and database right 2018","source_sha256":"c284a4fa9f9f1c7568bd6cdb20c01fdb65f623e888ac91c6fc5921e33d518636","source_sha256_scope":"full source GeoJSON UTF-8 from immutable blob","evidence_slice_sha256":"493f433521467e90205e64afa3cbb78f8f62efa44f8c0232cee62a4c84bc602f","confidence_score_0_100":86,"evidence_grade":"B","fake_data":false,"local_spatial_join_required":true}},{"type":"Feature","id":"7B981B60-2A6A-4B19-A229-4FB209BB20CF","geometry":{"type":"Polygon","coordinates":[[[-2.41683271783771,53.54879050844817],[-2.416839322820492,53.548909671615746],[-2.416760652544973,53.54892118144291],[-2.41671885362146,53.54892195636406],[-2.416712451137051,53.54880800575744],[-2.41683271783771,53.54879050844817]]]},"properties":{"slot_id":"building_type_9","lineage_id":"building_type_9-20261001T200900Z-newstart","page_generation":1,"batch_id":"20261009T020937Z_GM_OS_POST_OFFICES_50","source_entity":"7B981B60-2A6A-4B19-A229-4FB209BB20CF","source_reference":"7B981B60-2A6A-4B19-A229-4FB209BB20CF","source_dataset":"OS OpenMap Local ImportantBuilding","source_organisation":"Ordnance Survey via Trafford Data Lab","building_evidence_status":"BUILDING_PRESENT","parcel_status":"UNPROCESSED","canonical_parcel_id":null,"building_type":"post_office","building_use":"post_office_as_of_2018_04","poi_accepted":false,"field_evidence":{"footprint":"OS OpenMap Local ImportantBuilding Polygon, Trafford Data Lab published from OS EPSG:27700 to geographic CRS84 and intersects GM local authority; spatial extent and clipped edges require local physical-footprint confirmation","type":"CLASSIFICA=Post Office; BUILDGTHEM=Retail; FEATCODE=15026","use":"Post Office as classified by April 2018 source; not certification of current use","source_id":"7B981B60-2A6A-4B19-A229-4FB209BB20CF","source_name":"Unknown","admin_area":"E08000001","processing":"Official Trafford Data Lab published R pre-processing, CLASSIFICA=Post Office"},"source_url":"https://raw.githubusercontent.com/traffordDataLab/open_data/82d7d561d5238d819a956f1c5731317759f20162/post_office/gm_post_offices.geojson","final_url":"https://raw.githubusercontent.com/traffordDataLab/open_data/82d7d561d5238d819a956f1c5731317759f20162/post_office/gm_post_offices.geojson","http_status":null,"http_status_note":"numeric HTTP status not exposed by GitHub connector","access_utc":"2026-10-09T02:09:37.054Z","data_date":"2018-04","licence":"Open Government Licence v3.0; Contains OS data Crown copyright and database right 2018","source_sha256":"c284a4fa9f9f1c7568bd6cdb20c01fdb65f623e888ac91c6fc5921e33d518636","source_sha256_scope":"full source GeoJSON UTF-8 from immutable blob","evidence_slice_sha256":"1c18b046e31697b317c1b11ecba071b7006e565f9f15340d0e914f098ed53fce","confidence_score_0_100":86,"evidence_grade":"B","fake_data":false,"local_spatial_join_required":true}},{"type":"Feature","id":"183E2197-14BB-46F7-B57F-F8E2715AC630","geometry":{"type":"Polygon","coordinates":[[[-2.411705584421704,53.54336256414489],[-2.411736404425217,53.54327293343395],[-2.41195291009679,53.54329942227316],[-2.411922090531988,53.54338905303866],[-2.411705584421704,53.54336256414489]]]},"properties":{"slot_id":"building_type_9","lineage_id":"building_type_9-20261001T200900Z-newstart","page_generation":1,"batch_id":"20261009T020937Z_GM_OS_POST_OFFICES_50","source_entity":"183E2197-14BB-46F7-B57F-F8E2715AC630","source_reference":"183E2197-14BB-46F7-B57F-F8E2715AC630","source_dataset":"OS OpenMap Local ImportantBuilding","source_organisation":"Ordnance Survey via Trafford Data Lab","building_evidence_status":"BUILDING_PRESENT","parcel_status":"UNPROCESSED","canonical_parcel_id":null,"building_type":"post_office","building_use":"post_office_as_of_2018_04","poi_accepted":false,"field_evidence":{"footprint":"OS OpenMap Local ImportantBuilding Polygon, Trafford Data Lab published from OS EPSG:27700 to geographic CRS84 and intersects GM local authority; spatial extent and clipped edges require local physical-footprint confirmation","type":"CLASSIFICA=Post Office; BUILDGTHEM=Retail; FEATCODE=15026","use":"Post Office as classified by April 2018 source; not certification of current use","source_id":"183E2197-14BB-46F7-B57F-F8E2715AC630","source_name":"Unknown","admin_area":"E08000001","processing":"Official Trafford Data Lab published R pre-processing, CLASSIFICA=Post Office"},"source_url":"https://raw.githubusercontent.com/traffordDataLab/open_data/82d7d561d5238d819a956f1c5731317759f20162/post_office/gm_post_offices.geojson","final_url":"https://raw.githubusercontent.com/traffordDataLab/open_data/82d7d561d5238d819a956f1c5731317759f20162/post_office/gm_post_offices.geojson","http_status":null,"http_status_note":"numeric HTTP status not exposed by GitHub connector","access_utc":"2026-10-09T02:09:37.054Z","data_date":"2018-04","licence":"Open Government Licence v3.0; Contains OS data Crown copyright and database right 2018","source_sha256":"c284a4fa9f9f1c7568bd6cdb20c01fdb65f623e888ac91c6fc5921e33d518636","source_sha256_scope":"full source GeoJSON UTF-8 from immutable blob","evidence_slice_sha256":"1011de4c8150bc271188f874d72a335c088784c7a3cd233fe190df80a663de65","confidence_score_0_100":86,"evidence_grade":"B","fake_data":false,"local_spatial_join_required":true}},{"type":"Feature","id":"07B88B91-0B24-4EED-A2F5-BF597A4CE3C2","geometry":{"type":"Polygon","coordinates":[[[-2.432970228263596,53.57927989665018],[-2.432534264586841,53.57939050331369],[-2.43243100245315,53.57924706303584],[-2.433066273439599,53.57908665859655],[-2.433230708017903,53.57937791501464],[-2.433047601959,53.57941713837479],[-2.432970228263596,53.57927989665018]]]},"properties":{"slot_id":"building_type_9","lineage_id":"building_type_9-20261001T200900Z-newstart","page_generation":1,"batch_id":"20261009T020937Z_GM_OS_POST_OFFICES_50","source_entity":"07B88B91-0B24-4EED-A2F5-BF597A4CE3C2","source_reference":"07B88B91-0B24-4EED-A2F5-BF597A4CE3C2","source_dataset":"OS OpenMap Local ImportantBuilding","source_organisation":"Ordnance Survey via Trafford Data Lab","building_evidence_status":"BUILDING_PRESENT","parcel_status":"UNPROCESSED","canonical_parcel_id":null,"building_type":"post_office","building_use":"post_office_as_of_2018_04","poi_accepted":false,"field_evidence":{"footprint":"OS OpenMap Local ImportantBuilding Polygon, Trafford Data Lab published from OS EPSG:27700 to geographic CRS84 and intersects GM local authority; spatial extent and clipped edges require local physical-footprint confirmation","type":"CLASSIFICA=Post Office; BUILDGTHEM=Retail; FEATCODE=15026","use":"Post Office as classified by April 2018 source; not certification of current use","source_id":"07B88B91-0B24-4EED-A2F5-BF597A4CE3C2","source_name":"Unknown","admin_area":"E08000001","processing":"Official Trafford Data Lab published R pre-processing, CLASSIFICA=Post Office"},"source_url":"https://raw.githubusercontent.com/traffordDataLab/open_data/82d7d561d5238d819a956f1c5731317759f20162/post_office/gm_post_offices.geojson","final_url":"https://raw.githubusercontent.com/traffordDataLab/open_data/82d7d561d5238d819a956f1c5731317759f20162/post_office/gm_post_offices.geojson","http_status":null,"http_status_note":"numeric HTTP status not exposed by GitHub connector","access_utc":"2026-10-09T02:09:37.054Z","data_date":"2018-04","licence":"Open Government Licence v3.0; Contains OS data Crown copyright and database right 2018","source_sha256":"c284a4fa9f9f1c7568bd6cdb20c01fdb65f623e888ac91c6fc5921e33d518636","source_sha256_scope":"full source GeoJSON UTF-8 from immutable blob","evidence_slice_sha256":"f27cf0c63849e5afb78c24d5b15538c311d07712e4ba933e80c2fa03e304a884","confidence_score_0_100":86,"evidence_grade":"B","fake_data":false,"local_spatial_join_required":true}},{"type":"Feature","id":"A9C685AE-1769-4A09-9F33-2A0D6842CB11","geometry":{"type":"Polygon","coordinates":[[[-2.417414971159889,53.578290764569765],[-2.417357183295388,53.57826588878],[-2.417477035201574,53.57816722762217],[-2.417537698682866,53.578192722497505],[-2.417523915134179,53.57820400607678],[-2.417414971159889,53.578290764569765]]]},"properties":{"slot_id":"building_type_9","lineage_id":"building_type_9-20261001T200900Z-newstart","page_generation":1,"batch_id":"20261009T020937Z_GM_OS_POST_OFFICES_50","source_entity":"A9C685AE-1769-4A09-9F33-2A0D6842CB11","source_reference":"A9C685AE-1769-4A09-9F33-2A0D6842CB11","source_dataset":"OS OpenMap Local ImportantBuilding","source_organisation":"Ordnance Survey via Trafford Data Lab","building_evidence_status":"BUILDING_PRESENT","parcel_status":"UNPROCESSED","canonical_parcel_id":null,"building_type":"post_office","building_use":"post_office_as_of_2018_04","poi_accepted":false,"field_evidence":{"footprint":"OS OpenMap Local ImportantBuilding Polygon, Trafford Data Lab published from OS EPSG:27700 to geographic CRS84 and intersects GM local authority; spatial extent and clipped edges require local physical-footprint confirmation","type":"CLASSIFICA=Post Office; BUILDGTHEM=Retail; FEATCODE=15026","use":"Post Office as classified by April 2018 source; not certification of current use","source_id":"A9C685AE-1769-4A09-9F33-2A0D6842CB11","source_name":"Unknown","admin_area":"E08000001","processing":"Official Trafford Data Lab published R pre-processing, CLASSIFICA=Post Office"},"source_url":"https://raw.githubusercontent.com/traffordDataLab/open_data/82d7d561d5238d819a956f1c5731317759f20162/post_office/gm_post_offices.geojson","final_url":"https://raw.githubusercontent.com/traffordDataLab/open_data/82d7d561d5238d819a956f1c5731317759f20162/post_office/gm_post_offices.geojson","http_status":null,"http_status_note":"numeric HTTP status not exposed by GitHub connector","access_utc":"2026-10-09T02:09:37.054Z","data_date":"2018-04","licence":"Open Government Licence v3.0; Contains OS data Crown copyright and database right 2018","source_sha256":"c284a4fa9f9f1c7568bd6cdb20c01fdb65f623e888ac91c6fc5921e33d518636","source_sha256_scope":"full source GeoJSON UTF-8 from immutable blob","evidence_slice_sha256":"f1e03973c54d56a43f5e95909dc3d9d2f2c2211b7f6288a662c34da220f1b3a4","confidence_score_0_100":86,"evidence_grade":"B","fake_data":false,"local_spatial_join_required":true}},{"type":"Feature","id":"BD8B6045-CD14-4478-975F-58DCE1EEEA51","geometry":{"type":"Polygon","coordinates":[[[-2.432624487336663,53.60300264385296],[-2.432659892900277,53.60300692005765],[-2.432659891062119,53.60300674029779],[-2.43279999121998,53.60302277192081],[-2.432788418241086,53.60305849745037],[-2.432612623133023,53.60306902060765],[-2.432624487336663,53.60300264385296]]]},"properties":{"slot_id":"building_type_9","lineage_id":"building_type_9-20261001T200900Z-newstart","page_generation":1,"batch_id":"20261009T020937Z_GM_OS_POST_OFFICES_50","source_entity":"BD8B6045-CD14-4478-975F-58DCE1EEEA51","source_reference":"BD8B6045-CD14-4478-975F-58DCE1EEEA51","source_dataset":"OS OpenMap Local ImportantBuilding","source_organisation":"Ordnance Survey via Trafford Data Lab","building_evidence_status":"BUILDING_PRESENT","parcel_status":"UNPROCESSED","canonical_parcel_id":null,"building_type":"post_office","building_use":"post_office_as_of_2018_04","poi_accepted":false,"field_evidence":{"footprint":"OS OpenMap Local ImportantBuilding Polygon, Trafford Data Lab published from OS EPSG:27700 to geographic CRS84 and intersects GM local authority; spatial extent and clipped edges require local physical-footprint confirmation","type":"CLASSIFICA=Post Office; BUILDGTHEM=Retail; FEATCODE=15026","use":"Post Office as classified by April 2018 source; not certification of current use","source_id":"BD8B6045-CD14-4478-975F-58DCE1EEEA51","source_name":"Unknown","admin_area":"E08000001","processing":"Official Trafford Data Lab published R pre-processing, CLASSIFICA=Post Office"},"source_url":"https://raw.githubusercontent.com/traffordDataLab/open_data/82d7d561d5238d819a956f1c5731317759f20162/post_office/gm_post_offices.geojson","final_url":"https://raw.githubusercontent.com/traffordDataLab/open_data/82d7d561d5238d819a956f1c5731317759f20162/post_office/gm_post_offices.geojson","http_status":null,"http_status_note":"numeric HTTP status not exposed by GitHub connector","access_utc":"2026-10-09T02:09:37.054Z","data_date":"2018-04","licence":"Open Government Licence v3.0; Contains OS data Crown copyright and database right 2018","source_sha256":"c284a4fa9f9f1c7568bd6cdb20c01fdb65f623e888ac91c6fc5921e33d518636","source_sha256_scope":"full source GeoJSON UTF-8 from immutable blob","evidence_slice_sha256":"3d1319a9633f4906083c5024739c8c56c62ce671167f5c6a90290b3cabbf1a17","confidence_score_0_100":86,"evidence_grade":"B","fake_data":false,"local_spatial_join_required":true}},{"type":"Feature","id":"35F615B0-03A7-4A0E-A4DC-9704158AAA67","geometry":{"type":"Polygon","coordinates":[[[-2.441629287931568,53.60455886903896],[-2.441630794790272,53.60448605803327],[-2.441734334410983,53.60448792275903],[-2.441794725445708,53.60452572032287],[-2.441702336413137,53.60457864325987],[-2.441670845586168,53.60455871558438],[-2.441629287931568,53.60455886903896]]]},"properties":{"slot_id":"building_type_9","lineage_id":"building_type_9-20261001T200900Z-newstart","page_generation":1,"batch_id":"20261009T020937Z_GM_OS_POST_OFFICES_50","source_entity":"35F615B0-03A7-4A0E-A4DC-9704158AAA67","source_reference":"35F615B0-03A7-4A0E-A4DC-9704158AAA67","source_dataset":"OS OpenMap Local ImportantBuilding","source_organisation":"Ordnance Survey via Trafford Data Lab","building_evidence_status":"BUILDING_PRESENT","parcel_status":"UNPROCESSED","canonical_parcel_id":null,"building_type":"post_office","building_use":"post_office_as_of_2018_04","poi_accepted":false,"field_evidence":{"footprint":"OS OpenMap Local ImportantBuilding Polygon, Trafford Data Lab published from OS EPSG:27700 to geographic CRS84 and intersects GM local authority; spatial extent and clipped edges require local physical-footprint confirmation","type":"CLASSIFICA=Post Office; BUILDGTHEM=Retail; FEATCODE=15026","use":"Post Office as classified by April 2018 source; not certification of current use","source_id":"35F615B0-03A7-4A0E-A4DC-9704158AAA67","source_name":"Unknown","admin_area":"E08000001","processing":"Official Trafford Data Lab published R pre-processing, CLASSIFICA=Post Office"},"source_url":"https://raw.githubusercontent.com/traffordDataLab/open_data/82d7d561d5238d819a956f1c5731317759f20162/post_office/gm_post_offices.geojson","final_url":"https://raw.githubusercontent.com/traffordDataLab/open_data/82d7d561d5238d819a956f1c5731317759f20162/post_office/gm_post_offices.geojson","http_status":null,"http_status_note":"numeric HTTP status not exposed by GitHub connector","access_utc":"2026-10-09T02:09:37.054Z","data_date":"2018-04","licence":"Open Government Licence v3.0; Contains OS data Crown copyright and database right 2018","source_sha256":"c284a4fa9f9f1c7568bd6cdb20c01fdb65f623e888ac91c6fc5921e33d518636","source_sha256_scope":"full source GeoJSON UTF-8 from immutable blob","evidence_slice_sha256":"6bb39c67cce6d81912d85bdc415955197f35fa56ef8a733fabe6d00147e4c086","confidence_score_0_100":86,"evidence_grade":"B","fake_data":false,"local_spatial_join_required":true}},{"type":"Feature","id":"ECAC3760-B4C8-4B77-BE5D-78BBA587D6E7","geometry":{"type":"Polygon","coordinates":[[[-2.419136551319429,53.61526992220142],[-2.418952226786305,53.615431997842144],[-2.418438656428284,53.615226435390646],[-2.418625982933809,53.61506210295522],[-2.419136551319429,53.61526992220142]]]},"properties":{"slot_id":"building_type_9","lineage_id":"building_type_9-20261001T200900Z-newstart","page_generation":1,"batch_id":"20261009T020937Z_GM_OS_POST_OFFICES_50","source_entity":"ECAC3760-B4C8-4B77-BE5D-78BBA587D6E7","source_reference":"ECAC3760-B4C8-4B77-BE5D-78BBA587D6E7","source_dataset":"OS OpenMap Local ImportantBuilding","source_organisation":"Ordnance Survey via Trafford Data Lab","building_evidence_status":"BUILDING_PRESENT","parcel_status":"UNPROCESSED","canonical_parcel_id":null,"building_type":"post_office","building_use":"post_office_as_of_2018_04","poi_accepted":false,"field_evidence":{"footprint":"OS OpenMap Local ImportantBuilding Polygon, Trafford Data Lab published from OS EPSG:27700 to geographic CRS84 and intersects GM local authority; spatial extent and clipped edges require local physical-footprint confirmation","type":"CLASSIFICA=Post Office; BUILDGTHEM=Retail; FEATCODE=15026","use":"Post Office as classified by April 2018 source; not certification of current use","source_id":"ECAC3760-B4C8-4B77-BE5D-78BBA587D6E7","source_name":"Unknown","admin_area":"E08000001","processing":"Official Trafford Data Lab published R pre-processing, CLASSIFICA=Post Office"},"source_url":"https://raw.githubusercontent.com/traffordDataLab/open_data/82d7d561d5238d819a956f1c5731317759f20162/post_office/gm_post_offices.geojson","final_url":"https://raw.githubusercontent.com/traffordDataLab/open_data/82d7d561d5238d819a956f1c5731317759f20162/post_office/gm_post_offices.geojson","http_status":null,"http_status_note":"numeric HTTP status not exposed by GitHub connector","access_utc":"2026-10-09T02:09:37.054Z","data_date":"2018-04","licence":"Open Government Licence v3.0; Contains OS data Crown copyright and database right 2018","source_sha256":"c284a4fa9f9f1c7568bd6cdb20c01fdb65f623e888ac91c6fc5921e33d518636","source_sha256_scope":"full source GeoJSON UTF-8 from immutable blob","evidence_slice_sha256":"a4977ca40e3b2eef476482dce3f93717e436473263077f6deb10d68e18b3679c","confidence_score_0_100":86,"evidence_grade":"B","fake_data":false,"local_spatial_join_required":true}},{"type":"Feature","id":"764080F5-3E48-4841-9AC8-52FE126C3A10","geometry":{"type":"Polygon","coordinates":[[[-2.444305195994988,53.573088382872676],[-2.444304742975605,53.573088384556115],[-2.444282636634955,53.57292442886773],[-2.444358859715744,53.572920819911246],[-2.444380957862827,53.5730839666629],[-2.444305195994988,53.573088382872676]]]},"properties":{"slot_id":"building_type_9","lineage_id":"building_type_9-20261001T200900Z-newstart","page_generation":1,"batch_id":"20261009T020937Z_GM_OS_POST_OFFICES_50","source_entity":"764080F5-3E48-4841-9AC8-52FE126C3A10","source_reference":"764080F5-3E48-4841-9AC8-52FE126C3A10","source_dataset":"OS OpenMap Local ImportantBuilding","source_organisation":"Ordnance Survey via Trafford Data Lab","building_evidence_status":"BUILDING_PRESENT","parcel_status":"UNPROCESSED","canonical_parcel_id":null,"building_type":"post_office","building_use":"post_office_as_of_2018_04","poi_accepted":false,"field_evidence":{"footprint":"OS OpenMap Local ImportantBuilding Polygon, Trafford Data Lab published from OS EPSG:27700 to geographic CRS84 and intersects GM local authority; spatial extent and clipped edges require local physical-footprint confirmation","type":"CLASSIFICA=Post Office; BUILDGTHEM=Retail; FEATCODE=15026","use":"Post Office as classified by April 2018 source; not certification of current use","source_id":"764080F5-3E48-4841-9AC8-52FE126C3A10","source_name":"Unknown","admin_area":"E08000001","processing":"Official Trafford Data Lab published R pre-processing, CLASSIFICA=Post Office"},"source_url":"https://raw.githubusercontent.com/traffordDataLab/open_data/82d7d561d5238d819a956f1c5731317759f20162/post_office/gm_post_offices.geojson","final_url":"https://raw.githubusercontent.com/traffordDataLab/open_data/82d7d561d5238d819a956f1c5731317759f20162/post_office/gm_post_offices.geojson","http_status":null,"http_status_note":"numeric HTTP status not exposed by GitHub connector","access_utc":"2026-10-09T02:09:37.054Z","data_date":"2018-04","licence":"Open Government Licence v3.0; Contains OS data Crown copyright and database right 2018","source_sha256":"c284a4fa9f9f1c7568bd6cdb20c01fdb65f623e888ac91c6fc5921e33d518636","source_sha256_scope":"full source GeoJSON UTF-8 from immutable blob","evidence_slice_sha256":"e1e9459587e6ba6d9be4b854a4a4d52364791fcd288378fae728a1b9e63fea50","confidence_score_0_100":86,"evidence_grade":"B","fake_data":false,"local_spatial_join_required":true}},{"type":"Feature","id":"CFB6E8B1-6447-482C-A5A8-DA6F5E8FFB2B","geometry":{"type":"Polygon","coordinates":[[[-2.448131928972627,53.58485686168621],[-2.448098833973274,53.584841256079905],[-2.448249879312749,53.58472626817796],[-2.448304527763208,53.58475168013517],[-2.448153332385234,53.58486675855159],[-2.448131928972627,53.58485686168621]]]},"properties":{"slot_id":"building_type_9","lineage_id":"building_type_9-20261001T200900Z-newstart","page_generation":1,"batch_id":"20261009T020937Z_GM_OS_POST_OFFICES_50","source_entity":"CFB6E8B1-6447-482C-A5A8-DA6F5E8FFB2B","source_reference":"CFB6E8B1-6447-482C-A5A8-DA6F5E8FFB2B","source_dataset":"OS OpenMap Local ImportantBuilding","source_organisation":"Ordnance Survey via Trafford Data Lab","building_evidence_status":"BUILDING_PRESENT","parcel_status":"UNPROCESSED","canonical_parcel_id":null,"building_type":"post_office","building_use":"post_office_as_of_2018_04","poi_accepted":false,"field_evidence":{"footprint":"OS OpenMap Local ImportantBuilding Polygon, Trafford Data Lab published from OS EPSG:27700 to geographic CRS84 and intersects GM local authority; spatial extent and clipped edges require local physical-footprint confirmation","type":"CLASSIFICA=Post Office; BUILDGTHEM=Retail; FEATCODE=15026","use":"Post Office as classified by April 2018 source; not certification of current use","source_id":"CFB6E8B1-6447-482C-A5A8-DA6F5E8FFB2B","source_name":"Unknown","admin_area":"E08000001","processing":"Official Trafford Data Lab published R pre-processing, CLASSIFICA=Post Office"},"source_url":"https://raw.githubusercontent.com/traffordDataLab/open_data/82d7d561d5238d819a956f1c5731317759f20162/post_office/gm_post_offices.geojson","final_url":"https://raw.githubusercontent.com/traffordDataLab/open_data/82d7d561d5238d819a956f1c5731317759f20162/post_office/gm_post_offices.geojson","http_status":null,"http_status_note":"numeric HTTP status not exposed by GitHub connector","access_utc":"2026-10-09T02:09:37.054Z","data_date":"2018-04","licence":"Open Government Licence v3.0; Contains OS data Crown copyright and database right 2018","source_sha256":"c284a4fa9f9f1c7568bd6cdb20c01fdb65f623e888ac91c6fc5921e33d518636","source_sha256_scope":"full source GeoJSON UTF-8 from immutable blob","evidence_slice_sha256":"21327cfd48314c5cec8e80023c27a5af4f7344cde204f4f9059ced53db574aad","confidence_score_0_100":86,"evidence_grade":"B","fake_data":false,"local_spatial_join_required":true}},{"type":"Feature","id":"9181F58D-A152-49E6-8FCE-407E912BEACB","geometry":{"type":"Polygon","coordinates":[[[-2.441163563857477,53.561316696538974],[-2.441359780387868,53.56131237693482],[-2.441362503559823,53.56135640999698],[-2.441165682966967,53.56136073183436],[-2.441163563857477,53.561316696538974]]]},"properties":{"slot_id":"building_type_9","lineage_id":"building_type_9-20261001T200900Z-newstart","page_generation":1,"batch_id":"20261009T020937Z_GM_OS_POST_OFFICES_50","source_entity":"9181F58D-A152-49E6-8FCE-407E912BEACB","source_reference":"9181F58D-A152-49E6-8FCE-407E912BEACB","source_dataset":"OS OpenMap Local ImportantBuilding","source_organisation":"Ordnance Survey via Trafford Data Lab","building_evidence_status":"BUILDING_PRESENT","parcel_status":"UNPROCESSED","canonical_parcel_id":null,"building_type":"post_office","building_use":"post_office_as_of_2018_04","poi_accepted":false,"field_evidence":{"footprint":"OS OpenMap Local ImportantBuilding Polygon, Trafford Data Lab published from OS EPSG:27700 to geographic CRS84 and intersects GM local authority; spatial extent and clipped edges require local physical-footprint confirmation","type":"CLASSIFICA=Post Office; BUILDGTHEM=Retail; FEATCODE=15026","use":"Post Office as classified by April 2018 source; not certification of current use","source_id":"9181F58D-A152-49E6-8FCE-407E912BEACB","source_name":"Unknown","admin_area":"E08000001","processing":"Official Trafford Data Lab published R pre-processing, CLASSIFICA=Post Office"},"source_url":"https://raw.githubusercontent.com/traffordDataLab/open_data/82d7d561d5238d819a956f1c5731317759f20162/post_office/gm_post_offices.geojson","final_url":"https://raw.githubusercontent.com/traffordDataLab/open_data/82d7d561d5238d819a956f1c5731317759f20162/post_office/gm_post_offices.geojson","http_status":null,"http_status_note":"numeric HTTP status not exposed by GitHub connector","access_utc":"2026-10-09T02:09:37.054Z","data_date":"2018-04","licence":"Open Government Licence v3.0; Contains OS data Crown copyright and database right 2018","source_sha256":"c284a4fa9f9f1c7568bd6cdb20c01fdb65f623e888ac91c6fc5921e33d518636","source_sha256_scope":"full source GeoJSON UTF-8 from immutable blob","evidence_slice_sha256":"e058e8de6d9fc61e288b7bb169676a883b573fc5c74a6d2599d92d0c72fa38f0","confidence_score_0_100":86,"evidence_grade":"B","fake_data":false,"local_spatial_join_required":true}},{"type":"Feature","id":"5319125D-CD6A-4C56-AF35-2BA932F0EE87","geometry":{"type":"Polygon","coordinates":[[[-2.446667022450549,53.565597564835706],[-2.4467044278308,53.56557953819126],[-2.446842747046996,53.5656813091345],[-2.446799338449256,53.56570277384393],[-2.446660713517131,53.565600644457604],[-2.446667022450549,53.565597564835706]]]},"properties":{"slot_id":"building_type_9","lineage_id":"building_type_9-20261001T200900Z-newstart","page_generation":1,"batch_id":"20261009T020937Z_GM_OS_POST_OFFICES_50","source_entity":"5319125D-CD6A-4C56-AF35-2BA932F0EE87","source_reference":"5319125D-CD6A-4C56-AF35-2BA932F0EE87","source_dataset":"OS OpenMap Local ImportantBuilding","source_organisation":"Ordnance Survey via Trafford Data Lab","building_evidence_status":"BUILDING_PRESENT","parcel_status":"UNPROCESSED","canonical_parcel_id":null,"building_type":"post_office","building_use":"post_office_as_of_2018_04","poi_accepted":false,"field_evidence":{"footprint":"OS OpenMap Local ImportantBuilding Polygon, Trafford Data Lab published from OS EPSG:27700 to geographic CRS84 and intersects GM local authority; spatial extent and clipped edges require local physical-footprint confirmation","type":"CLASSIFICA=Post Office; BUILDGTHEM=Retail; FEATCODE=15026","use":"Post Office as classified by April 2018 source; not certification of current use","source_id":"5319125D-CD6A-4C56-AF35-2BA932F0EE87","source_name":"Unknown","admin_area":"E08000001","processing":"Official Trafford Data Lab published R pre-processing, CLASSIFICA=Post Office"},"source_url":"https://raw.githubusercontent.com/traffordDataLab/open_data/82d7d561d5238d819a956f1c5731317759f20162/post_office/gm_post_offices.geojson","final_url":"https://raw.githubusercontent.com/traffordDataLab/open_data/82d7d561d5238d819a956f1c5731317759f20162/post_office/gm_post_offices.geojson","http_status":null,"http_status_note":"numeric HTTP status not exposed by GitHub connector","access_utc":"2026-10-09T02:09:37.054Z","data_date":"2018-04","licence":"Open Government Licence v3.0; Contains OS data Crown copyright and database right 2018","source_sha256":"c284a4fa9f9f1c7568bd6cdb20c01fdb65f623e888ac91c6fc5921e33d518636","source_sha256_scope":"full source GeoJSON UTF-8 from immutable blob","evidence_slice_sha256":"8dcf2ea84e9c4922346939578ca1665524f3821a4b60894f7f5cd869f969dd82","confidence_score_0_100":86,"evidence_grade":"B","fake_data":false,"local_spatial_join_required":true}},{"type":"Feature","id":"FC566A20-16E7-47A3-9FB0-F9FEBF216C70","geometry":{"type":"Polygon","coordinates":[[[-2.445421716465923,53.56597325147888],[-2.445316285436121,53.565811224105225],[-2.445433771489754,53.56578427070004],[-2.445524624373194,53.565923971218076],[-2.445421716465923,53.56597325147888]]]},"properties":{"slot_id":"building_type_9","lineage_id":"building_type_9-20261001T200900Z-newstart","page_generation":1,"batch_id":"20261009T020937Z_GM_OS_POST_OFFICES_50","source_entity":"FC566A20-16E7-47A3-9FB0-F9FEBF216C70","source_reference":"FC566A20-16E7-47A3-9FB0-F9FEBF216C70","source_dataset":"OS OpenMap Local ImportantBuilding","source_organisation":"Ordnance Survey via Trafford Data Lab","building_evidence_status":"BUILDING_PRESENT","parcel_status":"UNPROCESSED","canonical_parcel_id":null,"building_type":"post_office","building_use":"post_office_as_of_2018_04","poi_accepted":false,"field_evidence":{"footprint":"OS OpenMap Local ImportantBuilding Polygon, Trafford Data Lab published from OS EPSG:27700 to geographic CRS84 and intersects GM local authority; spatial extent and clipped edges require local physical-footprint confirmation","type":"CLASSIFICA=Post Office; BUILDGTHEM=Retail; FEATCODE=15026","use":"Post Office as classified by April 2018 source; not certification of current use","source_id":"FC566A20-16E7-47A3-9FB0-F9FEBF216C70","source_name":"Unknown","admin_area":"E08000001","processing":"Official Trafford Data Lab published R pre-processing, CLASSIFICA=Post Office"},"source_url":"https://raw.githubusercontent.com/traffordDataLab/open_data/82d7d561d5238d819a956f1c5731317759f20162/post_office/gm_post_offices.geojson","final_url":"https://raw.githubusercontent.com/traffordDataLab/open_data/82d7d561d5238d819a956f1c5731317759f20162/post_office/gm_post_offices.geojson","http_status":null,"http_status_note":"numeric HTTP status not exposed by GitHub connector","access_utc":"2026-10-09T02:09:37.054Z","data_date":"2018-04","licence":"Open Government Licence v3.0; Contains OS data Crown copyright and database right 2018","source_sha256":"c284a4fa9f9f1c7568bd6cdb20c01fdb65f623e888ac91c6fc5921e33d518636","source_sha256_scope":"full source GeoJSON UTF-8 from immutable blob","evidence_slice_sha256":"589ebf3a6778ea8d8b7e3f72889a1bf3d41a23e22a924555566a42248fbd4b27","confidence_score_0_100":86,"evidence_grade":"B","fake_data":false,"local_spatial_join_required":true}},{"type":"Feature","id":"2ADABFC4-1D30-461C-AE27-9F190932413C","geometry":{"type":"Polygon","coordinates":[[[-2.464557741664786,53.56719196861604],[-2.464457476673878,53.56708117176845],[-2.464511347860443,53.56706442384163],[-2.46454537851931,53.56706968465562],[-2.464515877830521,53.5670369017658],[-2.464557706647545,53.56702352630927],[-2.464604323619298,53.5670750284136],[-2.464597406908994,53.56707766192486],[-2.464615065893808,53.567173409547756],[-2.464557741664786,53.56719196861604]]]},"properties":{"slot_id":"building_type_9","lineage_id":"building_type_9-20261001T200900Z-newstart","page_generation":1,"batch_id":"20261009T020937Z_GM_OS_POST_OFFICES_50","source_entity":"2ADABFC4-1D30-461C-AE27-9F190932413C","source_reference":"2ADABFC4-1D30-461C-AE27-9F190932413C","source_dataset":"OS OpenMap Local ImportantBuilding","source_organisation":"Ordnance Survey via Trafford Data Lab","building_evidence_status":"BUILDING_PRESENT","parcel_status":"UNPROCESSED","canonical_parcel_id":null,"building_type":"post_office","building_use":"post_office_as_of_2018_04","poi_accepted":false,"field_evidence":{"footprint":"OS OpenMap Local ImportantBuilding Polygon, Trafford Data Lab published from OS EPSG:27700 to geographic CRS84 and intersects GM local authority; spatial extent and clipped edges require local physical-footprint confirmation","type":"CLASSIFICA=Post Office; BUILDGTHEM=Retail; FEATCODE=15026","use":"Post Office as classified by April 2018 source; not certification of current use","source_id":"2ADABFC4-1D30-461C-AE27-9F190932413C","source_name":"Unknown","admin_area":"E08000001","processing":"Official Trafford Data Lab published R pre-processing, CLASSIFICA=Post Office"},"source_url":"https://raw.githubusercontent.com/traffordDataLab/open_data/82d7d561d5238d819a956f1c5731317759f20162/post_office/gm_post_offices.geojson","final_url":"https://raw.githubusercontent.com/traffordDataLab/open_data/82d7d561d5238d819a956f1c5731317759f20162/post_office/gm_post_offices.geojson","http_status":null,"http_status_note":"numeric HTTP status not exposed by GitHub connector","access_utc":"2026-10-09T02:09:37.054Z","data_date":"2018-04","licence":"Open Government Licence v3.0; Contains OS data Crown copyright and database right 2018","source_sha256":"c284a4fa9f9f1c7568bd6cdb20c01fdb65f623e888ac91c6fc5921e33d518636","source_sha256_scope":"full source GeoJSON UTF-8 from immutable blob","evidence_slice_sha256":"61a2d46af4dfe116427f5da223be66c7ceb74addadec4e8c34a59f7d83f49c34","confidence_score_0_100":86,"evidence_grade":"B","fake_data":false,"local_spatial_join_required":true}},{"type":"Feature","id":"3F751C13-EEF0-43C5-BFD6-F92D679F54C0","geometry":{"type":"Polygon","coordinates":[[[-2.477073445940602,53.59193037936465],[-2.477061932850586,53.59194103155395],[-2.476951469682098,53.59189868755897],[-2.477002309809642,53.59185192509634],[-2.477112620820582,53.59189417976805],[-2.477073445940602,53.59193037936465]]]},"properties":{"slot_id":"building_type_9","lineage_id":"building_type_9-20261001T200900Z-newstart","page_generation":1,"batch_id":"20261009T020937Z_GM_OS_POST_OFFICES_50","source_entity":"3F751C13-EEF0-43C5-BFD6-F92D679F54C0","source_reference":"3F751C13-EEF0-43C5-BFD6-F92D679F54C0","source_dataset":"OS OpenMap Local ImportantBuilding","source_organisation":"Ordnance Survey via Trafford Data Lab","building_evidence_status":"BUILDING_PRESENT","parcel_status":"UNPROCESSED","canonical_parcel_id":null,"building_type":"post_office","building_use":"post_office_as_of_2018_04","poi_accepted":false,"field_evidence":{"footprint":"OS OpenMap Local ImportantBuilding Polygon, Trafford Data Lab published from OS EPSG:27700 to geographic CRS84 and intersects GM local authority; spatial extent and clipped edges require local physical-footprint confirmation","type":"CLASSIFICA=Post Office; BUILDGTHEM=Retail; FEATCODE=15026","use":"Post Office as classified by April 2018 source; not certification of current use","source_id":"3F751C13-EEF0-43C5-BFD6-F92D679F54C0","source_name":"Unknown","admin_area":"E08000001","processing":"Official Trafford Data Lab published R pre-processing, CLASSIFICA=Post Office"},"source_url":"https://raw.githubusercontent.com/traffordDataLab/open_data/82d7d561d5238d819a956f1c5731317759f20162/post_office/gm_post_offices.geojson","final_url":"https://raw.githubusercontent.com/traffordDataLab/open_data/82d7d561d5238d819a956f1c5731317759f20162/post_office/gm_post_offices.geojson","http_status":null,"http_status_note":"numeric HTTP status not exposed by GitHub connector","access_utc":"2026-10-09T02:09:37.054Z","data_date":"2018-04","licence":"Open Government Licence v3.0; Contains OS data Crown copyright and database right 2018","source_sha256":"c284a4fa9f9f1c7568bd6cdb20c01fdb65f623e888ac91c6fc5921e33d518636","source_sha256_scope":"full source GeoJSON UTF-8 from immutable blob","evidence_slice_sha256":"2a0ac02ce390473caeb5bea6caeb3a5b7700c5ab27f35210bcc7382d855a9d3d","confidence_score_0_100":86,"evidence_grade":"B","fake_data":false,"local_spatial_join_required":true}},{"type":"Feature","id":"94DF1A76-7AA0-4B85-A6EA-F80B92114759","geometry":{"type":"Polygon","coordinates":[[[-2.456270899983186,53.59270734316314],[-2.456199855443569,53.59270401885429],[-2.456211456038552,53.592602855672276],[-2.4562846174081,53.59260635166453],[-2.456270899983186,53.59270734316314]]]},"properties":{"slot_id":"building_type_9","lineage_id":"building_type_9-20261001T200900Z-newstart","page_generation":1,"batch_id":"20261009T020937Z_GM_OS_POST_OFFICES_50","source_entity":"94DF1A76-7AA0-4B85-A6EA-F80B92114759","source_reference":"94DF1A76-7AA0-4B85-A6EA-F80B92114759","source_dataset":"OS OpenMap Local ImportantBuilding","source_organisation":"Ordnance Survey via Trafford Data Lab","building_evidence_status":"BUILDING_PRESENT","parcel_status":"UNPROCESSED","canonical_parcel_id":null,"building_type":"post_office","building_use":"post_office_as_of_2018_04","poi_accepted":false,"field_evidence":{"footprint":"OS OpenMap Local ImportantBuilding Polygon, Trafford Data Lab published from OS EPSG:27700 to geographic CRS84 and intersects GM local authority; spatial extent and clipped edges require local physical-footprint confirmation","type":"CLASSIFICA=Post Office; BUILDGTHEM=Retail; FEATCODE=15026","use":"Post Office as classified by April 2018 source; not certification of current use","source_id":"94DF1A76-7AA0-4B85-A6EA-F80B92114759","source_name":"Unknown","admin_area":"E08000001","processing":"Official Trafford Data Lab published R pre-processing, CLASSIFICA=Post Office"},"source_url":"https://raw.githubusercontent.com/traffordDataLab/open_data/82d7d561d5238d819a956f1c5731317759f20162/post_office/gm_post_offices.geojson","final_url":"https://raw.githubusercontent.com/traffordDataLab/open_data/82d7d561d5238d819a956f1c5731317759f20162/post_office/gm_post_offices.geojson","http_status":null,"http_status_note":"numeric HTTP status not exposed by GitHub connector","access_utc":"2026-10-09T02:09:37.054Z","data_date":"2018-04","licence":"Open Government Licence v3.0; Contains OS data Crown copyright and database right 2018","source_sha256":"c284a4fa9f9f1c7568bd6cdb20c01fdb65f623e888ac91c6fc5921e33d518636","source_sha256_scope":"full source GeoJSON UTF-8 from immutable blob","evidence_slice_sha256":"6752292dd99bf34e23ab0e926561243c7906bd69a0d803f38e6dd6f6031a465d","confidence_score_0_100":86,"evidence_grade":"B","fake_data":false,"local_spatial_join_required":true}},{"type":"Feature","id":"156D4B12-CDEC-479B-AC76-5218361452F8","geometry":{"type":"Polygon","coordinates":[[[-2.471294815476944,53.545306238682116],[-2.470917814297389,53.54519581863636],[-2.47102742286591,53.545064065855875],[-2.471402924082749,53.54517539031508],[-2.471294815476944,53.545306238682116]]]},"properties":{"slot_id":"building_type_9","lineage_id":"building_type_9-20261001T200900Z-newstart","page_generation":1,"batch_id":"20261009T020937Z_GM_OS_POST_OFFICES_50","source_entity":"156D4B12-CDEC-479B-AC76-5218361452F8","source_reference":"156D4B12-CDEC-479B-AC76-5218361452F8","source_dataset":"OS OpenMap Local ImportantBuilding","source_organisation":"Ordnance Survey via Trafford Data Lab","building_evidence_status":"BUILDING_PRESENT","parcel_status":"UNPROCESSED","canonical_parcel_id":null,"building_type":"post_office","building_use":"post_office_as_of_2018_04","poi_accepted":false,"field_evidence":{"footprint":"OS OpenMap Local ImportantBuilding Polygon, Trafford Data Lab published from OS EPSG:27700 to geographic CRS84 and intersects GM local authority; spatial extent and clipped edges require local physical-footprint confirmation","type":"CLASSIFICA=Post Office; BUILDGTHEM=Retail; FEATCODE=15026","use":"Post Office as classified by April 2018 source; not certification of current use","source_id":"156D4B12-CDEC-479B-AC76-5218361452F8","source_name":"Unknown","admin_area":"E08000001","processing":"Official Trafford Data Lab published R pre-processing, CLASSIFICA=Post Office"},"source_url":"https://raw.githubusercontent.com/traffordDataLab/open_data/82d7d561d5238d819a956f1c5731317759f20162/post_office/gm_post_offices.geojson","final_url":"https://raw.githubusercontent.com/traffordDataLab/open_data/82d7d561d5238d819a956f1c5731317759f20162/post_office/gm_post_offices.geojson","http_status":null,"http_status_note":"numeric HTTP status not exposed by GitHub connector","access_utc":"2026-10-09T02:09:37.054Z","data_date":"2018-04","licence":"Open Government Licence v3.0; Contains OS data Crown copyright and database right 2018","source_sha256":"c284a4fa9f9f1c7568bd6cdb20c01fdb65f623e888ac91c6fc5921e33d518636","source_sha256_scope":"full source GeoJSON UTF-8 from immutable blob","evidence_slice_sha256":"2638548a8d7df4ea8017c980750948a6ff970d56fa028059ebad82faaf96e1ab","confidence_score_0_100":86,"evidence_grade":"B","fake_data":false,"local_spatial_join_required":true}},{"type":"Feature","id":"1843D4D2-7690-487C-B744-7A03E50ED5E7","geometry":{"type":"Polygon","coordinates":[[[-2.524411652609611,53.53514153337342],[-2.524521465087374,53.53526140703762],[-2.524443784175796,53.53528754479247],[-2.524338192868341,53.5351673828863],[-2.524411652609611,53.53514153337342]]]},"properties":{"slot_id":"building_type_9","lineage_id":"building_type_9-20261001T200900Z-newstart","page_generation":1,"batch_id":"20261009T020937Z_GM_OS_POST_OFFICES_50","source_entity":"1843D4D2-7690-487C-B744-7A03E50ED5E7","source_reference":"1843D4D2-7690-487C-B744-7A03E50ED5E7","source_dataset":"OS OpenMap Local ImportantBuilding","source_organisation":"Ordnance Survey via Trafford Data Lab","building_evidence_status":"BUILDING_PRESENT","parcel_status":"UNPROCESSED","canonical_parcel_id":null,"building_type":"post_office","building_use":"post_office_as_of_2018_04","poi_accepted":false,"field_evidence":{"footprint":"OS OpenMap Local ImportantBuilding Polygon, Trafford Data Lab published from OS EPSG:27700 to geographic CRS84 and intersects GM local authority; spatial extent and clipped edges require local physical-footprint confirmation","type":"CLASSIFICA=Post Office; BUILDGTHEM=Retail; FEATCODE=15026","use":"Post Office as classified by April 2018 source; not certification of current use","source_id":"1843D4D2-7690-487C-B744-7A03E50ED5E7","source_name":"Unknown","admin_area":"E08000001","processing":"Official Trafford Data Lab published R pre-processing, CLASSIFICA=Post Office"},"source_url":"https://raw.githubusercontent.com/traffordDataLab/open_data/82d7d561d5238d819a956f1c5731317759f20162/post_office/gm_post_offices.geojson","final_url":"https://raw.githubusercontent.com/traffordDataLab/open_data/82d7d561d5238d819a956f1c5731317759f20162/post_office/gm_post_offices.geojson","http_status":null,"http_status_note":"numeric HTTP status not exposed by GitHub connector","access_utc":"2026-10-09T02:09:37.054Z","data_date":"2018-04","licence":"Open Government Licence v3.0; Contains OS data Crown copyright and database right 2018","source_sha256":"c284a4fa9f9f1c7568bd6cdb20c01fdb65f623e888ac91c6fc5921e33d518636","source_sha256_scope":"full source GeoJSON UTF-8 from immutable blob","evidence_slice_sha256":"10656c752d54a4db837e9b6178ed5686ad4ed95fc001a1d3ef36860a7fbeba66","confidence_score_0_100":86,"evidence_grade":"B","fake_data":false,"local_spatial_join_required":true}},{"type":"Feature","id":"32DF0D03-B79E-4878-89D6-58F84632D917","geometry":{"type":"Polygon","coordinates":[[[-2.521312848927318,53.54872522330371],[-2.521379120050184,53.5486282186584],[-2.521386986057185,53.548617398221566],[-2.521510680421659,53.54864894739529],[-2.521510832444902,53.548649036616496],[-2.521528697120522,53.548653542784265],[-2.521454204288433,53.5487569651698],[-2.52141549961464,53.548751471278976],[-2.521312848927318,53.54872522330371]]]},"properties":{"slot_id":"building_type_9","lineage_id":"building_type_9-20261001T200900Z-newstart","page_generation":1,"batch_id":"20261009T020937Z_GM_OS_POST_OFFICES_50","source_entity":"32DF0D03-B79E-4878-89D6-58F84632D917","source_reference":"32DF0D03-B79E-4878-89D6-58F84632D917","source_dataset":"OS OpenMap Local ImportantBuilding","source_organisation":"Ordnance Survey via Trafford Data Lab","building_evidence_status":"BUILDING_PRESENT","parcel_status":"UNPROCESSED","canonical_parcel_id":null,"building_type":"post_office","building_use":"post_office_as_of_2018_04","poi_accepted":false,"field_evidence":{"footprint":"OS OpenMap Local ImportantBuilding Polygon, Trafford Data Lab published from OS EPSG:27700 to geographic CRS84 and intersects GM local authority; spatial extent and clipped edges require local physical-footprint confirmation","type":"CLASSIFICA=Post Office; BUILDGTHEM=Retail; FEATCODE=15026","use":"Post Office as classified by April 2018 source; not certification of current use","source_id":"32DF0D03-B79E-4878-89D6-58F84632D917","source_name":"Unknown","admin_area":"E08000001","processing":"Official Trafford Data Lab published R pre-processing, CLASSIFICA=Post Office"},"source_url":"https://raw.githubusercontent.com/traffordDataLab/open_data/82d7d561d5238d819a956f1c5731317759f20162/post_office/gm_post_offices.geojson","final_url":"https://raw.githubusercontent.com/traffordDataLab/open_data/82d7d561d5238d819a956f1c5731317759f20162/post_office/gm_post_offices.geojson","http_status":null,"http_status_note":"numeric HTTP status not exposed by GitHub connector","access_utc":"2026-10-09T02:09:37.054Z","data_date":"2018-04","licence":"Open Government Licence v3.0; Contains OS data Crown copyright and database right 2018","source_sha256":"c284a4fa9f9f1c7568bd6cdb20c01fdb65f623e888ac91c6fc5921e33d518636","source_sha256_scope":"full source GeoJSON UTF-8 from immutable blob","evidence_slice_sha256":"938497e6e93d1ea3627463cf618a943a387eb0ffbc2886463266c4733e098649","confidence_score_0_100":86,"evidence_grade":"B","fake_data":false,"local_spatial_join_required":true}},{"type":"Feature","id":"C7E3D836-5468-42F0-9D92-C38528B5E4A9","geometry":{"type":"Polygon","coordinates":[[[-2.530366218207004,53.587596340575494],[-2.530458124093528,53.58763718965577],[-2.530355393142249,53.587721057499046],[-2.530261668865001,53.58767976698344],[-2.530366218207004,53.587596340575494]]]},"properties":{"slot_id":"building_type_9","lineage_id":"building_type_9-20261001T200900Z-newstart","page_generation":1,"batch_id":"20261009T020937Z_GM_OS_POST_OFFICES_50","source_entity":"C7E3D836-5468-42F0-9D92-C38528B5E4A9","source_reference":"C7E3D836-5468-42F0-9D92-C38528B5E4A9","source_dataset":"OS OpenMap Local ImportantBuilding","source_organisation":"Ordnance Survey via Trafford Data Lab","building_evidence_status":"BUILDING_PRESENT","parcel_status":"UNPROCESSED","canonical_parcel_id":null,"building_type":"post_office","building_use":"post_office_as_of_2018_04","poi_accepted":false,"field_evidence":{"footprint":"OS OpenMap Local ImportantBuilding Polygon, Trafford Data Lab published from OS EPSG:27700 to geographic CRS84 and intersects GM local authority; spatial extent and clipped edges require local physical-footprint confirmation","type":"CLASSIFICA=Post Office; BUILDGTHEM=Retail; FEATCODE=15026","use":"Post Office as classified by April 2018 source; not certification of current use","source_id":"C7E3D836-5468-42F0-9D92-C38528B5E4A9","source_name":"Unknown","admin_area":"E08000001","processing":"Official Trafford Data Lab published R pre-processing, CLASSIFICA=Post Office"},"source_url":"https://raw.githubusercontent.com/traffordDataLab/open_data/82d7d561d5238d819a956f1c5731317759f20162/post_office/gm_post_offices.geojson","final_url":"https://raw.githubusercontent.com/traffordDataLab/open_data/82d7d561d5238d819a956f1c5731317759f20162/post_office/gm_post_offices.geojson","http_status":null,"http_status_note":"numeric HTTP status not exposed by GitHub connector","access_utc":"2026-10-09T02:09:37.054Z","data_date":"2018-04","licence":"Open Government Licence v3.0; Contains OS data Crown copyright and database right 2018","source_sha256":"c284a4fa9f9f1c7568bd6cdb20c01fdb65f623e888ac91c6fc5921e33d518636","source_sha256_scope":"full source GeoJSON UTF-8 from immutable blob","evidence_slice_sha256":"45fbd777c2037f48ae0c5116d93cb44f26c171bf8e556bf6054435dfc0c6d2e7","confidence_score_0_100":86,"evidence_grade":"B","fake_data":false,"local_spatial_join_required":true}},{"type":"Feature","id":"04ABB6E0-4E45-4D4A-9939-74AC41997020","geometry":{"type":"Polygon","coordinates":[[[-2.521395459277694,53.58365123588021],[-2.521461531286582,53.58368087912554],[-2.521359524534545,53.5837506243562],[-2.521302559305282,53.583724536712566],[-2.521395459277694,53.58365123588021]]]},"properties":{"slot_id":"building_type_9","lineage_id":"building_type_9-20261001T200900Z-newstart","page_generation":1,"batch_id":"20261009T020937Z_GM_OS_POST_OFFICES_50","source_entity":"04ABB6E0-4E45-4D4A-9939-74AC41997020","source_reference":"04ABB6E0-4E45-4D4A-9939-74AC41997020","source_dataset":"OS OpenMap Local ImportantBuilding","source_organisation":"Ordnance Survey via Trafford Data Lab","building_evidence_status":"BUILDING_PRESENT","parcel_status":"UNPROCESSED","canonical_parcel_id":null,"building_type":"post_office","building_use":"post_office_as_of_2018_04","poi_accepted":false,"field_evidence":{"footprint":"OS OpenMap Local ImportantBuilding Polygon, Trafford Data Lab published from OS EPSG:27700 to geographic CRS84 and intersects GM local authority; spatial extent and clipped edges require local physical-footprint confirmation","type":"CLASSIFICA=Post Office; BUILDGTHEM=Retail; FEATCODE=15026","use":"Post Office as classified by April 2018 source; not certification of current use","source_id":"04ABB6E0-4E45-4D4A-9939-74AC41997020","source_name":"Unknown","admin_area":"E08000001","processing":"Official Trafford Data Lab published R pre-processing, CLASSIFICA=Post Office"},"source_url":"https://raw.githubusercontent.com/traffordDataLab/open_data/82d7d561d5238d819a956f1c5731317759f20162/post_office/gm_post_offices.geojson","final_url":"https://raw.githubusercontent.com/traffordDataLab/open_data/82d7d561d5238d819a956f1c5731317759f20162/post_office/gm_post_offices.geojson","http_status":null,"http_status_note":"numeric HTTP status not exposed by GitHub connector","access_utc":"2026-10-09T02:09:37.054Z","data_date":"2018-04","licence":"Open Government Licence v3.0; Contains OS data Crown copyright and database right 2018","source_sha256":"c284a4fa9f9f1c7568bd6cdb20c01fdb65f623e888ac91c6fc5921e33d518636","source_sha256_scope":"full source GeoJSON UTF-8 from immutable blob","evidence_slice_sha256":"942a52153ae19a3d34dd7961bd07bbdd58e6fb42678e74192b9ecc664cfb01ff","confidence_score_0_100":86,"evidence_grade":"B","fake_data":false,"local_spatial_join_required":true}},{"type":"Feature","id":"E7391F10-D561-421E-936F-1CC73BAB8527","geometry":{"type":"Polygon","coordinates":[[[-2.51689003995067,53.59744458217591],[-2.516959232137964,53.597406531995475],[-2.517060661772473,53.59747179850733],[-2.51699146847257,53.5975097588671],[-2.51689003995067,53.59744458217591]]]},"properties":{"slot_id":"building_type_9","lineage_id":"building_type_9-20261001T200900Z-newstart","page_generation":1,"batch_id":"20261009T020937Z_GM_OS_POST_OFFICES_50","source_entity":"E7391F10-D561-421E-936F-1CC73BAB8527","source_reference":"E7391F10-D561-421E-936F-1CC73BAB8527","source_dataset":"OS OpenMap Local ImportantBuilding","source_organisation":"Ordnance Survey via Trafford Data Lab","building_evidence_status":"BUILDING_PRESENT","parcel_status":"UNPROCESSED","canonical_parcel_id":null,"building_type":"post_office","building_use":"post_office_as_of_2018_04","poi_accepted":false,"field_evidence":{"footprint":"OS OpenMap Local ImportantBuilding Polygon, Trafford Data Lab published from OS EPSG:27700 to geographic CRS84 and intersects GM local authority; spatial extent and clipped edges require local physical-footprint confirmation","type":"CLASSIFICA=Post Office; BUILDGTHEM=Retail; FEATCODE=15026","use":"Post Office as classified by April 2018 source; not certification of current use","source_id":"E7391F10-D561-421E-936F-1CC73BAB8527","source_name":"Newsholme","admin_area":"E08000001","processing":"Official Trafford Data Lab published R pre-processing, CLASSIFICA=Post Office"},"source_url":"https://raw.githubusercontent.com/traffordDataLab/open_data/82d7d561d5238d819a956f1c5731317759f20162/post_office/gm_post_offices.geojson","final_url":"https://raw.githubusercontent.com/traffordDataLab/open_data/82d7d561d5238d819a956f1c5731317759f20162/post_office/gm_post_offices.geojson","http_status":null,"http_status_note":"numeric HTTP status not exposed by GitHub connector","access_utc":"2026-10-09T02:09:37.054Z","data_date":"2018-04","licence":"Open Government Licence v3.0; Contains OS data Crown copyright and database right 2018","source_sha256":"c284a4fa9f9f1c7568bd6cdb20c01fdb65f623e888ac91c6fc5921e33d518636","source_sha256_scope":"full source GeoJSON UTF-8 from immutable blob","evidence_slice_sha256":"53553c05cc98e3a768cf382f3c348c1fc32a3d51da85b27b8c603501577ccf9e","confidence_score_0_100":86,"evidence_grade":"B","fake_data":false,"local_spatial_join_required":true}},{"type":"Feature","id":"2246BB18-F5E3-4EDE-948E-15F89A2D1FA0","geometry":{"type":"Polygon","coordinates":[[[-2.579791592995577,53.59200819623991],[-2.579721614687507,53.59207235309918],[-2.579617281349295,53.59203286037056],[-2.57957946292038,53.59201830265904],[-2.579657645629626,53.591946465978786],[-2.579791592995577,53.59200819623991]]]},"properties":{"slot_id":"building_type_9","lineage_id":"building_type_9-20261001T200900Z-newstart","page_generation":1,"batch_id":"20261009T020937Z_GM_OS_POST_OFFICES_50","source_entity":"2246BB18-F5E3-4EDE-948E-15F89A2D1FA0","source_reference":"2246BB18-F5E3-4EDE-948E-15F89A2D1FA0","source_dataset":"OS OpenMap Local ImportantBuilding","source_organisation":"Ordnance Survey via Trafford Data Lab","building_evidence_status":"BUILDING_PRESENT","parcel_status":"UNPROCESSED","canonical_parcel_id":null,"building_type":"post_office","building_use":"post_office_as_of_2018_04","poi_accepted":false,"field_evidence":{"footprint":"OS OpenMap Local ImportantBuilding Polygon, Trafford Data Lab published from OS EPSG:27700 to geographic CRS84 and intersects GM local authority; spatial extent and clipped edges require local physical-footprint confirmation","type":"CLASSIFICA=Post Office; BUILDGTHEM=Retail; FEATCODE=15026","use":"Post Office as classified by April 2018 source; not certification of current use","source_id":"2246BB18-F5E3-4EDE-948E-15F89A2D1FA0","source_name":"Unknown","admin_area":"E08000001","processing":"Official Trafford Data Lab published R pre-processing, CLASSIFICA=Post Office"},"source_url":"https://raw.githubusercontent.com/traffordDataLab/open_data/82d7d561d5238d819a956f1c5731317759f20162/post_office/gm_post_offices.geojson","final_url":"https://raw.githubusercontent.com/traffordDataLab/open_data/82d7d561d5238d819a956f1c5731317759f20162/post_office/gm_post_offices.geojson","http_status":null,"http_status_note":"numeric HTTP status not exposed by GitHub connector","access_utc":"2026-10-09T02:09:37.054Z","data_date":"2018-04","licence":"Open Government Licence v3.0; Contains OS data Crown copyright and database right 2018","source_sha256":"c284a4fa9f9f1c7568bd6cdb20c01fdb65f623e888ac91c6fc5921e33d518636","source_sha256_scope":"full source GeoJSON UTF-8 from immutable blob","evidence_slice_sha256":"17e8fb49275ec9cb28be02b09377fffca8fcfec4f89996e6f3d4a6e2de81efc7","confidence_score_0_100":86,"evidence_grade":"B","fake_data":false,"local_spatial_join_required":true}},{"type":"Feature","id":"AD95639C-EA1F-48F7-A999-D4CAF7FFACA3","geometry":{"type":"Polygon","coordinates":[[[-2.547849468688423,53.59882132342091],[-2.547725568925666,53.59870504195076],[-2.547793676632216,53.598678573870004],[-2.547907021741837,53.59878492652062],[-2.547849468688423,53.59882132342091]]]},"properties":{"slot_id":"building_type_9","lineage_id":"building_type_9-20261001T200900Z-newstart","page_generation":1,"batch_id":"20261009T020937Z_GM_OS_POST_OFFICES_50","source_entity":"AD95639C-EA1F-48F7-A999-D4CAF7FFACA3","source_reference":"AD95639C-EA1F-48F7-A999-D4CAF7FFACA3","source_dataset":"OS OpenMap Local ImportantBuilding","source_organisation":"Ordnance Survey via Trafford Data Lab","building_evidence_status":"BUILDING_PRESENT","parcel_status":"UNPROCESSED","canonical_parcel_id":null,"building_type":"post_office","building_use":"post_office_as_of_2018_04","poi_accepted":false,"field_evidence":{"footprint":"OS OpenMap Local ImportantBuilding Polygon, Trafford Data Lab published from OS EPSG:27700 to geographic CRS84 and intersects GM local authority; spatial extent and clipped edges require local physical-footprint confirmation","type":"CLASSIFICA=Post Office; BUILDGTHEM=Retail; FEATCODE=15026","use":"Post Office as classified by April 2018 source; not certification of current use","source_id":"AD95639C-EA1F-48F7-A999-D4CAF7FFACA3","source_name":"Unknown","admin_area":"E08000001","processing":"Official Trafford Data Lab published R pre-processing, CLASSIFICA=Post Office"},"source_url":"https://raw.githubusercontent.com/traffordDataLab/open_data/82d7d561d5238d819a956f1c5731317759f20162/post_office/gm_post_offices.geojson","final_url":"https://raw.githubusercontent.com/traffordDataLab/open_data/82d7d561d5238d819a956f1c5731317759f20162/post_office/gm_post_offices.geojson","http_status":null,"http_status_note":"numeric HTTP status not exposed by GitHub connector","access_utc":"2026-10-09T02:09:37.054Z","data_date":"2018-04","licence":"Open Government Licence v3.0; Contains OS data Crown copyright and database right 2018","source_sha256":"c284a4fa9f9f1c7568bd6cdb20c01fdb65f623e888ac91c6fc5921e33d518636","source_sha256_scope":"full source GeoJSON UTF-8 from immutable blob","evidence_slice_sha256":"e9e6b2ea5a112719a7e55bc9b74a9cccc59f5534b29ca7448ef16b2ccf170dda","confidence_score_0_100":86,"evidence_grade":"B","fake_data":false,"local_spatial_join_required":true}},{"type":"Feature","id":"AED8B02E-D195-42C0-97D7-026AC29EF93B","geometry":{"type":"Polygon","coordinates":[[[-2.27145389670207,53.51873968028002],[-2.271433960552921,53.51868813212981],[-2.271674152599839,53.518655048054015],[-2.271691377216958,53.51870705175255],[-2.27145389670207,53.51873968028002]]]},"properties":{"slot_id":"building_type_9","lineage_id":"building_type_9-20261001T200900Z-newstart","page_generation":1,"batch_id":"20261009T020937Z_GM_OS_POST_OFFICES_50","source_entity":"AED8B02E-D195-42C0-97D7-026AC29EF93B","source_reference":"AED8B02E-D195-42C0-97D7-026AC29EF93B","source_dataset":"OS OpenMap Local ImportantBuilding","source_organisation":"Ordnance Survey via Trafford Data Lab","building_evidence_status":"BUILDING_PRESENT","parcel_status":"UNPROCESSED","canonical_parcel_id":null,"building_type":"post_office","building_use":"post_office_as_of_2018_04","poi_accepted":false,"field_evidence":{"footprint":"OS OpenMap Local ImportantBuilding Polygon, Trafford Data Lab published from OS EPSG:27700 to geographic CRS84 and intersects GM local authority; spatial extent and clipped edges require local physical-footprint confirmation","type":"CLASSIFICA=Post Office; BUILDGTHEM=Retail; FEATCODE=15026","use":"Post Office as classified by April 2018 source; not certification of current use","source_id":"AED8B02E-D195-42C0-97D7-026AC29EF93B","source_name":"Unknown","admin_area":"E08000002","processing":"Official Trafford Data Lab published R pre-processing, CLASSIFICA=Post Office"},"source_url":"https://raw.githubusercontent.com/traffordDataLab/open_data/82d7d561d5238d819a956f1c5731317759f20162/post_office/gm_post_offices.geojson","final_url":"https://raw.githubusercontent.com/traffordDataLab/open_data/82d7d561d5238d819a956f1c5731317759f20162/post_office/gm_post_offices.geojson","http_status":null,"http_status_note":"numeric HTTP status not exposed by GitHub connector","access_utc":"2026-10-09T02:09:37.054Z","data_date":"2018-04","licence":"Open Government Licence v3.0; Contains OS data Crown copyright and database right 2018","source_sha256":"c284a4fa9f9f1c7568bd6cdb20c01fdb65f623e888ac91c6fc5921e33d518636","source_sha256_scope":"full source GeoJSON UTF-8 from immutable blob","evidence_slice_sha256":"395ddd90e2d8418bafe88e342f108f2b699274a60a9ad284201cc2e6a61cae94","confidence_score_0_100":86,"evidence_grade":"B","fake_data":false,"local_spatial_join_required":true}},{"type":"Feature","id":"321B27BF-8A29-4337-92C1-2086E16D2205","geometry":{"type":"Polygon","coordinates":[[[-2.26096332764501,53.5189424686624],[-2.261042617870661,53.51891137529455],[-2.261123134721647,53.51898157850629],[-2.261044754304228,53.519013478895104],[-2.26096332764501,53.5189424686624]]]},"properties":{"slot_id":"building_type_9","lineage_id":"building_type_9-20261001T200900Z-newstart","page_generation":1,"batch_id":"20261009T020937Z_GM_OS_POST_OFFICES_50","source_entity":"321B27BF-8A29-4337-92C1-2086E16D2205","source_reference":"321B27BF-8A29-4337-92C1-2086E16D2205","source_dataset":"OS OpenMap Local ImportantBuilding","source_organisation":"Ordnance Survey via Trafford Data Lab","building_evidence_status":"BUILDING_PRESENT","parcel_status":"UNPROCESSED","canonical_parcel_id":null,"building_type":"post_office","building_use":"post_office_as_of_2018_04","poi_accepted":false,"field_evidence":{"footprint":"OS OpenMap Local ImportantBuilding Polygon, Trafford Data Lab published from OS EPSG:27700 to geographic CRS84 and intersects GM local authority; spatial extent and clipped edges require local physical-footprint confirmation","type":"CLASSIFICA=Post Office; BUILDGTHEM=Retail; FEATCODE=15026","use":"Post Office as classified by April 2018 source; not certification of current use","source_id":"321B27BF-8A29-4337-92C1-2086E16D2205","source_name":"Unknown","admin_area":"E08000002","processing":"Official Trafford Data Lab published R pre-processing, CLASSIFICA=Post Office"},"source_url":"https://raw.githubusercontent.com/traffordDataLab/open_data/82d7d561d5238d819a956f1c5731317759f20162/post_office/gm_post_offices.geojson","final_url":"https://raw.githubusercontent.com/traffordDataLab/open_data/82d7d561d5238d819a956f1c5731317759f20162/post_office/gm_post_offices.geojson","http_status":null,"http_status_note":"numeric HTTP status not exposed by GitHub connector","access_utc":"2026-10-09T02:09:37.054Z","data_date":"2018-04","licence":"Open Government Licence v3.0; Contains OS data Crown copyright and database right 2018","source_sha256":"c284a4fa9f9f1c7568bd6cdb20c01fdb65f623e888ac91c6fc5921e33d518636","source_sha256_scope":"full source GeoJSON UTF-8 from immutable blob","evidence_slice_sha256":"92c6a50f95d7de000bf937fdbd3a62825b63cde3b9e4c0843b56c784bb2bb7aa","confidence_score_0_100":86,"evidence_grade":"B","fake_data":false,"local_spatial_join_required":true}},{"type":"Feature","id":"00337B3F-A15A-4438-9942-24B3760B9214","geometry":{"type":"Polygon","coordinates":[[[-2.271423233203584,53.53657649699343],[-2.27144528518396,53.53658013212876],[-2.271408074528262,53.53665976382518],[-2.27131427760398,53.53664424720266],[-2.271351339268646,53.53656488552519],[-2.271423233203584,53.53657649699343]]]},"properties":{"slot_id":"building_type_9","lineage_id":"building_type_9-20261001T200900Z-newstart","page_generation":1,"batch_id":"20261009T020937Z_GM_OS_POST_OFFICES_50","source_entity":"00337B3F-A15A-4438-9942-24B3760B9214","source_reference":"00337B3F-A15A-4438-9942-24B3760B9214","source_dataset":"OS OpenMap Local ImportantBuilding","source_organisation":"Ordnance Survey via Trafford Data Lab","building_evidence_status":"BUILDING_PRESENT","parcel_status":"UNPROCESSED","canonical_parcel_id":null,"building_type":"post_office","building_use":"post_office_as_of_2018_04","poi_accepted":false,"field_evidence":{"footprint":"OS OpenMap Local ImportantBuilding Polygon, Trafford Data Lab published from OS EPSG:27700 to geographic CRS84 and intersects GM local authority; spatial extent and clipped edges require local physical-footprint confirmation","type":"CLASSIFICA=Post Office; BUILDGTHEM=Retail; FEATCODE=15026","use":"Post Office as classified by April 2018 source; not certification of current use","source_id":"00337B3F-A15A-4438-9942-24B3760B9214","source_name":"Unknown","admin_area":"E08000002","processing":"Official Trafford Data Lab published R pre-processing, CLASSIFICA=Post Office"},"source_url":"https://raw.githubusercontent.com/traffordDataLab/open_data/82d7d561d5238d819a956f1c5731317759f20162/post_office/gm_post_offices.geojson","final_url":"https://raw.githubusercontent.com/traffordDataLab/open_data/82d7d561d5238d819a956f1c5731317759f20162/post_office/gm_post_offices.geojson","http_status":null,"http_status_note":"numeric HTTP status not exposed by GitHub connector","access_utc":"2026-10-09T02:09:37.054Z","data_date":"2018-04","licence":"Open Government Licence v3.0; Contains OS data Crown copyright and database right 2018","source_sha256":"c284a4fa9f9f1c7568bd6cdb20c01fdb65f623e888ac91c6fc5921e33d518636","source_sha256_scope":"full source GeoJSON UTF-8 from immutable blob","evidence_slice_sha256":"3bb93bc86ceaa94703ff196acbe67801c30b3e2beb43da060730cbc50fe05b1f","confidence_score_0_100":86,"evidence_grade":"B","fake_data":false,"local_spatial_join_required":true}},{"type":"Feature","id":"A66AD580-CBFD-401F-A239-02A35305F482","geometry":{"type":"Polygon","coordinates":[[[-2.283345564656272,53.539981389540884],[-2.283263794747214,53.54007389405741],[-2.283194691366899,53.54005221610819],[-2.283214311056729,53.54003014808081],[-2.283278423571917,53.539959796870114],[-2.283345564656272,53.539981389540884]]]},"properties":{"slot_id":"building_type_9","lineage_id":"building_type_9-20261001T200900Z-newstart","page_generation":1,"batch_id":"20261009T020937Z_GM_OS_POST_OFFICES_50","source_entity":"A66AD580-CBFD-401F-A239-02A35305F482","source_reference":"A66AD580-CBFD-401F-A239-02A35305F482","source_dataset":"OS OpenMap Local ImportantBuilding","source_organisation":"Ordnance Survey via Trafford Data Lab","building_evidence_status":"BUILDING_PRESENT","parcel_status":"UNPROCESSED","canonical_parcel_id":null,"building_type":"post_office","building_use":"post_office_as_of_2018_04","poi_accepted":false,"field_evidence":{"footprint":"OS OpenMap Local ImportantBuilding Polygon, Trafford Data Lab published from OS EPSG:27700 to geographic CRS84 and intersects GM local authority; spatial extent and clipped edges require local physical-footprint confirmation","type":"CLASSIFICA=Post Office; BUILDGTHEM=Retail; FEATCODE=15026","use":"Post Office as classified by April 2018 source; not certification of current use","source_id":"A66AD580-CBFD-401F-A239-02A35305F482","source_name":"Unknown","admin_area":"E08000002","processing":"Official Trafford Data Lab published R pre-processing, CLASSIFICA=Post Office"},"source_url":"https://raw.githubusercontent.com/traffordDataLab/open_data/82d7d561d5238d819a956f1c5731317759f20162/post_office/gm_post_offices.geojson","final_url":"https://raw.githubusercontent.com/traffordDataLab/open_data/82d7d561d5238d819a956f1c5731317759f20162/post_office/gm_post_offices.geojson","http_status":null,"http_status_note":"numeric HTTP status not exposed by GitHub connector","access_utc":"2026-10-09T02:09:37.054Z","data_date":"2018-04","licence":"Open Government Licence v3.0; Contains OS data Crown copyright and database right 2018","source_sha256":"c284a4fa9f9f1c7568bd6cdb20c01fdb65f623e888ac91c6fc5921e33d518636","source_sha256_scope":"full source GeoJSON UTF-8 from immutable blob","evidence_slice_sha256":"0c37ee2ef4ea4ccbaea00bf55e6f712beefeba98e1a90ee864fe04ec2c0a2d93","confidence_score_0_100":86,"evidence_grade":"B","fake_data":false,"local_spatial_join_required":true}},{"type":"Feature","id":"D2515495-1521-4AB5-A4D3-2A88F615D204","geometry":{"type":"Polygon","coordinates":[[[-2.273057276825586,53.56051624170051],[-2.27303423532508,53.56045472419013],[-2.273200759049712,53.56043250194038],[-2.273225338249864,53.56049833030859],[-2.273057276825586,53.56051624170051]]]},"properties":{"slot_id":"building_type_9","lineage_id":"building_type_9-20261001T200900Z-newstart","page_generation":1,"batch_id":"20261009T020937Z_GM_OS_POST_OFFICES_50","source_entity":"D2515495-1521-4AB5-A4D3-2A88F615D204","source_reference":"D2515495-1521-4AB5-A4D3-2A88F615D204","source_dataset":"OS OpenMap Local ImportantBuilding","source_organisation":"Ordnance Survey via Trafford Data Lab","building_evidence_status":"BUILDING_PRESENT","parcel_status":"UNPROCESSED","canonical_parcel_id":null,"building_type":"post_office","building_use":"post_office_as_of_2018_04","poi_accepted":false,"field_evidence":{"footprint":"OS OpenMap Local ImportantBuilding Polygon, Trafford Data Lab published from OS EPSG:27700 to geographic CRS84 and intersects GM local authority; spatial extent and clipped edges require local physical-footprint confirmation","type":"CLASSIFICA=Post Office; BUILDGTHEM=Retail; FEATCODE=15026","use":"Post Office as classified by April 2018 source; not certification of current use","source_id":"D2515495-1521-4AB5-A4D3-2A88F615D204","source_name":"Unknown","admin_area":"E08000002","processing":"Official Trafford Data Lab published R pre-processing, CLASSIFICA=Post Office"},"source_url":"https://raw.githubusercontent.com/traffordDataLab/open_data/82d7d561d5238d819a956f1c5731317759f20162/post_office/gm_post_offices.geojson","final_url":"https://raw.githubusercontent.com/traffordDataLab/open_data/82d7d561d5238d819a956f1c5731317759f20162/post_office/gm_post_offices.geojson","http_status":null,"http_status_note":"numeric HTTP status not exposed by GitHub connector","access_utc":"2026-10-09T02:09:37.054Z","data_date":"2018-04","licence":"Open Government Licence v3.0; Contains OS data Crown copyright and database right 2018","source_sha256":"c284a4fa9f9f1c7568bd6cdb20c01fdb65f623e888ac91c6fc5921e33d518636","source_sha256_scope":"full source GeoJSON UTF-8 from immutable blob","evidence_slice_sha256":"34903b244e1f2ea40b5b65c045003b109669dfb709ed72c75928121bcabf0c8f","confidence_score_0_100":86,"evidence_grade":"B","fake_data":false,"local_spatial_join_required":true}},{"type":"Feature","id":"F5819EC0-CF0D-47FE-ADF3-A7183682BF27","geometry":{"type":"Polygon","coordinates":[[[-2.276794294909006,53.59761258439815],[-2.276812191503033,53.597692089317015],[-2.276797995445012,53.59769320077966],[-2.276743475896351,53.59769737172252],[-2.276725578841111,53.597617776911775],[-2.276794294909006,53.59761258439815]]]},"properties":{"slot_id":"building_type_9","lineage_id":"building_type_9-20261001T200900Z-newstart","page_generation":1,"batch_id":"20261009T020937Z_GM_OS_POST_OFFICES_50","source_entity":"F5819EC0-CF0D-47FE-ADF3-A7183682BF27","source_reference":"F5819EC0-CF0D-47FE-ADF3-A7183682BF27","source_dataset":"OS OpenMap Local ImportantBuilding","source_organisation":"Ordnance Survey via Trafford Data Lab","building_evidence_status":"BUILDING_PRESENT","parcel_status":"UNPROCESSED","canonical_parcel_id":null,"building_type":"post_office","building_use":"post_office_as_of_2018_04","poi_accepted":false,"field_evidence":{"footprint":"OS OpenMap Local ImportantBuilding Polygon, Trafford Data Lab published from OS EPSG:27700 to geographic CRS84 and intersects GM local authority; spatial extent and clipped edges require local physical-footprint confirmation","type":"CLASSIFICA=Post Office; BUILDGTHEM=Retail; FEATCODE=15026","use":"Post Office as classified by April 2018 source; not certification of current use","source_id":"F5819EC0-CF0D-47FE-ADF3-A7183682BF27","source_name":"Unknown","admin_area":"E08000002","processing":"Official Trafford Data Lab published R pre-processing, CLASSIFICA=Post Office"},"source_url":"https://raw.githubusercontent.com/traffordDataLab/open_data/82d7d561d5238d819a956f1c5731317759f20162/post_office/gm_post_offices.geojson","final_url":"https://raw.githubusercontent.com/traffordDataLab/open_data/82d7d561d5238d819a956f1c5731317759f20162/post_office/gm_post_offices.geojson","http_status":null,"http_status_note":"numeric HTTP status not exposed by GitHub connector","access_utc":"2026-10-09T02:09:37.054Z","data_date":"2018-04","licence":"Open Government Licence v3.0; Contains OS data Crown copyright and database right 2018","source_sha256":"c284a4fa9f9f1c7568bd6cdb20c01fdb65f623e888ac91c6fc5921e33d518636","source_sha256_scope":"full source GeoJSON UTF-8 from immutable blob","evidence_slice_sha256":"b026045bcba6c79dbb3716b2b818b1a19a7839c36d59891f908afb6fcd50598e","confidence_score_0_100":86,"evidence_grade":"B","fake_data":false,"local_spatial_join_required":true}},{"type":"Feature","id":"15C48672-B11F-45C8-9F65-92732081B930","geometry":{"type":"Polygon","coordinates":[[[-2.297864448109764,53.583339034634925],[-2.297826007393564,53.583349916388286],[-2.297720703127534,53.58321769092556],[-2.297790494724923,53.58319729338208],[-2.297896103778629,53.58332987755712],[-2.297864448109764,53.583339034634925]]]},"properties":{"slot_id":"building_type_9","lineage_id":"building_type_9-20261001T200900Z-newstart","page_generation":1,"batch_id":"20261009T020937Z_GM_OS_POST_OFFICES_50","source_entity":"15C48672-B11F-45C8-9F65-92732081B930","source_reference":"15C48672-B11F-45C8-9F65-92732081B930","source_dataset":"OS OpenMap Local ImportantBuilding","source_organisation":"Ordnance Survey via Trafford Data Lab","building_evidence_status":"BUILDING_PRESENT","parcel_status":"UNPROCESSED","canonical_parcel_id":null,"building_type":"post_office","building_use":"post_office_as_of_2018_04","poi_accepted":false,"field_evidence":{"footprint":"OS OpenMap Local ImportantBuilding Polygon, Trafford Data Lab published from OS EPSG:27700 to geographic CRS84 and intersects GM local authority; spatial extent and clipped edges require local physical-footprint confirmation","type":"CLASSIFICA=Post Office; BUILDGTHEM=Retail; FEATCODE=15026","use":"Post Office as classified by April 2018 source; not certification of current use","source_id":"15C48672-B11F-45C8-9F65-92732081B930","source_name":"Unknown","admin_area":"E08000002","processing":"Official Trafford Data Lab published R pre-processing, CLASSIFICA=Post Office"},"source_url":"https://raw.githubusercontent.com/traffordDataLab/open_data/82d7d561d5238d819a956f1c5731317759f20162/post_office/gm_post_offices.geojson","final_url":"https://raw.githubusercontent.com/traffordDataLab/open_data/82d7d561d5238d819a956f1c5731317759f20162/post_office/gm_post_offices.geojson","http_status":null,"http_status_note":"numeric HTTP status not exposed by GitHub connector","access_utc":"2026-10-09T02:09:37.054Z","data_date":"2018-04","licence":"Open Government Licence v3.0; Contains OS data Crown copyright and database right 2018","source_sha256":"c284a4fa9f9f1c7568bd6cdb20c01fdb65f623e888ac91c6fc5921e33d518636","source_sha256_scope":"full source GeoJSON UTF-8 from immutable blob","evidence_slice_sha256":"e39e56551d57fe755df196f69e8017502bd857f6367013a949e9cc9006bb1e39","confidence_score_0_100":86,"evidence_grade":"B","fake_data":false,"local_spatial_join_required":true}},{"type":"Feature","id":"CF457A70-81DE-40A8-99C2-A3EEC0F95E69","geometry":{"type":"Polygon","coordinates":[[[-2.314058202098685,53.608890694646185],[-2.313938505655337,53.60895257866403],[-2.313938354518681,53.608952579060805],[-2.313894449214174,53.60892213416265],[-2.314014904654544,53.60886069760951],[-2.314058202098685,53.608890694646185]]]},"properties":{"slot_id":"building_type_9","lineage_id":"building_type_9-20261001T200900Z-newstart","page_generation":1,"batch_id":"20261009T020937Z_GM_OS_POST_OFFICES_50","source_entity":"CF457A70-81DE-40A8-99C2-A3EEC0F95E69","source_reference":"CF457A70-81DE-40A8-99C2-A3EEC0F95E69","source_dataset":"OS OpenMap Local ImportantBuilding","source_organisation":"Ordnance Survey via Trafford Data Lab","building_evidence_status":"BUILDING_PRESENT","parcel_status":"UNPROCESSED","canonical_parcel_id":null,"building_type":"post_office","building_use":"post_office_as_of_2018_04","poi_accepted":false,"field_evidence":{"footprint":"OS OpenMap Local ImportantBuilding Polygon, Trafford Data Lab published from OS EPSG:27700 to geographic CRS84 and intersects GM local authority; spatial extent and clipped edges require local physical-footprint confirmation","type":"CLASSIFICA=Post Office; BUILDGTHEM=Retail; FEATCODE=15026","use":"Post Office as classified by April 2018 source; not certification of current use","source_id":"CF457A70-81DE-40A8-99C2-A3EEC0F95E69","source_name":"Unknown","admin_area":"E08000002","processing":"Official Trafford Data Lab published R pre-processing, CLASSIFICA=Post Office"},"source_url":"https://raw.githubusercontent.com/traffordDataLab/open_data/82d7d561d5238d819a956f1c5731317759f20162/post_office/gm_post_offices.geojson","final_url":"https://raw.githubusercontent.com/traffordDataLab/open_data/82d7d561d5238d819a956f1c5731317759f20162/post_office/gm_post_offices.geojson","http_status":null,"http_status_note":"numeric HTTP status not exposed by GitHub connector","access_utc":"2026-10-09T02:09:37.054Z","data_date":"2018-04","licence":"Open Government Licence v3.0; Contains OS data Crown copyright and database right 2018","source_sha256":"c284a4fa9f9f1c7568bd6cdb20c01fdb65f623e888ac91c6fc5921e33d518636","source_sha256_scope":"full source GeoJSON UTF-8 from immutable blob","evidence_slice_sha256":"3f86b4c18e743ff25b866c976a6dc232fbe38efdaa9d6c3081cdc80765fefa73","confidence_score_0_100":86,"evidence_grade":"B","fake_data":false,"local_spatial_join_required":true}},{"type":"Feature","id":"98B52C39-1239-4627-9F50-57AE4B84A612","geometry":{"type":"Polygon","coordinates":[[[-2.294702037064662,53.61762335117123],[-2.294850669047541,53.617606176752155],[-2.294889593402339,53.61772508537299],[-2.294740961644576,53.61774234972168],[-2.294702037064662,53.61762335117123]]]},"properties":{"slot_id":"building_type_9","lineage_id":"building_type_9-20261001T200900Z-newstart","page_generation":1,"batch_id":"20261009T020937Z_GM_OS_POST_OFFICES_50","source_entity":"98B52C39-1239-4627-9F50-57AE4B84A612","source_reference":"98B52C39-1239-4627-9F50-57AE4B84A612","source_dataset":"OS OpenMap Local ImportantBuilding","source_organisation":"Ordnance Survey via Trafford Data Lab","building_evidence_status":"BUILDING_PRESENT","parcel_status":"UNPROCESSED","canonical_parcel_id":null,"building_type":"post_office","building_use":"post_office_as_of_2018_04","poi_accepted":false,"field_evidence":{"footprint":"OS OpenMap Local ImportantBuilding Polygon, Trafford Data Lab published from OS EPSG:27700 to geographic CRS84 and intersects GM local authority; spatial extent and clipped edges require local physical-footprint confirmation","type":"CLASSIFICA=Post Office; BUILDGTHEM=Retail; FEATCODE=15026","use":"Post Office as classified by April 2018 source; not certification of current use","source_id":"98B52C39-1239-4627-9F50-57AE4B84A612","source_name":"Unknown","admin_area":"E08000002","processing":"Official Trafford Data Lab published R pre-processing, CLASSIFICA=Post Office"},"source_url":"https://raw.githubusercontent.com/traffordDataLab/open_data/82d7d561d5238d819a956f1c5731317759f20162/post_office/gm_post_offices.geojson","final_url":"https://raw.githubusercontent.com/traffordDataLab/open_data/82d7d561d5238d819a956f1c5731317759f20162/post_office/gm_post_offices.geojson","http_status":null,"http_status_note":"numeric HTTP status not exposed by GitHub connector","access_utc":"2026-10-09T02:09:37.054Z","data_date":"2018-04","licence":"Open Government Licence v3.0; Contains OS data Crown copyright and database right 2018","source_sha256":"c284a4fa9f9f1c7568bd6cdb20c01fdb65f623e888ac91c6fc5921e33d518636","source_sha256_scope":"full source GeoJSON UTF-8 from immutable blob","evidence_slice_sha256":"024b8276c52a83238f9591065807fee532fed6b1817cb99b44eee100c4ccd545","confidence_score_0_100":86,"evidence_grade":"B","fake_data":false,"local_spatial_join_required":true}},{"type":"Feature","id":"8C73EAAA-67E5-4E6C-9247-2FC03A0CEE25","geometry":{"type":"Polygon","coordinates":[[[-2.290283897981416,53.60238213645874],[-2.290246585303886,53.602339982103096],[-2.290401146389887,53.60229151948404],[-2.290438459178235,53.60233367379169],[-2.290283897981416,53.60238213645874]]]},"properties":{"slot_id":"building_type_9","lineage_id":"building_type_9-20261001T200900Z-newstart","page_generation":1,"batch_id":"20261009T020937Z_GM_OS_POST_OFFICES_50","source_entity":"8C73EAAA-67E5-4E6C-9247-2FC03A0CEE25","source_reference":"8C73EAAA-67E5-4E6C-9247-2FC03A0CEE25","source_dataset":"OS OpenMap Local ImportantBuilding","source_organisation":"Ordnance Survey via Trafford Data Lab","building_evidence_status":"BUILDING_PRESENT","parcel_status":"UNPROCESSED","canonical_parcel_id":null,"building_type":"post_office","building_use":"post_office_as_of_2018_04","poi_accepted":false,"field_evidence":{"footprint":"OS OpenMap Local ImportantBuilding Polygon, Trafford Data Lab published from OS EPSG:27700 to geographic CRS84 and intersects GM local authority; spatial extent and clipped edges require local physical-footprint confirmation","type":"CLASSIFICA=Post Office; BUILDGTHEM=Retail; FEATCODE=15026","use":"Post Office as classified by April 2018 source; not certification of current use","source_id":"8C73EAAA-67E5-4E6C-9247-2FC03A0CEE25","source_name":"Unknown","admin_area":"E08000002","processing":"Official Trafford Data Lab published R pre-processing, CLASSIFICA=Post Office"},"source_url":"https://raw.githubusercontent.com/traffordDataLab/open_data/82d7d561d5238d819a956f1c5731317759f20162/post_office/gm_post_offices.geojson","final_url":"https://raw.githubusercontent.com/traffordDataLab/open_data/82d7d561d5238d819a956f1c5731317759f20162/post_office/gm_post_offices.geojson","http_status":null,"http_status_note":"numeric HTTP status not exposed by GitHub connector","access_utc":"2026-10-09T02:09:37.054Z","data_date":"2018-04","licence":"Open Government Licence v3.0; Contains OS data Crown copyright and database right 2018","source_sha256":"c284a4fa9f9f1c7568bd6cdb20c01fdb65f623e888ac91c6fc5921e33d518636","source_sha256_scope":"full source GeoJSON UTF-8 from immutable blob","evidence_slice_sha256":"28849de048b7a6e72ce23cbc6f8ec72f33eb6a3e7e94bb4fe9158037c86410b1","confidence_score_0_100":86,"evidence_grade":"B","fake_data":false,"local_spatial_join_required":true}},{"type":"Feature","id":"A489DEA4-B2FC-443F-ADFE-4177C475C3F6","geometry":{"type":"Polygon","coordinates":[[[-2.288291063450306,53.602549646017565],[-2.28836031761862,53.60253374951872],[-2.288428314058228,53.602532866447895],[-2.28843179565532,53.60262238135649],[-2.288295088153286,53.60265237239715],[-2.288291063450306,53.602549646017565]]]},"properties":{"slot_id":"building_type_9","lineage_id":"building_type_9-20261001T200900Z-newstart","page_generation":1,"batch_id":"20261009T020937Z_GM_OS_POST_OFFICES_50","source_entity":"A489DEA4-B2FC-443F-ADFE-4177C475C3F6","source_reference":"A489DEA4-B2FC-443F-ADFE-4177C475C3F6","source_dataset":"OS OpenMap Local ImportantBuilding","source_organisation":"Ordnance Survey via Trafford Data Lab","building_evidence_status":"BUILDING_PRESENT","parcel_status":"UNPROCESSED","canonical_parcel_id":null,"building_type":"post_office","building_use":"post_office_as_of_2018_04","poi_accepted":false,"field_evidence":{"footprint":"OS OpenMap Local ImportantBuilding Polygon, Trafford Data Lab published from OS EPSG:27700 to geographic CRS84 and intersects GM local authority; spatial extent and clipped edges require local physical-footprint confirmation","type":"CLASSIFICA=Post Office; BUILDGTHEM=Retail; FEATCODE=15026","use":"Post Office as classified by April 2018 source; not certification of current use","source_id":"A489DEA4-B2FC-443F-ADFE-4177C475C3F6","source_name":"Unknown","admin_area":"E08000002","processing":"Official Trafford Data Lab published R pre-processing, CLASSIFICA=Post Office"},"source_url":"https://raw.githubusercontent.com/traffordDataLab/open_data/82d7d561d5238d819a956f1c5731317759f20162/post_office/gm_post_offices.geojson","final_url":"https://raw.githubusercontent.com/traffordDataLab/open_data/82d7d561d5238d819a956f1c5731317759f20162/post_office/gm_post_offices.geojson","http_status":null,"http_status_note":"numeric HTTP status not exposed by GitHub connector","access_utc":"2026-10-09T02:09:37.054Z","data_date":"2018-04","licence":"Open Government Licence v3.0; Contains OS data Crown copyright and database right 2018","source_sha256":"c284a4fa9f9f1c7568bd6cdb20c01fdb65f623e888ac91c6fc5921e33d518636","source_sha256_scope":"full source GeoJSON UTF-8 from immutable blob","evidence_slice_sha256":"be7252c9949440d87ab6fd6d2c16120dee1906cf0025191957a293f5d6c4e2e7","confidence_score_0_100":86,"evidence_grade":"B","fake_data":false,"local_spatial_join_required":true}},{"type":"Feature","id":"FD9163AC-E8DC-40A3-A738-9F5A96B877BD","geometry":{"type":"Polygon","coordinates":[[[-2.286772187745347,53.53433390344052],[-2.287076320242113,53.534262793997236],[-2.287274182641303,53.53456226086954],[-2.286968989795025,53.53463301382188],[-2.286772187745347,53.53433390344052]]]},"properties":{"slot_id":"building_type_9","lineage_id":"building_type_9-20261001T200900Z-newstart","page_generation":1,"batch_id":"20261009T020937Z_GM_OS_POST_OFFICES_50","source_entity":"FD9163AC-E8DC-40A3-A738-9F5A96B877BD","source_reference":"FD9163AC-E8DC-40A3-A738-9F5A96B877BD","source_dataset":"OS OpenMap Local ImportantBuilding","source_organisation":"Ordnance Survey via Trafford Data Lab","building_evidence_status":"BUILDING_PRESENT","parcel_status":"UNPROCESSED","canonical_parcel_id":null,"building_type":"post_office","building_use":"post_office_as_of_2018_04","poi_accepted":false,"field_evidence":{"footprint":"OS OpenMap Local ImportantBuilding Polygon, Trafford Data Lab published from OS EPSG:27700 to geographic CRS84 and intersects GM local authority; spatial extent and clipped edges require local physical-footprint confirmation","type":"CLASSIFICA=Post Office; BUILDGTHEM=Retail; FEATCODE=15026","use":"Post Office as classified by April 2018 source; not certification of current use","source_id":"FD9163AC-E8DC-40A3-A738-9F5A96B877BD","source_name":"Unknown","admin_area":"E08000002","processing":"Official Trafford Data Lab published R pre-processing, CLASSIFICA=Post Office"},"source_url":"https://raw.githubusercontent.com/traffordDataLab/open_data/82d7d561d5238d819a956f1c5731317759f20162/post_office/gm_post_offices.geojson","final_url":"https://raw.githubusercontent.com/traffordDataLab/open_data/82d7d561d5238d819a956f1c5731317759f20162/post_office/gm_post_offices.geojson","http_status":null,"http_status_note":"numeric HTTP status not exposed by GitHub connector","access_utc":"2026-10-09T02:09:37.054Z","data_date":"2018-04","licence":"Open Government Licence v3.0; Contains OS data Crown copyright and database right 2018","source_sha256":"c284a4fa9f9f1c7568bd6cdb20c01fdb65f623e888ac91c6fc5921e33d518636","source_sha256_scope":"full source GeoJSON UTF-8 from immutable blob","evidence_slice_sha256":"1ab3b0bae25883ad170251480cfe80f451be69c601ab4ca98f4ba3aca82dd1c8","confidence_score_0_100":86,"evidence_grade":"B","fake_data":false,"local_spatial_join_required":true}},{"type":"Feature","id":"7FC89E90-C2CB-4F6C-86B4-3BC94D145F06","geometry":{"type":"Polygon","coordinates":[[[-2.293043129055787,53.56718940090892],[-2.29303650660366,53.56717063151853],[-2.293198377922006,53.56715019054703],[-2.293245272988967,53.567206522264705],[-2.293075556314062,53.56722788137072],[-2.293043129055787,53.56718940090892]]]},"properties":{"slot_id":"building_type_9","lineage_id":"building_type_9-20261001T200900Z-newstart","page_generation":1,"batch_id":"20261009T020937Z_GM_OS_POST_OFFICES_50","source_entity":"7FC89E90-C2CB-4F6C-86B4-3BC94D145F06","source_reference":"7FC89E90-C2CB-4F6C-86B4-3BC94D145F06","source_dataset":"OS OpenMap Local ImportantBuilding","source_organisation":"Ordnance Survey via Trafford Data Lab","building_evidence_status":"BUILDING_PRESENT","parcel_status":"UNPROCESSED","canonical_parcel_id":null,"building_type":"post_office","building_use":"post_office_as_of_2018_04","poi_accepted":false,"field_evidence":{"footprint":"OS OpenMap Local ImportantBuilding Polygon, Trafford Data Lab published from OS EPSG:27700 to geographic CRS84 and intersects GM local authority; spatial extent and clipped edges require local physical-footprint confirmation","type":"CLASSIFICA=Post Office; BUILDGTHEM=Retail; FEATCODE=15026","use":"Post Office as classified by April 2018 source; not certification of current use","source_id":"7FC89E90-C2CB-4F6C-86B4-3BC94D145F06","source_name":"Unknown","admin_area":"E08000002","processing":"Official Trafford Data Lab published R pre-processing, CLASSIFICA=Post Office"},"source_url":"https://raw.githubusercontent.com/traffordDataLab/open_data/82d7d561d5238d819a956f1c5731317759f20162/post_office/gm_post_offices.geojson","final_url":"https://raw.githubusercontent.com/traffordDataLab/open_data/82d7d561d5238d819a956f1c5731317759f20162/post_office/gm_post_offices.geojson","http_status":null,"http_status_note":"numeric HTTP status not exposed by GitHub connector","access_utc":"2026-10-09T02:09:37.054Z","data_date":"2018-04","licence":"Open Government Licence v3.0; Contains OS data Crown copyright and database right 2018","source_sha256":"c284a4fa9f9f1c7568bd6cdb20c01fdb65f623e888ac91c6fc5921e33d518636","source_sha256_scope":"full source GeoJSON UTF-8 from immutable blob","evidence_slice_sha256":"19839fb0f5912ed8fe5e7f1be20fb28dcea92b457ad894309bfe65d75406e65f","confidence_score_0_100":86,"evidence_grade":"B","fake_data":false,"local_spatial_join_required":true}},{"type":"Feature","id":"F54EA363-ECF8-4046-9BF9-53FA434E5361","geometry":{"type":"Polygon","coordinates":[[[-2.303286818441058,53.57016739005035],[-2.303186123054217,53.57010724388724],[-2.303234694709569,53.57007907706538],[-2.303335693382385,53.570139402184964],[-2.303286818441058,53.57016739005035]]]},"properties":{"slot_id":"building_type_9","lineage_id":"building_type_9-20261001T200900Z-newstart","page_generation":1,"batch_id":"20261009T020937Z_GM_OS_POST_OFFICES_50","source_entity":"F54EA363-ECF8-4046-9BF9-53FA434E5361","source_reference":"F54EA363-ECF8-4046-9BF9-53FA434E5361","source_dataset":"OS OpenMap Local ImportantBuilding","source_organisation":"Ordnance Survey via Trafford Data Lab","building_evidence_status":"BUILDING_PRESENT","parcel_status":"UNPROCESSED","canonical_parcel_id":null,"building_type":"post_office","building_use":"post_office_as_of_2018_04","poi_accepted":false,"field_evidence":{"footprint":"OS OpenMap Local ImportantBuilding Polygon, Trafford Data Lab published from OS EPSG:27700 to geographic CRS84 and intersects GM local authority; spatial extent and clipped edges require local physical-footprint confirmation","type":"CLASSIFICA=Post Office; BUILDGTHEM=Retail; FEATCODE=15026","use":"Post Office as classified by April 2018 source; not certification of current use","source_id":"F54EA363-ECF8-4046-9BF9-53FA434E5361","source_name":"Unknown","admin_area":"E08000002","processing":"Official Trafford Data Lab published R pre-processing, CLASSIFICA=Post Office"},"source_url":"https://raw.githubusercontent.com/traffordDataLab/open_data/82d7d561d5238d819a956f1c5731317759f20162/post_office/gm_post_offices.geojson","final_url":"https://raw.githubusercontent.com/traffordDataLab/open_data/82d7d561d5238d819a956f1c5731317759f20162/post_office/gm_post_offices.geojson","http_status":null,"http_status_note":"numeric HTTP status not exposed by GitHub connector","access_utc":"2026-10-09T02:09:37.054Z","data_date":"2018-04","licence":"Open Government Licence v3.0; Contains OS data Crown copyright and database right 2018","source_sha256":"c284a4fa9f9f1c7568bd6cdb20c01fdb65f623e888ac91c6fc5921e33d518636","source_sha256_scope":"full source GeoJSON UTF-8 from immutable blob","evidence_slice_sha256":"09f7b4981f9034a9cadc80d9e68a404384d2eaefbf7cbb21fd469d9f42f2c449","confidence_score_0_100":86,"evidence_grade":"B","fake_data":false,"local_spatial_join_required":true}},{"type":"Feature","id":"76D42B3E-1745-458C-BDA6-CFD710D1F96C","geometry":{"type":"Polygon","coordinates":[[[-2.333608060937375,53.54764204496204],[-2.333617266876276,53.54775707050122],[-2.33351462194946,53.547754750367474],[-2.333505416289366,53.54763972481991],[-2.333608060937375,53.54764204496204]]]},"properties":{"slot_id":"building_type_9","lineage_id":"building_type_9-20261001T200900Z-newstart","page_generation":1,"batch_id":"20261009T020937Z_GM_OS_POST_OFFICES_50","source_entity":"76D42B3E-1745-458C-BDA6-CFD710D1F96C","source_reference":"76D42B3E-1745-458C-BDA6-CFD710D1F96C","source_dataset":"OS OpenMap Local ImportantBuilding","source_organisation":"Ordnance Survey via Trafford Data Lab","building_evidence_status":"BUILDING_PRESENT","parcel_status":"UNPROCESSED","canonical_parcel_id":null,"building_type":"post_office","building_use":"post_office_as_of_2018_04","poi_accepted":false,"field_evidence":{"footprint":"OS OpenMap Local ImportantBuilding Polygon, Trafford Data Lab published from OS EPSG:27700 to geographic CRS84 and intersects GM local authority; spatial extent and clipped edges require local physical-footprint confirmation","type":"CLASSIFICA=Post Office; BUILDGTHEM=Retail; FEATCODE=15026","use":"Post Office as classified by April 2018 source; not certification of current use","source_id":"76D42B3E-1745-458C-BDA6-CFD710D1F96C","source_name":"Unknown","admin_area":"E08000002","processing":"Official Trafford Data Lab published R pre-processing, CLASSIFICA=Post Office"},"source_url":"https://raw.githubusercontent.com/traffordDataLab/open_data/82d7d561d5238d819a956f1c5731317759f20162/post_office/gm_post_offices.geojson","final_url":"https://raw.githubusercontent.com/traffordDataLab/open_data/82d7d561d5238d819a956f1c5731317759f20162/post_office/gm_post_offices.geojson","http_status":null,"http_status_note":"numeric HTTP status not exposed by GitHub connector","access_utc":"2026-10-09T02:09:37.054Z","data_date":"2018-04","licence":"Open Government Licence v3.0; Contains OS data Crown copyright and database right 2018","source_sha256":"c284a4fa9f9f1c7568bd6cdb20c01fdb65f623e888ac91c6fc5921e33d518636","source_sha256_scope":"full source GeoJSON UTF-8 from immutable blob","evidence_slice_sha256":"7f549b449bbd8978cdb6a8ab9d1fa30cb340b00549cd07151f64ab99ba570e42","confidence_score_0_100":86,"evidence_grade":"B","fake_data":false,"local_spatial_join_required":true}}]}
