{
  "type": "FeatureCollection",
  "name": "ONS_CDN_LSOA11_CORNWALL_E06000052_ROWS_101_150",
  "features": [
    {
      "type": "Feature",
      "id": "E01018852",
      "geometry": {
        "type": "MultiPolygon",
        "coordinates": [
          [
            [
              [
                -5.160909217039013,
                50.2950169400376
              ],
              [
                -5.167073666991698,
                50.29453065659368
              ],
              [
                -5.170867174654888,
                50.29384985977219
              ],
              [
                -5.17813806434267,
                50.29044587566475
              ],
              [
                -5.184618639933955,
                50.28830622851151
              ],
              [
                -5.189044398874344,
                50.29102941579746
              ],
              [
                -5.192205655260337,
                50.29229375275165
              ],
              [
                -5.202637801334112,
                50.29161295593016
              ],
              [
                -5.214492512781583,
                50.29141844255259
              ],
              [
                -5.221605339650067,
                50.29093215910867
              ],
              [
                -5.225240784493957,
                50.28995959222083
              ],
              [
                -5.225714972951856,
                50.29054313235354
              ],
              [
                -5.226979475506253,
                50.29229375275165
              ],
              [
                -5.228718166518549,
                50.29346083301706
              ],
              [
                -5.231089108808043,
                50.29414162983854
              ],
              [
                -5.232985862639639,
                50.29433614321611
              ],
              [
                -5.234408428013335,
                50.294919683348816
              ],
              [
                -5.2353568049291335,
                50.296184020303
              ],
              [
                -5.238518061315125,
                50.29608676361422
              ],
              [
                -5.237727747218628,
                50.296962073813276
              ],
              [
                -5.238834186953725,
                50.29715658719084
              ],
              [
                -5.239150312592324,
                50.297837384012325
              ],
              [
                -5.238201935676527,
                50.29822641076746
              ],
              [
                -5.23677937030283,
                50.30056057129828
              ],
              [
                -5.234724553651935,
                50.30036605792071
              ],
              [
                -5.235830993387032,
                50.30172765156368
              ],
              [
                -5.2339342395554365,
                50.30483986560477
              ],
              [
                -5.234250365194036,
                50.306104202558956
              ],
              [
                -5.2339342395554365,
                50.30882738984491
              ],
              [
                -5.2353568049291335,
                50.309119159911255
              ],
              [
                -5.235040679290534,
                50.309605443355174
              ],
              [
                -5.234092302374736,
                50.30950818666639
              ],
              [
                -5.234092302374736,
                50.310091726799094
              ],
              [
                -5.233618113916838,
                50.31057801024301
              ],
              [
                -5.234092302374736,
                50.311258807064505
              ],
              [
                -5.233618113916838,
                50.31193960388599
              ],
              [
                -5.234566490832635,
                50.312328630641126
              ],
              [
                -5.234250365194036,
                50.31349571090653
              ],
              [
                -5.2353568049291335,
                50.31514907461585
              ],
              [
                -5.234092302374736,
                50.31563535805977
              ],
              [
                -5.234250365194036,
                50.316899695013966
              ],
              [
                -5.234724553651935,
                50.31719146508032
              ],
              [
                -5.235198742109834,
                50.31816403196816
              ],
              [
                -5.235672930567732,
                50.31826128865694
              ],
              [
                -5.234092302374736,
                50.31884482878964
              ],
              [
                -5.233618113916838,
                50.319428368922345
              ],
              [
                -5.231247171627343,
                50.31903934216721
              ],
              [
                -5.229824606253646,
                50.31962288229991
              ],
              [
                -5.226979475506253,
                50.319914652366265
              ],
              [
                -5.225556910132557,
                50.320400935810184
              ],
              [
                -5.224924658855358,
                50.32108173263167
              ],
              [
                -5.223027905023763,
                50.32156801607559
              ],
              [
                -5.220973088372868,
                50.32254058296343
              ],
              [
                -5.220340837095669,
                50.322443326274644
              ],
              [
                -5.218286020444774,
                50.32127624600924
              ],
              [
                -5.212595758949988,
                50.32127624600924
              ],
              [
                -5.213702198685085,
                50.31903934216721
              ],
              [
                -5.2127538217692875,
                50.31563535805977
              ],
              [
                -5.213702198685085,
                50.31514907461585
              ],
              [
                -5.213386073046486,
                50.31456553448315
              ],
              [
                -5.213228010227186,
                50.31359296759531
              ],
              [
                -5.212595758949988,
                50.313690224284095
              ],
              [
                -5.210382879479793,
                50.31310668415139
              ],
              [
                -5.21180544485349,
                50.31223137395234
              ],
              [
                -5.21164738203419,
                50.31203686057477
              ],
              [
                -5.210066753841194,
                50.31184234719721
              ],
              [
                -5.208328062828898,
                50.310675266931796
              ],
              [
                -5.207063560274501,
                50.30999447011031
              ],
              [
                -5.2073796859131,
                50.309605443355174
              ],
              [
                -5.206905497455201,
                50.309119159911255
              ],
              [
                -5.2051668064429055,
                50.309119159911255
              ],
              [
                -5.204692617985007,
                50.30950818666639
              ],
              [
                -5.204060366707808,
                50.30950818666639
              ],
              [
                -5.203270052611311,
                50.30902190322247
              ],
              [
                -5.204060366707808,
                50.30892464653369
              ],
              [
                -5.20342811543061,
                50.308632876467335
              ],
              [
                -5.203744241069209,
                50.30843836308977
              ],
              [
                -5.203111989792011,
                50.30843836308977
              ],
              [
                -5.202479738514812,
                50.30892464653369
              ],
              [
                -5.201057173141116,
                50.30853561977855
              ],
              [
                -5.200266859044618,
                50.30873013315612
              ],
              [
                -5.199002356490221,
                50.307076769446795
              ],
              [
                -5.198370105213022,
                50.30678499938045
              ],
              [
                -5.198686230851622,
                50.30736853951315
              ],
              [
                -5.198370105213022,
                50.30795207964585
              ],
              [
                -5.1975797911165245,
                50.3082438497122
              ],
              [
                -5.1975797911165245,
                50.30853561977855
              ],
              [
                -5.1961572257428275,
                50.30970270004396
              ],
              [
                -5.196315288562127,
                50.310286240176666
              ],
              [
                -5.197421728297225,
                50.310772523620585
              ],
              [
                -5.197895916755123,
                50.31203686057477
              ],
              [
                -5.19931848212882,
                50.31242588732991
              ],
              [
                -5.199792670586719,
                50.31223137395234
              ],
              [
                -5.201215235960415,
                50.31271765739626
              ],
              [
                -5.201057173141116,
                50.31300942746261
              ],
              [
                -5.202163612876213,
                50.31359296759531
              ],
              [
                -5.203111989792011,
                50.31466279117193
              ],
              [
                -5.203111989792011,
                50.31524633130464
              ],
              [
                -5.202479738514812,
                50.31563535805977
              ],
              [
                -5.202637801334112,
                50.316413411570046
              ],
              [
                -5.2035861782499095,
                50.317385978457885
              ],
              [
                -5.204376492346408,
                50.3172887217691
              ],
              [
                -5.204218429527108,
                50.317872261901805
              ],
              [
                -5.20342811543061,
                50.31806677527937
              ],
              [
                -5.202637801334112,
                50.31796951859059
              ],
              [
                -5.202321675695512,
                50.31845580203451
              ],
              [
                -5.198528168032322,
                50.31806677527937
              ],
              [
                -5.197263665477925,
                50.32263783965222
              ],
              [
                -5.1961572257428275,
                50.32370766322884
              ],
              [
                -5.197421728297225,
                50.32429120336154
              ],
              [
                -5.196631414200726,
                50.32477748680546
              ],
              [
                -5.195841100104229,
                50.32468023011668
              ],
              [
                -5.195366911646329,
                50.32526377024938
              ],
              [
                -5.1961572257428275,
                50.32536102693816
              ],
              [
                -5.195683037284929,
                50.32545828362694
              ],
              [
                -5.195999162923528,
                50.3257500536933
              ],
              [
                -5.1947346603691305,
                50.325652797004516
              ],
              [
                -5.19520884882703,
                50.32623633713722
              ],
              [
                -5.193786283453333,
                50.326625363892354
              ],
              [
                -5.191415341163839,
                50.32594456707086
              ],
              [
                -5.191731466802438,
                50.32740341740262
              ],
              [
                -5.19109921552524,
                50.327695187468976
              ],
              [
                -5.191731466802438,
                50.32779244415776
              ],
              [
                -5.190625027067341,
                50.328181470912895
              ],
              [
                -5.19094115270594,
                50.32779244415776
              ],
              [
                -5.189834712970843,
                50.32798695753532
              ],
              [
                -5.189360524512944,
                50.328667754356815
              ],
              [
                -5.1899927757901425,
                50.32895952442316
              ],
              [
                -5.19078308988664,
                50.32886226773438
              ],
              [
                -5.1899927757901425,
                50.32925129448952
              ],
              [
                -5.19078308988664,
                50.32954306455587
              ],
              [
                -5.1884121475971465,
                50.329932091311
              ],
              [
                -5.188096021958547,
                50.33012660468857
              ],
              [
                -5.188886336055045,
                50.33148819833154
              ],
              [
                -5.188886336055045,
                50.331196428265194
              ],
              [
                -5.189676650151543,
                50.33129368495398
              ],
              [
                -5.189834712970843,
                50.33197448177546
              ],
              [
                -5.189044398874344,
                50.332266251841816
              ],
              [
                -5.189044398874344,
                50.331779968397896
              ],
              [
                -5.188886336055045,
                50.3323635085306
              ],
              [
                -5.188096021958547,
                50.33255802190817
              ],
              [
                -5.1884121475971465,
                50.332752535285735
              ],
              [
                -5.187937959139247,
                50.33304430535209
              ],
              [
                -5.187463770681348,
                50.332752535285735
              ],
              [
                -5.18683151940415,
                50.3329470486633
              ],
              [
                -5.185725079669052,
                50.33246076521938
              ],
              [
                -5.186673456584851,
                50.33314156204087
              ],
              [
                -5.186199268126951,
                50.33343333210722
              ],
              [
                -5.1854089540304535,
                50.333238818729654
              ],
              [
                -5.1855670168497525,
                50.33265527859695
              ],
              [
                -5.184144451476056,
                50.3329470486633
              ],
              [
                -5.183354137379558,
                50.332752535285735
              ],
              [
                -5.183196074560259,
                50.33314156204087
              ],
              [
                -5.181773509186562,
                50.33362784548479
              ],
              [
                -5.18256382328306,
                50.33421138561749
              ],
              [
                -5.180825132270765,
                50.33440589899506
              ],
              [
                -5.180192880993566,
                50.33411412892871
              ],
              [
                -5.180667069451465,
                50.33498943912777
              ],
              [
                -5.175925184872476,
                50.33460041237263
              ],
              [
                -5.171183300293488,
                50.33255802190817
              ],
              [
                -5.167073666991698,
                50.33148819833154
              ],
              [
                -5.163280159328506,
                50.3323635085306
              ],
              [
                -5.16185759395481,
                50.33197448177546
              ],
              [
                -5.1628059708706076,
                50.32983483462222
              ],
              [
                -5.1628059708706076,
                50.325652797004516
              ],
              [
                -5.163754347786406,
                50.324485716739105
              ],
              [
                -5.163754347786406,
                50.323610406540055
              ],
              [
                -5.164070473425005,
                50.322735096341
              ],
              [
                -5.163754347786406,
                50.32069270587654
              ],
              [
                -5.164544661882903,
                50.318942085478426
              ],
              [
                -5.164702724702203,
                50.31884482878964
              ],
              [
                -5.164544661882903,
                50.31816403196816
              ],
              [
                -5.164544661882903,
                50.31806677527937
              ],
              [
                -5.164544661882903,
                50.31796951859059
              ],
              [
                -5.164544661882903,
                50.317872261901805
              ],
              [
                -5.164544661882903,
                50.31777500521302
              ],
              [
                -5.165018850340802,
                50.31592712812613
              ],
              [
                -5.166599478533799,
                50.31339845421775
              ],
              [
                -5.1659672272566,
                50.310675266931796
              ],
              [
                -5.1658091644373005,
                50.308632876467335
              ],
              [
                -5.164228536244305,
                50.30668774269166
              ],
              [
                -5.164070473425005,
                50.30581243249261
              ],
              [
                -5.160909217039013,
                50.30338101527301
              ],
              [
                -5.161067279858312,
                50.30231119169638
              ],
              [
                -5.159802777303915,
                50.29910172096652
              ],
              [
                -5.160909217039013,
                50.29715658719084
              ],
              [
                -5.161225342677612,
                50.29598950692544
              ],
              [
                -5.160909217039013,
                50.2950169400376
              ]
            ]
          ],
          [
            [
              [
                -5.232195548543141,
                50.33401687223993
              ],
              [
                -5.233143925458938,
                50.333822358862356
              ],
              [
                -5.232985862639639,
                50.33421138561749
              ],
              [
                -5.232195548543141,
                50.33401687223993
              ]
            ]
          ]
        ]
      },
      "properties": {
        "slot_id": "gas_emissions_6",
        "lineage_id": "LOCAL-NEW-92271296-1318-4c0c-a293-d0d4ebc2d06b",
        "page_generation": 1,
        "semantic_mode": "AREA_JOIN",
        "partition": {
          "start": 76904,
          "end": 92283,
          "count": 15380
        },
        "evidence_scope": "coverage_area",
        "coverage_area_id": "E01018852",
        "coverage_area_name": "Cornwall 040D",
        "coverage_area_identifier_scheme": "ONS_GSS_LSOA11",
        "parent_area_id": "E06000052",
        "parent_area_name": "Cornwall",
        "boundary_vintage": "LSOA 2011",
        "source_area_record": true,
        "accepted_parcel_record": false,
        "spatial_binding_method": "OFFICIAL_POLYGON_AND_EXACT_IDENTIFIER",
        "source_window_record_index": 1,
        "source_url": "https://raw.githubusercontent.com/ONSdigital/cdn.ons.gov.uk-assets/130bb351004270950dd4a434e27d80b588e7d0af/assets/topojson/lsoa_by_lad/topo_E06000052.json",
        "final_url": "https://raw.githubusercontent.com/ONSdigital/cdn.ons.gov.uk-assets/130bb351004270950dd4a434e27d80b588e7d0af/assets/topojson/lsoa_by_lad/topo_E06000052.json",
        "source_access_utc": "2026-10-02T10:40:00Z",
        "source_blob_sha": "5122ed59a03427c9913f20d0db5b9b203e7be41c",
        "source_file_sha256": "e313e88941def9339fe827e65196b707403d8baf6817be8b1b5216998e358b21",
        "field_evidence": {
          "LSOA11CD": "E01018852",
          "LSOA11NM": "Cornwall 040D",
          "geometry_type": "MultiPolygon",
          "parent_LAD": "E06000052"
        },
        "evidence_slice_sha256": "606b185a329cc278749b8e4e7c09a93c92456e2701ffec3f41d8a081ce64adc8",
        "confidence_score_0_100": 96,
        "evidence_grade": "A",
        "licence": "Open Government Licence v3.0",
        "licence_evidence_url": "https://www.ons.gov.uk/methodology/geography/licences",
        "fake_data": false,
        "local_spatial_join_status": "DEFERRED_TO_LOCAL_OPENCODE"
      }
    },
    {
      "type": "Feature",
      "id": "E01018853",
      "geometry": {
        "type": "Polygon",
        "coordinates": [
          [
            [
              -5.0298751398396275,
              50.264478339759464
            ],
            [
              -5.030665453936126,
              50.264575596448246
            ],
            [
              -5.0312977052133245,
              50.26418656969311
            ],
            [
              -5.030823516755426,
              50.26311674611649
            ],
            [
              -5.031929956490523,
              50.2618524091623
            ],
            [
              -5.035249275695815,
              50.262533205983786
            ],
            [
              -5.036197652611612,
              50.263019489427705
            ],
            [
              -5.037936343623908,
              50.26515913658095
            ],
            [
              -5.0390427833590055,
              50.26525639326974
            ],
            [
              -5.040307285913403,
              50.26496462320338
            ],
            [
              -5.038884720539706,
              50.264478339759464
            ],
            [
              -5.039358908997605,
              50.26418656969311
            ],
            [
              -5.038726657720407,
              50.263505772871625
            ],
            [
              -5.037778280804609,
              50.26340851618284
            ],
            [
              -5.037778280804609,
              50.262533205983786
            ],
            [
              -5.038252469262508,
              50.262435949295
            ],
            [
              -5.039200846178305,
              50.262435949295
            ],
            [
              -5.040149223094103,
              50.262435949295
            ],
            [
              -5.039833097455504,
              50.26292223273892
            ],
            [
              -5.040781474371301,
              50.26331125949406
            ],
            [
              -5.0412556628292,
              50.262533205983786
            ],
            [
              -5.045839484588889,
              50.26379754293798
            ],
            [
              -5.044574982034493,
              50.26467285313703
            ],
            [
              -5.043942730757294,
              50.26525639326974
            ],
            [
              -5.043310479480096,
              50.26574267671366
            ],
            [
              -5.040623411552001,
              50.26749329711176
            ],
            [
              -5.039991160274804,
              50.26768781048933
            ],
            [
              -5.036671841069511,
              50.2684658639996
            ],
            [
              -5.036197652611612,
              50.26992471433136
            ],
            [
              -5.0358815269730135,
              50.27041099777528
            ],
            [
              -5.035723464153714,
              50.2708972812192
            ],
            [
              -5.0344589615993165,
              50.27216161817339
            ],
            [
              -5.030507391116826,
              50.27323144175001
            ],
            [
              -5.0298751398396275,
              50.27245338823974
            ],
            [
              -5.030665453936126,
              50.27138356466312
            ],
            [
              -5.029717077020328,
              50.270119227708925
            ],
            [
              -5.030191265478227,
              50.26992471433136
            ],
            [
              -5.0298751398396275,
              50.26797958055568
            ],
            [
              -5.029242888562429,
              50.26700701366784
            ],
            [
              -5.028610637285231,
              50.266715243601496
            ],
            [
              -5.026397757815036,
              50.265061879892166
            ],
            [
              -5.027820323188733,
              50.26525639326974
            ],
            [
              -5.028610637285231,
              50.26496462320338
            ],
            [
              -5.02908482574313,
              50.26535364995852
            ],
            [
              -5.0298751398396275,
              50.264478339759464
            ]
          ]
        ]
      },
      "properties": {
        "slot_id": "gas_emissions_6",
        "lineage_id": "LOCAL-NEW-92271296-1318-4c0c-a293-d0d4ebc2d06b",
        "page_generation": 1,
        "semantic_mode": "AREA_JOIN",
        "partition": {
          "start": 76904,
          "end": 92283,
          "count": 15380
        },
        "evidence_scope": "coverage_area",
        "coverage_area_id": "E01018853",
        "coverage_area_name": "Cornwall 042C",
        "coverage_area_identifier_scheme": "ONS_GSS_LSOA11",
        "parent_area_id": "E06000052",
        "parent_area_name": "Cornwall",
        "boundary_vintage": "LSOA 2011",
        "source_area_record": true,
        "accepted_parcel_record": false,
        "spatial_binding_method": "OFFICIAL_POLYGON_AND_EXACT_IDENTIFIER",
        "source_window_record_index": 2,
        "source_url": "https://raw.githubusercontent.com/ONSdigital/cdn.ons.gov.uk-assets/130bb351004270950dd4a434e27d80b588e7d0af/assets/topojson/lsoa_by_lad/topo_E06000052.json",
        "final_url": "https://raw.githubusercontent.com/ONSdigital/cdn.ons.gov.uk-assets/130bb351004270950dd4a434e27d80b588e7d0af/assets/topojson/lsoa_by_lad/topo_E06000052.json",
        "source_access_utc": "2026-10-02T10:40:00Z",
        "source_blob_sha": "5122ed59a03427c9913f20d0db5b9b203e7be41c",
        "source_file_sha256": "e313e88941def9339fe827e65196b707403d8baf6817be8b1b5216998e358b21",
        "field_evidence": {
          "LSOA11CD": "E01018853",
          "LSOA11NM": "Cornwall 042C",
          "geometry_type": "Polygon",
          "parent_LAD": "E06000052"
        },
        "evidence_slice_sha256": "606b185a329cc278749b8e4e7c09a93c92456e2701ffec3f41d8a081ce64adc8",
        "confidence_score_0_100": 96,
        "evidence_grade": "A",
        "licence": "Open Government Licence v3.0",
        "licence_evidence_url": "https://www.ons.gov.uk/methodology/geography/licences",
        "fake_data": false,
        "local_spatial_join_status": "DEFERRED_TO_LOCAL_OPENCODE"
      }
    },
    {
      "type": "Feature",
      "id": "E01018854",
      "geometry": {
        "type": "Polygon",
        "coordinates": [
          [
            [
              -5.0298751398396275,
              50.264478339759464
            ],
            [
              -5.027820323188733,
              50.26340851618284
            ],
            [
              -5.027346134730834,
              50.26175515247351
            ],
            [
              -5.026713883453636,
              50.261949665851084
            ],
            [
              -5.025291318079939,
              50.26078258558568
            ],
            [
              -5.0238687527062424,
              50.26010178876419
            ],
            [
              -5.02513325526064,
              50.258934708498785
            ],
            [
              -5.024501003983441,
              50.25864293843243
            ],
            [
              -5.025923569357137,
              50.257962141610946
            ],
            [
              -5.027978386008032,
              50.254752670881075
            ],
            [
              -5.030349328297526,
              50.25543346770257
            ],
            [
              -5.030349328297526,
              50.254266387437156
            ],
            [
              -5.0314557680326235,
              50.25358559061567
            ],
            [
              -5.03303639622562,
              50.251154173396074
            ],
            [
              -5.0344589615993165,
              50.249695323064316
            ],
            [
              -5.0374621551660095,
              50.2497925797531
            ],
            [
              -5.0390427833590055,
              50.25047337657459
            ],
            [
              -5.040939537190601,
              50.25251576703905
            ],
            [
              -5.040149223094103,
              50.254363644125945
            ],
            [
              -5.0414137256485,
              50.255336211013784
            ],
            [
              -5.043310479480096,
              50.256308777901616
            ],
            [
              -5.044733044853792,
              50.25757311485581
            ],
            [
              -5.04552335895029,
              50.258934708498785
            ],
            [
              -5.045839484588889,
              50.26058807220811
            ],
            [
              -5.046787861504687,
              50.26204692253987
            ],
            [
              -5.046945924323987,
              50.263019489427705
            ],
            [
              -5.045839484588889,
              50.26379754293798
            ],
            [
              -5.0412556628292,
              50.262533205983786
            ],
            [
              -5.040781474371301,
              50.26331125949406
            ],
            [
              -5.039833097455504,
              50.26292223273892
            ],
            [
              -5.040149223094103,
              50.262435949295
            ],
            [
              -5.039200846178305,
              50.262435949295
            ],
            [
              -5.038252469262508,
              50.262435949295
            ],
            [
              -5.037778280804609,
              50.262533205983786
            ],
            [
              -5.037778280804609,
              50.26340851618284
            ],
            [
              -5.038726657720407,
              50.263505772871625
            ],
            [
              -5.039358908997605,
              50.26418656969311
            ],
            [
              -5.038884720539706,
              50.264478339759464
            ],
            [
              -5.040307285913403,
              50.26496462320338
            ],
            [
              -5.0390427833590055,
              50.26525639326974
            ],
            [
              -5.037936343623908,
              50.26515913658095
            ],
            [
              -5.036197652611612,
              50.263019489427705
            ],
            [
              -5.035249275695815,
              50.262533205983786
            ],
            [
              -5.031929956490523,
              50.2618524091623
            ],
            [
              -5.030823516755426,
              50.26311674611649
            ],
            [
              -5.0312977052133245,
              50.26418656969311
            ],
            [
              -5.030665453936126,
              50.264575596448246
            ],
            [
              -5.0298751398396275,
              50.264478339759464
            ]
          ]
        ]
      },
      "properties": {
        "slot_id": "gas_emissions_6",
        "lineage_id": "LOCAL-NEW-92271296-1318-4c0c-a293-d0d4ebc2d06b",
        "page_generation": 1,
        "semantic_mode": "AREA_JOIN",
        "partition": {
          "start": 76904,
          "end": 92283,
          "count": 15380
        },
        "evidence_scope": "coverage_area",
        "coverage_area_id": "E01018854",
        "coverage_area_name": "Cornwall 042D",
        "coverage_area_identifier_scheme": "ONS_GSS_LSOA11",
        "parent_area_id": "E06000052",
        "parent_area_name": "Cornwall",
        "boundary_vintage": "LSOA 2011",
        "source_area_record": true,
        "accepted_parcel_record": false,
        "spatial_binding_method": "OFFICIAL_POLYGON_AND_EXACT_IDENTIFIER",
        "source_window_record_index": 3,
        "source_url": "https://raw.githubusercontent.com/ONSdigital/cdn.ons.gov.uk-assets/130bb351004270950dd4a434e27d80b588e7d0af/assets/topojson/lsoa_by_lad/topo_E06000052.json",
        "final_url": "https://raw.githubusercontent.com/ONSdigital/cdn.ons.gov.uk-assets/130bb351004270950dd4a434e27d80b588e7d0af/assets/topojson/lsoa_by_lad/topo_E06000052.json",
        "source_access_utc": "2026-10-02T10:40:00Z",
        "source_blob_sha": "5122ed59a03427c9913f20d0db5b9b203e7be41c",
        "source_file_sha256": "e313e88941def9339fe827e65196b707403d8baf6817be8b1b5216998e358b21",
        "field_evidence": {
          "LSOA11CD": "E01018854",
          "LSOA11NM": "Cornwall 042D",
          "geometry_type": "Polygon",
          "parent_LAD": "E06000052"
        },
        "evidence_slice_sha256": "606b185a329cc278749b8e4e7c09a93c92456e2701ffec3f41d8a081ce64adc8",
        "confidence_score_0_100": 96,
        "evidence_grade": "A",
        "licence": "Open Government Licence v3.0",
        "licence_evidence_url": "https://www.ons.gov.uk/methodology/geography/licences",
        "fake_data": false,
        "local_spatial_join_status": "DEFERRED_TO_LOCAL_OPENCODE"
      }
    },
    {
      "type": "Feature",
      "id": "E01018855",
      "geometry": {
        "type": "Polygon",
        "coordinates": [
          [
            [
              -5.077610111268113,
              50.2720643614846
            ],
            [
              -5.07871655100321,
              50.26827135062204
            ],
            [
              -5.079032676641809,
              50.26768781048933
            ],
            [
              -5.080297179196206,
              50.269146660821086
            ],
            [
              -5.082193933027802,
              50.26982745764258
            ],
            [
              -5.085197126594495,
              50.269146660821086
            ],
            [
              -5.086619691968191,
              50.269243917509876
            ],
            [
              -5.0872519432453895,
              50.26982745764258
            ],
            [
              -5.087726131703288,
              50.26982745764258
            ],
            [
              -5.088042257341888,
              50.2690494041323
            ],
            [
              -5.089306759896285,
              50.26885489075474
            ],
            [
              -5.091045450908581,
              50.269632944265005
            ],
            [
              -5.092784141920877,
              50.268563120688384
            ],
            [
              -5.092309953462977,
              50.26797958055568
            ],
            [
              -5.089148697076985,
              50.2672987837342
            ],
            [
              -5.088990634257685,
              50.26370028624919
            ],
            [
              -5.089148697076985,
              50.26331125949406
            ],
            [
              -5.085513252233094,
              50.26282497605014
            ],
            [
              -5.082351995847102,
              50.26204692253987
            ],
            [
              -5.082668121485701,
              50.26292223273892
            ],
            [
              -5.080613304834806,
              50.26292223273892
            ],
            [
              -5.080455242015506,
              50.26263046267257
            ],
            [
              -5.07887461382251,
              50.26233869260622
            ],
            [
              -5.07855848818391,
              50.26233869260622
            ],
            [
              -5.079190739461109,
              50.26117161234081
            ],
            [
              -5.07855848818391,
              50.260977098963245
            ],
            [
              -5.0782423625453115,
              50.26136612571838
            ],
            [
              -5.078400425364611,
              50.26175515247351
            ],
            [
              -5.077452048448813,
              50.26165789578473
            ],
            [
              -5.0782423625453115,
              50.26010178876419
            ],
            [
              -5.079348802280409,
              50.259907275386624
            ],
            [
              -5.079664927919008,
              50.259420991942704
            ],
            [
              -5.080771367654105,
              50.25912922187635
            ],
            [
              -5.078084299726012,
              50.25747585816703
            ],
            [
              -5.07871655100321,
              50.25708683141189
            ],
            [
              -5.085829377871693,
              50.255822494457696
            ],
            [
              -5.0888325714383855,
              50.255336211013784
            ],
            [
              -5.09120351372788,
              50.25864293843243
            ],
            [
              -5.092784141920877,
              50.25903196518757
            ],
            [
              -5.094048644475273,
              50.25912922187635
            ],
            [
              -5.0948389585717715,
              50.25883745181
            ],
            [
              -5.09531314702967,
              50.25932373525392
            ],
            [
              -5.096103461126169,
              50.259420991942704
            ],
            [
              -5.096577649584067,
              50.25883745181
            ],
            [
              -5.098474403415663,
              50.25922647856513
            ],
            [
              -5.105587230284145,
              50.26165789578473
            ],
            [
              -5.105271104645547,
              50.26233869260622
            ],
            [
              -5.106219481561344,
              50.26370028624919
            ],
            [
              -5.1054291674648455,
              50.26370028624919
            ],
            [
              -5.106377544380644,
              50.26477010982582
            ],
            [
              -5.105745293103445,
              50.26467285313703
            ],
            [
              -5.105903355922745,
              50.26593719009122
            ],
            [
              -5.106377544380644,
              50.266034446780004
            ],
            [
              -5.107009795657842,
              50.26681250029028
            ],
            [
              -5.106219481561344,
              50.26700701366784
            ],
            [
              -5.1054291674648455,
              50.266617986912706
            ],
            [
              -5.104480790549048,
              50.26700701366784
            ],
            [
              -5.104796916187647,
              50.26720152704541
            ],
            [
              -5.104006602091149,
              50.26778506717812
            ],
            [
              -5.101003408524456,
              50.2690494041323
            ],
            [
              -5.0978421521384645,
              50.271091794596764
            ],
            [
              -5.096103461126169,
              50.27167533472947
            ],
            [
              -5.094522832933172,
              50.274301265326635
            ],
            [
              -5.094364770113873,
              50.2744957787042
            ],
            [
              -5.090097073992783,
              50.27459303539298
            ],
            [
              -5.08709388042609,
              50.27303692837244
            ],
            [
              -5.084406812497996,
              50.272745158306094
            ],
            [
              -5.080297179196206,
              50.272745158306094
            ],
            [
              -5.079981053557607,
              50.27216161817339
            ],
            [
              -5.077610111268113,
              50.2720643614846
            ]
          ]
        ]
      },
      "properties": {
        "slot_id": "gas_emissions_6",
        "lineage_id": "LOCAL-NEW-92271296-1318-4c0c-a293-d0d4ebc2d06b",
        "page_generation": 1,
        "semantic_mode": "AREA_JOIN",
        "partition": {
          "start": 76904,
          "end": 92283,
          "count": 15380
        },
        "evidence_scope": "coverage_area",
        "coverage_area_id": "E01018855",
        "coverage_area_name": "Cornwall 043C",
        "coverage_area_identifier_scheme": "ONS_GSS_LSOA11",
        "parent_area_id": "E06000052",
        "parent_area_name": "Cornwall",
        "boundary_vintage": "LSOA 2011",
        "source_area_record": true,
        "accepted_parcel_record": false,
        "spatial_binding_method": "OFFICIAL_POLYGON_AND_EXACT_IDENTIFIER",
        "source_window_record_index": 4,
        "source_url": "https://raw.githubusercontent.com/ONSdigital/cdn.ons.gov.uk-assets/130bb351004270950dd4a434e27d80b588e7d0af/assets/topojson/lsoa_by_lad/topo_E06000052.json",
        "final_url": "https://raw.githubusercontent.com/ONSdigital/cdn.ons.gov.uk-assets/130bb351004270950dd4a434e27d80b588e7d0af/assets/topojson/lsoa_by_lad/topo_E06000052.json",
        "source_access_utc": "2026-10-02T10:40:00Z",
        "source_blob_sha": "5122ed59a03427c9913f20d0db5b9b203e7be41c",
        "source_file_sha256": "e313e88941def9339fe827e65196b707403d8baf6817be8b1b5216998e358b21",
        "field_evidence": {
          "LSOA11CD": "E01018855",
          "LSOA11NM": "Cornwall 043C",
          "geometry_type": "Polygon",
          "parent_LAD": "E06000052"
        },
        "evidence_slice_sha256": "606b185a329cc278749b8e4e7c09a93c92456e2701ffec3f41d8a081ce64adc8",
        "confidence_score_0_100": 96,
        "evidence_grade": "A",
        "licence": "Open Government Licence v3.0",
        "licence_evidence_url": "https://www.ons.gov.uk/methodology/geography/licences",
        "fake_data": false,
        "local_spatial_join_status": "DEFERRED_TO_LOCAL_OPENCODE"
      }
    },
    {
      "type": "Feature",
      "id": "E01018856",
      "geometry": {
        "type": "Polygon",
        "coordinates": [
          [
            [
              -5.07871655100321,
              50.26827135062204
            ],
            [
              -5.079032676641809,
              50.26739604042298
            ],
            [
              -5.080929430473405,
              50.26632621684636
            ],
            [
              -5.080929430473405,
              50.26477010982582
            ],
            [
              -5.079981053557607,
              50.26438108307068
            ],
            [
              -5.078400425364611,
              50.26418656969311
            ],
            [
              -5.0782423625453115,
              50.264575596448246
            ],
            [
              -5.076503671533016,
              50.26418656969311
            ],
            [
              -5.076503671533016,
              50.264575596448246
            ],
            [
              -5.0752391689786185,
              50.264478339759464
            ],
            [
              -5.07476498052072,
              50.26379754293798
            ],
            [
              -5.07476498052072,
              50.26321400280527
            ],
            [
              -5.0738166036049215,
              50.262435949295
            ],
            [
              -5.0738166036049215,
              50.261463382407165
            ],
            [
              -5.0706553472189295,
              50.26136612571838
            ],
            [
              -5.072868226689124,
              50.25932373525392
            ],
            [
              -5.076345608713716,
              50.25611426452405
            ],
            [
              -5.080297179196206,
              50.255822494457696
            ],
            [
              -5.079506865099709,
              50.25611426452405
            ],
            [
              -5.07871655100321,
              50.25708683141189
            ],
            [
              -5.078084299726012,
              50.25747585816703
            ],
            [
              -5.080771367654105,
              50.25912922187635
            ],
            [
              -5.079664927919008,
              50.259420991942704
            ],
            [
              -5.079348802280409,
              50.259907275386624
            ],
            [
              -5.0782423625453115,
              50.26010178876419
            ],
            [
              -5.077452048448813,
              50.26165789578473
            ],
            [
              -5.078400425364611,
              50.26175515247351
            ],
            [
              -5.0782423625453115,
              50.26136612571838
            ],
            [
              -5.07855848818391,
              50.260977098963245
            ],
            [
              -5.079190739461109,
              50.26117161234081
            ],
            [
              -5.07855848818391,
              50.26233869260622
            ],
            [
              -5.07887461382251,
              50.26233869260622
            ],
            [
              -5.080455242015506,
              50.26263046267257
            ],
            [
              -5.080613304834806,
              50.26292223273892
            ],
            [
              -5.082668121485701,
              50.26292223273892
            ],
            [
              -5.082351995847102,
              50.26204692253987
            ],
            [
              -5.085513252233094,
              50.26282497605014
            ],
            [
              -5.089148697076985,
              50.26331125949406
            ],
            [
              -5.088990634257685,
              50.26370028624919
            ],
            [
              -5.089148697076985,
              50.2672987837342
            ],
            [
              -5.092309953462977,
              50.26797958055568
            ],
            [
              -5.092784141920877,
              50.268563120688384
            ],
            [
              -5.091045450908581,
              50.269632944265005
            ],
            [
              -5.089306759896285,
              50.26885489075474
            ],
            [
              -5.088042257341888,
              50.2690494041323
            ],
            [
              -5.087726131703288,
              50.26982745764258
            ],
            [
              -5.0872519432453895,
              50.26982745764258
            ],
            [
              -5.086619691968191,
              50.269243917509876
            ],
            [
              -5.085197126594495,
              50.269146660821086
            ],
            [
              -5.082193933027802,
              50.26982745764258
            ],
            [
              -5.080297179196206,
              50.269146660821086
            ],
            [
              -5.079032676641809,
              50.26768781048933
            ],
            [
              -5.07871655100321,
              50.26827135062204
            ]
          ]
        ]
      },
      "properties": {
        "slot_id": "gas_emissions_6",
        "lineage_id": "LOCAL-NEW-92271296-1318-4c0c-a293-d0d4ebc2d06b",
        "page_generation": 1,
        "semantic_mode": "AREA_JOIN",
        "partition": {
          "start": 76904,
          "end": 92283,
          "count": 15380
        },
        "evidence_scope": "coverage_area",
        "coverage_area_id": "E01018856",
        "coverage_area_name": "Cornwall 043D",
        "coverage_area_identifier_scheme": "ONS_GSS_LSOA11",
        "parent_area_id": "E06000052",
        "parent_area_name": "Cornwall",
        "boundary_vintage": "LSOA 2011",
        "source_area_record": true,
        "accepted_parcel_record": false,
        "spatial_binding_method": "OFFICIAL_POLYGON_AND_EXACT_IDENTIFIER",
        "source_window_record_index": 5,
        "source_url": "https://raw.githubusercontent.com/ONSdigital/cdn.ons.gov.uk-assets/130bb351004270950dd4a434e27d80b588e7d0af/assets/topojson/lsoa_by_lad/topo_E06000052.json",
        "final_url": "https://raw.githubusercontent.com/ONSdigital/cdn.ons.gov.uk-assets/130bb351004270950dd4a434e27d80b588e7d0af/assets/topojson/lsoa_by_lad/topo_E06000052.json",
        "source_access_utc": "2026-10-02T10:40:00Z",
        "source_blob_sha": "5122ed59a03427c9913f20d0db5b9b203e7be41c",
        "source_file_sha256": "e313e88941def9339fe827e65196b707403d8baf6817be8b1b5216998e358b21",
        "field_evidence": {
          "LSOA11CD": "E01018856",
          "LSOA11NM": "Cornwall 043D",
          "geometry_type": "Polygon",
          "parent_LAD": "E06000052"
        },
        "evidence_slice_sha256": "606b185a329cc278749b8e4e7c09a93c92456e2701ffec3f41d8a081ce64adc8",
        "confidence_score_0_100": 96,
        "evidence_grade": "A",
        "licence": "Open Government Licence v3.0",
        "licence_evidence_url": "https://www.ons.gov.uk/methodology/geography/licences",
        "fake_data": false,
        "local_spatial_join_status": "DEFERRED_TO_LOCAL_OPENCODE"
      }
    },
    {
      "type": "Feature",
      "id": "E01018857",
      "geometry": {
        "type": "Polygon",
        "coordinates": [
          [
            [
              -5.063542520350447,
              50.27546834559204
            ],
            [
              -5.063226394711847,
              50.273328698438796
            ],
            [
              -5.064016708808346,
              50.27245338823974
            ],
            [
              -5.064807022904843,
              50.27235613155096
            ],
            [
              -5.064016708808346,
              50.27157807804068
            ],
            [
              -5.064016708808346,
              50.270800024530416
            ],
            [
              -5.068126342110135,
              50.271286307974336
            ],
            [
              -5.069390844664532,
              50.26992471433136
            ],
            [
              -5.068284404929435,
              50.2690494041323
            ],
            [
              -5.0660715254592406,
              50.269243917509876
            ],
            [
              -5.064965085724143,
              50.26866037737717
            ],
            [
              -5.064490897266245,
              50.26866037737717
            ],
            [
              -5.0646489600855435,
              50.26934117419866
            ],
            [
              -5.065597337001342,
              50.26934117419866
            ],
            [
              -5.064807022904843,
              50.26992471433136
            ],
            [
              -5.064174771627645,
              50.26953568757622
            ],
            [
              -5.064016708808346,
              50.26885489075474
            ],
            [
              -5.063542520350447,
              50.268563120688384
            ],
            [
              -5.064174771627645,
              50.26817409393325
            ],
            [
              -5.064016708808346,
              50.26768781048933
            ],
            [
              -5.063384457531147,
              50.2672987837342
            ],
            [
              -5.06211995497675,
              50.267590553800545
            ],
            [
              -5.060539326783754,
              50.267104270356626
            ],
            [
              -5.060539326783754,
              50.26681250029028
            ],
            [
              -5.0570619447591625,
              50.266034446780004
            ],
            [
              -5.059907075506556,
              50.2648673665146
            ],
            [
              -5.060697389603053,
              50.264575596448246
            ],
            [
              -5.063700583169746,
              50.26515913658095
            ],
            [
              -5.063700583169746,
              50.26574267671366
            ],
            [
              -5.065755399820642,
              50.26681250029028
            ],
            [
              -5.066703776736439,
              50.266520730223924
            ],
            [
              -5.068284404929435,
              50.26681250029028
            ],
            [
              -5.068442467748735,
              50.26622896015758
            ],
            [
              -5.071129535676828,
              50.26515913658095
            ],
            [
              -5.070181158761031,
              50.264478339759464
            ],
            [
              -5.071445661315428,
              50.26282497605014
            ],
            [
              -5.070339221580331,
              50.26233869260622
            ],
            [
              -5.0706553472189295,
              50.26136612571838
            ],
            [
              -5.0738166036049215,
              50.261463382407165
            ],
            [
              -5.0738166036049215,
              50.262435949295
            ],
            [
              -5.07476498052072,
              50.26321400280527
            ],
            [
              -5.07476498052072,
              50.26379754293798
            ],
            [
              -5.0752391689786185,
              50.264478339759464
            ],
            [
              -5.076503671533016,
              50.264575596448246
            ],
            [
              -5.076503671533016,
              50.26418656969311
            ],
            [
              -5.0782423625453115,
              50.264575596448246
            ],
            [
              -5.078400425364611,
              50.26418656969311
            ],
            [
              -5.079981053557607,
              50.26438108307068
            ],
            [
              -5.080929430473405,
              50.26477010982582
            ],
            [
              -5.080929430473405,
              50.26632621684636
            ],
            [
              -5.079032676641809,
              50.26739604042298
            ],
            [
              -5.07871655100321,
              50.26827135062204
            ],
            [
              -5.077610111268113,
              50.2720643614846
            ],
            [
              -5.0752391689786185,
              50.275857372347176
            ],
            [
              -5.07476498052072,
              50.275857372347176
            ],
            [
              -5.072868226689124,
              50.27702445261258
            ],
            [
              -5.071129535676828,
              50.2769271959238
            ],
            [
              -5.071287598496128,
              50.277316222678934
            ],
            [
              -5.068442467748735,
              50.278386046255555
            ],
            [
              -5.066703776736439,
              50.28013666665367
            ],
            [
              -5.064016708808346,
              50.27984489658731
            ],
            [
              -5.064332834446945,
              50.27673268254623
            ],
            [
              -5.064490897266245,
              50.27546834559204
            ],
            [
              -5.063542520350447,
              50.27546834559204
            ]
          ]
        ]
      },
      "properties": {
        "slot_id": "gas_emissions_6",
        "lineage_id": "LOCAL-NEW-92271296-1318-4c0c-a293-d0d4ebc2d06b",
        "page_generation": 1,
        "semantic_mode": "AREA_JOIN",
        "partition": {
          "start": 76904,
          "end": 92283,
          "count": 15380
        },
        "evidence_scope": "coverage_area",
        "coverage_area_id": "E01018857",
        "coverage_area_name": "Cornwall 043E",
        "coverage_area_identifier_scheme": "ONS_GSS_LSOA11",
        "parent_area_id": "E06000052",
        "parent_area_name": "Cornwall",
        "boundary_vintage": "LSOA 2011",
        "source_area_record": true,
        "accepted_parcel_record": false,
        "spatial_binding_method": "OFFICIAL_POLYGON_AND_EXACT_IDENTIFIER",
        "source_window_record_index": 6,
        "source_url": "https://raw.githubusercontent.com/ONSdigital/cdn.ons.gov.uk-assets/130bb351004270950dd4a434e27d80b588e7d0af/assets/topojson/lsoa_by_lad/topo_E06000052.json",
        "final_url": "https://raw.githubusercontent.com/ONSdigital/cdn.ons.gov.uk-assets/130bb351004270950dd4a434e27d80b588e7d0af/assets/topojson/lsoa_by_lad/topo_E06000052.json",
        "source_access_utc": "2026-10-02T10:40:00Z",
        "source_blob_sha": "5122ed59a03427c9913f20d0db5b9b203e7be41c",
        "source_file_sha256": "e313e88941def9339fe827e65196b707403d8baf6817be8b1b5216998e358b21",
        "field_evidence": {
          "LSOA11CD": "E01018857",
          "LSOA11NM": "Cornwall 043E",
          "geometry_type": "Polygon",
          "parent_LAD": "E06000052"
        },
        "evidence_slice_sha256": "606b185a329cc278749b8e4e7c09a93c92456e2701ffec3f41d8a081ce64adc8",
        "confidence_score_0_100": 96,
        "evidence_grade": "A",
        "licence": "Open Government Licence v3.0",
        "licence_evidence_url": "https://www.ons.gov.uk/methodology/geography/licences",
        "fake_data": false,
        "local_spatial_join_status": "DEFERRED_TO_LOCAL_OPENCODE"
      }
    },
    {
      "type": "Feature",
      "id": "E01018858",
      "geometry": {
        "type": "Polygon",
        "coordinates": [
          [
            [
              -5.056113567843365,
              50.27517657552569
            ],
            [
              -5.054691002469668,
              50.27400949526028
            ],
            [
              -5.0540587511924695,
              50.27196710479582
            ],
            [
              -5.052952311457372,
              50.270800024530416
            ],
            [
              -5.052952311457372,
              50.26895214744352
            ],
            [
              -5.053110374276672,
              50.2684658639996
            ],
            [
              -5.053584562734571,
              50.26739604042298
            ],
            [
              -5.0570619447591625,
              50.266034446780004
            ],
            [
              -5.060539326783754,
              50.26681250029028
            ],
            [
              -5.060539326783754,
              50.267104270356626
            ],
            [
              -5.06211995497675,
              50.267590553800545
            ],
            [
              -5.063384457531147,
              50.2672987837342
            ],
            [
              -5.064016708808346,
              50.26768781048933
            ],
            [
              -5.064174771627645,
              50.26817409393325
            ],
            [
              -5.063542520350447,
              50.268563120688384
            ],
            [
              -5.064016708808346,
              50.26885489075474
            ],
            [
              -5.064174771627645,
              50.26953568757622
            ],
            [
              -5.064807022904843,
              50.26992471433136
            ],
            [
              -5.065597337001342,
              50.26934117419866
            ],
            [
              -5.0646489600855435,
              50.26934117419866
            ],
            [
              -5.064490897266245,
              50.26866037737717
            ],
            [
              -5.064965085724143,
              50.26866037737717
            ],
            [
              -5.0660715254592406,
              50.269243917509876
            ],
            [
              -5.068284404929435,
              50.2690494041323
            ],
            [
              -5.069390844664532,
              50.26992471433136
            ],
            [
              -5.068126342110135,
              50.271286307974336
            ],
            [
              -5.064016708808346,
              50.270800024530416
            ],
            [
              -5.064016708808346,
              50.27157807804068
            ],
            [
              -5.064807022904843,
              50.27235613155096
            ],
            [
              -5.064016708808346,
              50.27245338823974
            ],
            [
              -5.063226394711847,
              50.273328698438796
            ],
            [
              -5.063542520350447,
              50.27546834559204
            ],
            [
              -5.063068331892548,
              50.275273832214474
            ],
            [
              -5.061013515241653,
              50.275857372347176
            ],
            [
              -5.059116761410057,
              50.27517657552569
            ],
            [
              -5.0572200075784615,
              50.2750793188369
            ],
            [
              -5.056113567843365,
              50.27517657552569
            ]
          ]
        ]
      },
      "properties": {
        "slot_id": "gas_emissions_6",
        "lineage_id": "LOCAL-NEW-92271296-1318-4c0c-a293-d0d4ebc2d06b",
        "page_generation": 1,
        "semantic_mode": "AREA_JOIN",
        "partition": {
          "start": 76904,
          "end": 92283,
          "count": 15380
        },
        "evidence_scope": "coverage_area",
        "coverage_area_id": "E01018858",
        "coverage_area_name": "Cornwall 043F",
        "coverage_area_identifier_scheme": "ONS_GSS_LSOA11",
        "parent_area_id": "E06000052",
        "parent_area_name": "Cornwall",
        "boundary_vintage": "LSOA 2011",
        "source_area_record": true,
        "accepted_parcel_record": false,
        "spatial_binding_method": "OFFICIAL_POLYGON_AND_EXACT_IDENTIFIER",
        "source_window_record_index": 7,
        "source_url": "https://raw.githubusercontent.com/ONSdigital/cdn.ons.gov.uk-assets/130bb351004270950dd4a434e27d80b588e7d0af/assets/topojson/lsoa_by_lad/topo_E06000052.json",
        "final_url": "https://raw.githubusercontent.com/ONSdigital/cdn.ons.gov.uk-assets/130bb351004270950dd4a434e27d80b588e7d0af/assets/topojson/lsoa_by_lad/topo_E06000052.json",
        "source_access_utc": "2026-10-02T10:40:00Z",
        "source_blob_sha": "5122ed59a03427c9913f20d0db5b9b203e7be41c",
        "source_file_sha256": "e313e88941def9339fe827e65196b707403d8baf6817be8b1b5216998e358b21",
        "field_evidence": {
          "LSOA11CD": "E01018858",
          "LSOA11NM": "Cornwall 043F",
          "geometry_type": "Polygon",
          "parent_LAD": "E06000052"
        },
        "evidence_slice_sha256": "606b185a329cc278749b8e4e7c09a93c92456e2701ffec3f41d8a081ce64adc8",
        "confidence_score_0_100": 96,
        "evidence_grade": "A",
        "licence": "Open Government Licence v3.0",
        "licence_evidence_url": "https://www.ons.gov.uk/methodology/geography/licences",
        "fake_data": false,
        "local_spatial_join_status": "DEFERRED_TO_LOCAL_OPENCODE"
      }
    },
    {
      "type": "Feature",
      "id": "E01018859",
      "geometry": {
        "type": "Polygon",
        "coordinates": [
          [
            [
              -5.084564875317296,
              50.15914934580654
            ],
            [
              -5.083300372762899,
              50.15739872540843
            ],
            [
              -5.081719744569903,
              50.15564810501032
            ],
            [
              -5.081719744569903,
              50.154772794811265
            ],
            [
              -5.081719744569903,
              50.15467553812248
            ],
            [
              -5.081719744569903,
              50.15350845785708
            ],
            [
              -5.080929430473405,
              50.15253589096924
            ],
            [
              -5.07887461382251,
              50.15195235083653
            ],
            [
              -5.078400425364611,
              50.15136881070383
            ],
            [
              -5.078084299726012,
              50.15059075719356
            ],
            [
              -5.080139116376907,
              50.15107704063748
            ],
            [
              -5.081087493292705,
              50.150201730438425
            ],
            [
              -5.082826184305,
              50.14990996037207
            ],
            [
              -5.083932624040098,
              50.151174297326264
            ],
            [
              -5.085355189413794,
              50.15282766103559
            ],
            [
              -5.085671315052394,
              50.152730404346805
            ],
            [
              -5.085987440690992,
              50.15302217441316
            ],
            [
              -5.086619691968191,
              50.152730404346805
            ],
            [
              -5.0888325714383855,
              50.15350845785708
            ],
            [
              -5.089148697076985,
              50.153216687790724
            ],
            [
              -5.089780948354184,
              50.15350845785708
            ],
            [
              -5.091045450908581,
              50.15389748461221
            ],
            [
              -5.093574456017374,
              50.15496730818884
            ],
            [
              -5.096577649584067,
              50.15555084832154
            ],
            [
              -5.096577649584067,
              50.15535633494397
            ],
            [
              -5.0994227803314605,
              50.15564810501032
            ],
            [
              -5.100213094427959,
              50.1551618215664
            ],
            [
              -5.101161471343756,
              50.156912441964515
            ],
            [
              -5.100213094427959,
              50.158857575740186
            ],
            [
              -5.100371157247258,
              50.15953837256168
            ],
            [
              -5.097684089319165,
              50.15973288593924
            ],
            [
              -5.095629272668269,
              50.1606081961383
            ],
            [
              -5.09547120984897,
              50.15924660249532
            ],
            [
              -5.093732518836674,
              50.158468548985056
            ],
            [
              -5.094048644475273,
              50.15739872540843
            ],
            [
              -5.0934163931980745,
              50.15739872540843
            ],
            [
              -5.092942204740176,
              50.156426158520595
            ],
            [
              -5.092151890643678,
              50.156426158520595
            ],
            [
              -5.091045450908581,
              50.15710695534208
            ],
            [
              -5.090571262450681,
              50.1570096986533
            ],
            [
              -5.089622885534884,
              50.156815185275725
            ],
            [
              -5.087726131703288,
              50.15555084832154
            ],
            [
              -5.084881000955895,
              50.156426158520595
            ],
            [
              -5.084090686859398,
              50.15662067189816
            ],
            [
              -5.083932624040098,
              50.156328901831806
            ],
            [
              -5.083458435582199,
              50.156815185275725
            ],
            [
              -5.085197126594495,
              50.158857575740186
            ],
            [
              -5.084564875317296,
              50.15914934580654
            ]
          ]
        ]
      },
      "properties": {
        "slot_id": "gas_emissions_6",
        "lineage_id": "LOCAL-NEW-92271296-1318-4c0c-a293-d0d4ebc2d06b",
        "page_generation": 1,
        "semantic_mode": "AREA_JOIN",
        "partition": {
          "start": 76904,
          "end": 92283,
          "count": 15380
        },
        "evidence_scope": "coverage_area",
        "coverage_area_id": "E01018859",
        "coverage_area_name": "Cornwall 064E",
        "coverage_area_identifier_scheme": "ONS_GSS_LSOA11",
        "parent_area_id": "E06000052",
        "parent_area_name": "Cornwall",
        "boundary_vintage": "LSOA 2011",
        "source_area_record": true,
        "accepted_parcel_record": false,
        "spatial_binding_method": "OFFICIAL_POLYGON_AND_EXACT_IDENTIFIER",
        "source_window_record_index": 8,
        "source_url": "https://raw.githubusercontent.com/ONSdigital/cdn.ons.gov.uk-assets/130bb351004270950dd4a434e27d80b588e7d0af/assets/topojson/lsoa_by_lad/topo_E06000052.json",
        "final_url": "https://raw.githubusercontent.com/ONSdigital/cdn.ons.gov.uk-assets/130bb351004270950dd4a434e27d80b588e7d0af/assets/topojson/lsoa_by_lad/topo_E06000052.json",
        "source_access_utc": "2026-10-02T10:40:00Z",
        "source_blob_sha": "5122ed59a03427c9913f20d0db5b9b203e7be41c",
        "source_file_sha256": "e313e88941def9339fe827e65196b707403d8baf6817be8b1b5216998e358b21",
        "field_evidence": {
          "LSOA11CD": "E01018859",
          "LSOA11NM": "Cornwall 064E",
          "geometry_type": "Polygon",
          "parent_LAD": "E06000052"
        },
        "evidence_slice_sha256": "606b185a329cc278749b8e4e7c09a93c92456e2701ffec3f41d8a081ce64adc8",
        "confidence_score_0_100": 96,
        "evidence_grade": "A",
        "licence": "Open Government Licence v3.0",
        "licence_evidence_url": "https://www.ons.gov.uk/methodology/geography/licences",
        "fake_data": false,
        "local_spatial_join_status": "DEFERRED_TO_LOCAL_OPENCODE"
      }
    },
    {
      "type": "Feature",
      "id": "E01018860",
      "geometry": {
        "type": "Polygon",
        "coordinates": [
          [
            [
              -5.088200320161187,
              50.16333138342424
            ],
            [
              -5.086777754787491,
              50.16109447958222
            ],
            [
              -5.085197126594495,
              50.15963562925046
            ],
            [
              -5.084564875317296,
              50.15914934580654
            ],
            [
              -5.085197126594495,
              50.158857575740186
            ],
            [
              -5.083458435582199,
              50.156815185275725
            ],
            [
              -5.083932624040098,
              50.156328901831806
            ],
            [
              -5.084090686859398,
              50.15662067189816
            ],
            [
              -5.084881000955895,
              50.156426158520595
            ],
            [
              -5.087726131703288,
              50.15555084832154
            ],
            [
              -5.089622885534884,
              50.156815185275725
            ],
            [
              -5.090571262450681,
              50.1570096986533
            ],
            [
              -5.091045450908581,
              50.15710695534208
            ],
            [
              -5.092151890643678,
              50.156426158520595
            ],
            [
              -5.092942204740176,
              50.156426158520595
            ],
            [
              -5.0934163931980745,
              50.15739872540843
            ],
            [
              -5.094048644475273,
              50.15739872540843
            ],
            [
              -5.093732518836674,
              50.158468548985056
            ],
            [
              -5.09547120984897,
              50.15924660249532
            ],
            [
              -5.095629272668269,
              50.1606081961383
            ],
            [
              -5.094206707294573,
              50.16109447958222
            ],
            [
              -5.093890581655973,
              50.161191736271
            ],
            [
              -5.092626079101577,
              50.16226155984762
            ],
            [
              -5.09120351372788,
              50.16226155984762
            ],
            [
              -5.089939011173483,
              50.16430395031208
            ],
            [
              -5.089464822715584,
              50.1636231534906
            ],
            [
              -5.088200320161187,
              50.16333138342424
            ]
          ]
        ]
      },
      "properties": {
        "slot_id": "gas_emissions_6",
        "lineage_id": "LOCAL-NEW-92271296-1318-4c0c-a293-d0d4ebc2d06b",
        "page_generation": 1,
        "semantic_mode": "AREA_JOIN",
        "partition": {
          "start": 76904,
          "end": 92283,
          "count": 15380
        },
        "evidence_scope": "coverage_area",
        "coverage_area_id": "E01018860",
        "coverage_area_name": "Cornwall 062E",
        "coverage_area_identifier_scheme": "ONS_GSS_LSOA11",
        "parent_area_id": "E06000052",
        "parent_area_name": "Cornwall",
        "boundary_vintage": "LSOA 2011",
        "source_area_record": true,
        "accepted_parcel_record": false,
        "spatial_binding_method": "OFFICIAL_POLYGON_AND_EXACT_IDENTIFIER",
        "source_window_record_index": 9,
        "source_url": "https://raw.githubusercontent.com/ONSdigital/cdn.ons.gov.uk-assets/130bb351004270950dd4a434e27d80b588e7d0af/assets/topojson/lsoa_by_lad/topo_E06000052.json",
        "final_url": "https://raw.githubusercontent.com/ONSdigital/cdn.ons.gov.uk-assets/130bb351004270950dd4a434e27d80b588e7d0af/assets/topojson/lsoa_by_lad/topo_E06000052.json",
        "source_access_utc": "2026-10-02T10:40:00Z",
        "source_blob_sha": "5122ed59a03427c9913f20d0db5b9b203e7be41c",
        "source_file_sha256": "e313e88941def9339fe827e65196b707403d8baf6817be8b1b5216998e358b21",
        "field_evidence": {
          "LSOA11CD": "E01018860",
          "LSOA11NM": "Cornwall 062E",
          "geometry_type": "Polygon",
          "parent_LAD": "E06000052"
        },
        "evidence_slice_sha256": "606b185a329cc278749b8e4e7c09a93c92456e2701ffec3f41d8a081ce64adc8",
        "confidence_score_0_100": 96,
        "evidence_grade": "A",
        "licence": "Open Government Licence v3.0",
        "licence_evidence_url": "https://www.ons.gov.uk/methodology/geography/licences",
        "fake_data": false,
        "local_spatial_join_status": "DEFERRED_TO_LOCAL_OPENCODE"
      }
    },
    {
      "type": "Feature",
      "id": "E01018861",
      "geometry": {
        "type": "Polygon",
        "coordinates": [
          [
            [
              -5.31976235043513,
              50.09418187769892
            ],
            [
              -5.319604287615831,
              50.09320931081108
            ],
            [
              -5.3213429786281266,
              50.092723027367164
            ],
            [
              -5.3229236068211225,
              50.091264177035406
            ],
            [
              -5.327033240122913,
              50.089708070014865
            ],
            [
              -5.326717114484313,
              50.089221786570945
            ],
            [
              -5.328613868315909,
              50.087665679550405
            ],
            [
              -5.328297742677309,
              50.08883275981581
            ],
            [
              -5.328613868315909,
              50.089124529882156
            ],
            [
              -5.330194496508905,
              50.08863824643824
            ],
            [
              -5.331775124701901,
              50.08941629994851
            ],
            [
              -5.3322493131598,
              50.09048612352513
            ],
            [
              -5.334936381087894,
              50.09145869041297
            ],
            [
              -5.336675072100189,
              50.091069663657834
            ],
            [
              -5.337307323377388,
              50.09136143372419
            ],
            [
              -5.337781511835287,
              50.091264177035406
            ],
            [
              -5.338255700293185,
              50.091750460479325
            ],
            [
              -5.339046014389684,
              50.09194497385689
            ],
            [
              -5.34062664258268,
              50.09165320379054
            ],
            [
              -5.341733082317777,
              50.09194497385689
            ],
            [
              -5.343629836149373,
              50.09165320379054
            ],
            [
              -5.346158841258166,
              50.09252851398959
            ],
            [
              -5.346316904077466,
              50.092236743923245
            ],
            [
              -5.347739469451163,
              50.091750460479325
            ],
            [
              -5.34884590918626,
              50.09213948723446
            ],
            [
              -5.350900725837155,
              50.09097240696905
            ],
            [
              -5.352007165572252,
              50.09116692034662
            ],
            [
              -5.352639416849451,
              50.09097240696905
            ],
            [
              -5.35722323860914,
              50.09651603822973
            ],
            [
              -5.355168421958245,
              50.09778037518392
            ],
            [
              -5.354378107861747,
              50.10011453571474
            ],
            [
              -5.352007165572252,
              50.10167064273528
            ],
            [
              -5.35311360530735,
              50.102448696245546
            ],
            [
              -5.355168421958245,
              50.10128161598014
            ],
            [
              -5.356590987331941,
              50.10322674975582
            ],
            [
              -5.356274861693342,
              50.10371303319974
            ],
            [
              -5.359436118079334,
              50.1051718835315
            ],
            [
              -5.35722323860914,
              50.10643622048568
            ],
            [
              -5.358013552705638,
              50.10799232750623
            ],
            [
              -5.358487741163537,
              50.108186840883796
            ],
            [
              -5.358013552705638,
              50.10954843452677
            ],
            [
              -5.357539364247739,
              50.11042374472583
            ],
            [
              -5.349952348921358,
              50.11139631161366
            ],
            [
              -5.350110411740657,
              50.11363321545569
            ],
            [
              -5.353587793765248,
              50.116939942874346
            ],
            [
              -5.354852296319645,
              50.11771799638461
            ],
            [
              -5.3576974270670386,
              50.119274103405154
            ],
            [
              -5.35706517578984,
              50.12014941360421
            ],
            [
              -5.35738130142844,
              50.12267808751259
            ],
            [
              -5.352639416849451,
              50.127054638507865
            ],
            [
              -5.3518491027529524,
              50.12831897546206
            ],
            [
              -5.349636223282758,
              50.12890251559476
            ],
            [
              -5.3472652809932635,
              50.128610745528405
            ],
            [
              -5.346000778438867,
              50.12919428566111
            ],
            [
              -5.34473627588447,
              50.130750392681655
            ],
            [
              -5.344894338703769,
              50.131139419436785
            ],
            [
              -5.343945961787972,
              50.13143118950314
            ],
            [
              -5.343155647691473,
              50.132111986324624
            ],
            [
              -5.341416956679178,
              50.13220924301341
            ],
            [
              -5.339836328486181,
              50.13133393281436
            ],
            [
              -5.340310516944081,
              50.13084764937044
            ],
            [
              -5.342207270775676,
              50.130264109237736
            ],
            [
              -5.341416956679178,
              50.129583312416244
            ],
            [
              -5.342839522052874,
              50.129097028972325
            ],
            [
              -5.341575019498477,
              50.12715189519665
            ],
            [
              -5.339678265666882,
              50.12588755824246
            ],
            [
              -5.337465386196687,
              50.12491499135462
            ],
            [
              -5.337465386196687,
              50.12617932830881
            ],
            [
              -5.33635894646159,
              50.12647109837516
            ],
            [
              -5.335726695184391,
              50.1262765849976
            ],
            [
              -5.334778318268594,
              50.12637384168638
            ],
            [
              -5.334778318268594,
              50.125595788176106
            ],
            [
              -5.332565438798399,
              50.12520676142097
            ],
            [
              -5.331617061882602,
              50.12540127479854
            ],
            [
              -5.329246119593107,
              50.12734640857422
            ],
            [
              -5.32798161703871,
              50.12899977228354
            ],
            [
              -5.327191302942212,
              50.129097028972325
            ],
            [
              -5.323555858098321,
              50.13240375639098
            ],
            [
              -5.324662297833418,
              50.13386260672274
            ],
            [
              -5.325452611929916,
              50.13415437678909
            ],
            [
              -5.325610674749216,
              50.135807740498414
            ],
            [
              -5.323081669640422,
              50.136391280631116
            ],
            [
              -5.321659104266725,
              50.13571048380963
            ],
            [
              -5.316284968410538,
              50.13133393281436
            ],
            [
              -5.314388214578943,
              50.12997233917138
            ],
            [
              -5.316759156868438,
              50.129583312416244
            ],
            [
              -5.316284968410538,
              50.128124462084486
            ],
            [
              -5.316759156868438,
              50.126568355063945
            ],
            [
              -5.316126905591239,
              50.12520676142097
            ],
            [
              -5.316126905591239,
              50.12131649386962
            ],
            [
              -5.314230151759643,
              50.11966313016029
            ],
            [
              -5.312333397928048,
              50.11810702313975
            ],
            [
              -5.312333397928048,
              50.11723171294069
            ],
            [
              -5.312965649205246,
              50.11596737598651
            ],
            [
              -5.313281774843846,
              50.116356402741644
            ],
            [
              -5.314704340217542,
              50.115383835853805
            ],
            [
              -5.318023659422834,
              50.11450852565475
            ],
            [
              -5.318181722242134,
              50.11207710843515
            ],
            [
              -5.319446224796531,
              50.10974294790434
            ],
            [
              -5.318813973519332,
              50.109159407771635
            ],
            [
              -5.319446224796531,
              50.10906215108285
            ],
            [
              -5.319604287615831,
              50.108673124327716
            ],
            [
              -5.317707533784235,
              50.10536639690906
            ],
            [
              -5.319288161977231,
              50.101962412801626
            ],
            [
              -5.319130099157931,
              50.101962412801626
            ],
            [
              -5.320236538893029,
              50.0985584286942
            ],
            [
              -5.31976235043513,
              50.09418187769892
            ]
          ]
        ]
      },
      "properties": {
        "slot_id": "gas_emissions_6",
        "lineage_id": "LOCAL-NEW-92271296-1318-4c0c-a293-d0d4ebc2d06b",
        "page_generation": 1,
        "semantic_mode": "AREA_JOIN",
        "partition": {
          "start": 76904,
          "end": 92283,
          "count": 15380
        },
        "evidence_scope": "coverage_area",
        "coverage_area_id": "E01018861",
        "coverage_area_name": "Cornwall 072A",
        "coverage_area_identifier_scheme": "ONS_GSS_LSOA11",
        "parent_area_id": "E06000052",
        "parent_area_name": "Cornwall",
        "boundary_vintage": "LSOA 2011",
        "source_area_record": true,
        "accepted_parcel_record": false,
        "spatial_binding_method": "OFFICIAL_POLYGON_AND_EXACT_IDENTIFIER",
        "source_window_record_index": 10,
        "source_url": "https://raw.githubusercontent.com/ONSdigital/cdn.ons.gov.uk-assets/130bb351004270950dd4a434e27d80b588e7d0af/assets/topojson/lsoa_by_lad/topo_E06000052.json",
        "final_url": "https://raw.githubusercontent.com/ONSdigital/cdn.ons.gov.uk-assets/130bb351004270950dd4a434e27d80b588e7d0af/assets/topojson/lsoa_by_lad/topo_E06000052.json",
        "source_access_utc": "2026-10-02T10:40:00Z",
        "source_blob_sha": "5122ed59a03427c9913f20d0db5b9b203e7be41c",
        "source_file_sha256": "e313e88941def9339fe827e65196b707403d8baf6817be8b1b5216998e358b21",
        "field_evidence": {
          "LSOA11CD": "E01018861",
          "LSOA11NM": "Cornwall 072A",
          "geometry_type": "Polygon",
          "parent_LAD": "E06000052"
        },
        "evidence_slice_sha256": "606b185a329cc278749b8e4e7c09a93c92456e2701ffec3f41d8a081ce64adc8",
        "confidence_score_0_100": 96,
        "evidence_grade": "A",
        "licence": "Open Government Licence v3.0",
        "licence_evidence_url": "https://www.ons.gov.uk/methodology/geography/licences",
        "fake_data": false,
        "local_spatial_join_status": "DEFERRED_TO_LOCAL_OPENCODE"
      }
    },
    {
      "type": "Feature",
      "id": "E01018862",
      "geometry": {
        "type": "Polygon",
        "coordinates": [
          [
            [
              -5.3576974270670386,
              50.119274103405154
            ],
            [
              -5.354852296319645,
              50.11771799638461
            ],
            [
              -5.353587793765248,
              50.116939942874346
            ],
            [
              -5.350110411740657,
              50.11363321545569
            ],
            [
              -5.349952348921358,
              50.11139631161366
            ],
            [
              -5.357539364247739,
              50.11042374472583
            ],
            [
              -5.358013552705638,
              50.10954843452677
            ],
            [
              -5.358487741163537,
              50.108186840883796
            ],
            [
              -5.358013552705638,
              50.10799232750623
            ],
            [
              -5.35722323860914,
              50.10643622048568
            ],
            [
              -5.359436118079334,
              50.1051718835315
            ],
            [
              -5.356274861693342,
              50.10371303319974
            ],
            [
              -5.356590987331941,
              50.10322674975582
            ],
            [
              -5.355168421958245,
              50.10128161598014
            ],
            [
              -5.35311360530735,
              50.102448696245546
            ],
            [
              -5.352007165572252,
              50.10167064273528
            ],
            [
              -5.354378107861747,
              50.10011453571474
            ],
            [
              -5.355168421958245,
              50.09778037518392
            ],
            [
              -5.35722323860914,
              50.09651603822973
            ],
            [
              -5.352639416849451,
              50.09097240696905
            ],
            [
              -5.3532716681266495,
              50.09029161014757
            ],
            [
              -5.354220045042447,
              50.09048612352513
            ],
            [
              -5.354694233500346,
              50.090194353458784
            ],
            [
              -5.356274861693342,
              50.09048612352513
            ],
            [
              -5.356116798874043,
              50.08999984008121
            ],
            [
              -5.356907112970541,
              50.090194353458784
            ],
            [
              -5.357855489886338,
              50.089221786570945
            ],
            [
              -5.359594180898634,
              50.089221786570945
            ],
            [
              -5.359752243717934,
              50.08951355663729
            ],
            [
              -5.360226432175833,
              50.089124529882156
            ],
            [
              -5.360542557814432,
              50.08941629994851
            ],
            [
              -5.36133287191093,
              50.08941629994851
            ],
            [
              -5.361965123188129,
              50.08883275981581
            ],
            [
              -5.363229625742525,
              50.08902727319337
            ],
            [
              -5.3622812488267275,
              50.08941629994851
            ],
            [
              -5.3637038142004245,
              50.08941629994851
            ],
            [
              -5.3637038142004245,
              50.089610813326075
            ],
            [
              -5.363229625742525,
              50.089708070014865
            ],
            [
              -5.363545751381125,
              50.090194353458784
            ],
            [
              -5.364178002658323,
              50.090194353458784
            ],
            [
              -5.3638618770197235,
              50.090777893591486
            ],
            [
              -5.364178002658323,
              50.09116692034662
            ],
            [
              -5.364652191116222,
              50.091069663657834
            ],
            [
              -5.364494128296922,
              50.09145869041297
            ],
            [
              -5.366232819309218,
              50.093695594255
            ],
            [
              -5.367813447502215,
              50.093792850943785
            ],
            [
              -5.368761824418012,
              50.09320931081108
            ],
            [
              -5.369236012875911,
              50.093792850943785
            ],
            [
              -5.36971020133381,
              50.093792850943785
            ],
            [
              -5.36971020133381,
              50.09340382418865
            ],
            [
              -5.371606955165405,
              50.0931120541223
            ],
            [
              -5.372239206442604,
              50.093306567499866
            ],
            [
              -5.372713394900503,
              50.093792850943785
            ],
            [
              -5.372397269261903,
              50.09389010763257
            ],
            [
              -5.372555332081203,
              50.095251701275544
            ],
            [
              -5.374926274370697,
              50.096807808296084
            ],
            [
              -5.374452085912798,
              50.09719683505122
            ],
            [
              -5.374926274370697,
              50.09768311849514
            ],
            [
              -5.376664965382993,
              50.09826665862784
            ],
            [
              -5.377455279479491,
              50.09894745544933
            ],
            [
              -5.385200357625172,
              50.101865156112844
            ],
            [
              -5.390890619119959,
              50.1033240064446
            ],
            [
              -5.392945435770854,
              50.103518519822174
            ],
            [
              -5.39468412678315,
              50.1033240064446
            ],
            [
              -5.395632503698947,
              50.10283772300068
            ],
            [
              -5.395316378060349,
              50.10235143955676
            ],
            [
              -5.395790566518247,
              50.10147612935771
            ],
            [
              -5.396422817795446,
              50.10118435929136
            ],
            [
              -5.397213131891943,
              50.10167064273528
            ],
            [
              -5.396738943434045,
              50.10118435929136
            ],
            [
              -5.397687320349842,
              50.10108710260258
            ],
            [
              -5.397529257530543,
              50.10079533253622
            ],
            [
              -5.398793760084939,
              50.100892589225005
            ],
            [
              -5.398793760084939,
              50.10118435929136
            ],
            [
              -5.399584074181438,
              50.10118435929136
            ],
            [
              -5.4000582626393365,
              50.10176789942406
            ],
            [
              -5.401322765193734,
              50.101865156112844
            ],
            [
              -5.402587267748131,
              50.10283772300068
            ],
            [
              -5.403693707483228,
              50.1027404663119
            ],
            [
              -5.404009833121827,
              50.10312949306704
            ],
            [
              -5.4044840215797265,
              50.10312949306704
            ],
            [
              -5.4044840215797265,
              50.103615776510956
            ],
            [
              -5.405906586953423,
              50.103615776510956
            ],
            [
              -5.405748524134123,
              50.104102059954876
            ],
            [
              -5.40685496386922,
              50.10381028988852
            ],
            [
              -5.40685496386922,
              50.10400480326609
            ],
            [
              -5.408909780520116,
              50.10449108671001
            ],
            [
              -5.413019413821906,
              50.103907546577304
            ],
            [
              -5.415548418930699,
              50.102059669490416
            ],
            [
              -5.417919361220194,
              50.10381028988852
            ],
            [
              -5.418709675316692,
              50.10682524724082
            ],
            [
              -5.419974177871088,
              50.10838135426136
            ],
            [
              -5.420132240690388,
              50.10954843452677
            ],
            [
              -5.419183863774591,
              50.11003471797069
            ],
            [
              -5.417287109942995,
              50.11052100141461
            ],
            [
              -5.416338733027198,
              50.11129905492488
            ],
            [
              -5.416338733027198,
              50.112757905256636
            ],
            [
              -5.414916167653501,
              50.115772862608935
            ],
            [
              -5.409858157435913,
              50.114703039032314
            ],
            [
              -5.403851770302528,
              50.115772862608935
            ],
            [
              -5.402587267748131,
              50.116939942874346
            ],
            [
              -5.401955016470932,
              50.11820427982853
            ],
            [
              -5.401006639555135,
              50.11907959002759
            ],
            [
              -5.4014808280130335,
              50.119274103405154
            ],
            [
              -5.400848576735835,
              50.12024667029299
            ],
            [
              -5.4000582626393365,
              50.12024667029299
            ],
            [
              -5.399900199820037,
              50.1214137505584
            ],
            [
              -5.397845383169142,
              50.121511007247186
            ],
            [
              -5.397529257530543,
              50.12209454737989
            ],
            [
              -5.398161508807741,
              50.12258083082381
            ],
            [
              -5.396897006253345,
              50.123845167778
            ],
            [
              -5.395474440879648,
              50.12374791108921
            ],
            [
              -5.393577687048053,
              50.124039681155566
            ],
            [
              -5.391206744758558,
              50.12530401810976
            ],
            [
              -5.387571299914667,
              50.12588755824246
            ],
            [
              -5.38630679736027,
              50.12520676142097
            ],
            [
              -5.385516483263772,
              50.1244287079107
            ],
            [
              -5.384568106347974,
              50.12520676142097
            ],
            [
              -5.385200357625172,
              50.12598481493124
            ],
            [
              -5.382513289697079,
              50.12763817864057
            ],
            [
              -5.38203910123918,
              50.12851348883962
            ],
            [
              -5.380142347407585,
              50.128124462084486
            ],
            [
              -5.3804584730461835,
              50.12948605572746
            ],
            [
              -5.382197164058479,
              50.12899977228354
            ],
            [
              -5.382513289697079,
              50.129583312416244
            ],
            [
              -5.380774598684783,
              50.13036136592652
            ],
            [
              -5.380774598684783,
              50.13055587930408
            ],
            [
              -5.381564912781281,
              50.131236676125575
            ],
            [
              -5.380142347407585,
              50.131722959569494
            ],
            [
              -5.3788778448531875,
              50.131042162748
            ],
            [
              -5.378561719214589,
              50.13055587930408
            ],
            [
              -5.378561719214589,
              50.1304586226153
            ],
            [
              -5.378245593575989,
              50.13055587930408
            ],
            [
              -5.376664965382993,
              50.131625702880704
            ],
            [
              -5.375084337189997,
              50.13143118950314
            ],
            [
              -5.374610148732098,
              50.13201472963584
            ],
            [
              -5.3738198346356,
              50.13094490605922
            ],
            [
              -5.3736617718163,
              50.130653135992866
            ],
            [
              -5.373187583358401,
              50.129583312416244
            ],
            [
              -5.371765017984705,
              50.12880525890598
            ],
            [
              -5.367497321863615,
              50.12880525890598
            ],
            [
              -5.367339259044315,
              50.128221718773275
            ],
            [
              -5.366074756489919,
              50.127735435329356
            ],
            [
              -5.364178002658323,
              50.12783269201814
            ],
            [
              -5.364810253935522,
              50.12598481493124
            ],
            [
              -5.363545751381125,
              50.12540127479854
            ],
            [
              -5.362913500103926,
              50.12462322128827
            ],
            [
              -5.364494128296922,
              50.123553397711646
            ],
            [
              -5.364494128296922,
              50.12190003400232
            ],
            [
              -5.3638618770197235,
              50.12160826393597
            ],
            [
              -5.360384494995132,
              50.12219180406867
            ],
            [
              -5.3576974270670386,
              50.119274103405154
            ]
          ]
        ]
      },
      "properties": {
        "slot_id": "gas_emissions_6",
        "lineage_id": "LOCAL-NEW-92271296-1318-4c0c-a293-d0d4ebc2d06b",
        "page_generation": 1,
        "semantic_mode": "AREA_JOIN",
        "partition": {
          "start": 76904,
          "end": 92283,
          "count": 15380
        },
        "evidence_scope": "coverage_area",
        "coverage_area_id": "E01018862",
        "coverage_area_name": "Cornwall 072B",
        "coverage_area_identifier_scheme": "ONS_GSS_LSOA11",
        "parent_area_id": "E06000052",
        "parent_area_name": "Cornwall",
        "boundary_vintage": "LSOA 2011",
        "source_area_record": true,
        "accepted_parcel_record": false,
        "spatial_binding_method": "OFFICIAL_POLYGON_AND_EXACT_IDENTIFIER",
        "source_window_record_index": 11,
        "source_url": "https://raw.githubusercontent.com/ONSdigital/cdn.ons.gov.uk-assets/130bb351004270950dd4a434e27d80b588e7d0af/assets/topojson/lsoa_by_lad/topo_E06000052.json",
        "final_url": "https://raw.githubusercontent.com/ONSdigital/cdn.ons.gov.uk-assets/130bb351004270950dd4a434e27d80b588e7d0af/assets/topojson/lsoa_by_lad/topo_E06000052.json",
        "source_access_utc": "2026-10-02T10:40:00Z",
        "source_blob_sha": "5122ed59a03427c9913f20d0db5b9b203e7be41c",
        "source_file_sha256": "e313e88941def9339fe827e65196b707403d8baf6817be8b1b5216998e358b21",
        "field_evidence": {
          "LSOA11CD": "E01018862",
          "LSOA11NM": "Cornwall 072B",
          "geometry_type": "Polygon",
          "parent_LAD": "E06000052"
        },
        "evidence_slice_sha256": "606b185a329cc278749b8e4e7c09a93c92456e2701ffec3f41d8a081ce64adc8",
        "confidence_score_0_100": 96,
        "evidence_grade": "A",
        "licence": "Open Government Licence v3.0",
        "licence_evidence_url": "https://www.ons.gov.uk/methodology/geography/licences",
        "fake_data": false,
        "local_spatial_join_status": "DEFERRED_TO_LOCAL_OPENCODE"
      }
    },
    {
      "type": "Feature",
      "id": "E01018863",
      "geometry": {
        "type": "Polygon",
        "coordinates": [
          [
            [
              -5.306643136433261,
              50.19163307986035
            ],
            [
              -5.30316575440867,
              50.190174229528594
            ],
            [
              -5.302691565950771,
              50.19036874290616
            ],
            [
              -5.300952874938475,
              50.18997971615102
            ],
            [
              -5.300794812119175,
              50.1894934327071
            ],
            [
              -5.297317430094584,
              50.18822909575292
            ],
            [
              -5.29494648780509,
              50.186575732043586
            ],
            [
              -5.2909949173226,
              50.185603165155754
            ],
            [
              -5.290204603226101,
              50.18579767853332
            ],
            [
              -5.289098163491004,
              50.1853113950894
            ],
            [
              -5.286094969924311,
              50.1817128976044
            ],
            [
              -5.285936907105011,
              50.18112935747169
            ],
            [
              -5.2851465930085135,
              50.18064307402777
            ],
            [
              -5.2835659648155175,
              50.18015679058386
            ],
            [
              -5.279614394333026,
              50.18015679058386
            ],
            [
              -5.27819182895933,
              50.17976776382872
            ],
            [
              -5.275978949489136,
              50.17967050713994
            ],
            [
              -5.275188635392637,
              50.1786979402521
            ],
            [
              -5.2669693687890575,
              50.18268546449224
            ],
            [
              -5.262859735487267,
              50.18365803138008
            ],
            [
              -5.26127910729427,
              50.185019625023045
            ],
            [
              -5.258117850908278,
              50.186089448599674
            ],
            [
              -5.2551146573415854,
              50.188034582375344
            ],
            [
              -5.2551146573415854,
              50.185992191910884
            ],
            [
              -5.254166280425788,
              50.18433882820156
            ],
            [
              -5.254008217606488,
              50.18307449124737
            ],
            [
              -5.255746908618784,
              50.17879519694088
            ],
            [
              -5.255430782980185,
              50.17753085998669
            ],
            [
              -5.254008217606488,
              50.1762665230325
            ],
            [
              -5.254166280425788,
              50.17578023958858
            ],
            [
              -5.25337596632929,
              50.17500218607831
            ],
            [
              -5.254008217606488,
              50.17354333574655
            ],
            [
              -5.254956594522286,
              50.173251565680204
            ],
            [
              -5.256221097076683,
              50.171792715348445
            ],
            [
              -5.255904971438084,
              50.16984758157277
            ],
            [
              -5.256853348353881,
              50.16945855481763
            ],
            [
              -5.25764366245038,
              50.168583244618574
            ],
            [
              -5.25764366245038,
              50.16702713759803
            ],
            [
              -5.257959788088979,
              50.16692988090925
            ],
            [
              -5.257011411173181,
              50.16586005733263
            ],
            [
              -5.256695285534581,
              50.1642066936233
            ],
            [
              -5.25732753681178,
              50.163039613357896
            ],
            [
              -5.257959788088979,
              50.16284509998033
            ],
            [
              -5.258117850908278,
              50.16226155984762
            ],
            [
              -5.263808112403065,
              50.16206704647006
            ],
            [
              -5.266337117511859,
              50.15963562925046
            ],
            [
              -5.2671274316083565,
              50.15769049547478
            ],
            [
              -5.266653243150458,
              50.156815185275725
            ],
            [
              -5.267443557246956,
              50.155939875076676
            ],
            [
              -5.267601620066255,
              50.15555084832154
            ],
            [
              -5.264914552138162,
              50.15302217441316
            ],
            [
              -5.264440363680263,
              50.151757837458966
            ],
            [
              -5.265388740596061,
              50.15059075719356
            ],
            [
              -5.265862929053959,
              50.14893739348423
            ],
            [
              -5.268391934162754,
              50.148159339973965
            ],
            [
              -5.269656436717151,
              50.147089516397344
            ],
            [
              -5.269656436717151,
              50.14640871957585
            ],
            [
              -5.2717112533680455,
              50.147186773086126
            ],
            [
              -5.273608007199641,
              50.14845111004031
            ],
            [
              -5.2761370123084355,
              50.14922916355059
            ],
            [
              -5.27803376614003,
              50.14893739348423
            ],
            [
              -5.282775650719019,
              50.14670048964221
            ],
            [
              -5.285620781466412,
              50.146019692820715
            ],
            [
              -5.288940100671704,
              50.1485483667291
            ],
            [
              -5.2908368545033,
              50.1485483667291
            ],
            [
              -5.29494648780509,
              50.146992259708554
            ],
            [
              -5.298107744191082,
              50.145144382621666
            ],
            [
              -5.302849628770071,
              50.14378278897869
            ],
            [
              -5.308065701806958,
              50.14174039851423
            ],
            [
              -5.31122695819295,
              50.13960075136099
            ],
            [
              -5.312333397928048,
              50.14183765520301
            ],
            [
              -5.314388214578943,
              50.143004735468416
            ],
            [
              -5.314862403036842,
              50.143101992157206
            ],
            [
              -5.315652717133339,
              50.1425184520245
            ],
            [
              -5.320552664531628,
              50.14271296540207
            ],
            [
              -5.324820360652717,
              50.143588275601125
            ],
            [
              -5.325136486291317,
              50.143977302356255
            ],
            [
              -5.326400988845714,
              50.14426907242261
            ],
            [
              -5.321975229905325,
              50.146019692820715
            ],
            [
              -5.317075282507036,
              50.146116949509505
            ],
            [
              -5.313439837663145,
              50.14806208328518
            ],
            [
              -5.3139140261210445,
              50.15029898712721
            ],
            [
              -5.314704340217542,
              50.15127155401505
            ],
            [
              -5.313439837663145,
              50.15438376805613
            ],
            [
              -5.314388214578943,
              50.156426158520595
            ],
            [
              -5.314230151759643,
              50.15662067189816
            ],
            [
              -5.316284968410538,
              50.15652341520938
            ],
            [
              -5.316917219687737,
              50.1570096986533
            ],
            [
              -5.314704340217542,
              50.15720421203086
            ],
            [
              -5.315652717133339,
              50.15953837256168
            ],
            [
              -5.315968842771939,
              50.162553329913976
            ],
            [
              -5.316759156868438,
              50.163039613357896
            ],
            [
              -5.316126905591239,
              50.167124394286816
            ],
            [
              -5.315810779952639,
              50.16770793441952
            ],
            [
              -5.312175335108749,
              50.169166784751276
            ],
            [
              -5.314230151759643,
              50.169166784751276
            ],
            [
              -5.314546277398242,
              50.171209175215736
            ],
            [
              -5.314230151759643,
              50.17509944276709
            ],
            [
              -5.314862403036842,
              50.17578023958858
            ],
            [
              -5.320394601712328,
              50.17665554978763
            ],
            [
              -5.322449418363224,
              50.17655829309885
            ],
            [
              -5.322765544001823,
              50.177336346609124
            ],
            [
              -5.3213429786281266,
              50.177919886741826
            ],
            [
              -5.321975229905325,
              50.178406170185745
            ],
            [
              -5.321659104266725,
              50.17898971031845
            ],
            [
              -5.322765544001823,
              50.18015679058386
            ],
            [
              -5.3229236068211225,
              50.18112935747169
            ],
            [
              -5.324662297833418,
              50.18161564091561
            ],
            [
              -5.325136486291317,
              50.18239369442588
            ],
            [
              -5.3259268003878155,
              50.185019625023045
            ],
            [
              -5.325294549110617,
              50.186478475354804
            ],
            [
              -5.3245042350141185,
              50.18861812250805
            ],
            [
              -5.323239732459721,
              50.19027148621738
            ],
            [
              -5.319288161977231,
              50.1919248499267
            ],
            [
              -5.317865596603535,
              50.193286443569676
            ],
            [
              -5.317075282507036,
              50.19367547032481
            ],
            [
              -5.316601094049138,
              50.1943562671463
            ],
            [
              -5.317075282507036,
              50.19591237416684
            ],
            [
              -5.316284968410538,
              50.19600963085563
            ],
            [
              -5.315652717133339,
              50.19562060410049
            ],
            [
              -5.314704340217542,
              50.19571786078927
            ],
            [
              -5.313597900482445,
              50.194745293901434
            ],
            [
              -5.311701146650849,
              50.19455078052387
            ],
            [
              -5.309804392819254,
              50.19406449707995
            ],
            [
              -5.308697953084157,
              50.19338370025846
            ],
            [
              -5.3079076389876585,
              50.19231387668184
            ],
            [
              -5.306643136433261,
              50.19163307986035
            ]
          ]
        ]
      },
      "properties": {
        "slot_id": "gas_emissions_6",
        "lineage_id": "LOCAL-NEW-92271296-1318-4c0c-a293-d0d4ebc2d06b",
        "page_generation": 1,
        "semantic_mode": "AREA_JOIN",
        "partition": {
          "start": 76904,
          "end": 92283,
          "count": 15380
        },
        "evidence_scope": "coverage_area",
        "coverage_area_id": "E01018863",
        "coverage_area_name": "Cornwall 059A",
        "coverage_area_identifier_scheme": "ONS_GSS_LSOA11",
        "parent_area_id": "E06000052",
        "parent_area_name": "Cornwall",
        "boundary_vintage": "LSOA 2011",
        "source_area_record": true,
        "accepted_parcel_record": false,
        "spatial_binding_method": "OFFICIAL_POLYGON_AND_EXACT_IDENTIFIER",
        "source_window_record_index": 12,
        "source_url": "https://raw.githubusercontent.com/ONSdigital/cdn.ons.gov.uk-assets/130bb351004270950dd4a434e27d80b588e7d0af/assets/topojson/lsoa_by_lad/topo_E06000052.json",
        "final_url": "https://raw.githubusercontent.com/ONSdigital/cdn.ons.gov.uk-assets/130bb351004270950dd4a434e27d80b588e7d0af/assets/topojson/lsoa_by_lad/topo_E06000052.json",
        "source_access_utc": "2026-10-02T10:40:00Z",
        "source_blob_sha": "5122ed59a03427c9913f20d0db5b9b203e7be41c",
        "source_file_sha256": "e313e88941def9339fe827e65196b707403d8baf6817be8b1b5216998e358b21",
        "field_evidence": {
          "LSOA11CD": "E01018863",
          "LSOA11NM": "Cornwall 059A",
          "geometry_type": "Polygon",
          "parent_LAD": "E06000052"
        },
        "evidence_slice_sha256": "606b185a329cc278749b8e4e7c09a93c92456e2701ffec3f41d8a081ce64adc8",
        "confidence_score_0_100": 96,
        "evidence_grade": "A",
        "licence": "Open Government Licence v3.0",
        "licence_evidence_url": "https://www.ons.gov.uk/methodology/geography/licences",
        "fake_data": false,
        "local_spatial_join_status": "DEFERRED_TO_LOCAL_OPENCODE"
      }
    },
    {
      "type": "Feature",
      "id": "E01018864",
      "geometry": {
        "type": "Polygon",
        "coordinates": [
          [
            [
              -5.31122695819295,
              50.13960075136099
            ],
            [
              -5.311859209470149,
              50.13658579400868
            ],
            [
              -5.312965649205246,
              50.13444614685544
            ],
            [
              -5.314230151759643,
              50.134348890166656
            ],
            [
              -5.314388214578943,
              50.1334735799676
            ],
            [
              -5.316284968410538,
              50.13133393281436
            ],
            [
              -5.321659104266725,
              50.13571048380963
            ],
            [
              -5.323081669640422,
              50.136391280631116
            ],
            [
              -5.325610674749216,
              50.135807740498414
            ],
            [
              -5.325452611929916,
              50.13415437678909
            ],
            [
              -5.324662297833418,
              50.13386260672274
            ],
            [
              -5.323555858098321,
              50.13240375639098
            ],
            [
              -5.327191302942212,
              50.129097028972325
            ],
            [
              -5.32798161703871,
              50.12899977228354
            ],
            [
              -5.329246119593107,
              50.12734640857422
            ],
            [
              -5.331617061882602,
              50.12540127479854
            ],
            [
              -5.332565438798399,
              50.12520676142097
            ],
            [
              -5.334778318268594,
              50.125595788176106
            ],
            [
              -5.334778318268594,
              50.12637384168638
            ],
            [
              -5.335726695184391,
              50.1262765849976
            ],
            [
              -5.33635894646159,
              50.12647109837516
            ],
            [
              -5.337465386196687,
              50.12617932830881
            ],
            [
              -5.337465386196687,
              50.12491499135462
            ],
            [
              -5.339678265666882,
              50.12588755824246
            ],
            [
              -5.341575019498477,
              50.12715189519665
            ],
            [
              -5.342839522052874,
              50.129097028972325
            ],
            [
              -5.341416956679178,
              50.129583312416244
            ],
            [
              -5.342207270775676,
              50.130264109237736
            ],
            [
              -5.340310516944081,
              50.13084764937044
            ],
            [
              -5.339836328486181,
              50.13133393281436
            ],
            [
              -5.341416956679178,
              50.13220924301341
            ],
            [
              -5.343155647691473,
              50.132111986324624
            ],
            [
              -5.343945961787972,
              50.13143118950314
            ],
            [
              -5.344894338703769,
              50.131139419436785
            ],
            [
              -5.34473627588447,
              50.130750392681655
            ],
            [
              -5.346000778438867,
              50.12919428566111
            ],
            [
              -5.3472652809932635,
              50.128610745528405
            ],
            [
              -5.349636223282758,
              50.12890251559476
            ],
            [
              -5.3518491027529524,
              50.12831897546206
            ],
            [
              -5.352639416849451,
              50.127054638507865
            ],
            [
              -5.35738130142844,
              50.12267808751259
            ],
            [
              -5.35706517578984,
              50.12014941360421
            ],
            [
              -5.3576974270670386,
              50.119274103405154
            ],
            [
              -5.360384494995132,
              50.12219180406867
            ],
            [
              -5.3638618770197235,
              50.12160826393597
            ],
            [
              -5.364494128296922,
              50.12190003400232
            ],
            [
              -5.364494128296922,
              50.123553397711646
            ],
            [
              -5.362913500103926,
              50.12462322128827
            ],
            [
              -5.363545751381125,
              50.12540127479854
            ],
            [
              -5.364810253935522,
              50.12598481493124
            ],
            [
              -5.364178002658323,
              50.12783269201814
            ],
            [
              -5.366074756489919,
              50.127735435329356
            ],
            [
              -5.367339259044315,
              50.128221718773275
            ],
            [
              -5.367497321863615,
              50.12880525890598
            ],
            [
              -5.371765017984705,
              50.12880525890598
            ],
            [
              -5.373187583358401,
              50.129583312416244
            ],
            [
              -5.3736617718163,
              50.130653135992866
            ],
            [
              -5.3738198346356,
              50.13094490605922
            ],
            [
              -5.374610148732098,
              50.13201472963584
            ],
            [
              -5.375084337189997,
              50.13143118950314
            ],
            [
              -5.376664965382993,
              50.131625702880704
            ],
            [
              -5.378245593575989,
              50.13055587930408
            ],
            [
              -5.378561719214589,
              50.1304586226153
            ],
            [
              -5.378561719214589,
              50.13055587930408
            ],
            [
              -5.3788778448531875,
              50.131042162748
            ],
            [
              -5.380142347407585,
              50.131722959569494
            ],
            [
              -5.381564912781281,
              50.131236676125575
            ],
            [
              -5.380774598684783,
              50.13055587930408
            ],
            [
              -5.380774598684783,
              50.13036136592652
            ],
            [
              -5.382513289697079,
              50.129583312416244
            ],
            [
              -5.382197164058479,
              50.12899977228354
            ],
            [
              -5.3804584730461835,
              50.12948605572746
            ],
            [
              -5.380142347407585,
              50.128124462084486
            ],
            [
              -5.38203910123918,
              50.12851348883962
            ],
            [
              -5.382513289697079,
              50.12763817864057
            ],
            [
              -5.385200357625172,
              50.12598481493124
            ],
            [
              -5.384568106347974,
              50.12520676142097
            ],
            [
              -5.385516483263772,
              50.1244287079107
            ],
            [
              -5.38630679736027,
              50.12520676142097
            ],
            [
              -5.387571299914667,
              50.12588755824246
            ],
            [
              -5.391206744758558,
              50.12530401810976
            ],
            [
              -5.393577687048053,
              50.124039681155566
            ],
            [
              -5.395474440879648,
              50.12374791108921
            ],
            [
              -5.396897006253345,
              50.123845167778
            ],
            [
              -5.396738943434045,
              50.125012248043404
            ],
            [
              -5.396738943434045,
              50.12598481493124
            ],
            [
              -5.398793760084939,
              50.129777825793816
            ],
            [
              -5.399109885723539,
              50.130166852548946
            ],
            [
              -5.400532451097235,
              50.13269552645733
            ],
            [
              -5.402113079290232,
              50.13366809334517
            ],
            [
              -5.401955016470932,
              50.1340571201003
            ],
            [
              -5.4000582626393365,
              50.134348890166656
            ],
            [
              -5.397687320349842,
              50.13415437678909
            ],
            [
              -5.395948629337546,
              50.134640660233
            ],
            [
              -5.392787372951554,
              50.13678030738625
            ],
            [
              -5.390890619119959,
              50.13853092778436
            ],
            [
              -5.388993865288363,
              50.13901721122828
            ],
            [
              -5.388519676830464,
              50.13979526473855
            ],
            [
              -5.385358420444472,
              50.140865088315174
            ],
            [
              -5.383619729432176,
              50.14203216858058
            ],
            [
              -5.38203910123918,
              50.1425184520245
            ],
            [
              -5.383303603793577,
              50.144560842488964
            ],
            [
              -5.3864648601795695,
              50.144074559045045
            ],
            [
              -5.389784179384861,
              50.14670048964221
            ],
            [
              -5.392155121674356,
              50.145144382621666
            ],
            [
              -5.392629310132254,
              50.145630666065586
            ],
            [
              -5.388993865288363,
              50.14738128646369
            ],
            [
              -5.3848842319865735,
              50.14806208328518
            ],
            [
              -5.384410043528675,
              50.14903465017302
            ],
            [
              -5.37792946793739,
              50.15136881070383
            ],
            [
              -5.376032714105794,
              50.152730404346805
            ],
            [
              -5.374452085912798,
              50.15302217441316
            ],
            [
              -5.375558525647896,
              50.1545782814337
            ],
            [
              -5.381564912781281,
              50.15866306236262
            ],
            [
              -5.375558525647896,
              50.16323412673546
            ],
            [
              -5.372081143623304,
              50.16274784329154
            ],
            [
              -5.3622812488267275,
              50.16333138342424
            ],
            [
              -5.362123186007428,
              50.164012180245734
            ],
            [
              -5.360068369356533,
              50.163525896801815
            ],
            [
              -5.352797479668751,
              50.16323412673546
            ],
            [
              -5.345842715619567,
              50.16517926051114
            ],
            [
              -5.337307323377388,
              50.16751342104195
            ],
            [
              -5.333039627256298,
              50.16955581150641
            ],
            [
              -5.32798161703871,
              50.17052837839425
            ],
            [
              -5.330984810605403,
              50.17743360329791
            ],
            [
              -5.330984810605403,
              50.1786979402521
            ],
            [
              -5.329878370870306,
              50.1786979402521
            ],
            [
              -5.32782355421941,
              50.177919886741826
            ],
            [
              -5.32403004655622,
              50.17772537336426
            ],
            [
              -5.322765544001823,
              50.177336346609124
            ],
            [
              -5.322449418363224,
              50.17655829309885
            ],
            [
              -5.320394601712328,
              50.17665554978763
            ],
            [
              -5.314862403036842,
              50.17578023958858
            ],
            [
              -5.314230151759643,
              50.17509944276709
            ],
            [
              -5.314546277398242,
              50.171209175215736
            ],
            [
              -5.314230151759643,
              50.169166784751276
            ],
            [
              -5.312175335108749,
              50.169166784751276
            ],
            [
              -5.315810779952639,
              50.16770793441952
            ],
            [
              -5.316126905591239,
              50.167124394286816
            ],
            [
              -5.316759156868438,
              50.163039613357896
            ],
            [
              -5.315968842771939,
              50.162553329913976
            ],
            [
              -5.315652717133339,
              50.15953837256168
            ],
            [
              -5.314704340217542,
              50.15720421203086
            ],
            [
              -5.316917219687737,
              50.1570096986533
            ],
            [
              -5.316284968410538,
              50.15652341520938
            ],
            [
              -5.314230151759643,
              50.15662067189816
            ],
            [
              -5.314388214578943,
              50.156426158520595
            ],
            [
              -5.313439837663145,
              50.15438376805613
            ],
            [
              -5.314704340217542,
              50.15127155401505
            ],
            [
              -5.3139140261210445,
              50.15029898712721
            ],
            [
              -5.313439837663145,
              50.14806208328518
            ],
            [
              -5.317075282507036,
              50.146116949509505
            ],
            [
              -5.321975229905325,
              50.146019692820715
            ],
            [
              -5.326400988845714,
              50.14426907242261
            ],
            [
              -5.325136486291317,
              50.143977302356255
            ],
            [
              -5.324820360652717,
              50.143588275601125
            ],
            [
              -5.320552664531628,
              50.14271296540207
            ],
            [
              -5.315652717133339,
              50.1425184520245
            ],
            [
              -5.314862403036842,
              50.143101992157206
            ],
            [
              -5.314388214578943,
              50.143004735468416
            ],
            [
              -5.312333397928048,
              50.14183765520301
            ],
            [
              -5.31122695819295,
              50.13960075136099
            ]
          ]
        ]
      },
      "properties": {
        "slot_id": "gas_emissions_6",
        "lineage_id": "LOCAL-NEW-92271296-1318-4c0c-a293-d0d4ebc2d06b",
        "page_generation": 1,
        "semantic_mode": "AREA_JOIN",
        "partition": {
          "start": 76904,
          "end": 92283,
          "count": 15380
        },
        "evidence_scope": "coverage_area",
        "coverage_area_id": "E01018864",
        "coverage_area_name": "Cornwall 059B",
        "coverage_area_identifier_scheme": "ONS_GSS_LSOA11",
        "parent_area_id": "E06000052",
        "parent_area_name": "Cornwall",
        "boundary_vintage": "LSOA 2011",
        "source_area_record": true,
        "accepted_parcel_record": false,
        "spatial_binding_method": "OFFICIAL_POLYGON_AND_EXACT_IDENTIFIER",
        "source_window_record_index": 13,
        "source_url": "https://raw.githubusercontent.com/ONSdigital/cdn.ons.gov.uk-assets/130bb351004270950dd4a434e27d80b588e7d0af/assets/topojson/lsoa_by_lad/topo_E06000052.json",
        "final_url": "https://raw.githubusercontent.com/ONSdigital/cdn.ons.gov.uk-assets/130bb351004270950dd4a434e27d80b588e7d0af/assets/topojson/lsoa_by_lad/topo_E06000052.json",
        "source_access_utc": "2026-10-02T10:40:00Z",
        "source_blob_sha": "5122ed59a03427c9913f20d0db5b9b203e7be41c",
        "source_file_sha256": "e313e88941def9339fe827e65196b707403d8baf6817be8b1b5216998e358b21",
        "field_evidence": {
          "LSOA11CD": "E01018864",
          "LSOA11NM": "Cornwall 059B",
          "geometry_type": "Polygon",
          "parent_LAD": "E06000052"
        },
        "evidence_slice_sha256": "606b185a329cc278749b8e4e7c09a93c92456e2701ffec3f41d8a081ce64adc8",
        "confidence_score_0_100": 96,
        "evidence_grade": "A",
        "licence": "Open Government Licence v3.0",
        "licence_evidence_url": "https://www.ons.gov.uk/methodology/geography/licences",
        "fake_data": false,
        "local_spatial_join_status": "DEFERRED_TO_LOCAL_OPENCODE"
      }
    },
    {
      "type": "Feature",
      "id": "E01018865",
      "geometry": {
        "type": "Polygon",
        "coordinates": [
          [
            [
              -5.279298268694427,
              50.21974026291889
            ],
            [
              -5.2807208340681235,
              50.219934776296455
            ],
            [
              -5.281511148164622,
              50.220907343184294
            ],
            [
              -5.284040153273416,
              50.220907343184294
            ],
            [
              -5.284672404550615,
              50.220421059740374
            ],
            [
              -5.285462718647112,
              50.22051831642916
            ],
            [
              -5.285778844285712,
              50.22071282980673
            ],
            [
              -5.285304655827813,
              50.22119911325064
            ],
            [
              -5.286253032743611,
              50.22081008649551
            ],
            [
              -5.286411095562911,
              50.221004599873076
            ],
            [
              -5.2867272212015095,
              50.22236619351605
            ],
            [
              -5.2867272212015095,
              50.22285247695997
            ],
            [
              -5.289256226310304,
              50.22226893682727
            ],
            [
              -5.2898884775875015,
              50.222949733648754
            ],
            [
              -5.2913110429611985,
              50.222463450204835
            ],
            [
              -5.292575545515596,
              50.22324150371511
            ],
            [
              -5.293049733973494,
              50.22314424702632
            ],
            [
              -5.293049733973494,
              50.224019557225375
            ],
            [
              -5.294472299347191,
              50.225089380802
            ],
            [
              -5.297001304455985,
              50.22431132729173
            ],
            [
              -5.299372246745479,
              50.223533273781456
            ],
            [
              -5.299372246745479,
              50.22421407060295
            ],
            [
              -5.300162560841978,
              50.22829885153187
            ],
            [
              -5.299846435203378,
              50.22878513497579
            ],
            [
              -5.298107744191082,
              50.22927141841971
            ],
            [
              -5.296369053178786,
              50.23053575537389
            ],
            [
              -5.296369053178786,
              50.231216552195384
            ],
            [
              -5.293207796792794,
              50.2311192955066
            ],
            [
              -5.2897304147682025,
              50.22985495855241
            ],
            [
              -5.285304655827813,
              50.228104338154296
            ],
            [
              -5.284356278912015,
              50.22742354133281
            ],
            [
              -5.282775650719019,
              50.22645097444497
            ],
            [
              -5.2821433994418205,
              50.225089380802
            ],
            [
              -5.281036959706723,
              50.22528389417957
            ],
            [
              -5.279772457152326,
              50.224992124113214
            ],
            [
              -5.277085389224233,
              50.226061947689836
            ],
            [
              -5.276769263585633,
              50.225575664245916
            ],
            [
              -5.277717640501431,
              50.225186637490786
            ],
            [
              -5.277243452043533,
              50.22489486742443
            ],
            [
              -5.277559577682132,
              50.22440858398051
            ],
            [
              -5.278982143055828,
              50.22431132729173
            ],
            [
              -5.27834989177863,
              50.22304699033754
            ],
            [
              -5.280404708429525,
              50.221977166760915
            ],
            [
              -5.280088582790926,
              50.22158814000578
            ],
            [
              -5.279140205875128,
              50.22032380305159
            ],
            [
              -5.279298268694427,
              50.21974026291889
            ]
          ]
        ]
      },
      "properties": {
        "slot_id": "gas_emissions_6",
        "lineage_id": "LOCAL-NEW-92271296-1318-4c0c-a293-d0d4ebc2d06b",
        "page_generation": 1,
        "semantic_mode": "AREA_JOIN",
        "partition": {
          "start": 76904,
          "end": 92283,
          "count": 15380
        },
        "evidence_scope": "coverage_area",
        "coverage_area_id": "E01018865",
        "coverage_area_name": "Cornwall 052A",
        "coverage_area_identifier_scheme": "ONS_GSS_LSOA11",
        "parent_area_id": "E06000052",
        "parent_area_name": "Cornwall",
        "boundary_vintage": "LSOA 2011",
        "source_area_record": true,
        "accepted_parcel_record": false,
        "spatial_binding_method": "OFFICIAL_POLYGON_AND_EXACT_IDENTIFIER",
        "source_window_record_index": 14,
        "source_url": "https://raw.githubusercontent.com/ONSdigital/cdn.ons.gov.uk-assets/130bb351004270950dd4a434e27d80b588e7d0af/assets/topojson/lsoa_by_lad/topo_E06000052.json",
        "final_url": "https://raw.githubusercontent.com/ONSdigital/cdn.ons.gov.uk-assets/130bb351004270950dd4a434e27d80b588e7d0af/assets/topojson/lsoa_by_lad/topo_E06000052.json",
        "source_access_utc": "2026-10-02T10:40:00Z",
        "source_blob_sha": "5122ed59a03427c9913f20d0db5b9b203e7be41c",
        "source_file_sha256": "e313e88941def9339fe827e65196b707403d8baf6817be8b1b5216998e358b21",
        "field_evidence": {
          "LSOA11CD": "E01018865",
          "LSOA11NM": "Cornwall 052A",
          "geometry_type": "Polygon",
          "parent_LAD": "E06000052"
        },
        "evidence_slice_sha256": "606b185a329cc278749b8e4e7c09a93c92456e2701ffec3f41d8a081ce64adc8",
        "confidence_score_0_100": 96,
        "evidence_grade": "A",
        "licence": "Open Government Licence v3.0",
        "licence_evidence_url": "https://www.ons.gov.uk/methodology/geography/licences",
        "fake_data": false,
        "local_spatial_join_status": "DEFERRED_TO_LOCAL_OPENCODE"
      }
    },
    {
      "type": "Feature",
      "id": "E01018866",
      "geometry": {
        "type": "Polygon",
        "coordinates": [
          [
            [
              -5.300636749299876,
              50.21760061576564
            ],
            [
              -5.302849628770071,
              50.219448492852536
            ],
            [
              -5.301901251854273,
              50.2220744234497
            ],
            [
              -5.3003206236612765,
              50.22256070689362
            ],
            [
              -5.299530309564779,
              50.22275522027119
            ],
            [
              -5.299372246745479,
              50.223533273781456
            ],
            [
              -5.297001304455985,
              50.22431132729173
            ],
            [
              -5.294472299347191,
              50.225089380802
            ],
            [
              -5.293049733973494,
              50.224019557225375
            ],
            [
              -5.293049733973494,
              50.22314424702632
            ],
            [
              -5.293681985250693,
              50.220421059740374
            ],
            [
              -5.293523922431393,
              50.219934776296455
            ],
            [
              -5.2943142365278915,
              50.219448492852536
            ],
            [
              -5.294156173708592,
              50.218378669275914
            ],
            [
              -5.295104550624389,
              50.21760061576564
            ],
            [
              -5.29463036216649,
              50.21701707563294
            ],
            [
              -5.295894864720887,
              50.21682256225537
            ],
            [
              -5.296210990359486,
              50.2172115890105
            ],
            [
              -5.297159367275285,
              50.2172115890105
            ],
            [
              -5.297475492913883,
              50.21808689920956
            ],
            [
              -5.298739995468281,
              50.21779512914321
            ],
            [
              -5.300162560841978,
              50.21798964252078
            ],
            [
              -5.300636749299876,
              50.21760061576564
            ]
          ]
        ]
      },
      "properties": {
        "slot_id": "gas_emissions_6",
        "lineage_id": "LOCAL-NEW-92271296-1318-4c0c-a293-d0d4ebc2d06b",
        "page_generation": 1,
        "semantic_mode": "AREA_JOIN",
        "partition": {
          "start": 76904,
          "end": 92283,
          "count": 15380
        },
        "evidence_scope": "coverage_area",
        "coverage_area_id": "E01018866",
        "coverage_area_name": "Cornwall 052B",
        "coverage_area_identifier_scheme": "ONS_GSS_LSOA11",
        "parent_area_id": "E06000052",
        "parent_area_name": "Cornwall",
        "boundary_vintage": "LSOA 2011",
        "source_area_record": true,
        "accepted_parcel_record": false,
        "spatial_binding_method": "OFFICIAL_POLYGON_AND_EXACT_IDENTIFIER",
        "source_window_record_index": 15,
        "source_url": "https://raw.githubusercontent.com/ONSdigital/cdn.ons.gov.uk-assets/130bb351004270950dd4a434e27d80b588e7d0af/assets/topojson/lsoa_by_lad/topo_E06000052.json",
        "final_url": "https://raw.githubusercontent.com/ONSdigital/cdn.ons.gov.uk-assets/130bb351004270950dd4a434e27d80b588e7d0af/assets/topojson/lsoa_by_lad/topo_E06000052.json",
        "source_access_utc": "2026-10-02T10:40:00Z",
        "source_blob_sha": "5122ed59a03427c9913f20d0db5b9b203e7be41c",
        "source_file_sha256": "e313e88941def9339fe827e65196b707403d8baf6817be8b1b5216998e358b21",
        "field_evidence": {
          "LSOA11CD": "E01018866",
          "LSOA11NM": "Cornwall 052B",
          "geometry_type": "Polygon",
          "parent_LAD": "E06000052"
        },
        "evidence_slice_sha256": "606b185a329cc278749b8e4e7c09a93c92456e2701ffec3f41d8a081ce64adc8",
        "confidence_score_0_100": 96,
        "evidence_grade": "A",
        "licence": "Open Government Licence v3.0",
        "licence_evidence_url": "https://www.ons.gov.uk/methodology/geography/licences",
        "fake_data": false,
        "local_spatial_join_status": "DEFERRED_TO_LOCAL_OPENCODE"
      }
    },
    {
      "type": "Feature",
      "id": "E01018867",
      "geometry": {
        "type": "Polygon",
        "coordinates": [
          [
            [
              -5.279298268694427,
              50.21974026291889
            ],
            [
              -5.278982143055828,
              50.217892385831995
            ],
            [
              -5.277717640501431,
              50.21730884569929
            ],
            [
              -5.279614394333026,
              50.2160445087451
            ],
            [
              -5.283249839176918,
              50.214391145035776
            ],
            [
              -5.284356278912015,
              50.214196631658204
            ],
            [
              -5.286094969924311,
              50.21390486159186
            ],
            [
              -5.288465912213805,
              50.21341857814794
            ],
            [
              -5.288149786575206,
              50.21400211828064
            ],
            [
              -5.288782037852404,
              50.21390486159186
            ],
            [
              -5.289572351948903,
              50.214293888346994
            ],
            [
              -5.2898884775875015,
              50.21409937496942
            ],
            [
              -5.290204603226101,
              50.214391145035776
            ],
            [
              -5.290678791684,
              50.21614176543388
            ],
            [
              -5.291152980141899,
              50.21653079218902
            ],
            [
              -5.291627168599797,
              50.21653079218902
            ],
            [
              -5.292259419876996,
              50.216725305566584
            ],
            [
              -5.291785231419097,
              50.2172115890105
            ],
            [
              -5.291469105780498,
              50.21701707563294
            ],
            [
              -5.291152980141899,
              50.217406102388075
            ],
            [
              -5.2908368545033,
              50.21711433232172
            ],
            [
              -5.290204603226101,
              50.21730884569929
            ],
            [
              -5.2898884775875015,
              50.218378669275914
            ],
            [
              -5.291627168599797,
              50.21857318265348
            ],
            [
              -5.291785231419097,
              50.21935123616375
            ],
            [
              -5.293523922431393,
              50.219934776296455
            ],
            [
              -5.293681985250693,
              50.220421059740374
            ],
            [
              -5.293049733973494,
              50.22314424702632
            ],
            [
              -5.292575545515596,
              50.22324150371511
            ],
            [
              -5.2913110429611985,
              50.222463450204835
            ],
            [
              -5.2898884775875015,
              50.222949733648754
            ],
            [
              -5.289256226310304,
              50.22226893682727
            ],
            [
              -5.2867272212015095,
              50.22285247695997
            ],
            [
              -5.2867272212015095,
              50.22236619351605
            ],
            [
              -5.286411095562911,
              50.221004599873076
            ],
            [
              -5.286253032743611,
              50.22081008649551
            ],
            [
              -5.285304655827813,
              50.22119911325064
            ],
            [
              -5.285778844285712,
              50.22071282980673
            ],
            [
              -5.285462718647112,
              50.22051831642916
            ],
            [
              -5.284672404550615,
              50.220421059740374
            ],
            [
              -5.284040153273416,
              50.220907343184294
            ],
            [
              -5.281511148164622,
              50.220907343184294
            ],
            [
              -5.2807208340681235,
              50.219934776296455
            ],
            [
              -5.279298268694427,
              50.21974026291889
            ]
          ]
        ]
      },
      "properties": {
        "slot_id": "gas_emissions_6",
        "lineage_id": "LOCAL-NEW-92271296-1318-4c0c-a293-d0d4ebc2d06b",
        "page_generation": 1,
        "semantic_mode": "AREA_JOIN",
        "partition": {
          "start": 76904,
          "end": 92283,
          "count": 15380
        },
        "evidence_scope": "coverage_area",
        "coverage_area_id": "E01018867",
        "coverage_area_name": "Cornwall 052C",
        "coverage_area_identifier_scheme": "ONS_GSS_LSOA11",
        "parent_area_id": "E06000052",
        "parent_area_name": "Cornwall",
        "boundary_vintage": "LSOA 2011",
        "source_area_record": true,
        "accepted_parcel_record": false,
        "spatial_binding_method": "OFFICIAL_POLYGON_AND_EXACT_IDENTIFIER",
        "source_window_record_index": 16,
        "source_url": "https://raw.githubusercontent.com/ONSdigital/cdn.ons.gov.uk-assets/130bb351004270950dd4a434e27d80b588e7d0af/assets/topojson/lsoa_by_lad/topo_E06000052.json",
        "final_url": "https://raw.githubusercontent.com/ONSdigital/cdn.ons.gov.uk-assets/130bb351004270950dd4a434e27d80b588e7d0af/assets/topojson/lsoa_by_lad/topo_E06000052.json",
        "source_access_utc": "2026-10-02T10:40:00Z",
        "source_blob_sha": "5122ed59a03427c9913f20d0db5b9b203e7be41c",
        "source_file_sha256": "e313e88941def9339fe827e65196b707403d8baf6817be8b1b5216998e358b21",
        "field_evidence": {
          "LSOA11CD": "E01018867",
          "LSOA11NM": "Cornwall 052C",
          "geometry_type": "Polygon",
          "parent_LAD": "E06000052"
        },
        "evidence_slice_sha256": "606b185a329cc278749b8e4e7c09a93c92456e2701ffec3f41d8a081ce64adc8",
        "confidence_score_0_100": 96,
        "evidence_grade": "A",
        "licence": "Open Government Licence v3.0",
        "licence_evidence_url": "https://www.ons.gov.uk/methodology/geography/licences",
        "fake_data": false,
        "local_spatial_join_status": "DEFERRED_TO_LOCAL_OPENCODE"
      }
    },
    {
      "type": "Feature",
      "id": "E01018868",
      "geometry": {
        "type": "Polygon",
        "coordinates": [
          [
            [
              -5.290204603226101,
              50.214391145035776
            ],
            [
              -5.291152980141899,
              50.21400211828064
            ],
            [
              -5.293049733973494,
              50.214682915102124
            ],
            [
              -5.293365859612093,
              50.214293888346994
            ],
            [
              -5.293998110889292,
              50.21351583483672
            ],
            [
              -5.29478842498579,
              50.212737781326446
            ],
            [
              -5.295578739082289,
              50.212348754571316
            ],
            [
              -5.295578739082289,
              50.21254326794888
            ],
            [
              -5.296685178817386,
              50.213224064770365
            ],
            [
              -5.296843241636685,
              50.212835038015236
            ],
            [
              -5.297475492913883,
              50.2130295513928
            ],
            [
              -5.297001304455985,
              50.21409937496942
            ],
            [
              -5.296843241636685,
              50.214391145035776
            ],
            [
              -5.299688372384078,
              50.214196631658204
            ],
            [
              -5.299056121106879,
              50.215363711923615
            ],
            [
              -5.300004498022678,
              50.21643353550024
            ],
            [
              -5.300636749299876,
              50.21760061576564
            ],
            [
              -5.300162560841978,
              50.21798964252078
            ],
            [
              -5.298739995468281,
              50.21779512914321
            ],
            [
              -5.297475492913883,
              50.21808689920956
            ],
            [
              -5.297159367275285,
              50.2172115890105
            ],
            [
              -5.296210990359486,
              50.2172115890105
            ],
            [
              -5.295894864720887,
              50.21682256225537
            ],
            [
              -5.29463036216649,
              50.21701707563294
            ],
            [
              -5.295104550624389,
              50.21760061576564
            ],
            [
              -5.294156173708592,
              50.218378669275914
            ],
            [
              -5.2943142365278915,
              50.219448492852536
            ],
            [
              -5.293523922431393,
              50.219934776296455
            ],
            [
              -5.291785231419097,
              50.21935123616375
            ],
            [
              -5.291627168599797,
              50.21857318265348
            ],
            [
              -5.2898884775875015,
              50.218378669275914
            ],
            [
              -5.290204603226101,
              50.21730884569929
            ],
            [
              -5.2908368545033,
              50.21711433232172
            ],
            [
              -5.291152980141899,
              50.217406102388075
            ],
            [
              -5.291469105780498,
              50.21701707563294
            ],
            [
              -5.291785231419097,
              50.2172115890105
            ],
            [
              -5.292259419876996,
              50.216725305566584
            ],
            [
              -5.291627168599797,
              50.21653079218902
            ],
            [
              -5.291152980141899,
              50.21653079218902
            ],
            [
              -5.290678791684,
              50.21614176543388
            ],
            [
              -5.290204603226101,
              50.214391145035776
            ]
          ]
        ]
      },
      "properties": {
        "slot_id": "gas_emissions_6",
        "lineage_id": "LOCAL-NEW-92271296-1318-4c0c-a293-d0d4ebc2d06b",
        "page_generation": 1,
        "semantic_mode": "AREA_JOIN",
        "partition": {
          "start": 76904,
          "end": 92283,
          "count": 15380
        },
        "evidence_scope": "coverage_area",
        "coverage_area_id": "E01018868",
        "coverage_area_name": "Cornwall 052D",
        "coverage_area_identifier_scheme": "ONS_GSS_LSOA11",
        "parent_area_id": "E06000052",
        "parent_area_name": "Cornwall",
        "boundary_vintage": "LSOA 2011",
        "source_area_record": true,
        "accepted_parcel_record": false,
        "spatial_binding_method": "OFFICIAL_POLYGON_AND_EXACT_IDENTIFIER",
        "source_window_record_index": 17,
        "source_url": "https://raw.githubusercontent.com/ONSdigital/cdn.ons.gov.uk-assets/130bb351004270950dd4a434e27d80b588e7d0af/assets/topojson/lsoa_by_lad/topo_E06000052.json",
        "final_url": "https://raw.githubusercontent.com/ONSdigital/cdn.ons.gov.uk-assets/130bb351004270950dd4a434e27d80b588e7d0af/assets/topojson/lsoa_by_lad/topo_E06000052.json",
        "source_access_utc": "2026-10-02T10:40:00Z",
        "source_blob_sha": "5122ed59a03427c9913f20d0db5b9b203e7be41c",
        "source_file_sha256": "e313e88941def9339fe827e65196b707403d8baf6817be8b1b5216998e358b21",
        "field_evidence": {
          "LSOA11CD": "E01018868",
          "LSOA11NM": "Cornwall 052D",
          "geometry_type": "Polygon",
          "parent_LAD": "E06000052"
        },
        "evidence_slice_sha256": "606b185a329cc278749b8e4e7c09a93c92456e2701ffec3f41d8a081ce64adc8",
        "confidence_score_0_100": 96,
        "evidence_grade": "A",
        "licence": "Open Government Licence v3.0",
        "licence_evidence_url": "https://www.ons.gov.uk/methodology/geography/licences",
        "fake_data": false,
        "local_spatial_join_status": "DEFERRED_TO_LOCAL_OPENCODE"
      }
    },
    {
      "type": "Feature",
      "id": "E01018869",
      "geometry": {
        "type": "Polygon",
        "coordinates": [
          [
            [
              -5.26570486623466,
              50.20447096277982
            ],
            [
              -5.2655468034153605,
              50.20417919271347
            ],
            [
              -5.266179054692559,
              50.20330388251441
            ],
            [
              -5.269024185439952,
              50.20427644940225
            ],
            [
              -5.270288687994349,
              50.20417919271347
            ],
            [
              -5.270604813632948,
              50.20447096277982
            ],
            [
              -5.271553190548746,
              50.2039846793359
            ],
            [
              -5.275820886669836,
              50.20485998953495
            ],
            [
              -5.277717640501431,
              50.20437370609103
            ],
            [
              -5.279930519971626,
              50.20563804304523
            ],
            [
              -5.280878896887423,
              50.20651335324428
            ],
            [
              -5.281195022526023,
              50.20729140675455
            ],
            [
              -5.283249839176918,
              50.2069996366882
            ],
            [
              -5.2835659648155175,
              50.20738866344334
            ],
            [
              -5.285620781466412,
              50.2069996366882
            ],
            [
              -5.2851465930085135,
              50.20524901629009
            ],
            [
              -5.287201409659408,
              50.20583255642279
            ],
            [
              -5.288623975033105,
              50.20544352966766
            ],
            [
              -5.288940100671704,
              50.206124326489146
            ],
            [
              -5.287675598117307,
              50.20651335324428
            ],
            [
              -5.288465912213805,
              50.20670786662185
            ],
            [
              -5.288940100671704,
              50.20631883986671
            ],
            [
              -5.289256226310304,
              50.20651335324428
            ],
            [
              -5.288465912213805,
              50.20670786662185
            ],
            [
              -5.290362666045401,
              50.20729140675455
            ],
            [
              -5.290362666045401,
              50.20768043350969
            ],
            [
              -5.291152980141899,
              50.20777769019847
            ],
            [
              -5.293049733973494,
              50.20845848701996
            ],
            [
              -5.293998110889292,
              50.20894477046388
            ],
            [
              -5.292101357057697,
              50.20952831059658
            ],
            [
              -5.2905207288647,
              50.210209107418066
            ],
            [
              -5.290678791684,
              50.21050087748442
            ],
            [
              -5.292259419876996,
              50.20982008066293
            ],
            [
              -5.2928916711541945,
              50.210111850729284
            ],
            [
              -5.2905207288647,
              50.21137618768348
            ],
            [
              -5.291152980141899,
              50.21157070106104
            ],
            [
              -5.291627168599797,
              50.2124460112601
            ],
            [
              -5.288623975033105,
              50.213224064770365
            ],
            [
              -5.287833660936607,
              50.2124460112601
            ],
            [
              -5.288465912213805,
              50.211667957749825
            ],
            [
              -5.289414289129603,
              50.21127893099469
            ],
            [
              -5.289256226310304,
              50.2105981341732
            ],
            [
              -5.290362666045401,
              50.2100145940405
            ],
            [
              -5.289098163491004,
              50.2094310539078
            ],
            [
              -5.287359472478708,
              50.20933379721901
            ],
            [
              -5.287201409659408,
              50.20894477046388
            ],
            [
              -5.286253032743611,
              50.20982008066293
            ],
            [
              -5.285462718647112,
              50.20904202715266
            ],
            [
              -5.284988530189214,
              50.2094310539078
            ],
            [
              -5.284514341731315,
              50.20904202715266
            ],
            [
              -5.283091776357618,
              50.20894477046388
            ],
            [
              -5.282775650719019,
              50.2094310539078
            ],
            [
              -5.283091776357618,
              50.21030636410685
            ],
            [
              -5.281827273803222,
              50.21040362079564
            ],
            [
              -5.281669210983922,
              50.21079264755077
            ],
            [
              -5.281036959706723,
              50.21098716092834
            ],
            [
              -5.281353085345322,
              50.21137618768348
            ],
            [
              -5.279930519971626,
              50.21195972781618
            ],
            [
              -5.281353085345322,
              50.21195972781618
            ],
            [
              -5.2821433994418205,
              50.21108441761712
            ],
            [
              -5.282933713538319,
              50.21205698450496
            ],
            [
              -5.283249839176918,
              50.21293229470402
            ],
            [
              -5.284356278912015,
              50.214196631658204
            ],
            [
              -5.283249839176918,
              50.214391145035776
            ],
            [
              -5.279614394333026,
              50.2160445087451
            ],
            [
              -5.277717640501431,
              50.21730884569929
            ],
            [
              -5.27408219565754,
              50.216239022122664
            ],
            [
              -5.273449944380341,
              50.215752738678745
            ],
            [
              -5.2732918815610414,
              50.213710348214285
            ],
            [
              -5.272659630283844,
              50.21205698450496
            ],
            [
              -5.269340311078551,
              50.20972282397415
            ],
            [
              -5.267917745704855,
              50.20738866344334
            ],
            [
              -5.267759682885555,
              50.2064160965555
            ],
            [
              -5.266337117511859,
              50.20544352966766
            ],
            [
              -5.26570486623466,
              50.20447096277982
            ]
          ]
        ]
      },
      "properties": {
        "slot_id": "gas_emissions_6",
        "lineage_id": "LOCAL-NEW-92271296-1318-4c0c-a293-d0d4ebc2d06b",
        "page_generation": 1,
        "semantic_mode": "AREA_JOIN",
        "partition": {
          "start": 76904,
          "end": 92283,
          "count": 15380
        },
        "evidence_scope": "coverage_area",
        "coverage_area_id": "E01018869",
        "coverage_area_name": "Cornwall 055A",
        "coverage_area_identifier_scheme": "ONS_GSS_LSOA11",
        "parent_area_id": "E06000052",
        "parent_area_name": "Cornwall",
        "boundary_vintage": "LSOA 2011",
        "source_area_record": true,
        "accepted_parcel_record": false,
        "spatial_binding_method": "OFFICIAL_POLYGON_AND_EXACT_IDENTIFIER",
        "source_window_record_index": 18,
        "source_url": "https://raw.githubusercontent.com/ONSdigital/cdn.ons.gov.uk-assets/130bb351004270950dd4a434e27d80b588e7d0af/assets/topojson/lsoa_by_lad/topo_E06000052.json",
        "final_url": "https://raw.githubusercontent.com/ONSdigital/cdn.ons.gov.uk-assets/130bb351004270950dd4a434e27d80b588e7d0af/assets/topojson/lsoa_by_lad/topo_E06000052.json",
        "source_access_utc": "2026-10-02T10:40:00Z",
        "source_blob_sha": "5122ed59a03427c9913f20d0db5b9b203e7be41c",
        "source_file_sha256": "e313e88941def9339fe827e65196b707403d8baf6817be8b1b5216998e358b21",
        "field_evidence": {
          "LSOA11CD": "E01018869",
          "LSOA11NM": "Cornwall 055A",
          "geometry_type": "Polygon",
          "parent_LAD": "E06000052"
        },
        "evidence_slice_sha256": "606b185a329cc278749b8e4e7c09a93c92456e2701ffec3f41d8a081ce64adc8",
        "confidence_score_0_100": 96,
        "evidence_grade": "A",
        "licence": "Open Government Licence v3.0",
        "licence_evidence_url": "https://www.ons.gov.uk/methodology/geography/licences",
        "fake_data": false,
        "local_spatial_join_status": "DEFERRED_TO_LOCAL_OPENCODE"
      }
    },
    {
      "type": "Feature",
      "id": "E01018870",
      "geometry": {
        "type": "Polygon",
        "coordinates": [
          [
            [
              -5.288623975033105,
              50.213224064770365
            ],
            [
              -5.288465912213805,
              50.21341857814794
            ],
            [
              -5.286094969924311,
              50.21390486159186
            ],
            [
              -5.284356278912015,
              50.214196631658204
            ],
            [
              -5.283249839176918,
              50.21293229470402
            ],
            [
              -5.282933713538319,
              50.21205698450496
            ],
            [
              -5.2821433994418205,
              50.21108441761712
            ],
            [
              -5.281353085345322,
              50.21195972781618
            ],
            [
              -5.279930519971626,
              50.21195972781618
            ],
            [
              -5.281353085345322,
              50.21137618768348
            ],
            [
              -5.281036959706723,
              50.21098716092834
            ],
            [
              -5.281669210983922,
              50.21079264755077
            ],
            [
              -5.281827273803222,
              50.21040362079564
            ],
            [
              -5.283091776357618,
              50.21030636410685
            ],
            [
              -5.282775650719019,
              50.2094310539078
            ],
            [
              -5.283091776357618,
              50.20894477046388
            ],
            [
              -5.284514341731315,
              50.20904202715266
            ],
            [
              -5.284988530189214,
              50.2094310539078
            ],
            [
              -5.285462718647112,
              50.20904202715266
            ],
            [
              -5.286253032743611,
              50.20982008066293
            ],
            [
              -5.287201409659408,
              50.20894477046388
            ],
            [
              -5.287359472478708,
              50.20933379721901
            ],
            [
              -5.289098163491004,
              50.2094310539078
            ],
            [
              -5.290362666045401,
              50.2100145940405
            ],
            [
              -5.289256226310304,
              50.2105981341732
            ],
            [
              -5.289414289129603,
              50.21127893099469
            ],
            [
              -5.288465912213805,
              50.211667957749825
            ],
            [
              -5.287833660936607,
              50.2124460112601
            ],
            [
              -5.288623975033105,
              50.213224064770365
            ]
          ]
        ]
      },
      "properties": {
        "slot_id": "gas_emissions_6",
        "lineage_id": "LOCAL-NEW-92271296-1318-4c0c-a293-d0d4ebc2d06b",
        "page_generation": 1,
        "semantic_mode": "AREA_JOIN",
        "partition": {
          "start": 76904,
          "end": 92283,
          "count": 15380
        },
        "evidence_scope": "coverage_area",
        "coverage_area_id": "E01018870",
        "coverage_area_name": "Cornwall 055B",
        "coverage_area_identifier_scheme": "ONS_GSS_LSOA11",
        "parent_area_id": "E06000052",
        "parent_area_name": "Cornwall",
        "boundary_vintage": "LSOA 2011",
        "source_area_record": true,
        "accepted_parcel_record": false,
        "spatial_binding_method": "OFFICIAL_POLYGON_AND_EXACT_IDENTIFIER",
        "source_window_record_index": 19,
        "source_url": "https://raw.githubusercontent.com/ONSdigital/cdn.ons.gov.uk-assets/130bb351004270950dd4a434e27d80b588e7d0af/assets/topojson/lsoa_by_lad/topo_E06000052.json",
        "final_url": "https://raw.githubusercontent.com/ONSdigital/cdn.ons.gov.uk-assets/130bb351004270950dd4a434e27d80b588e7d0af/assets/topojson/lsoa_by_lad/topo_E06000052.json",
        "source_access_utc": "2026-10-02T10:40:00Z",
        "source_blob_sha": "5122ed59a03427c9913f20d0db5b9b203e7be41c",
        "source_file_sha256": "e313e88941def9339fe827e65196b707403d8baf6817be8b1b5216998e358b21",
        "field_evidence": {
          "LSOA11CD": "E01018870",
          "LSOA11NM": "Cornwall 055B",
          "geometry_type": "Polygon",
          "parent_LAD": "E06000052"
        },
        "evidence_slice_sha256": "606b185a329cc278749b8e4e7c09a93c92456e2701ffec3f41d8a081ce64adc8",
        "confidence_score_0_100": 96,
        "evidence_grade": "A",
        "licence": "Open Government Licence v3.0",
        "licence_evidence_url": "https://www.ons.gov.uk/methodology/geography/licences",
        "fake_data": false,
        "local_spatial_join_status": "DEFERRED_TO_LOCAL_OPENCODE"
      }
    },
    {
      "type": "Feature",
      "id": "E01018871",
      "geometry": {
        "type": "Polygon",
        "coordinates": [
          [
            [
              -5.290204603226101,
              50.214391145035776
            ],
            [
              -5.2898884775875015,
              50.21409937496942
            ],
            [
              -5.289572351948903,
              50.214293888346994
            ],
            [
              -5.288782037852404,
              50.21390486159186
            ],
            [
              -5.288149786575206,
              50.21400211828064
            ],
            [
              -5.288465912213805,
              50.21341857814794
            ],
            [
              -5.288623975033105,
              50.213224064770365
            ],
            [
              -5.291627168599797,
              50.2124460112601
            ],
            [
              -5.291152980141899,
              50.21157070106104
            ],
            [
              -5.2905207288647,
              50.21137618768348
            ],
            [
              -5.2928916711541945,
              50.210111850729284
            ],
            [
              -5.292259419876996,
              50.20982008066293
            ],
            [
              -5.290678791684,
              50.21050087748442
            ],
            [
              -5.2905207288647,
              50.210209107418066
            ],
            [
              -5.292101357057697,
              50.20952831059658
            ],
            [
              -5.293998110889292,
              50.20894477046388
            ],
            [
              -5.293049733973494,
              50.20845848701996
            ],
            [
              -5.291152980141899,
              50.20777769019847
            ],
            [
              -5.291469105780498,
              50.20729140675455
            ],
            [
              -5.2909949173226,
              50.20680512331063
            ],
            [
              -5.291627168599797,
              50.206610609933065
            ],
            [
              -5.291469105780498,
              50.20602706980036
            ],
            [
              -5.292101357057697,
              50.20563804304523
            ],
            [
              -5.2909949173226,
              50.20485998953495
            ],
            [
              -5.291785231419097,
              50.20437370609103
            ],
            [
              -5.293998110889292,
              50.203887422647114
            ],
            [
              -5.295262613443689,
              50.20320662582563
            ],
            [
              -5.296527115998086,
              50.203498395891984
            ],
            [
              -5.297949681371782,
              50.20437370609103
            ],
            [
              -5.297317430094584,
              50.205054502912525
            ],
            [
              -5.299056121106879,
              50.20447096277982
            ],
            [
              -5.303481880047269,
              50.20534627297887
            ],
            [
              -5.30316575440867,
              50.20544352966766
            ],
            [
              -5.303007691589371,
              50.206124326489146
            ],
            [
              -5.304114131324468,
              50.20787494688726
            ],
            [
              -5.304114131324468,
              50.208069460264824
            ],
            [
              -5.296843241636685,
              50.21040362079564
            ],
            [
              -5.296843241636685,
              50.2105981341732
            ],
            [
              -5.293681985250693,
              50.21176521443861
            ],
            [
              -5.293207796792794,
              50.2118624711274
            ],
            [
              -5.29478842498579,
              50.212737781326446
            ],
            [
              -5.293998110889292,
              50.21351583483672
            ],
            [
              -5.293365859612093,
              50.214293888346994
            ],
            [
              -5.293049733973494,
              50.214682915102124
            ],
            [
              -5.291152980141899,
              50.21400211828064
            ],
            [
              -5.290204603226101,
              50.214391145035776
            ]
          ]
        ]
      },
      "properties": {
        "slot_id": "gas_emissions_6",
        "lineage_id": "LOCAL-NEW-92271296-1318-4c0c-a293-d0d4ebc2d06b",
        "page_generation": 1,
        "semantic_mode": "AREA_JOIN",
        "partition": {
          "start": 76904,
          "end": 92283,
          "count": 15380
        },
        "evidence_scope": "coverage_area",
        "coverage_area_id": "E01018871",
        "coverage_area_name": "Cornwall 055C",
        "coverage_area_identifier_scheme": "ONS_GSS_LSOA11",
        "parent_area_id": "E06000052",
        "parent_area_name": "Cornwall",
        "boundary_vintage": "LSOA 2011",
        "source_area_record": true,
        "accepted_parcel_record": false,
        "spatial_binding_method": "OFFICIAL_POLYGON_AND_EXACT_IDENTIFIER",
        "source_window_record_index": 20,
        "source_url": "https://raw.githubusercontent.com/ONSdigital/cdn.ons.gov.uk-assets/130bb351004270950dd4a434e27d80b588e7d0af/assets/topojson/lsoa_by_lad/topo_E06000052.json",
        "final_url": "https://raw.githubusercontent.com/ONSdigital/cdn.ons.gov.uk-assets/130bb351004270950dd4a434e27d80b588e7d0af/assets/topojson/lsoa_by_lad/topo_E06000052.json",
        "source_access_utc": "2026-10-02T10:40:00Z",
        "source_blob_sha": "5122ed59a03427c9913f20d0db5b9b203e7be41c",
        "source_file_sha256": "e313e88941def9339fe827e65196b707403d8baf6817be8b1b5216998e358b21",
        "field_evidence": {
          "LSOA11CD": "E01018871",
          "LSOA11NM": "Cornwall 055C",
          "geometry_type": "Polygon",
          "parent_LAD": "E06000052"
        },
        "evidence_slice_sha256": "606b185a329cc278749b8e4e7c09a93c92456e2701ffec3f41d8a081ce64adc8",
        "confidence_score_0_100": 96,
        "evidence_grade": "A",
        "licence": "Open Government Licence v3.0",
        "licence_evidence_url": "https://www.ons.gov.uk/methodology/geography/licences",
        "fake_data": false,
        "local_spatial_join_status": "DEFERRED_TO_LOCAL_OPENCODE"
      }
    },
    {
      "type": "Feature",
      "id": "E01018872",
      "geometry": {
        "type": "Polygon",
        "coordinates": [
          [
            [
              -5.303481880047269,
              50.20534627297887
            ],
            [
              -5.299056121106879,
              50.20447096277982
            ],
            [
              -5.297317430094584,
              50.205054502912525
            ],
            [
              -5.297949681371782,
              50.20437370609103
            ],
            [
              -5.296527115998086,
              50.203498395891984
            ],
            [
              -5.295262613443689,
              50.20320662582563
            ],
            [
              -5.294156173708592,
              50.201456005427524
            ],
            [
              -5.291152980141899,
              50.200483438539685
            ],
            [
              -5.290678791684,
              50.19912184489671
            ],
            [
              -5.2883078493945055,
              50.19756573787617
            ],
            [
              -5.282775650719019,
              50.19814927800887
            ],
            [
              -5.281985336622521,
              50.197371224498596
            ],
            [
              -5.2821433994418205,
              50.19571786078927
            ],
            [
              -5.280246645610225,
              50.19552334741171
            ],
            [
              -5.279298268694427,
              50.19484255059022
            ],
            [
              -5.278666017417229,
              50.19542609072292
            ],
            [
              -5.27803376614003,
              50.19523157734535
            ],
            [
              -5.277559577682132,
              50.19542609072292
            ],
            [
              -5.277085389224233,
              50.194745293901434
            ],
            [
              -5.276453137947034,
              50.194939807279
            ],
            [
              -5.2761370123084355,
              50.19464803721265
            ],
            [
              -5.276295075127734,
              50.19562060410049
            ],
            [
              -5.277559577682132,
              50.196301400921975
            ],
            [
              -5.27819182895933,
              50.19610688754441
            ],
            [
              -5.278507954597929,
              50.19639865761076
            ],
            [
              -5.278824080236529,
              50.197273967809814
            ],
            [
              -5.27834989177863,
              50.197273967809814
            ],
            [
              -5.279614394333026,
              50.197273967809814
            ],
            [
              -5.278666017417229,
              50.19776025125373
            ],
            [
              -5.277717640501431,
              50.19756573787617
            ],
            [
              -5.27787570332073,
              50.19873281814157
            ],
            [
              -5.277401514862832,
              50.19902458820793
            ],
            [
              -5.276611200766334,
              50.198830074830354
            ],
            [
              -5.275504761031237,
              50.199316358274274
            ],
            [
              -5.274556384115439,
              50.19970538502941
            ],
            [
              -5.275188635392637,
              50.20028892516211
            ],
            [
              -5.2761370123084355,
              50.20009441178455
            ],
            [
              -5.276769263585633,
              50.20028892516211
            ],
            [
              -5.27834989177863,
              50.19970538502941
            ],
            [
              -5.278666017417229,
              50.19960812834063
            ],
            [
              -5.279140205875128,
              50.20058069522847
            ],
            [
              -5.279298268694427,
              50.20116423536117
            ],
            [
              -5.280088582790926,
              50.20067795191725
            ],
            [
              -5.280088582790926,
              50.20106697867239
            ],
            [
              -5.2807208340681235,
              50.201553262116306
            ],
            [
              -5.280088582790926,
              50.20194228887144
            ],
            [
              -5.280562771248825,
              50.203012112448064
            ],
            [
              -5.277717640501431,
              50.20417919271347
            ],
            [
              -5.277717640501431,
              50.20437370609103
            ],
            [
              -5.275820886669836,
              50.20485998953495
            ],
            [
              -5.271553190548746,
              50.2039846793359
            ],
            [
              -5.270604813632948,
              50.20447096277982
            ],
            [
              -5.270288687994349,
              50.20417919271347
            ],
            [
              -5.269024185439952,
              50.20427644940225
            ],
            [
              -5.266179054692559,
              50.20330388251441
            ],
            [
              -5.2655468034153605,
              50.20417919271347
            ],
            [
              -5.263491986764466,
              50.20223405893779
            ],
            [
              -5.2625436098486675,
              50.20184503218265
            ],
            [
              -5.260646856017072,
              50.19863556145279
            ],
            [
              -5.260330730378473,
              50.19688494105468
            ],
            [
              -5.256853348353881,
              50.19357821363603
            ],
            [
              -5.255904971438084,
              50.19036874290616
            ],
            [
              -5.254956594522286,
              50.18959068939589
            ],
            [
              -5.255588845799484,
              50.18939617601832
            ],
            [
              -5.2551146573415854,
              50.188034582375344
            ],
            [
              -5.258117850908278,
              50.186089448599674
            ],
            [
              -5.26127910729427,
              50.185019625023045
            ],
            [
              -5.262859735487267,
              50.18365803138008
            ],
            [
              -5.2669693687890575,
              50.18268546449224
            ],
            [
              -5.275188635392637,
              50.1786979402521
            ],
            [
              -5.275978949489136,
              50.17967050713994
            ],
            [
              -5.27819182895933,
              50.17976776382872
            ],
            [
              -5.279614394333026,
              50.18015679058386
            ],
            [
              -5.2835659648155175,
              50.18015679058386
            ],
            [
              -5.2851465930085135,
              50.18064307402777
            ],
            [
              -5.285936907105011,
              50.18112935747169
            ],
            [
              -5.286094969924311,
              50.1817128976044
            ],
            [
              -5.289098163491004,
              50.1853113950894
            ],
            [
              -5.290204603226101,
              50.18579767853332
            ],
            [
              -5.2909949173226,
              50.185603165155754
            ],
            [
              -5.29494648780509,
              50.186575732043586
            ],
            [
              -5.297317430094584,
              50.18822909575292
            ],
            [
              -5.300794812119175,
              50.1894934327071
            ],
            [
              -5.300952874938475,
              50.18997971615102
            ],
            [
              -5.302691565950771,
              50.19036874290616
            ],
            [
              -5.30316575440867,
              50.190174229528594
            ],
            [
              -5.306643136433261,
              50.19163307986035
            ],
            [
              -5.308539890264857,
              50.194939807279
            ],
            [
              -5.307749576168359,
              50.196301400921975
            ],
            [
              -5.3049044454209655,
              50.19844104807522
            ],
            [
              -5.304114131324468,
              50.20009441178455
            ],
            [
              -5.3047463826016665,
              50.20281759907049
            ],
            [
              -5.303956068505168,
              50.2039846793359
            ],
            [
              -5.303798005685868,
              50.20534627297887
            ],
            [
              -5.303481880047269,
              50.20534627297887
            ]
          ]
        ]
      },
      "properties": {
        "slot_id": "gas_emissions_6",
        "lineage_id": "LOCAL-NEW-92271296-1318-4c0c-a293-d0d4ebc2d06b",
        "page_generation": 1,
        "semantic_mode": "AREA_JOIN",
        "partition": {
          "start": 76904,
          "end": 92283,
          "count": 15380
        },
        "evidence_scope": "coverage_area",
        "coverage_area_id": "E01018872",
        "coverage_area_name": "Cornwall 055D",
        "coverage_area_identifier_scheme": "ONS_GSS_LSOA11",
        "parent_area_id": "E06000052",
        "parent_area_name": "Cornwall",
        "boundary_vintage": "LSOA 2011",
        "source_area_record": true,
        "accepted_parcel_record": false,
        "spatial_binding_method": "OFFICIAL_POLYGON_AND_EXACT_IDENTIFIER",
        "source_window_record_index": 21,
        "source_url": "https://raw.githubusercontent.com/ONSdigital/cdn.ons.gov.uk-assets/130bb351004270950dd4a434e27d80b588e7d0af/assets/topojson/lsoa_by_lad/topo_E06000052.json",
        "final_url": "https://raw.githubusercontent.com/ONSdigital/cdn.ons.gov.uk-assets/130bb351004270950dd4a434e27d80b588e7d0af/assets/topojson/lsoa_by_lad/topo_E06000052.json",
        "source_access_utc": "2026-10-02T10:40:00Z",
        "source_blob_sha": "5122ed59a03427c9913f20d0db5b9b203e7be41c",
        "source_file_sha256": "e313e88941def9339fe827e65196b707403d8baf6817be8b1b5216998e358b21",
        "field_evidence": {
          "LSOA11CD": "E01018872",
          "LSOA11NM": "Cornwall 055D",
          "geometry_type": "Polygon",
          "parent_LAD": "E06000052"
        },
        "evidence_slice_sha256": "606b185a329cc278749b8e4e7c09a93c92456e2701ffec3f41d8a081ce64adc8",
        "confidence_score_0_100": 96,
        "evidence_grade": "A",
        "licence": "Open Government Licence v3.0",
        "licence_evidence_url": "https://www.ons.gov.uk/methodology/geography/licences",
        "fake_data": false,
        "local_spatial_join_status": "DEFERRED_TO_LOCAL_OPENCODE"
      }
    },
    {
      "type": "Feature",
      "id": "E01018873",
      "geometry": {
        "type": "Polygon",
        "coordinates": [
          [
            [
              -5.277717640501431,
              50.20437370609103
            ],
            [
              -5.277717640501431,
              50.20417919271347
            ],
            [
              -5.280562771248825,
              50.203012112448064
            ],
            [
              -5.280088582790926,
              50.20194228887144
            ],
            [
              -5.2807208340681235,
              50.201553262116306
            ],
            [
              -5.280088582790926,
              50.20106697867239
            ],
            [
              -5.280088582790926,
              50.20067795191725
            ],
            [
              -5.279298268694427,
              50.20116423536117
            ],
            [
              -5.279140205875128,
              50.20058069522847
            ],
            [
              -5.278666017417229,
              50.19960812834063
            ],
            [
              -5.27834989177863,
              50.19970538502941
            ],
            [
              -5.276769263585633,
              50.20028892516211
            ],
            [
              -5.2761370123084355,
              50.20009441178455
            ],
            [
              -5.275188635392637,
              50.20028892516211
            ],
            [
              -5.274556384115439,
              50.19970538502941
            ],
            [
              -5.275504761031237,
              50.199316358274274
            ],
            [
              -5.276611200766334,
              50.198830074830354
            ],
            [
              -5.277401514862832,
              50.19902458820793
            ],
            [
              -5.27787570332073,
              50.19873281814157
            ],
            [
              -5.277717640501431,
              50.19756573787617
            ],
            [
              -5.278666017417229,
              50.19776025125373
            ],
            [
              -5.279614394333026,
              50.197273967809814
            ],
            [
              -5.27834989177863,
              50.197273967809814
            ],
            [
              -5.278824080236529,
              50.197273967809814
            ],
            [
              -5.278507954597929,
              50.19639865761076
            ],
            [
              -5.27819182895933,
              50.19610688754441
            ],
            [
              -5.277559577682132,
              50.196301400921975
            ],
            [
              -5.276295075127734,
              50.19562060410049
            ],
            [
              -5.2761370123084355,
              50.19464803721265
            ],
            [
              -5.276453137947034,
              50.194939807279
            ],
            [
              -5.277085389224233,
              50.194745293901434
            ],
            [
              -5.277559577682132,
              50.19542609072292
            ],
            [
              -5.27803376614003,
              50.19523157734535
            ],
            [
              -5.278666017417229,
              50.19542609072292
            ],
            [
              -5.279298268694427,
              50.19484255059022
            ],
            [
              -5.280246645610225,
              50.19552334741171
            ],
            [
              -5.2821433994418205,
              50.19571786078927
            ],
            [
              -5.281985336622521,
              50.197371224498596
            ],
            [
              -5.282775650719019,
              50.19814927800887
            ],
            [
              -5.2883078493945055,
              50.19756573787617
            ],
            [
              -5.290678791684,
              50.19912184489671
            ],
            [
              -5.291152980141899,
              50.200483438539685
            ],
            [
              -5.294156173708592,
              50.201456005427524
            ],
            [
              -5.295262613443689,
              50.20320662582563
            ],
            [
              -5.293998110889292,
              50.203887422647114
            ],
            [
              -5.291785231419097,
              50.20437370609103
            ],
            [
              -5.2909949173226,
              50.20485998953495
            ],
            [
              -5.292101357057697,
              50.20563804304523
            ],
            [
              -5.291469105780498,
              50.20602706980036
            ],
            [
              -5.291627168599797,
              50.206610609933065
            ],
            [
              -5.2909949173226,
              50.20680512331063
            ],
            [
              -5.291469105780498,
              50.20729140675455
            ],
            [
              -5.291152980141899,
              50.20777769019847
            ],
            [
              -5.290362666045401,
              50.20768043350969
            ],
            [
              -5.290362666045401,
              50.20729140675455
            ],
            [
              -5.288465912213805,
              50.20670786662185
            ],
            [
              -5.289256226310304,
              50.20651335324428
            ],
            [
              -5.288940100671704,
              50.20631883986671
            ],
            [
              -5.288465912213805,
              50.20670786662185
            ],
            [
              -5.287675598117307,
              50.20651335324428
            ],
            [
              -5.288940100671704,
              50.206124326489146
            ],
            [
              -5.288623975033105,
              50.20544352966766
            ],
            [
              -5.287201409659408,
              50.20583255642279
            ],
            [
              -5.2851465930085135,
              50.20524901629009
            ],
            [
              -5.285620781466412,
              50.2069996366882
            ],
            [
              -5.2835659648155175,
              50.20738866344334
            ],
            [
              -5.283249839176918,
              50.2069996366882
            ],
            [
              -5.281195022526023,
              50.20729140675455
            ],
            [
              -5.280878896887423,
              50.20651335324428
            ],
            [
              -5.279930519971626,
              50.20563804304523
            ],
            [
              -5.277717640501431,
              50.20437370609103
            ]
          ]
        ]
      },
      "properties": {
        "slot_id": "gas_emissions_6",
        "lineage_id": "LOCAL-NEW-92271296-1318-4c0c-a293-d0d4ebc2d06b",
        "page_generation": 1,
        "semantic_mode": "AREA_JOIN",
        "partition": {
          "start": 76904,
          "end": 92283,
          "count": 15380
        },
        "evidence_scope": "coverage_area",
        "coverage_area_id": "E01018873",
        "coverage_area_name": "Cornwall 055E",
        "coverage_area_identifier_scheme": "ONS_GSS_LSOA11",
        "parent_area_id": "E06000052",
        "parent_area_name": "Cornwall",
        "boundary_vintage": "LSOA 2011",
        "source_area_record": true,
        "accepted_parcel_record": false,
        "spatial_binding_method": "OFFICIAL_POLYGON_AND_EXACT_IDENTIFIER",
        "source_window_record_index": 22,
        "source_url": "https://raw.githubusercontent.com/ONSdigital/cdn.ons.gov.uk-assets/130bb351004270950dd4a434e27d80b588e7d0af/assets/topojson/lsoa_by_lad/topo_E06000052.json",
        "final_url": "https://raw.githubusercontent.com/ONSdigital/cdn.ons.gov.uk-assets/130bb351004270950dd4a434e27d80b588e7d0af/assets/topojson/lsoa_by_lad/topo_E06000052.json",
        "source_access_utc": "2026-10-02T10:40:00Z",
        "source_blob_sha": "5122ed59a03427c9913f20d0db5b9b203e7be41c",
        "source_file_sha256": "e313e88941def9339fe827e65196b707403d8baf6817be8b1b5216998e358b21",
        "field_evidence": {
          "LSOA11CD": "E01018873",
          "LSOA11NM": "Cornwall 055E",
          "geometry_type": "Polygon",
          "parent_LAD": "E06000052"
        },
        "evidence_slice_sha256": "606b185a329cc278749b8e4e7c09a93c92456e2701ffec3f41d8a081ce64adc8",
        "confidence_score_0_100": 96,
        "evidence_grade": "A",
        "licence": "Open Government Licence v3.0",
        "licence_evidence_url": "https://www.ons.gov.uk/methodology/geography/licences",
        "fake_data": false,
        "local_spatial_join_status": "DEFERRED_TO_LOCAL_OPENCODE"
      }
    },
    {
      "type": "Feature",
      "id": "E01018874",
      "geometry": {
        "type": "Polygon",
        "coordinates": [
          [
            [
              -5.299372246745479,
              50.22421407060295
            ],
            [
              -5.299372246745479,
              50.223533273781456
            ],
            [
              -5.299530309564779,
              50.22275522027119
            ],
            [
              -5.3003206236612765,
              50.22256070689362
            ],
            [
              -5.301901251854273,
              50.2220744234497
            ],
            [
              -5.302849628770071,
              50.219448492852536
            ],
            [
              -5.30316575440867,
              50.218962209408616
            ],
            [
              -5.302059314673572,
              50.21828141258713
            ],
            [
              -5.302849628770071,
              50.21818415589834
            ],
            [
              -5.302849628770071,
              50.217406102388075
            ],
            [
              -5.303639942866569,
              50.21711433232172
            ],
            [
              -5.3033238172279695,
              50.21653079218902
            ],
            [
              -5.303956068505168,
              50.2160445087451
            ],
            [
              -5.304272194143767,
              50.216239022122664
            ],
            [
              -5.305378633878864,
              50.21565548198996
            ],
            [
              -5.3063270107946625,
              50.21614176543388
            ],
            [
              -5.306959262071861,
              50.21594725205632
            ],
            [
              -5.307749576168359,
              50.216336278811454
            ],
            [
              -5.308381827445557,
              50.215752738678745
            ],
            [
              -5.308697953084157,
              50.215849995367535
            ],
            [
              -5.309962455638553,
              50.216239022122664
            ],
            [
              -5.314862403036842,
              50.21643353550024
            ],
            [
              -5.315336591494741,
              50.21643353550024
            ],
            [
              -5.315178528675441,
              50.2166280488778
            ],
            [
              -5.314388214578943,
              50.2172115890105
            ],
            [
              -5.312175335108749,
              50.21711433232172
            ],
            [
              -5.312175335108749,
              50.217892385831995
            ],
            [
              -5.312017272289449,
              50.218962209408616
            ],
            [
              -5.310752769735052,
              50.21954574954132
            ],
            [
              -5.310594706915752,
              50.219934776296455
            ],
            [
              -5.3079076389876585,
              50.22081008649551
            ],
            [
              -5.30743345052976,
              50.221004599873076
            ],
            [
              -5.307749576168359,
              50.22119911325064
            ],
            [
              -5.309804392819254,
              50.22129636993943
            ],
            [
              -5.312649523566647,
              50.22285247695997
            ],
            [
              -5.309014078722756,
              50.22411681391416
            ],
            [
              -5.306959262071861,
              50.22363053047024
            ],
            [
              -5.305378633878864,
              50.22372778715903
            ],
            [
              -5.303639942866569,
              50.22421407060295
            ],
            [
              -5.299372246745479,
              50.22421407060295
            ]
          ]
        ]
      },
      "properties": {
        "slot_id": "gas_emissions_6",
        "lineage_id": "LOCAL-NEW-92271296-1318-4c0c-a293-d0d4ebc2d06b",
        "page_generation": 1,
        "semantic_mode": "AREA_JOIN",
        "partition": {
          "start": 76904,
          "end": 92283,
          "count": 15380
        },
        "evidence_scope": "coverage_area",
        "coverage_area_id": "E01018874",
        "coverage_area_name": "Cornwall 053A",
        "coverage_area_identifier_scheme": "ONS_GSS_LSOA11",
        "parent_area_id": "E06000052",
        "parent_area_name": "Cornwall",
        "boundary_vintage": "LSOA 2011",
        "source_area_record": true,
        "accepted_parcel_record": false,
        "spatial_binding_method": "OFFICIAL_POLYGON_AND_EXACT_IDENTIFIER",
        "source_window_record_index": 23,
        "source_url": "https://raw.githubusercontent.com/ONSdigital/cdn.ons.gov.uk-assets/130bb351004270950dd4a434e27d80b588e7d0af/assets/topojson/lsoa_by_lad/topo_E06000052.json",
        "final_url": "https://raw.githubusercontent.com/ONSdigital/cdn.ons.gov.uk-assets/130bb351004270950dd4a434e27d80b588e7d0af/assets/topojson/lsoa_by_lad/topo_E06000052.json",
        "source_access_utc": "2026-10-02T10:40:00Z",
        "source_blob_sha": "5122ed59a03427c9913f20d0db5b9b203e7be41c",
        "source_file_sha256": "e313e88941def9339fe827e65196b707403d8baf6817be8b1b5216998e358b21",
        "field_evidence": {
          "LSOA11CD": "E01018874",
          "LSOA11NM": "Cornwall 053A",
          "geometry_type": "Polygon",
          "parent_LAD": "E06000052"
        },
        "evidence_slice_sha256": "606b185a329cc278749b8e4e7c09a93c92456e2701ffec3f41d8a081ce64adc8",
        "confidence_score_0_100": 96,
        "evidence_grade": "A",
        "licence": "Open Government Licence v3.0",
        "licence_evidence_url": "https://www.ons.gov.uk/methodology/geography/licences",
        "fake_data": false,
        "local_spatial_join_status": "DEFERRED_TO_LOCAL_OPENCODE"
      }
    },
    {
      "type": "Feature",
      "id": "E01018875",
      "geometry": {
        "type": "Polygon",
        "coordinates": [
          [
            [
              -5.3017431890349735,
              50.212154241193744
            ],
            [
              -5.303007691589371,
              50.21147344437226
            ],
            [
              -5.304272194143767,
              50.211667957749825
            ],
            [
              -5.304588319782367,
              50.213224064770365
            ],
            [
              -5.305852822336764,
              50.213224064770365
            ],
            [
              -5.305694759517464,
              50.2124460112601
            ],
            [
              -5.307749576168359,
              50.212348754571316
            ],
            [
              -5.308539890264857,
              50.212737781326446
            ],
            [
              -5.308539890264857,
              50.2130295513928
            ],
            [
              -5.309804392819254,
              50.21254326794888
            ],
            [
              -5.310752769735052,
              50.213224064770365
            ],
            [
              -5.31138502101225,
              50.21293229470402
            ],
            [
              -5.312649523566647,
              50.2136130915255
            ],
            [
              -5.309804392819254,
              50.215752738678745
            ],
            [
              -5.309962455638553,
              50.216239022122664
            ],
            [
              -5.308697953084157,
              50.215849995367535
            ],
            [
              -5.308381827445557,
              50.215752738678745
            ],
            [
              -5.307749576168359,
              50.216336278811454
            ],
            [
              -5.306959262071861,
              50.21594725205632
            ],
            [
              -5.3063270107946625,
              50.21614176543388
            ],
            [
              -5.305378633878864,
              50.21565548198996
            ],
            [
              -5.304272194143767,
              50.216239022122664
            ],
            [
              -5.303956068505168,
              50.2160445087451
            ],
            [
              -5.3033238172279695,
              50.21653079218902
            ],
            [
              -5.302849628770071,
              50.216336278811454
            ],
            [
              -5.302849628770071,
              50.215752738678745
            ],
            [
              -5.302217377492872,
              50.21565548198996
            ],
            [
              -5.301585126215674,
              50.2160445087451
            ],
            [
              -5.301269000577075,
              50.21594725205632
            ],
            [
              -5.302375440312172,
              50.21400211828064
            ],
            [
              -5.302533503131471,
              50.213710348214285
            ],
            [
              -5.301585126215674,
              50.2136130915255
            ],
            [
              -5.300636749299876,
              50.2130295513928
            ],
            [
              -5.3017431890349735,
              50.21254326794888
            ],
            [
              -5.3017431890349735,
              50.212154241193744
            ]
          ]
        ]
      },
      "properties": {
        "slot_id": "gas_emissions_6",
        "lineage_id": "LOCAL-NEW-92271296-1318-4c0c-a293-d0d4ebc2d06b",
        "page_generation": 1,
        "semantic_mode": "AREA_JOIN",
        "partition": {
          "start": 76904,
          "end": 92283,
          "count": 15380
        },
        "evidence_scope": "coverage_area",
        "coverage_area_id": "E01018875",
        "coverage_area_name": "Cornwall 053B",
        "coverage_area_identifier_scheme": "ONS_GSS_LSOA11",
        "parent_area_id": "E06000052",
        "parent_area_name": "Cornwall",
        "boundary_vintage": "LSOA 2011",
        "source_area_record": true,
        "accepted_parcel_record": false,
        "spatial_binding_method": "OFFICIAL_POLYGON_AND_EXACT_IDENTIFIER",
        "source_window_record_index": 24,
        "source_url": "https://raw.githubusercontent.com/ONSdigital/cdn.ons.gov.uk-assets/130bb351004270950dd4a434e27d80b588e7d0af/assets/topojson/lsoa_by_lad/topo_E06000052.json",
        "final_url": "https://raw.githubusercontent.com/ONSdigital/cdn.ons.gov.uk-assets/130bb351004270950dd4a434e27d80b588e7d0af/assets/topojson/lsoa_by_lad/topo_E06000052.json",
        "source_access_utc": "2026-10-02T10:40:00Z",
        "source_blob_sha": "5122ed59a03427c9913f20d0db5b9b203e7be41c",
        "source_file_sha256": "e313e88941def9339fe827e65196b707403d8baf6817be8b1b5216998e358b21",
        "field_evidence": {
          "LSOA11CD": "E01018875",
          "LSOA11NM": "Cornwall 053B",
          "geometry_type": "Polygon",
          "parent_LAD": "E06000052"
        },
        "evidence_slice_sha256": "606b185a329cc278749b8e4e7c09a93c92456e2701ffec3f41d8a081ce64adc8",
        "confidence_score_0_100": 96,
        "evidence_grade": "A",
        "licence": "Open Government Licence v3.0",
        "licence_evidence_url": "https://www.ons.gov.uk/methodology/geography/licences",
        "fake_data": false,
        "local_spatial_join_status": "DEFERRED_TO_LOCAL_OPENCODE"
      }
    },
    {
      "type": "Feature",
      "id": "E01018876",
      "geometry": {
        "type": "Polygon",
        "coordinates": [
          [
            [
              -5.3305106221475045,
              50.24210930133918
            ],
            [
              -5.328297742677309,
              50.23812177709904
            ],
            [
              -5.3245042350141185,
              50.2341342528589
            ],
            [
              -5.325452611929916,
              50.23296717259349
            ],
            [
              -5.3213429786281266,
              50.23218911908322
            ],
            [
              -5.316443031229838,
              50.22946593179727
            ],
            [
              -5.31122695819295,
              50.228687878287005
            ],
            [
              -5.305852822336764,
              50.22849336490943
            ],
            [
              -5.298265807010382,
              50.230243985307546
            ],
            [
              -5.296369053178786,
              50.231216552195384
            ],
            [
              -5.296369053178786,
              50.23053575537389
            ],
            [
              -5.298107744191082,
              50.22927141841971
            ],
            [
              -5.299846435203378,
              50.22878513497579
            ],
            [
              -5.300162560841978,
              50.22829885153187
            ],
            [
              -5.299372246745479,
              50.22421407060295
            ],
            [
              -5.303639942866569,
              50.22421407060295
            ],
            [
              -5.305378633878864,
              50.22372778715903
            ],
            [
              -5.306959262071861,
              50.22363053047024
            ],
            [
              -5.309014078722756,
              50.22411681391416
            ],
            [
              -5.312649523566647,
              50.22285247695997
            ],
            [
              -5.309804392819254,
              50.22129636993943
            ],
            [
              -5.307749576168359,
              50.22119911325064
            ],
            [
              -5.30743345052976,
              50.221004599873076
            ],
            [
              -5.3079076389876585,
              50.22081008649551
            ],
            [
              -5.310594706915752,
              50.219934776296455
            ],
            [
              -5.310752769735052,
              50.21954574954132
            ],
            [
              -5.312017272289449,
              50.218962209408616
            ],
            [
              -5.312175335108749,
              50.217892385831995
            ],
            [
              -5.312175335108749,
              50.21711433232172
            ],
            [
              -5.314388214578943,
              50.2172115890105
            ],
            [
              -5.315178528675441,
              50.2166280488778
            ],
            [
              -5.315336591494741,
              50.21643353550024
            ],
            [
              -5.314862403036842,
              50.21643353550024
            ],
            [
              -5.309962455638553,
              50.216239022122664
            ],
            [
              -5.309804392819254,
              50.215752738678745
            ],
            [
              -5.312649523566647,
              50.2136130915255
            ],
            [
              -5.31138502101225,
              50.21293229470402
            ],
            [
              -5.312175335108749,
              50.21225149788253
            ],
            [
              -5.31122695819295,
              50.21137618768348
            ],
            [
              -5.314546277398242,
              50.211181674305905
            ],
            [
              -5.313439837663145,
              50.210209107418066
            ],
            [
              -5.3139140261210445,
              50.2094310539078
            ],
            [
              -5.313123712024546,
              50.20952831059658
            ],
            [
              -5.310120518457853,
              50.20826397364239
            ],
            [
              -5.308856015903456,
              50.20845848701996
            ],
            [
              -5.308697953084157,
              50.20797220357604
            ],
            [
              -5.3094882671806545,
              50.20680512331063
            ],
            [
              -5.312017272289449,
              50.20631883986671
            ],
            [
              -5.310594706915752,
              50.20583255642279
            ],
            [
              -5.310278581277153,
              50.20447096277982
            ],
            [
              -5.31154308383155,
              50.20447096277982
            ],
            [
              -5.315178528675441,
              50.20563804304523
            ],
            [
              -5.318972036338632,
              50.20524901629009
            ],
            [
              -5.318339785061434,
              50.204568219468605
            ],
            [
              -5.318339785061434,
              50.20330388251441
            ],
            [
              -5.319604287615831,
              50.20320662582563
            ],
            [
              -5.322133292724624,
              50.20515175960131
            ],
            [
              -5.322133292724624,
              50.20680512331063
            ],
            [
              -5.32371392091762,
              50.20748592013212
            ],
            [
              -5.32418810937552,
              50.208653000397526
            ],
            [
              -5.3260848632071145,
              50.20991733735172
            ],
            [
              -5.331142873424703,
              50.20982008066293
            ],
            [
              -5.333513815714197,
              50.208653000397526
            ],
            [
              -5.336833134919489,
              50.20787494688726
            ],
            [
              -5.338413763112485,
              50.208166716953606
            ],
            [
              -5.3411008310405785,
              50.20904202715266
            ],
            [
              -5.341416956679178,
              50.2088475137751
            ],
            [
              -5.346633029716065,
              50.21050087748442
            ],
            [
              -5.347739469451163,
              50.21088990423956
            ],
            [
              -5.3516910399336535,
              50.214391145035776
            ],
            [
              -5.3516910399336535,
              50.21448840172456
            ],
            [
              -5.351532977114354,
              50.215266455234826
            ],
            [
              -5.352165228391552,
              50.216336278811454
            ],
            [
              -5.3532716681266495,
              50.2172115890105
            ],
            [
              -5.354694233500346,
              50.2166280488778
            ],
            [
              -5.355484547596844,
              50.21750335907686
            ],
            [
              -5.35722323860914,
              50.22129636993943
            ],
            [
              -5.3607006206337315,
              50.22440858398051
            ],
            [
              -5.363545751381125,
              50.22489486742443
            ],
            [
              -5.367181196225016,
              50.22470035404687
            ],
            [
              -5.372239206442604,
              50.22645097444497
            ],
            [
              -5.375084337189997,
              50.22829885153187
            ],
            [
              -5.37761334229879,
              50.22897964835335
            ],
            [
              -5.380616535865483,
              50.229174161730924
            ],
            [
              -5.3834616666128765,
              50.228590621598215
            ],
            [
              -5.3850422948058725,
              50.22878513497579
            ],
            [
              -5.385832608902371,
              50.22995221524119
            ],
            [
              -5.383303603793577,
              50.23199460570565
            ],
            [
              -5.382197164058479,
              50.23442602292525
            ],
            [
              -5.380932661504083,
              50.23423150954768
            ],
            [
              -5.373187583358401,
              50.23705195352242
            ],
            [
              -5.371765017984705,
              50.236857440144846
            ],
            [
              -5.370026326972409,
              50.23724646689998
            ],
            [
              -5.370026326972409,
              50.23676018345606
            ],
            [
              -5.3682876359601135,
              50.23617664332336
            ],
            [
              -5.367971510321514,
              50.23666292676728
            ],
            [
              -5.367181196225016,
              50.23705195352242
            ],
            [
              -5.366707007767117,
              50.23676018345606
            ],
            [
              -5.366074756489919,
              50.236857440144846
            ],
            [
              -5.366390882128518,
              50.23802452041025
            ],
            [
              -5.364968316754821,
              50.237830007032684
            ],
            [
              -5.364652191116222,
              50.23821903378782
            ],
            [
              -5.364494128296922,
              50.237830007032684
            ],
            [
              -5.3637038142004245,
              50.237830007032684
            ],
            [
              -5.363545751381125,
              50.23744098027755
            ],
            [
              -5.362913500103926,
              50.237830007032684
            ],
            [
              -5.362755437284626,
              50.237343723588765
            ],
            [
              -5.361965123188129,
              50.2371492102112
            ],
            [
              -5.361648997549529,
              50.238413547165386
            ],
            [
              -5.360068369356533,
              50.238899830609306
            ],
            [
              -5.358487741163537,
              50.238413547165386
            ],
            [
              -5.358171615524937,
              50.23899708729809
            ],
            [
              -5.358645803982837,
              50.23909434398688
            ],
            [
              -5.35738130142844,
              50.23948337074201
            ],
            [
              -5.358171615524937,
              50.23948337074201
            ],
            [
              -5.357855489886338,
              50.239872397497145
            ],
            [
              -5.355642610416144,
              50.240553194318636
            ],
            [
              -5.355958736054743,
              50.2401641675635
            ],
            [
              -5.354852296319645,
              50.24045593762985
            ],
            [
              -5.351532977114354,
              50.24026142425228
            ],
            [
              -5.351216851475754,
              50.2395806274308
            ],
            [
              -5.350426537379256,
              50.23948337074201
            ],
            [
              -5.350426537379256,
              50.23880257392052
            ],
            [
              -5.348055595089762,
              50.23919160067566
            ],
            [
              -5.3472652809932635,
              50.23860806054296
            ],
            [
              -5.346474966896766,
              50.23870531723174
            ],
            [
              -5.346158841258166,
              50.238316290476604
            ],
            [
              -5.3456846528002675,
              50.23851080385417
            ],
            [
              -5.3456846528002675,
              50.23812177709904
            ],
            [
              -5.345210464342369,
              50.23792726372147
            ],
            [
              -5.341891145137077,
              50.23812177709904
            ],
            [
              -5.341575019498477,
              50.23880257392052
            ],
            [
              -5.34078470540198,
              50.23821903378782
            ],
            [
              -5.339836328486181,
              50.239386114053225
            ],
            [
              -5.3380976374738855,
              50.23948337074201
            ],
            [
              -5.336675072100189,
              50.24006691087472
            ],
            [
              -5.33651700928089,
              50.23967788411958
            ],
            [
              -5.335726695184391,
              50.23977514080836
            ],
            [
              -5.334778318268594,
              50.24045593762985
            ],
            [
              -5.335252506726492,
              50.240942221073766
            ],
            [
              -5.334778318268594,
              50.240942221073766
            ],
            [
              -5.3336718785334964,
              50.24172027458404
            ],
            [
              -5.3322493131598,
              50.24162301789526
            ],
            [
              -5.331617061882602,
              50.24210930133918
            ],
            [
              -5.3305106221475045,
              50.24210930133918
            ]
          ]
        ]
      },
      "properties": {
        "slot_id": "gas_emissions_6",
        "lineage_id": "LOCAL-NEW-92271296-1318-4c0c-a293-d0d4ebc2d06b",
        "page_generation": 1,
        "semantic_mode": "AREA_JOIN",
        "partition": {
          "start": 76904,
          "end": 92283,
          "count": 15380
        },
        "evidence_scope": "coverage_area",
        "coverage_area_id": "E01018876",
        "coverage_area_name": "Cornwall 053C",
        "coverage_area_identifier_scheme": "ONS_GSS_LSOA11",
        "parent_area_id": "E06000052",
        "parent_area_name": "Cornwall",
        "boundary_vintage": "LSOA 2011",
        "source_area_record": true,
        "accepted_parcel_record": false,
        "spatial_binding_method": "OFFICIAL_POLYGON_AND_EXACT_IDENTIFIER",
        "source_window_record_index": 25,
        "source_url": "https://raw.githubusercontent.com/ONSdigital/cdn.ons.gov.uk-assets/130bb351004270950dd4a434e27d80b588e7d0af/assets/topojson/lsoa_by_lad/topo_E06000052.json",
        "final_url": "https://raw.githubusercontent.com/ONSdigital/cdn.ons.gov.uk-assets/130bb351004270950dd4a434e27d80b588e7d0af/assets/topojson/lsoa_by_lad/topo_E06000052.json",
        "source_access_utc": "2026-10-02T10:40:00Z",
        "source_blob_sha": "5122ed59a03427c9913f20d0db5b9b203e7be41c",
        "source_file_sha256": "e313e88941def9339fe827e65196b707403d8baf6817be8b1b5216998e358b21",
        "field_evidence": {
          "LSOA11CD": "E01018876",
          "LSOA11NM": "Cornwall 053C",
          "geometry_type": "Polygon",
          "parent_LAD": "E06000052"
        },
        "evidence_slice_sha256": "606b185a329cc278749b8e4e7c09a93c92456e2701ffec3f41d8a081ce64adc8",
        "confidence_score_0_100": 96,
        "evidence_grade": "A",
        "licence": "Open Government Licence v3.0",
        "licence_evidence_url": "https://www.ons.gov.uk/methodology/geography/licences",
        "fake_data": false,
        "local_spatial_join_status": "DEFERRED_TO_LOCAL_OPENCODE"
      }
    },
    {
      "type": "Feature",
      "id": "E01018877",
      "geometry": {
        "type": "Polygon",
        "coordinates": [
          [
            [
              -5.3017431890349735,
              50.212154241193744
            ],
            [
              -5.300636749299876,
              50.21195972781618
            ],
            [
              -5.300478686480576,
              50.2100145940405
            ],
            [
              -5.299846435203378,
              50.21030636410685
            ],
            [
              -5.299688372384078,
              50.211181674305905
            ],
            [
              -5.297633555733183,
              50.21137618768348
            ],
            [
              -5.296843241636685,
              50.2105981341732
            ],
            [
              -5.296843241636685,
              50.21040362079564
            ],
            [
              -5.304114131324468,
              50.208069460264824
            ],
            [
              -5.304114131324468,
              50.20787494688726
            ],
            [
              -5.303007691589371,
              50.206124326489146
            ],
            [
              -5.30316575440867,
              50.20544352966766
            ],
            [
              -5.303481880047269,
              50.20534627297887
            ],
            [
              -5.303798005685868,
              50.20534627297887
            ],
            [
              -5.303956068505168,
              50.2039846793359
            ],
            [
              -5.3047463826016665,
              50.20281759907049
            ],
            [
              -5.304114131324468,
              50.20009441178455
            ],
            [
              -5.3049044454209655,
              50.19844104807522
            ],
            [
              -5.307749576168359,
              50.196301400921975
            ],
            [
              -5.308539890264857,
              50.194939807279
            ],
            [
              -5.306643136433261,
              50.19163307986035
            ],
            [
              -5.3079076389876585,
              50.19231387668184
            ],
            [
              -5.308697953084157,
              50.19338370025846
            ],
            [
              -5.309804392819254,
              50.19406449707995
            ],
            [
              -5.311701146650849,
              50.19455078052387
            ],
            [
              -5.313597900482445,
              50.194745293901434
            ],
            [
              -5.314704340217542,
              50.19571786078927
            ],
            [
              -5.315652717133339,
              50.19562060410049
            ],
            [
              -5.316284968410538,
              50.19600963085563
            ],
            [
              -5.317075282507036,
              50.19591237416684
            ],
            [
              -5.318023659422834,
              50.196301400921975
            ],
            [
              -5.318497847880733,
              50.19707945443225
            ],
            [
              -5.319288161977231,
              50.19766299456495
            ],
            [
              -5.319130099157931,
              50.19805202132009
            ],
            [
              -5.320552664531628,
              50.200483438539685
            ],
            [
              -5.320710727350928,
              50.20184503218265
            ],
            [
              -5.322133292724624,
              50.20417919271347
            ],
            [
              -5.322133292724624,
              50.20515175960131
            ],
            [
              -5.319604287615831,
              50.20320662582563
            ],
            [
              -5.318339785061434,
              50.20330388251441
            ],
            [
              -5.318339785061434,
              50.204568219468605
            ],
            [
              -5.318972036338632,
              50.20524901629009
            ],
            [
              -5.315178528675441,
              50.20563804304523
            ],
            [
              -5.31154308383155,
              50.20447096277982
            ],
            [
              -5.310278581277153,
              50.20447096277982
            ],
            [
              -5.310594706915752,
              50.20583255642279
            ],
            [
              -5.312017272289449,
              50.20631883986671
            ],
            [
              -5.3094882671806545,
              50.20680512331063
            ],
            [
              -5.308697953084157,
              50.20797220357604
            ],
            [
              -5.308856015903456,
              50.20845848701996
            ],
            [
              -5.310120518457853,
              50.20826397364239
            ],
            [
              -5.313123712024546,
              50.20952831059658
            ],
            [
              -5.3139140261210445,
              50.2094310539078
            ],
            [
              -5.313439837663145,
              50.210209107418066
            ],
            [
              -5.314546277398242,
              50.211181674305905
            ],
            [
              -5.31122695819295,
              50.21137618768348
            ],
            [
              -5.312175335108749,
              50.21225149788253
            ],
            [
              -5.31138502101225,
              50.21293229470402
            ],
            [
              -5.310752769735052,
              50.213224064770365
            ],
            [
              -5.309804392819254,
              50.21254326794888
            ],
            [
              -5.308539890264857,
              50.2130295513928
            ],
            [
              -5.308539890264857,
              50.212737781326446
            ],
            [
              -5.307749576168359,
              50.212348754571316
            ],
            [
              -5.305694759517464,
              50.2124460112601
            ],
            [
              -5.305852822336764,
              50.213224064770365
            ],
            [
              -5.304588319782367,
              50.213224064770365
            ],
            [
              -5.304272194143767,
              50.211667957749825
            ],
            [
              -5.303007691589371,
              50.21147344437226
            ],
            [
              -5.3017431890349735,
              50.212154241193744
            ]
          ]
        ]
      },
      "properties": {
        "slot_id": "gas_emissions_6",
        "lineage_id": "LOCAL-NEW-92271296-1318-4c0c-a293-d0d4ebc2d06b",
        "page_generation": 1,
        "semantic_mode": "AREA_JOIN",
        "partition": {
          "start": 76904,
          "end": 92283,
          "count": 15380
        },
        "evidence_scope": "coverage_area",
        "coverage_area_id": "E01018877",
        "coverage_area_name": "Cornwall 053D",
        "coverage_area_identifier_scheme": "ONS_GSS_LSOA11",
        "parent_area_id": "E06000052",
        "parent_area_name": "Cornwall",
        "boundary_vintage": "LSOA 2011",
        "source_area_record": true,
        "accepted_parcel_record": false,
        "spatial_binding_method": "OFFICIAL_POLYGON_AND_EXACT_IDENTIFIER",
        "source_window_record_index": 26,
        "source_url": "https://raw.githubusercontent.com/ONSdigital/cdn.ons.gov.uk-assets/130bb351004270950dd4a434e27d80b588e7d0af/assets/topojson/lsoa_by_lad/topo_E06000052.json",
        "final_url": "https://raw.githubusercontent.com/ONSdigital/cdn.ons.gov.uk-assets/130bb351004270950dd4a434e27d80b588e7d0af/assets/topojson/lsoa_by_lad/topo_E06000052.json",
        "source_access_utc": "2026-10-02T10:40:00Z",
        "source_blob_sha": "5122ed59a03427c9913f20d0db5b9b203e7be41c",
        "source_file_sha256": "e313e88941def9339fe827e65196b707403d8baf6817be8b1b5216998e358b21",
        "field_evidence": {
          "LSOA11CD": "E01018877",
          "LSOA11NM": "Cornwall 053D",
          "geometry_type": "Polygon",
          "parent_LAD": "E06000052"
        },
        "evidence_slice_sha256": "606b185a329cc278749b8e4e7c09a93c92456e2701ffec3f41d8a081ce64adc8",
        "confidence_score_0_100": 96,
        "evidence_grade": "A",
        "licence": "Open Government Licence v3.0",
        "licence_evidence_url": "https://www.ons.gov.uk/methodology/geography/licences",
        "fake_data": false,
        "local_spatial_join_status": "DEFERRED_TO_LOCAL_OPENCODE"
      }
    },
    {
      "type": "Feature",
      "id": "E01018878",
      "geometry": {
        "type": "Polygon",
        "coordinates": [
          [
            [
              -5.29478842498579,
              50.212737781326446
            ],
            [
              -5.293207796792794,
              50.2118624711274
            ],
            [
              -5.293681985250693,
              50.21176521443861
            ],
            [
              -5.296843241636685,
              50.2105981341732
            ],
            [
              -5.297633555733183,
              50.21137618768348
            ],
            [
              -5.299688372384078,
              50.211181674305905
            ],
            [
              -5.299846435203378,
              50.21030636410685
            ],
            [
              -5.300478686480576,
              50.2100145940405
            ],
            [
              -5.300636749299876,
              50.21195972781618
            ],
            [
              -5.3017431890349735,
              50.212154241193744
            ],
            [
              -5.3017431890349735,
              50.21254326794888
            ],
            [
              -5.300636749299876,
              50.2130295513928
            ],
            [
              -5.301585126215674,
              50.2136130915255
            ],
            [
              -5.302533503131471,
              50.213710348214285
            ],
            [
              -5.302375440312172,
              50.21400211828064
            ],
            [
              -5.301269000577075,
              50.21594725205632
            ],
            [
              -5.301585126215674,
              50.2160445087451
            ],
            [
              -5.302217377492872,
              50.21565548198996
            ],
            [
              -5.302849628770071,
              50.215752738678745
            ],
            [
              -5.302849628770071,
              50.216336278811454
            ],
            [
              -5.3033238172279695,
              50.21653079218902
            ],
            [
              -5.303639942866569,
              50.21711433232172
            ],
            [
              -5.302849628770071,
              50.217406102388075
            ],
            [
              -5.302849628770071,
              50.21818415589834
            ],
            [
              -5.302059314673572,
              50.21828141258713
            ],
            [
              -5.30316575440867,
              50.218962209408616
            ],
            [
              -5.302849628770071,
              50.219448492852536
            ],
            [
              -5.300636749299876,
              50.21760061576564
            ],
            [
              -5.300004498022678,
              50.21643353550024
            ],
            [
              -5.299056121106879,
              50.215363711923615
            ],
            [
              -5.299688372384078,
              50.214196631658204
            ],
            [
              -5.296843241636685,
              50.214391145035776
            ],
            [
              -5.297001304455985,
              50.21409937496942
            ],
            [
              -5.297475492913883,
              50.2130295513928
            ],
            [
              -5.296843241636685,
              50.212835038015236
            ],
            [
              -5.296685178817386,
              50.213224064770365
            ],
            [
              -5.295578739082289,
              50.21254326794888
            ],
            [
              -5.295578739082289,
              50.212348754571316
            ],
            [
              -5.29478842498579,
              50.212737781326446
            ]
          ]
        ]
      },
      "properties": {
        "slot_id": "gas_emissions_6",
        "lineage_id": "LOCAL-NEW-92271296-1318-4c0c-a293-d0d4ebc2d06b",
        "page_generation": 1,
        "semantic_mode": "AREA_JOIN",
        "partition": {
          "start": 76904,
          "end": 92283,
          "count": 15380
        },
        "evidence_scope": "coverage_area",
        "coverage_area_id": "E01018878",
        "coverage_area_name": "Cornwall 053E",
        "coverage_area_identifier_scheme": "ONS_GSS_LSOA11",
        "parent_area_id": "E06000052",
        "parent_area_name": "Cornwall",
        "boundary_vintage": "LSOA 2011",
        "source_area_record": true,
        "accepted_parcel_record": false,
        "spatial_binding_method": "OFFICIAL_POLYGON_AND_EXACT_IDENTIFIER",
        "source_window_record_index": 27,
        "source_url": "https://raw.githubusercontent.com/ONSdigital/cdn.ons.gov.uk-assets/130bb351004270950dd4a434e27d80b588e7d0af/assets/topojson/lsoa_by_lad/topo_E06000052.json",
        "final_url": "https://raw.githubusercontent.com/ONSdigital/cdn.ons.gov.uk-assets/130bb351004270950dd4a434e27d80b588e7d0af/assets/topojson/lsoa_by_lad/topo_E06000052.json",
        "source_access_utc": "2026-10-02T10:40:00Z",
        "source_blob_sha": "5122ed59a03427c9913f20d0db5b9b203e7be41c",
        "source_file_sha256": "e313e88941def9339fe827e65196b707403d8baf6817be8b1b5216998e358b21",
        "field_evidence": {
          "LSOA11CD": "E01018878",
          "LSOA11NM": "Cornwall 053E",
          "geometry_type": "Polygon",
          "parent_LAD": "E06000052"
        },
        "evidence_slice_sha256": "606b185a329cc278749b8e4e7c09a93c92456e2701ffec3f41d8a081ce64adc8",
        "confidence_score_0_100": 96,
        "evidence_grade": "A",
        "licence": "Open Government Licence v3.0",
        "licence_evidence_url": "https://www.ons.gov.uk/methodology/geography/licences",
        "fake_data": false,
        "local_spatial_join_status": "DEFERRED_TO_LOCAL_OPENCODE"
      }
    },
    {
      "type": "Feature",
      "id": "E01018879",
      "geometry": {
        "type": "Polygon",
        "coordinates": [
          [
            [
              -5.094364770113873,
              50.124525964599485
            ],
            [
              -5.094048644475273,
              50.12423419453313
            ],
            [
              -5.09136157654718,
              50.12462322128827
            ],
            [
              -5.090571262450681,
              50.12462322128827
            ],
            [
              -5.090571262450681,
              50.12423419453313
            ],
            [
              -5.089780948354184,
              50.12433145122192
            ],
            [
              -5.089464822715584,
              50.124039681155566
            ],
            [
              -5.089622885534884,
              50.12374791108921
            ],
            [
              -5.089306759896285,
              50.12365065440043
            ],
            [
              -5.090097073992783,
              50.12326162764529
            ],
            [
              -5.090413199631382,
              50.12238631744624
            ],
            [
              -5.089622885534884,
              50.12180277731354
            ],
            [
              -5.089780948354184,
              50.12160826393597
            ],
            [
              -5.089148697076985,
              50.1214137505584
            ],
            [
              -5.089622885534884,
              50.12073295373691
            ],
            [
              -5.0888325714383855,
              50.120441183670565
            ],
            [
              -5.0902551368120825,
              50.11956587347151
            ],
            [
              -5.090887388089281,
              50.11956587347151
            ],
            [
              -5.090729325269981,
              50.119274103405154
            ],
            [
              -5.09136157654718,
              50.118885076650024
            ],
            [
              -5.090887388089281,
              50.11810702313975
            ],
            [
              -5.090097073992783,
              50.11820427982853
            ],
            [
              -5.090413199631382,
              50.11800976645097
            ],
            [
              -5.089622885534884,
              50.117912509762185
            ],
            [
              -5.090887388089281,
              50.117912509762185
            ],
            [
              -5.089939011173483,
              50.11752348300705
            ],
            [
              -5.09120351372788,
              50.116745429496774
            ],
            [
              -5.09120351372788,
              50.114411268965966
            ],
            [
              -5.090413199631382,
              50.114216755588394
            ],
            [
              -5.0902551368120825,
              50.11382772883326
            ],
            [
              -5.089148697076985,
              50.11382772883326
            ],
            [
              -5.089464822715584,
              50.11353595876691
            ],
            [
              -5.088990634257685,
              50.11353595876691
            ],
            [
              -5.0888325714383855,
              50.112757905256636
            ],
            [
              -5.087568068883989,
              50.112757905256636
            ],
            [
              -5.087726131703288,
              50.11246613519029
            ],
            [
              -5.08709388042609,
              50.1123688785015
            ],
            [
              -5.086461629148891,
              50.11139631161366
            ],
            [
              -5.085355189413794,
              50.11129905492488
            ],
            [
              -5.084722938136595,
              50.111688081680015
            ],
            [
              -5.082668121485701,
              50.11100728485853
            ],
            [
              -5.082668121485701,
              50.110715514792176
            ],
            [
              -5.081561681750603,
              50.11052100141461
            ],
            [
              -5.081719744569903,
              50.10945117783799
            ],
            [
              -5.083300372762899,
              50.10906215108285
            ],
            [
              -5.084564875317296,
              50.10954843452677
            ],
            [
              -5.085355189413794,
              50.1093539211492
            ],
            [
              -5.09120351372788,
              50.102934979689465
            ],
            [
              -5.093574456017374,
              50.103032236378255
            ],
            [
              -5.09531314702967,
              50.102448696245546
            ],
            [
              -5.0994227803314605,
              50.0997255089596
            ],
            [
              -5.099896968789359,
              50.09962825227082
            ],
            [
              -5.100371157247258,
              50.10001727902595
            ],
            [
              -5.101477596982355,
              50.09962825227082
            ],
            [
              -5.102425973898153,
              50.099920022337166
            ],
            [
              -5.102742099536752,
              50.10050356246987
            ],
            [
              -5.103216287994651,
              50.10050356246987
            ],
            [
              -5.103058225175351,
              50.10108710260258
            ],
            [
              -5.104006602091149,
              50.101378872668924
            ],
            [
              -5.104796916187647,
              50.102448696245546
            ],
            [
              -5.105745293103445,
              50.102545952934335
            ],
            [
              -5.106219481561344,
              50.10235143955676
            ],
            [
              -5.107642046935041,
              50.103032236378255
            ],
            [
              -5.111277491778932,
              50.10400480326609
            ],
            [
              -5.1130161827912275,
              50.103421263133384
            ],
            [
              -5.113174245610527,
              50.10312949306704
            ],
            [
              -5.114280685345625,
              50.103032236378255
            ],
            [
              -5.115229062261422,
              50.10371303319974
            ],
            [
              -5.115861313538621,
              50.10371303319974
            ],
            [
              -5.118074193008815,
              50.102448696245546
            ],
            [
              -5.119970946840411,
              50.1021569261792
            ],
            [
              -5.1206031981176094,
              50.10147612935771
            ],
            [
              -5.121551575033407,
              50.10108710260258
            ],
            [
              -5.121393512214107,
              50.10011453571474
            ],
            [
              -5.122816077587804,
              50.09943373889325
            ],
            [
              -5.1243967057808,
              50.09904471213812
            ],
            [
              -5.127399899347493,
              50.09982276564838
            ],
            [
              -5.128190213443991,
              50.10021179240352
            ],
            [
              -5.130245030094886,
              50.09962825227082
            ],
            [
              -5.133564349300178,
              50.10011453571474
            ],
            [
              -5.134986914673875,
              50.10069807584744
            ],
            [
              -5.136251417228272,
              50.10050356246987
            ],
            [
              -5.1371997941440695,
              50.10069807584744
            ],
            [
              -5.137990108240568,
              50.1003090490923
            ],
            [
              -5.138938485156365,
              50.10050356246987
            ],
            [
              -5.140361050530061,
              50.10011453571474
            ],
            [
              -5.138938485156365,
              50.10098984591379
            ],
            [
              -5.137990108240568,
              50.102448696245546
            ],
            [
              -5.138148171059867,
              50.10371303319974
            ],
            [
              -5.139412673614264,
              50.103615776510956
            ],
            [
              -5.140044924891463,
              50.10419931664366
            ],
            [
              -5.139412673614264,
              50.105949937041764
            ],
            [
              -5.134986914673875,
              50.10838135426136
            ],
            [
              -5.131825658287882,
              50.10896489439407
            ],
            [
              -5.130086967275586,
              50.11022923134826
            ],
            [
              -5.1341966005773765,
              50.10945117783799
            ],
            [
              -5.1356191659510735,
              50.11022923134826
            ],
            [
              -5.137832045421268,
              50.111688081680015
            ],
            [
              -5.137673982601968,
              50.110715514792176
            ],
            [
              -5.136093354408972,
              50.10974294790434
            ],
            [
              -5.139886862072163,
              50.10750604406231
            ],
            [
              -5.14099330180726,
              50.106144450419336
            ],
            [
              -5.141783615903758,
              50.10624170710812
            ],
            [
              -5.141941678723058,
              50.10672799055204
            ],
            [
              -5.143048118458156,
              50.10682524724082
            ],
            [
              -5.142890055638856,
              50.10731153068474
            ],
            [
              -5.143996495373953,
              50.10838135426136
            ],
            [
              -5.14510293510905,
              50.10770055743988
            ],
            [
              -5.146525500482747,
              50.107603300751094
            ],
            [
              -5.146841626121346,
              50.1063389637969
            ],
            [
              -5.145735186386249,
              50.10439383002122
            ],
            [
              -5.146051312024849,
              50.1033240064446
            ],
            [
              -5.150160945326638,
              50.10546365359785
            ],
            [
              -5.1553770183635255,
              50.107603300751094
            ],
            [
              -5.154112515809128,
              50.10974294790434
            ],
            [
              -5.15363832735123,
              50.11188259505758
            ],
            [
              -5.145893249205549,
              50.11431401227718
            ],
            [
              -5.147790003037144,
              50.11713445625191
            ],
            [
              -5.150951259423136,
              50.118398793206104
            ],
            [
              -5.153480264531931,
              50.118885076650024
            ],
            [
              -5.155693144002125,
              50.11655091611921
            ],
            [
              -5.157431835014421,
              50.115870119297725
            ],
            [
              -5.15774796065302,
              50.116259146052855
            ],
            [
              -5.159170526026717,
              50.11450852565475
            ],
            [
              -5.160276965761814,
              50.115383835853805
            ],
            [
              -5.160909217039013,
              50.116745429496774
            ],
            [
              -5.163754347786406,
              50.11616188936407
            ],
            [
              -5.1659672272566,
              50.11820427982853
            ],
            [
              -5.165334975979402,
              50.11917684671637
            ],
            [
              -5.166599478533799,
              50.119274103405154
            ],
            [
              -5.1661252900759,
              50.12034392698178
            ],
            [
              -5.165334975979402,
              50.12131649386962
            ],
            [
              -5.162647908051309,
              50.12228906075746
            ],
            [
              -5.160435028581113,
              50.123553397711646
            ],
            [
              -5.158064086291619,
              50.123456141022864
            ],
            [
              -5.154586704267028,
              50.12695738181908
            ],
            [
              -5.154902829905627,
              50.12851348883962
            ],
            [
              -5.153480264531931,
              50.12938879903868
            ],
            [
              -5.151583510700335,
              50.13318180990125
            ],
            [
              -5.150477070965238,
              50.13415437678909
            ],
            [
              -5.1492125684108405,
              50.13444614685544
            ],
            [
              -5.14541906074765,
              50.13386260672274
            ],
            [
              -5.144786809470451,
              50.13395986341152
            ],
            [
              -5.141467490265159,
              50.1359049971872
            ],
            [
              -5.139886862072163,
              50.135807740498414
            ],
            [
              -5.137357856963369,
              50.136294023942334
            ],
            [
              -5.134512726215976,
              50.134348890166656
            ],
            [
              -5.12866440190189,
              50.13366809334517
            ],
            [
              -5.124238642961501,
              50.13668305069747
            ],
            [
              -5.121867700672007,
              50.13678030738625
            ],
            [
              -5.120919323756208,
              50.13726659083017
            ],
            [
              -5.119654821201812,
              50.13765561758531
            ],
            [
              -5.116809690454419,
              50.13454340354422
            ],
            [
              -5.115387125080722,
              50.134640660233
            ],
            [
              -5.1144387481649245,
              50.1334735799676
            ],
            [
              -5.115545187900022,
              50.13191747294706
            ],
            [
              -5.115545187900022,
              50.13143118950314
            ],
            [
              -5.113490371249126,
              50.13055587930408
            ],
            [
              -5.1114355545982315,
              50.13084764937044
            ],
            [
              -5.1100129892245345,
              50.130750392681655
            ],
            [
              -5.104796916187647,
              50.12715189519665
            ],
            [
              -5.102584036717452,
              50.1262765849976
            ],
            [
              -5.101003408524456,
              50.12472047797705
            ],
            [
              -5.09958084315076,
              50.12335888433408
            ],
            [
              -5.098316340596363,
              50.12335888433408
            ],
            [
              -5.094364770113873,
              50.124525964599485
            ]
          ]
        ]
      },
      "properties": {
        "slot_id": "gas_emissions_6",
        "lineage_id": "LOCAL-NEW-92271296-1318-4c0c-a293-d0d4ebc2d06b",
        "page_generation": 1,
        "semantic_mode": "AREA_JOIN",
        "partition": {
          "start": 76904,
          "end": 92283,
          "count": 15380
        },
        "evidence_scope": "coverage_area",
        "coverage_area_id": "E01018879",
        "coverage_area_name": "Cornwall 066A",
        "coverage_area_identifier_scheme": "ONS_GSS_LSOA11",
        "parent_area_id": "E06000052",
        "parent_area_name": "Cornwall",
        "boundary_vintage": "LSOA 2011",
        "source_area_record": true,
        "accepted_parcel_record": false,
        "spatial_binding_method": "OFFICIAL_POLYGON_AND_EXACT_IDENTIFIER",
        "source_window_record_index": 28,
        "source_url": "https://raw.githubusercontent.com/ONSdigital/cdn.ons.gov.uk-assets/130bb351004270950dd4a434e27d80b588e7d0af/assets/topojson/lsoa_by_lad/topo_E06000052.json",
        "final_url": "https://raw.githubusercontent.com/ONSdigital/cdn.ons.gov.uk-assets/130bb351004270950dd4a434e27d80b588e7d0af/assets/topojson/lsoa_by_lad/topo_E06000052.json",
        "source_access_utc": "2026-10-02T10:40:00Z",
        "source_blob_sha": "5122ed59a03427c9913f20d0db5b9b203e7be41c",
        "source_file_sha256": "e313e88941def9339fe827e65196b707403d8baf6817be8b1b5216998e358b21",
        "field_evidence": {
          "LSOA11CD": "E01018879",
          "LSOA11NM": "Cornwall 066A",
          "geometry_type": "Polygon",
          "parent_LAD": "E06000052"
        },
        "evidence_slice_sha256": "606b185a329cc278749b8e4e7c09a93c92456e2701ffec3f41d8a081ce64adc8",
        "confidence_score_0_100": 96,
        "evidence_grade": "A",
        "licence": "Open Government Licence v3.0",
        "licence_evidence_url": "https://www.ons.gov.uk/methodology/geography/licences",
        "fake_data": false,
        "local_spatial_join_status": "DEFERRED_TO_LOCAL_OPENCODE"
      }
    },
    {
      "type": "Feature",
      "id": "E01018880",
      "geometry": {
        "type": "Polygon",
        "coordinates": [
          [
            [
              -5.151583510700335,
              50.13318180990125
            ],
            [
              -5.153480264531931,
              50.12938879903868
            ],
            [
              -5.154902829905627,
              50.12851348883962
            ],
            [
              -5.154586704267028,
              50.12695738181908
            ],
            [
              -5.158064086291619,
              50.123456141022864
            ],
            [
              -5.160435028581113,
              50.123553397711646
            ],
            [
              -5.162647908051309,
              50.12228906075746
            ],
            [
              -5.165334975979402,
              50.12131649386962
            ],
            [
              -5.1661252900759,
              50.12034392698178
            ],
            [
              -5.166599478533799,
              50.119274103405154
            ],
            [
              -5.165334975979402,
              50.11917684671637
            ],
            [
              -5.1659672272566,
              50.11820427982853
            ],
            [
              -5.163754347786406,
              50.11616188936407
            ],
            [
              -5.160909217039013,
              50.116745429496774
            ],
            [
              -5.160276965761814,
              50.115383835853805
            ],
            [
              -5.159170526026717,
              50.11450852565475
            ],
            [
              -5.15774796065302,
              50.116259146052855
            ],
            [
              -5.157431835014421,
              50.115870119297725
            ],
            [
              -5.155693144002125,
              50.11655091611921
            ],
            [
              -5.153480264531931,
              50.118885076650024
            ],
            [
              -5.150951259423136,
              50.118398793206104
            ],
            [
              -5.147790003037144,
              50.11713445625191
            ],
            [
              -5.145893249205549,
              50.11431401227718
            ],
            [
              -5.15363832735123,
              50.11188259505758
            ],
            [
              -5.154112515809128,
              50.10974294790434
            ],
            [
              -5.1553770183635255,
              50.107603300751094
            ],
            [
              -5.150160945326638,
              50.10546365359785
            ],
            [
              -5.146051312024849,
              50.1033240064446
            ],
            [
              -5.145735186386249,
              50.10439383002122
            ],
            [
              -5.146841626121346,
              50.1063389637969
            ],
            [
              -5.146525500482747,
              50.107603300751094
            ],
            [
              -5.14510293510905,
              50.10770055743988
            ],
            [
              -5.143996495373953,
              50.10838135426136
            ],
            [
              -5.142890055638856,
              50.10731153068474
            ],
            [
              -5.143048118458156,
              50.10682524724082
            ],
            [
              -5.141941678723058,
              50.10672799055204
            ],
            [
              -5.141783615903758,
              50.10624170710812
            ],
            [
              -5.142890055638856,
              50.10624170710812
            ],
            [
              -5.1432061812774545,
              50.10701976061839
            ],
            [
              -5.14494487228975,
              50.10721427399596
            ],
            [
              -5.144154558193253,
              50.10701976061839
            ],
            [
              -5.143048118458156,
              50.1057554236642
            ],
            [
              -5.141467490265159,
              50.10536639690906
            ],
            [
              -5.141467490265159,
              50.10429657333244
            ],
            [
              -5.14099330180726,
              50.10322674975582
            ],
            [
              -5.141625553084459,
              50.102934979689465
            ],
            [
              -5.140835238987961,
              50.1027404663119
            ],
            [
              -5.140677176168661,
              50.102448696245546
            ],
            [
              -5.143364244096754,
              50.09904471213812
            ],
            [
              -5.14541906074765,
              50.09797488856149
            ],
            [
              -5.147473877398545,
              50.097877631872706
            ],
            [
              -5.149844819688039,
              50.09894745544933
            ],
            [
              -5.151741573519635,
              50.0991419688269
            ],
            [
              -5.1537963901705295,
              50.098363915316625
            ],
            [
              -5.154270578628428,
              50.09778037518392
            ],
            [
              -5.155851206821424,
              50.09700232167365
            ],
            [
              -5.158854400388117,
              50.09661329491852
            ],
            [
              -5.163122096509207,
              50.096807808296084
            ],
            [
              -5.164386599063604,
              50.09778037518392
            ],
            [
              -5.164386599063604,
              50.10001727902595
            ],
            [
              -5.163280159328506,
              50.10079533253622
            ],
            [
              -5.163122096509207,
              50.101962412801626
            ],
            [
              -5.161225342677612,
              50.10371303319974
            ],
            [
              -5.161383405496911,
              50.10497737015393
            ],
            [
              -5.159170526026717,
              50.108186840883796
            ],
            [
              -5.159644714484616,
              50.10945117783799
            ],
            [
              -5.163122096509207,
              50.11256339187907
            ],
            [
              -5.163596284967106,
              50.112757905256636
            ],
            [
              -5.165018850340802,
              50.11256339187907
            ],
            [
              -5.1658091644373005,
              50.1123688785015
            ],
            [
              -5.164070473425005,
              50.11207710843515
            ],
            [
              -5.16154146831621,
              50.10945117783799
            ],
            [
              -5.161383405496911,
              50.108673124327716
            ],
            [
              -5.16185759395481,
              50.10799232750623
            ],
            [
              -5.16154146831621,
              50.107603300751094
            ],
            [
              -5.162489845232009,
              50.10672799055204
            ],
            [
              -5.1628059708706076,
              50.10400480326609
            ],
            [
              -5.164228536244305,
              50.10322674975582
            ],
            [
              -5.164702724702203,
              50.102545952934335
            ],
            [
              -5.1661252900759,
              50.10264320962312
            ],
            [
              -5.169128483642592,
              50.10565816697542
            ],
            [
              -5.170076860558391,
              50.1057554236642
            ],
            [
              -5.169128483642592,
              50.103907546577304
            ],
            [
              -5.167863981088195,
              50.102448696245546
            ],
            [
              -5.165018850340802,
              50.10147612935771
            ],
            [
              -5.166441415714499,
              50.10021179240352
            ],
            [
              -5.169286546461892,
              50.09982276564838
            ],
            [
              -5.166441415714499,
              50.099336482204464
            ],
            [
              -5.166441415714499,
              50.097391348428786
            ],
            [
              -5.167231729810997,
              50.096807808296084
            ],
            [
              -5.167073666991698,
              50.09661329491852
            ],
            [
              -5.1661252900759,
              50.09641878154095
            ],
            [
              -5.164070473425005,
              50.09515444458676
            ],
            [
              -5.159012463207417,
              50.094765417831624
            ],
            [
              -5.1583802119302185,
              50.094279134387705
            ],
            [
              -5.159170526026717,
              50.093792850943785
            ],
            [
              -5.159486651665316,
              50.093695594255
            ],
            [
              -5.16169953113551,
              50.09389010763257
            ],
            [
              -5.165651101618001,
              50.09350108087743
            ],
            [
              -5.171341363112787,
              50.091750460479325
            ],
            [
              -5.172921991305784,
              50.09097240696905
            ],
            [
              -5.173712305402281,
              50.09097240696905
            ],
            [
              -5.17466068231808,
              50.09213948723446
            ],
            [
              -5.17418649386018,
              50.09048612352513
            ],
            [
              -5.17466068231808,
              50.09029161014757
            ],
            [
              -5.175767122053177,
              50.090777893591486
            ],
            [
              -5.17829612716197,
              50.09087515028027
            ],
            [
              -5.181299320728663,
              50.08990258339243
            ],
            [
              -5.1839863886567565,
              50.08951355663729
            ],
            [
              -5.184618639933955,
              50.08980532670365
            ],
            [
              -5.184776702753255,
              50.09097240696905
            ],
            [
              -5.1855670168497525,
              50.08990258339243
            ],
            [
              -5.1869895822234495,
              50.08951355663729
            ],
            [
              -5.190466964248041,
              50.08999984008121
            ],
            [
              -5.192047592441037,
              50.090583380213914
            ],
            [
              -5.195999162923528,
              50.08980532670365
            ],
            [
              -5.197263665477925,
              50.08999984008121
            ],
            [
              -5.199476544948119,
              50.09194497385689
            ],
            [
              -5.199002356490221,
              50.09398736432135
            ],
            [
              -5.19916041930952,
              50.09389010763257
            ],
            [
              -5.200741047502516,
              50.09184771716811
            ],
            [
              -5.20342811543061,
              50.09155594710175
            ],
            [
              -5.206747434635902,
              50.09544621465311
            ],
            [
              -5.2076958115517,
              50.09622426816338
            ],
            [
              -5.208328062828898,
              50.096321524852165
            ],
            [
              -5.207063560274501,
              50.09466816114284
            ],
            [
              -5.2075377487324,
              50.09437639107649
            ],
            [
              -5.208486125648198,
              50.09466816114284
            ],
            [
              -5.2095925653832955,
              50.09447364776527
            ],
            [
              -5.211015130756992,
              50.09418187769892
            ],
            [
              -5.211015130756992,
              50.09389010763257
            ],
            [
              -5.208960314106097,
              50.093695594255
            ],
            [
              -5.206115183358704,
              50.09291754074473
            ],
            [
              -5.204060366707808,
              50.09087515028027
            ],
            [
              -5.202795864153412,
              50.090777893591486
            ],
            [
              -5.203902303888508,
              50.090194353458784
            ],
            [
              -5.206905497455201,
              50.090194353458784
            ],
            [
              -5.208486125648198,
              50.088540989749454
            ],
            [
              -5.209908691021894,
              50.08776293623919
            ],
            [
              -5.210382879479793,
              50.086693112662566
            ],
            [
              -5.21180544485349,
              50.086206829218646
            ],
            [
              -5.21180544485349,
              50.085526032397155
            ],
            [
              -5.216073140974579,
              50.08533151901959
            ],
            [
              -5.217179580709677,
              50.085526032397155
            ],
            [
              -5.219866648637771,
              50.08474797888689
            ],
            [
              -5.220973088372868,
              50.085039748953236
            ],
            [
              -5.22445047039746,
              50.08484523557567
            ],
            [
              -5.2263472242290545,
              50.08533151901959
            ],
            [
              -5.227453663964152,
              50.084553465509316
            ],
            [
              -5.232985862639639,
              50.08435895213175
            ],
            [
              -5.237253558760728,
              50.08367815531026
            ],
            [
              -5.239308375411624,
              50.08902727319337
            ],
            [
              -5.238992249773024,
              50.08999984008121
            ],
            [
              -5.23677937030283,
              50.09165320379054
            ],
            [
              -5.236463244664231,
              50.09252851398959
            ],
            [
              -5.239624501050223,
              50.09573798471946
            ],
            [
              -5.24120512924322,
              50.09564072803068
            ],
            [
              -5.242311568978316,
              50.09758586180636
            ],
            [
              -5.241995443339717,
              50.098850198760545
            ],
            [
              -5.242311568978316,
              50.09943373889325
            ],
            [
              -5.243259945894114,
              50.10021179240352
            ],
            [
              -5.246105076641507,
              50.103518519822174
            ],
            [
              -5.243734134352013,
              50.10653347717447
            ],
            [
              -5.244050259990612,
              50.108089584195014
            ],
            [
              -5.243734134352013,
              50.10906215108285
            ],
            [
              -5.244208322809912,
              50.10945117783799
            ],
            [
              -5.239940626688822,
              50.11149356830245
            ],
            [
              -5.238676124134425,
              50.1117853383688
            ],
            [
              -5.235830993387032,
              50.11353595876691
            ],
            [
              -5.234092302374736,
              50.115383835853805
            ],
            [
              -5.234250365194036,
              50.117815253073395
            ],
            [
              -5.233776176736137,
              50.118982333338806
            ],
            [
              -5.235198742109834,
              50.12034392698178
            ],
            [
              -5.2323536113624405,
              50.119468616782726
            ],
            [
              -5.230298794711546,
              50.11985764353786
            ],
            [
              -5.229824606253646,
              50.11976038684907
            ],
            [
              -5.229192354976448,
              50.11956587347151
            ],
            [
              -5.227295601144853,
              50.12005215691543
            ],
            [
              -5.2263472242290545,
              50.11956587347151
            ],
            [
              -5.2231859678430625,
              50.118982333338806
            ],
            [
              -5.222553716565864,
              50.12024667029299
            ],
            [
              -5.216073140974579,
              50.12024667029299
            ],
            [
              -5.214808638420182,
              50.11956587347151
            ],
            [
              -5.213544135865786,
              50.11976038684907
            ],
            [
              -5.212595758949988,
              50.120441183670565
            ],
            [
              -5.212437696130689,
              50.12228906075746
            ],
            [
              -5.21148931921489,
              50.123553397711646
            ],
            [
              -5.211331256395591,
              50.128124462084486
            ],
            [
              -5.208486125648198,
              50.12997233917138
            ],
            [
              -5.2081700000095985,
              50.13055587930408
            ],
            [
              -5.208486125648198,
              50.13240375639098
            ],
            [
              -5.209276439744696,
              50.13357083665638
            ],
            [
              -5.209908691021894,
              50.13386260672274
            ],
            [
              -5.21164738203419,
              50.13395986341152
            ],
            [
              -5.213069947407886,
              50.13522420036571
            ],
            [
              -5.213702198685085,
              50.13775287427409
            ],
            [
              -5.212279633311389,
              50.13930898129463
            ],
            [
              -5.21164738203419,
              50.14076783162639
            ],
            [
              -5.209118376925396,
              50.1425184520245
            ],
            [
              -5.208328062828898,
              50.1455334093768
            ],
            [
              -5.206747434635902,
              50.14582517944315
            ],
            [
              -5.202953926972711,
              50.147089516397344
            ],
            [
              -5.201531361599015,
              50.14806208328518
            ],
            [
              -5.197263665477925,
              50.14990996037207
            ],
            [
              -5.196315288562127,
              50.15000721706086
            ],
            [
              -5.1945765975498315,
              50.149715446994506
            ],
            [
              -5.192363718079637,
              50.150688013882345
            ],
            [
              -5.191415341163839,
              50.15010447374964
            ],
            [
              -5.190625027067341,
              50.14884013679545
            ],
            [
              -5.188728273235745,
              50.147673056530046
            ],
            [
              -5.186199268126951,
              50.148645623417885
            ],
            [
              -5.1854089540304535,
              50.14903465017302
            ],
            [
              -5.185250891211154,
              50.15000721706086
            ],
            [
              -5.183512200198858,
              50.15000721706086
            ],
            [
              -5.182879948921659,
              50.151174297326264
            ],
            [
              -5.183196074560259,
              50.15292491772437
            ],
            [
              -5.17829612716197,
              50.15496730818884
            ],
            [
              -5.180192880993566,
              50.15963562925046
            ],
            [
              -5.180667069451465,
              50.1617752764037
            ],
            [
              -5.180509006632165,
              50.16265058660276
            ],
            [
              -5.178928378439169,
              50.16216430315884
            ],
            [
              -5.177663875884772,
              50.161191736271
            ],
            [
              -5.173080054125083,
              50.15545359163276
            ],
            [
              -5.171341363112787,
              50.1545782814337
            ],
            [
              -5.171025237474188,
              50.15282766103559
            ],
            [
              -5.167705918268896,
              50.15010447374964
            ],
            [
              -5.164070473425005,
              50.143977302356255
            ],
            [
              -5.162647908051309,
              50.14339376222355
            ],
            [
              -5.159486651665316,
              50.14047606156004
            ],
            [
              -5.160276965761814,
              50.139406237983415
            ],
            [
              -5.159486651665316,
              50.13658579400868
            ],
            [
              -5.158222149110919,
              50.135321457054495
            ],
            [
              -5.156483458098623,
              50.13444614685544
            ],
            [
              -5.153322201712631,
              50.13395986341152
            ],
            [
              -5.153006076074031,
              50.131820216258276
            ],
            [
              -5.152531887616132,
              50.13259826976854
            ],
            [
              -5.151583510700335,
              50.13318180990125
            ]
          ]
        ]
      },
      "properties": {
        "slot_id": "gas_emissions_6",
        "lineage_id": "LOCAL-NEW-92271296-1318-4c0c-a293-d0d4ebc2d06b",
        "page_generation": 1,
        "semantic_mode": "AREA_JOIN",
        "partition": {
          "start": 76904,
          "end": 92283,
          "count": 15380
        },
        "evidence_scope": "coverage_area",
        "coverage_area_id": "E01018880",
        "coverage_area_name": "Cornwall 066B",
        "coverage_area_identifier_scheme": "ONS_GSS_LSOA11",
        "parent_area_id": "E06000052",
        "parent_area_name": "Cornwall",
        "boundary_vintage": "LSOA 2011",
        "source_area_record": true,
        "accepted_parcel_record": false,
        "spatial_binding_method": "OFFICIAL_POLYGON_AND_EXACT_IDENTIFIER",
        "source_window_record_index": 29,
        "source_url": "https://raw.githubusercontent.com/ONSdigital/cdn.ons.gov.uk-assets/130bb351004270950dd4a434e27d80b588e7d0af/assets/topojson/lsoa_by_lad/topo_E06000052.json",
        "final_url": "https://raw.githubusercontent.com/ONSdigital/cdn.ons.gov.uk-assets/130bb351004270950dd4a434e27d80b588e7d0af/assets/topojson/lsoa_by_lad/topo_E06000052.json",
        "source_access_utc": "2026-10-02T10:40:00Z",
        "source_blob_sha": "5122ed59a03427c9913f20d0db5b9b203e7be41c",
        "source_file_sha256": "e313e88941def9339fe827e65196b707403d8baf6817be8b1b5216998e358b21",
        "field_evidence": {
          "LSOA11CD": "E01018880",
          "LSOA11NM": "Cornwall 066B",
          "geometry_type": "Polygon",
          "parent_LAD": "E06000052"
        },
        "evidence_slice_sha256": "606b185a329cc278749b8e4e7c09a93c92456e2701ffec3f41d8a081ce64adc8",
        "confidence_score_0_100": 96,
        "evidence_grade": "A",
        "licence": "Open Government Licence v3.0",
        "licence_evidence_url": "https://www.ons.gov.uk/methodology/geography/licences",
        "fake_data": false,
        "local_spatial_join_status": "DEFERRED_TO_LOCAL_OPENCODE"
      }
    },
    {
      "type": "Feature",
      "id": "E01018881",
      "geometry": {
        "type": "Polygon",
        "coordinates": [
          [
            [
              -5.231089108808043,
              49.97504243393869
            ],
            [
              -5.231247171627343,
              49.97659854095923
            ],
            [
              -5.230298794711546,
              49.97747385115829
            ],
            [
              -5.227927852422051,
              49.97815464797977
            ],
            [
              -5.227611726783452,
              49.97883544480126
            ],
            [
              -5.226031098590456,
              49.980002525066666
            ],
            [
              -5.225714972951856,
              49.98155863208721
            ],
            [
              -5.224608533216759,
              49.98233668559748
            ],
            [
              -5.223027905023763,
              49.98214217221991
            ],
            [
              -5.221921465288665,
              49.98369827924045
            ],
            [
              -5.218918271721972,
              49.984573589439506
            ],
            [
              -5.219234397360572,
              49.98622695314883
            ],
            [
              -5.22002471145707,
              49.98729677672546
            ],
            [
              -5.221447276830767,
              49.988561113679644
            ],
            [
              -5.223344030662362,
              49.98933916718992
            ],
            [
              -5.223344030662362,
              49.98982545063384
            ],
            [
              -5.223818219120261,
              49.990214477388975
            ],
            [
              -5.225398847313257,
              49.99070076083289
            ],
            [
              -5.226031098590456,
              49.99138155765438
            ],
            [
              -5.226031098590456,
              49.9966334188487
            ],
            [
              -5.22397628193956,
              49.999842889578574
            ],
            [
              -5.224924658855358,
              50.00324687368601
            ],
            [
              -5.217179580709677,
              50.00353864375236
            ],
            [
              -5.220815025553568,
              50.010638382033584
            ],
            [
              -5.219076334541272,
              50.012778029186826
            ],
            [
              -5.216389266613179,
              50.0135560826971
            ],
            [
              -5.215124764058782,
              50.0177381203148
            ],
            [
              -5.215440889697381,
              50.018807943891424
            ],
            [
              -5.214966701239482,
              50.02114210442224
            ],
            [
              -5.214808638420182,
              50.02211467131008
            ],
            [
              -5.213702198685085,
              50.02415706177454
            ],
            [
              -5.211015130756992,
              50.02668573568292
            ],
            [
              -5.204534555165707,
              50.030673259923056
            ],
            [
              -5.2051668064429055,
              50.03077051661184
            ],
            [
              -5.195841100104229,
              50.03592512111739
            ],
            [
              -5.1884121475971465,
              50.04107972562293
            ],
            [
              -5.17845418998127,
              50.04642884350604
            ],
            [
              -5.17829612716197,
              50.046623356883615
            ],
            [
              -5.177189687426873,
              50.048082207215366
            ],
            [
              -5.175925184872476,
              50.04740141039388
            ],
            [
              -5.172605865667184,
              50.04107972562293
            ],
            [
              -5.167073666991698,
              50.035341580984685
            ],
            [
              -5.171025237474188,
              50.031159543366975
            ],
            [
              -5.169286546461892,
              50.02872812614738
            ],
            [
              -5.1688123580039935,
              50.02688024906049
            ],
            [
              -5.159170526026717,
              50.02328175157548
            ],
            [
              -5.1567995837372225,
              50.01851617382508
            ],
            [
              -5.156483458098623,
              50.01618201329426
            ],
            [
              -5.155851206821424,
              50.01550121647278
            ],
            [
              -5.156167332460024,
              50.01394510945223
            ],
            [
              -5.156483458098623,
              50.0129725425644
            ],
            [
              -5.158064086291619,
              50.01199997567656
            ],
            [
              -5.158538274749518,
              50.01102740878872
            ],
            [
              -5.15758989783372,
              50.009665815145745
            ],
            [
              -5.15758989783372,
              50.008693248257906
            ],
            [
              -5.156641520917923,
              50.007623424681285
            ],
            [
              -5.158222149110919,
              50.00703988454858
            ],
            [
              -5.159486651665316,
              50.006164574349526
            ],
            [
              -5.160751154219713,
              50.006067317660744
            ],
            [
              -5.161225342677612,
              50.00626183103831
            ],
            [
              -5.162647908051309,
              50.005970060971954
            ],
            [
              -5.163596284967106,
              50.004997494084115
            ],
            [
              -5.164228536244305,
              50.004997494084115
            ],
            [
              -5.166441415714499,
              50.00383041381871
            ],
            [
              -5.166599478533799,
              50.00324687368601
            ],
            [
              -5.1673897926302965,
              50.00276059024209
            ],
            [
              -5.167231729810997,
              50.00217705010939
            ],
            [
              -5.168022043907495,
              50.001982536731816
            ],
            [
              -5.1689704208232925,
              50.00032917302249
            ],
            [
              -5.169444609281192,
              49.999356606134654
            ],
            [
              -5.169128483642592,
              49.99916209275709
            ],
            [
              -5.169602672100491,
              49.99896757937952
            ],
            [
              -5.169602672100491,
              49.99867580931317
            ],
            [
              -5.171341363112787,
              49.998384039246815
            ],
            [
              -5.171183300293488,
              49.99809226918046
            ],
            [
              -5.1718155515706865,
              49.99721695898141
            ],
            [
              -5.1718155515706865,
              49.996049878716
            ],
            [
              -5.1718155515706865,
              49.995369081894516
            ],
            [
              -5.171183300293488,
              49.99459102838424
            ],
            [
              -5.171341363112787,
              49.99371571818519
            ],
            [
              -5.170709111835588,
              49.992451381231
            ],
            [
              -5.171025237474188,
              49.99196509778708
            ],
            [
              -5.170076860558391,
              49.991770584409515
            ],
            [
              -5.170867174654888,
              49.99157607103194
            ],
            [
              -5.17023492337769,
              49.99138155765438
            ],
            [
              -5.17023492337769,
              49.991089787588024
            ],
            [
              -5.171025237474188,
              49.990798017521676
            ],
            [
              -5.1718155515706865,
              49.991089787588024
            ],
            [
              -5.172447802847884,
              49.99089527421046
            ],
            [
              -5.172763928486484,
              49.989047397123564
            ],
            [
              -5.173554242582982,
              49.98895014043478
            ],
            [
              -5.173554242582982,
              49.988561113679644
            ],
            [
              -5.17450261949878,
              49.98865837036843
            ],
            [
              -5.17466068231808,
              49.98788031685816
            ],
            [
              -5.175609059233877,
              49.9882693436133
            ],
            [
              -5.175134870775978,
              49.98739403341424
            ],
            [
              -5.175609059233877,
              49.98797757354694
            ],
            [
              -5.176399373330375,
              49.98729677672546
            ],
            [
              -5.177663875884772,
              49.98671323659275
            ],
            [
              -5.178770315619869,
              49.98739403341424
            ],
            [
              -5.179402566897068,
              49.9870050066591
            ],
            [
              -5.17861225280057,
              49.9864214665264
            ],
            [
              -5.179560629716367,
              49.98690774997032
            ],
            [
              -5.180034818174266,
              49.98671323659275
            ],
            [
              -5.180034818174266,
              49.98622695314883
            ],
            [
              -5.178928378439169,
              49.98525438626099
            ],
            [
              -5.179402566897068,
              49.98467084612829
            ],
            [
              -5.180350943812866,
              49.98467084612829
            ],
            [
              -5.179718692535667,
              49.98428181937316
            ],
            [
              -5.180034818174266,
              49.982433942286264
            ],
            [
              -5.180350943812866,
              49.982433942286264
            ],
            [
              -5.180667069451465,
              49.981461375398425
            ],
            [
              -5.180983195090064,
              49.98126686202085
            ],
            [
              -5.181299320728663,
              49.98155863208721
            ],
            [
              -5.181931572005862,
              49.98058606519937
            ],
            [
              -5.183196074560259,
              49.980488808510586
            ],
            [
              -5.1839863886567565,
              49.98087783526572
            ],
            [
              -5.184618639933955,
              49.98058606519937
            ],
            [
              -5.184618639933955,
              49.9803915518218
            ],
            [
              -5.185250891211154,
              49.980294295133014
            ],
            [
              -5.184776702753255,
              49.980002525066666
            ],
            [
              -5.186199268126951,
              49.979321728245175
            ],
            [
              -5.1855670168497525,
              49.97912721486761
            ],
            [
              -5.185883142488352,
              49.978932701490045
            ],
            [
              -5.1855670168497525,
              49.978446418046126
            ],
            [
              -5.184934765572555,
              49.978251904668554
            ],
            [
              -5.1854089540304535,
              49.97815464797977
            ],
            [
              -5.185250891211154,
              49.977862877913424
            ],
            [
              -5.185883142488352,
              49.97757110784707
            ],
            [
              -5.185883142488352,
              49.97669579764801
            ],
            [
              -5.1854089540304535,
              49.976404027581665
            ],
            [
              -5.186041205307652,
              49.97601500082653
            ],
            [
              -5.186199268126951,
              49.97533420400504
            ],
            [
              -5.187147645042749,
              49.974750663872335
            ],
            [
              -5.187147645042749,
              49.9743616371172
            ],
            [
              -5.188728273235745,
              49.97387535367328
            ],
            [
              -5.188728273235745,
              49.97348632691815
            ],
            [
              -5.188096021958547,
              49.973194556851794
            ],
            [
              -5.188254084777847,
              49.97212473327517
            ],
            [
              -5.187305707862048,
              49.97144393645369
            ],
            [
              -5.188254084777847,
              49.97144393645369
            ],
            [
              -5.187463770681348,
              49.97086039632098
            ],
            [
              -5.1869895822234495,
              49.96940154598922
            ],
            [
              -5.185250891211154,
              49.96949880267801
            ],
            [
              -5.184618639933955,
              49.969109775922874
            ],
            [
              -5.184618639933955,
              49.96881800585652
            ],
            [
              -5.185250891211154,
              49.96881800585652
            ],
            [
              -5.184776702753255,
              49.96794269565746
            ],
            [
              -5.184460577114656,
              49.967650925591116
            ],
            [
              -5.183828325837458,
              49.9677481822799
            ],
            [
              -5.183196074560259,
              49.967067385458414
            ],
            [
              -5.183828325837458,
              49.967164642147196
            ],
            [
              -5.183828325837458,
              49.96687287208084
            ],
            [
              -5.184460577114656,
              49.96687287208084
            ],
            [
              -5.1839863886567565,
              49.96648384532571
            ],
            [
              -5.184460577114656,
              49.96599756188179
            ],
            [
              -5.1855670168497525,
              49.96599756188179
            ],
            [
              -5.186041205307652,
              49.9653167650603
            ],
            [
              -5.186515393765551,
              49.96521950837152
            ],
            [
              -5.185250891211154,
              49.963955171417325
            ],
            [
              -5.1855670168497525,
              49.963079861218276
            ],
            [
              -5.188728273235745,
              49.962399064396784
            ],
            [
              -5.1899927757901425,
              49.96317711790706
            ],
            [
              -5.189676650151543,
              49.96210729433044
            ],
            [
              -5.190150838609442,
              49.9617182675753
            ],
            [
              -5.19125727834454,
              49.9617182675753
            ],
            [
              -5.192205655260337,
              49.96249632108557
            ],
            [
              -5.192837906537536,
              49.962593577774356
            ],
            [
              -5.192679843718236,
              49.962982604529486
            ],
            [
              -5.193628220634034,
              49.962982604529486
            ],
            [
              -5.194260471911232,
              49.963566144662195
            ],
            [
              -5.1947346603691305,
              49.96337163128462
            ],
            [
              -5.196947539839326,
              49.963955171417325
            ],
            [
              -5.1975797911165245,
              49.96366340135098
            ],
            [
              -5.196947539839326,
              49.962885347840704
            ],
            [
              -5.198212042393722,
              49.96278809115192
            ],
            [
              -5.198053979574423,
              49.962399064396784
            ],
            [
              -5.198528168032322,
              49.962593577774356
            ],
            [
              -5.198844293670921,
              49.96220455101922
            ],
            [
              -5.19931848212882,
              49.96249632108557
            ],
            [
              -5.19916041930952,
              49.96181552426408
            ],
            [
              -5.199950733406018,
              49.961426497508945
            ],
            [
              -5.19931848212882,
              49.961037470753816
            ],
            [
              -5.200108796225318,
              49.960842957376244
            ],
            [
              -5.199476544948119,
              49.96064844399868
            ],
            [
              -5.199792670586719,
              49.96025941724354
            ],
            [
              -5.199002356490221,
              49.95977313379962
            ],
            [
              -5.198686230851622,
              49.95899508028935
            ],
            [
              -5.19931848212882,
              49.9592868503557
            ],
            [
              -5.199634607767419,
              49.95899508028935
            ],
            [
              -5.200108796225318,
              49.959384107044485
            ],
            [
              -5.201689424418314,
              49.9592868503557
            ],
            [
              -5.202479738514812,
              49.95880056691178
            ],
            [
              -5.203111989792011,
              49.95918959366692
            ],
            [
              -5.205640994900804,
              49.95948136373327
            ],
            [
              -5.205482932081505,
              49.958897823600566
            ],
            [
              -5.206431308997303,
              49.95880056691178
            ],
            [
              -5.2076958115517,
              49.95977313379962
            ],
            [
              -5.208802251286797,
              49.95948136373327
            ],
            [
              -5.208960314106097,
              49.95967587711084
            ],
            [
              -5.210224816660494,
              49.95977313379962
            ],
            [
              -5.210066753841194,
              49.95996764717719
            ],
            [
              -5.212911884588587,
              49.9592868503557
            ],
            [
              -5.215598952516681,
              49.95957862042206
            ],
            [
              -5.216073140974579,
              49.959870390488405
            ],
            [
              -5.215440889697381,
              49.960356673932324
            ],
            [
              -5.216389266613179,
              49.962593577774356
            ],
            [
              -5.216073140974579,
              49.96327437459584
            ],
            [
              -5.216547329432478,
              49.96317711790706
            ],
            [
              -5.216705392251778,
              49.963468887973406
            ],
            [
              -5.21591507815528,
              49.9647332249276
            ],
            [
              -5.215124764058782,
              49.965024994993954
            ],
            [
              -5.216547329432478,
              49.96521950837152
            ],
            [
              -5.216073140974579,
              49.96638658863692
            ],
            [
              -5.216547329432478,
              49.966581102014494
            ],
            [
              -5.21591507815528,
              49.96677561539206
            ],
            [
              -5.216389266613179,
              49.967456412213544
            ],
            [
              -5.21591507815528,
              49.96794269565746
            ],
            [
              -5.216705392251778,
              49.96784543896868
            ],
            [
              -5.217653769167576,
              49.96803995234625
            ],
            [
              -5.217179580709677,
              49.969207032611656
            ],
            [
              -5.217811831986875,
              49.96930428930044
            ],
            [
              -5.2187602089026734,
              49.97095765300977
            ],
            [
              -5.220340837095669,
              49.97183296320882
            ],
            [
              -5.221921465288665,
              49.972221989963955
            ],
            [
              -5.225556910132557,
              49.97241650334153
            ],
            [
              -5.226031098590456,
              49.97309730016301
            ],
            [
              -5.227137538325553,
              49.97338907022936
            ],
            [
              -5.227453663964152,
              49.97416712373963
            ],
            [
              -5.227927852422051,
              49.97416712373963
            ],
            [
              -5.22840204087995,
              49.973680840295714
            ],
            [
              -5.230140731892246,
              49.97533420400504
            ],
            [
              -5.231089108808043,
              49.97504243393869
            ]
          ]
        ]
      },
      "properties": {
        "slot_id": "gas_emissions_6",
        "lineage_id": "LOCAL-NEW-92271296-1318-4c0c-a293-d0d4ebc2d06b",
        "page_generation": 1,
        "semantic_mode": "AREA_JOIN",
        "partition": {
          "start": 76904,
          "end": 92283,
          "count": 15380
        },
        "evidence_scope": "coverage_area",
        "coverage_area_id": "E01018881",
        "coverage_area_name": "Cornwall 073A",
        "coverage_area_identifier_scheme": "ONS_GSS_LSOA11",
        "parent_area_id": "E06000052",
        "parent_area_name": "Cornwall",
        "boundary_vintage": "LSOA 2011",
        "source_area_record": true,
        "accepted_parcel_record": false,
        "spatial_binding_method": "OFFICIAL_POLYGON_AND_EXACT_IDENTIFIER",
        "source_window_record_index": 30,
        "source_url": "https://raw.githubusercontent.com/ONSdigital/cdn.ons.gov.uk-assets/130bb351004270950dd4a434e27d80b588e7d0af/assets/topojson/lsoa_by_lad/topo_E06000052.json",
        "final_url": "https://raw.githubusercontent.com/ONSdigital/cdn.ons.gov.uk-assets/130bb351004270950dd4a434e27d80b588e7d0af/assets/topojson/lsoa_by_lad/topo_E06000052.json",
        "source_access_utc": "2026-10-02T10:40:00Z",
        "source_blob_sha": "5122ed59a03427c9913f20d0db5b9b203e7be41c",
        "source_file_sha256": "e313e88941def9339fe827e65196b707403d8baf6817be8b1b5216998e358b21",
        "field_evidence": {
          "LSOA11CD": "E01018881",
          "LSOA11NM": "Cornwall 073A",
          "geometry_type": "Polygon",
          "parent_LAD": "E06000052"
        },
        "evidence_slice_sha256": "606b185a329cc278749b8e4e7c09a93c92456e2701ffec3f41d8a081ce64adc8",
        "confidence_score_0_100": 96,
        "evidence_grade": "A",
        "licence": "Open Government Licence v3.0",
        "licence_evidence_url": "https://www.ons.gov.uk/methodology/geography/licences",
        "fake_data": false,
        "local_spatial_join_status": "DEFERRED_TO_LOCAL_OPENCODE"
      }
    },
    {
      "type": "Feature",
      "id": "E01018882",
      "geometry": {
        "type": "Polygon",
        "coordinates": [
          [
            [
              -5.274556384115439,
              50.10799232750623
            ],
            [
              -5.275820886669836,
              50.107117017307175
            ],
            [
              -5.275346698211937,
              50.106144450419336
            ],
            [
              -5.2747144469347385,
              50.1063389637969
            ],
            [
              -5.27439832129614,
              50.1057554236642
            ],
            [
              -5.275030572573337,
              50.10536639690906
            ],
            [
              -5.27424025847684,
              50.1051718835315
            ],
            [
              -5.2747144469347385,
              50.10449108671001
            ],
            [
              -5.27439832129614,
              50.104102059954876
            ],
            [
              -5.275188635392637,
              50.10381028988852
            ],
            [
              -5.275978949489136,
              50.104102059954876
            ],
            [
              -5.276611200766334,
              50.103907546577304
            ],
            [
              -5.276769263585633,
              50.103421263133384
            ],
            [
              -5.276295075127734,
              50.10283772300068
            ],
            [
              -5.275662823850536,
              50.10264320962312
            ],
            [
              -5.277401514862832,
              50.102059669490416
            ],
            [
              -5.277243452043533,
              50.10167064273528
            ],
            [
              -5.27787570332073,
              50.10118435929136
            ],
            [
              -5.280404708429525,
              50.10225418286798
            ],
            [
              -5.279772457152326,
              50.10176789942406
            ],
            [
              -5.2807208340681235,
              50.10118435929136
            ],
            [
              -5.283091776357618,
              50.103615776510956
            ],
            [
              -5.285462718647112,
              50.10429657333244
            ],
            [
              -5.288940100671704,
              50.10449108671001
            ],
            [
              -5.2928916711541945,
              50.10624170710812
            ],
            [
              -5.290046540406801,
              50.10799232750623
            ],
            [
              -5.2867272212015095,
              50.1093539211492
            ],
            [
              -5.285778844285712,
              50.11091002816975
            ],
            [
              -5.2821433994418205,
              50.11042374472583
            ],
            [
              -5.282459525080419,
              50.11091002816975
            ],
            [
              -5.280404708429525,
              50.11139631161366
            ],
            [
              -5.2807208340681235,
              50.11256339187907
            ],
            [
              -5.278666017417229,
              50.113730472144475
            ],
            [
              -5.27819182895933,
              50.11343870207813
            ],
            [
              -5.276611200766334,
              50.114216755588394
            ],
            [
              -5.275346698211937,
              50.11402224221083
            ],
            [
              -5.275346698211937,
              50.11304967532299
            ],
            [
              -5.274872509754038,
              50.11256339187907
            ],
            [
              -5.275188635392637,
              50.1123688785015
            ],
            [
              -5.2747144469347385,
              50.111688081680015
            ],
            [
              -5.275030572573337,
              50.11149356830245
            ],
            [
              -5.275030572573337,
              50.11042374472583
            ],
            [
              -5.27439832129614,
              50.10984020459312
            ],
            [
              -5.275188635392637,
              50.109645691215555
            ],
            [
              -5.275188635392637,
              50.109159407771635
            ],
            [
              -5.275820886669836,
              50.109159407771635
            ],
            [
              -5.275346698211937,
              50.10906215108285
            ],
            [
              -5.275504761031237,
              50.108673124327716
            ],
            [
              -5.2747144469347385,
              50.10847861095015
            ],
            [
              -5.274556384115439,
              50.10799232750623
            ]
          ]
        ]
      },
      "properties": {
        "slot_id": "gas_emissions_6",
        "lineage_id": "LOCAL-NEW-92271296-1318-4c0c-a293-d0d4ebc2d06b",
        "page_generation": 1,
        "semantic_mode": "AREA_JOIN",
        "partition": {
          "start": 76904,
          "end": 92283,
          "count": 15380
        },
        "evidence_scope": "coverage_area",
        "coverage_area_id": "E01018882",
        "coverage_area_name": "Cornwall 071A",
        "coverage_area_identifier_scheme": "ONS_GSS_LSOA11",
        "parent_area_id": "E06000052",
        "parent_area_name": "Cornwall",
        "boundary_vintage": "LSOA 2011",
        "source_area_record": true,
        "accepted_parcel_record": false,
        "spatial_binding_method": "OFFICIAL_POLYGON_AND_EXACT_IDENTIFIER",
        "source_window_record_index": 31,
        "source_url": "https://raw.githubusercontent.com/ONSdigital/cdn.ons.gov.uk-assets/130bb351004270950dd4a434e27d80b588e7d0af/assets/topojson/lsoa_by_lad/topo_E06000052.json",
        "final_url": "https://raw.githubusercontent.com/ONSdigital/cdn.ons.gov.uk-assets/130bb351004270950dd4a434e27d80b588e7d0af/assets/topojson/lsoa_by_lad/topo_E06000052.json",
        "source_access_utc": "2026-10-02T10:40:00Z",
        "source_blob_sha": "5122ed59a03427c9913f20d0db5b9b203e7be41c",
        "source_file_sha256": "e313e88941def9339fe827e65196b707403d8baf6817be8b1b5216998e358b21",
        "field_evidence": {
          "LSOA11CD": "E01018882",
          "LSOA11NM": "Cornwall 071A",
          "geometry_type": "Polygon",
          "parent_LAD": "E06000052"
        },
        "evidence_slice_sha256": "606b185a329cc278749b8e4e7c09a93c92456e2701ffec3f41d8a081ce64adc8",
        "confidence_score_0_100": 96,
        "evidence_grade": "A",
        "licence": "Open Government Licence v3.0",
        "licence_evidence_url": "https://www.ons.gov.uk/methodology/geography/licences",
        "fake_data": false,
        "local_spatial_join_status": "DEFERRED_TO_LOCAL_OPENCODE"
      }
    },
    {
      "type": "Feature",
      "id": "E01018883",
      "geometry": {
        "type": "Polygon",
        "coordinates": [
          [
            [
              -5.239940626688822,
              50.11149356830245
            ],
            [
              -5.244208322809912,
              50.10945117783799
            ],
            [
              -5.243734134352013,
              50.10906215108285
            ],
            [
              -5.244050259990612,
              50.108089584195014
            ],
            [
              -5.243734134352013,
              50.10653347717447
            ],
            [
              -5.246105076641507,
              50.103518519822174
            ],
            [
              -5.243259945894114,
              50.10021179240352
            ],
            [
              -5.242311568978316,
              50.09943373889325
            ],
            [
              -5.241995443339717,
              50.098850198760545
            ],
            [
              -5.242311568978316,
              50.09758586180636
            ],
            [
              -5.24120512924322,
              50.09564072803068
            ],
            [
              -5.2443663856292115,
              50.094765417831624
            ],
            [
              -5.24515669972571,
              50.09418187769892
            ],
            [
              -5.24499863690641,
              50.093695594255
            ],
            [
              -5.247211516376605,
              50.09350108087743
            ],
            [
              -5.250214709943298,
              50.094765417831624
            ],
            [
              -5.254640468883687,
              50.09564072803068
            ],
            [
              -5.255904971438084,
              50.096321524852165
            ],
            [
              -5.256853348353881,
              50.09797488856149
            ],
            [
              -5.254956594522286,
              50.10176789942406
            ],
            [
              -5.25748559963108,
              50.10322674975582
            ],
            [
              -5.258117850908278,
              50.104102059954876
            ],
            [
              -5.258592039366177,
              50.10449108671001
            ],
            [
              -5.257959788088979,
              50.105949937041764
            ],
            [
              -5.260172667559173,
              50.10721427399596
            ],
            [
              -5.260646856017072,
              50.10828409757258
            ],
            [
              -5.260014604739874,
              50.10828409757258
            ],
            [
              -5.260330730378473,
              50.1087703810165
            ],
            [
              -5.260804918836372,
              50.1087703810165
            ],
            [
              -5.261121044474971,
              50.10974294790434
            ],
            [
              -5.26175329575217,
              50.10954843452677
            ],
            [
              -5.261911358571469,
              50.11061825810339
            ],
            [
              -5.2625436098486675,
              50.11022923134826
            ],
            [
              -5.264598426499563,
              50.11022923134826
            ],
            [
              -5.264598426499563,
              50.10954843452677
            ],
            [
              -5.265230677776762,
              50.10945117783799
            ],
            [
              -5.2655468034153605,
              50.10984020459312
            ],
            [
              -5.265072614957462,
              50.10993746128191
            ],
            [
              -5.265072614957462,
              50.11022923134826
            ],
            [
              -5.2671274316083565,
              50.11022923134826
            ],
            [
              -5.266653243150458,
              50.11110454154731
            ],
            [
              -5.266337117511859,
              50.11081277148096
            ],
            [
              -5.264440363680263,
              50.111201798236095
            ],
            [
              -5.264598426499563,
              50.111688081680015
            ],
            [
              -5.263808112403065,
              50.11197985174637
            ],
            [
              -5.262385547029368,
              50.11207710843515
            ],
            [
              -5.261911358571469,
              50.1117853383688
            ],
            [
              -5.2625436098486675,
              50.11285516194542
            ],
            [
              -5.26175329575217,
              50.113244188700556
            ],
            [
              -5.26143717011357,
              50.11402224221083
            ],
            [
              -5.262227484210069,
              50.114897552409886
            ],
            [
              -5.262859735487267,
              50.115772862608935
            ],
            [
              -5.264598426499563,
              50.115383835853805
            ],
            [
              -5.266020991873259,
              50.11567560592015
            ],
            [
              -5.266495180331158,
              50.11509206578745
            ],
            [
              -5.269656436717151,
              50.11450852565475
            ],
            [
              -5.26981449953645,
              50.11353595876691
            ],
            [
              -5.267759682885555,
              50.11343870207813
            ],
            [
              -5.267917745704855,
              50.11295241863421
            ],
            [
              -5.268075808524155,
              50.11159082499123
            ],
            [
              -5.2685499969820535,
              50.11159082499123
            ],
            [
              -5.2685499969820535,
              50.11100728485853
            ],
            [
              -5.26997256235575,
              50.10906215108285
            ],
            [
              -5.269656436717151,
              50.108089584195014
            ],
            [
              -5.270604813632948,
              50.10721427399596
            ],
            [
              -5.271553190548746,
              50.10721427399596
            ],
            [
              -5.272185441825944,
              50.10799232750623
            ],
            [
              -5.272817693103143,
              50.107603300751094
            ],
            [
              -5.274556384115439,
              50.10799232750623
            ],
            [
              -5.2747144469347385,
              50.10847861095015
            ],
            [
              -5.275504761031237,
              50.108673124327716
            ],
            [
              -5.275346698211937,
              50.10906215108285
            ],
            [
              -5.275820886669836,
              50.109159407771635
            ],
            [
              -5.275188635392637,
              50.109159407771635
            ],
            [
              -5.275188635392637,
              50.109645691215555
            ],
            [
              -5.27439832129614,
              50.10984020459312
            ],
            [
              -5.275030572573337,
              50.11042374472583
            ],
            [
              -5.275030572573337,
              50.11149356830245
            ],
            [
              -5.2747144469347385,
              50.111688081680015
            ],
            [
              -5.275188635392637,
              50.1123688785015
            ],
            [
              -5.274872509754038,
              50.11256339187907
            ],
            [
              -5.275346698211937,
              50.11304967532299
            ],
            [
              -5.275346698211937,
              50.11402224221083
            ],
            [
              -5.276611200766334,
              50.114216755588394
            ],
            [
              -5.27819182895933,
              50.11343870207813
            ],
            [
              -5.278666017417229,
              50.113730472144475
            ],
            [
              -5.27834989177863,
              50.11411949889961
            ],
            [
              -5.278824080236529,
              50.11460578234353
            ],
            [
              -5.280088582790926,
              50.11499480909867
            ],
            [
              -5.280562771248825,
              50.114411268965966
            ],
            [
              -5.280562771248825,
              50.115286579165016
            ],
            [
              -5.281669210983922,
              50.11596737598651
            ],
            [
              -5.2821433994418205,
              50.11664817280799
            ],
            [
              -5.283091776357618,
              50.11616188936407
            ],
            [
              -5.284356278912015,
              50.11616188936407
            ],
            [
              -5.2835659648155175,
              50.11703719956313
            ],
            [
              -5.283882090454116,
              50.11723171294069
            ],
            [
              -5.281195022526023,
              50.119468616782726
            ],
            [
              -5.279614394333026,
              50.11937136009394
            ],
            [
              -5.27803376614003,
              50.11966313016029
            ],
            [
              -5.274556384115439,
              50.12190003400232
            ],
            [
              -5.272975755922443,
              50.12228906075746
            ],
            [
              -5.270762876452248,
              50.12190003400232
            ],
            [
              -5.269498373897851,
              50.12053844035935
            ],
            [
              -5.269498373897851,
              50.11976038684907
            ],
            [
              -5.268866122620652,
              50.11976038684907
            ],
            [
              -5.2685499969820535,
              50.12005215691543
            ],
            [
              -5.266653243150458,
              50.11985764353786
            ],
            [
              -5.264914552138162,
              50.11859330658367
            ],
            [
              -5.263333923945166,
              50.11956587347151
            ],
            [
              -5.262859735487267,
              50.11956587347151
            ],
            [
              -5.260488793197773,
              50.118982333338806
            ],
            [
              -5.258750102185477,
              50.11810702313975
            ],
            [
              -5.255588845799484,
              50.11810702313975
            ],
            [
              -5.254166280425788,
              50.11771799638461
            ],
            [
              -5.25337596632929,
              50.11869056327245
            ],
            [
              -5.252269526594192,
              50.119468616782726
            ],
            [
              -5.252269526594192,
              50.11859330658367
            ],
            [
              -5.251163086859095,
              50.11849604989489
            ],
            [
              -5.247685704834503,
              50.119468616782726
            ],
            [
              -5.246421202280106,
              50.11723171294069
            ],
            [
              -5.246579265099406,
              50.11645365943043
            ],
            [
              -5.243892197171313,
              50.11703719956313
            ],
            [
              -5.244208322809912,
              50.116259146052855
            ],
            [
              -5.2427857574362156,
              50.114411268965966
            ],
            [
              -5.242627694616916,
              50.11363321545569
            ],
            [
              -5.241679317701118,
              50.112757905256636
            ],
            [
              -5.240414815146721,
              50.11246613519029
            ],
            [
              -5.239940626688822,
              50.11149356830245
            ]
          ]
        ]
      },
      "properties": {
        "slot_id": "gas_emissions_6",
        "lineage_id": "LOCAL-NEW-92271296-1318-4c0c-a293-d0d4ebc2d06b",
        "page_generation": 1,
        "semantic_mode": "AREA_JOIN",
        "partition": {
          "start": 76904,
          "end": 92283,
          "count": 15380
        },
        "evidence_scope": "coverage_area",
        "coverage_area_id": "E01018883",
        "coverage_area_name": "Cornwall 071B",
        "coverage_area_identifier_scheme": "ONS_GSS_LSOA11",
        "parent_area_id": "E06000052",
        "parent_area_name": "Cornwall",
        "boundary_vintage": "LSOA 2011",
        "source_area_record": true,
        "accepted_parcel_record": false,
        "spatial_binding_method": "OFFICIAL_POLYGON_AND_EXACT_IDENTIFIER",
        "source_window_record_index": 32,
        "source_url": "https://raw.githubusercontent.com/ONSdigital/cdn.ons.gov.uk-assets/130bb351004270950dd4a434e27d80b588e7d0af/assets/topojson/lsoa_by_lad/topo_E06000052.json",
        "final_url": "https://raw.githubusercontent.com/ONSdigital/cdn.ons.gov.uk-assets/130bb351004270950dd4a434e27d80b588e7d0af/assets/topojson/lsoa_by_lad/topo_E06000052.json",
        "source_access_utc": "2026-10-02T10:40:00Z",
        "source_blob_sha": "5122ed59a03427c9913f20d0db5b9b203e7be41c",
        "source_file_sha256": "e313e88941def9339fe827e65196b707403d8baf6817be8b1b5216998e358b21",
        "field_evidence": {
          "LSOA11CD": "E01018883",
          "LSOA11NM": "Cornwall 071B",
          "geometry_type": "Polygon",
          "parent_LAD": "E06000052"
        },
        "evidence_slice_sha256": "606b185a329cc278749b8e4e7c09a93c92456e2701ffec3f41d8a081ce64adc8",
        "confidence_score_0_100": 96,
        "evidence_grade": "A",
        "licence": "Open Government Licence v3.0",
        "licence_evidence_url": "https://www.ons.gov.uk/methodology/geography/licences",
        "fake_data": false,
        "local_spatial_join_status": "DEFERRED_TO_LOCAL_OPENCODE"
      }
    },
    {
      "type": "Feature",
      "id": "E01018884",
      "geometry": {
        "type": "Polygon",
        "coordinates": [
          [
            [
              -5.260646856017072,
              50.10828409757258
            ],
            [
              -5.26159523293287,
              50.10828409757258
            ],
            [
              -5.263333923945166,
              50.107603300751094
            ],
            [
              -5.263808112403065,
              50.10740878737352
            ],
            [
              -5.267443557246956,
              50.1057554236642
            ],
            [
              -5.267759682885555,
              50.105949937041764
            ],
            [
              -5.267285494427656,
              50.1063389637969
            ],
            [
              -5.267601620066255,
              50.106144450419336
            ],
            [
              -5.268391934162754,
              50.106630733863256
            ],
            [
              -5.269024185439952,
              50.107603300751094
            ],
            [
              -5.269656436717151,
              50.108089584195014
            ],
            [
              -5.26997256235575,
              50.10906215108285
            ],
            [
              -5.2685499969820535,
              50.11100728485853
            ],
            [
              -5.2685499969820535,
              50.11159082499123
            ],
            [
              -5.268075808524155,
              50.11159082499123
            ],
            [
              -5.267917745704855,
              50.11295241863421
            ],
            [
              -5.267759682885555,
              50.11343870207813
            ],
            [
              -5.26981449953645,
              50.11353595876691
            ],
            [
              -5.269656436717151,
              50.11450852565475
            ],
            [
              -5.266495180331158,
              50.11509206578745
            ],
            [
              -5.266020991873259,
              50.11567560592015
            ],
            [
              -5.264598426499563,
              50.115383835853805
            ],
            [
              -5.262859735487267,
              50.115772862608935
            ],
            [
              -5.262227484210069,
              50.114897552409886
            ],
            [
              -5.26143717011357,
              50.11402224221083
            ],
            [
              -5.26175329575217,
              50.113244188700556
            ],
            [
              -5.2625436098486675,
              50.11285516194542
            ],
            [
              -5.261911358571469,
              50.1117853383688
            ],
            [
              -5.262385547029368,
              50.11207710843515
            ],
            [
              -5.263808112403065,
              50.11197985174637
            ],
            [
              -5.264598426499563,
              50.111688081680015
            ],
            [
              -5.264440363680263,
              50.111201798236095
            ],
            [
              -5.266337117511859,
              50.11081277148096
            ],
            [
              -5.266653243150458,
              50.11110454154731
            ],
            [
              -5.2671274316083565,
              50.11022923134826
            ],
            [
              -5.265072614957462,
              50.11022923134826
            ],
            [
              -5.265072614957462,
              50.10993746128191
            ],
            [
              -5.2655468034153605,
              50.10984020459312
            ],
            [
              -5.265230677776762,
              50.10945117783799
            ],
            [
              -5.264598426499563,
              50.10954843452677
            ],
            [
              -5.264598426499563,
              50.11022923134826
            ],
            [
              -5.2625436098486675,
              50.11022923134826
            ],
            [
              -5.261911358571469,
              50.11061825810339
            ],
            [
              -5.26175329575217,
              50.10954843452677
            ],
            [
              -5.261121044474971,
              50.10974294790434
            ],
            [
              -5.260804918836372,
              50.1087703810165
            ],
            [
              -5.260330730378473,
              50.1087703810165
            ],
            [
              -5.260014604739874,
              50.10828409757258
            ],
            [
              -5.260646856017072,
              50.10828409757258
            ]
          ]
        ]
      },
      "properties": {
        "slot_id": "gas_emissions_6",
        "lineage_id": "LOCAL-NEW-92271296-1318-4c0c-a293-d0d4ebc2d06b",
        "page_generation": 1,
        "semantic_mode": "AREA_JOIN",
        "partition": {
          "start": 76904,
          "end": 92283,
          "count": 15380
        },
        "evidence_scope": "coverage_area",
        "coverage_area_id": "E01018884",
        "coverage_area_name": "Cornwall 071C",
        "coverage_area_identifier_scheme": "ONS_GSS_LSOA11",
        "parent_area_id": "E06000052",
        "parent_area_name": "Cornwall",
        "boundary_vintage": "LSOA 2011",
        "source_area_record": true,
        "accepted_parcel_record": false,
        "spatial_binding_method": "OFFICIAL_POLYGON_AND_EXACT_IDENTIFIER",
        "source_window_record_index": 33,
        "source_url": "https://raw.githubusercontent.com/ONSdigital/cdn.ons.gov.uk-assets/130bb351004270950dd4a434e27d80b588e7d0af/assets/topojson/lsoa_by_lad/topo_E06000052.json",
        "final_url": "https://raw.githubusercontent.com/ONSdigital/cdn.ons.gov.uk-assets/130bb351004270950dd4a434e27d80b588e7d0af/assets/topojson/lsoa_by_lad/topo_E06000052.json",
        "source_access_utc": "2026-10-02T10:40:00Z",
        "source_blob_sha": "5122ed59a03427c9913f20d0db5b9b203e7be41c",
        "source_file_sha256": "e313e88941def9339fe827e65196b707403d8baf6817be8b1b5216998e358b21",
        "field_evidence": {
          "LSOA11CD": "E01018884",
          "LSOA11NM": "Cornwall 071C",
          "geometry_type": "Polygon",
          "parent_LAD": "E06000052"
        },
        "evidence_slice_sha256": "606b185a329cc278749b8e4e7c09a93c92456e2701ffec3f41d8a081ce64adc8",
        "confidence_score_0_100": 96,
        "evidence_grade": "A",
        "licence": "Open Government Licence v3.0",
        "licence_evidence_url": "https://www.ons.gov.uk/methodology/geography/licences",
        "fake_data": false,
        "local_spatial_join_status": "DEFERRED_TO_LOCAL_OPENCODE"
      }
    },
    {
      "type": "Feature",
      "id": "E01018885",
      "geometry": {
        "type": "Polygon",
        "coordinates": [
          [
            [
              -5.274556384115439,
              50.10799232750623
            ],
            [
              -5.272817693103143,
              50.107603300751094
            ],
            [
              -5.272185441825944,
              50.10799232750623
            ],
            [
              -5.271553190548746,
              50.10721427399596
            ],
            [
              -5.270604813632948,
              50.10721427399596
            ],
            [
              -5.269656436717151,
              50.108089584195014
            ],
            [
              -5.269024185439952,
              50.107603300751094
            ],
            [
              -5.268391934162754,
              50.106630733863256
            ],
            [
              -5.267601620066255,
              50.106144450419336
            ],
            [
              -5.267285494427656,
              50.1063389637969
            ],
            [
              -5.267759682885555,
              50.105949937041764
            ],
            [
              -5.267443557246956,
              50.1057554236642
            ],
            [
              -5.269498373897851,
              50.10400480326609
            ],
            [
              -5.271553190548746,
              50.102545952934335
            ],
            [
              -5.2717112533680455,
              50.10235143955676
            ],
            [
              -5.27408219565754,
              50.10108710260258
            ],
            [
              -5.276453137947034,
              50.10060081915866
            ],
            [
              -5.276769263585633,
              50.10050356246987
            ],
            [
              -5.277559577682132,
              50.100406305781085
            ],
            [
              -5.277085389224233,
              50.099530995582036
            ],
            [
              -5.27787570332073,
              50.0991419688269
            ],
            [
              -5.2807208340681235,
              50.10118435929136
            ],
            [
              -5.279772457152326,
              50.10176789942406
            ],
            [
              -5.280404708429525,
              50.10225418286798
            ],
            [
              -5.27787570332073,
              50.10118435929136
            ],
            [
              -5.277243452043533,
              50.10167064273528
            ],
            [
              -5.277401514862832,
              50.102059669490416
            ],
            [
              -5.275662823850536,
              50.10264320962312
            ],
            [
              -5.276295075127734,
              50.10283772300068
            ],
            [
              -5.276769263585633,
              50.103421263133384
            ],
            [
              -5.276611200766334,
              50.103907546577304
            ],
            [
              -5.275978949489136,
              50.104102059954876
            ],
            [
              -5.275188635392637,
              50.10381028988852
            ],
            [
              -5.27439832129614,
              50.104102059954876
            ],
            [
              -5.2747144469347385,
              50.10449108671001
            ],
            [
              -5.27424025847684,
              50.1051718835315
            ],
            [
              -5.275030572573337,
              50.10536639690906
            ],
            [
              -5.27439832129614,
              50.1057554236642
            ],
            [
              -5.2747144469347385,
              50.1063389637969
            ],
            [
              -5.275346698211937,
              50.106144450419336
            ],
            [
              -5.275820886669836,
              50.107117017307175
            ],
            [
              -5.274556384115439,
              50.10799232750623
            ]
          ]
        ]
      },
      "properties": {
        "slot_id": "gas_emissions_6",
        "lineage_id": "LOCAL-NEW-92271296-1318-4c0c-a293-d0d4ebc2d06b",
        "page_generation": 1,
        "semantic_mode": "AREA_JOIN",
        "partition": {
          "start": 76904,
          "end": 92283,
          "count": 15380
        },
        "evidence_scope": "coverage_area",
        "coverage_area_id": "E01018885",
        "coverage_area_name": "Cornwall 071D",
        "coverage_area_identifier_scheme": "ONS_GSS_LSOA11",
        "parent_area_id": "E06000052",
        "parent_area_name": "Cornwall",
        "boundary_vintage": "LSOA 2011",
        "source_area_record": true,
        "accepted_parcel_record": false,
        "spatial_binding_method": "OFFICIAL_POLYGON_AND_EXACT_IDENTIFIER",
        "source_window_record_index": 34,
        "source_url": "https://raw.githubusercontent.com/ONSdigital/cdn.ons.gov.uk-assets/130bb351004270950dd4a434e27d80b588e7d0af/assets/topojson/lsoa_by_lad/topo_E06000052.json",
        "final_url": "https://raw.githubusercontent.com/ONSdigital/cdn.ons.gov.uk-assets/130bb351004270950dd4a434e27d80b588e7d0af/assets/topojson/lsoa_by_lad/topo_E06000052.json",
        "source_access_utc": "2026-10-02T10:40:00Z",
        "source_blob_sha": "5122ed59a03427c9913f20d0db5b9b203e7be41c",
        "source_file_sha256": "e313e88941def9339fe827e65196b707403d8baf6817be8b1b5216998e358b21",
        "field_evidence": {
          "LSOA11CD": "E01018885",
          "LSOA11NM": "Cornwall 071D",
          "geometry_type": "Polygon",
          "parent_LAD": "E06000052"
        },
        "evidence_slice_sha256": "606b185a329cc278749b8e4e7c09a93c92456e2701ffec3f41d8a081ce64adc8",
        "confidence_score_0_100": 96,
        "evidence_grade": "A",
        "licence": "Open Government Licence v3.0",
        "licence_evidence_url": "https://www.ons.gov.uk/methodology/geography/licences",
        "fake_data": false,
        "local_spatial_join_status": "DEFERRED_TO_LOCAL_OPENCODE"
      }
    },
    {
      "type": "Feature",
      "id": "E01018886",
      "geometry": {
        "type": "Polygon",
        "coordinates": [
          [
            [
              -5.24499863690641,
              50.093695594255
            ],
            [
              -5.244208322809912,
              50.09291754074473
            ],
            [
              -5.244524448448511,
              50.09097240696905
            ],
            [
              -5.244208322809912,
              50.08980532670365
            ],
            [
              -5.245630888183609,
              50.086693112662566
            ],
            [
              -5.252901777871391,
              50.085039748953236
            ],
            [
              -5.258433976546877,
              50.08309461517756
            ],
            [
              -5.262227484210069,
              50.08037142789161
            ],
            [
              -5.268391934162754,
              50.07813452404958
            ],
            [
              -5.271237064910147,
              50.0761893902739
            ],
            [
              -5.27424025847684,
              50.075216823386064
            ],
            [
              -5.275346698211937,
              50.07511956669728
            ],
            [
              -5.275188635392637,
              50.07463328325336
            ],
            [
              -5.277085389224233,
              50.07404974312066
            ],
            [
              -5.279456331513727,
              50.073660716365524
            ],
            [
              -5.284198216092715,
              50.07122929914593
            ],
            [
              -5.286253032743611,
              50.071132042457144
            ],
            [
              -5.291152980141899,
              50.07161832590106
            ],
            [
              -5.2913110429611985,
              50.073757973054306
            ],
            [
              -5.289572351948903,
              50.076870187095395
            ],
            [
              -5.288782037852404,
              50.08309461517756
            ],
            [
              -5.286885284020809,
              50.08533151901959
            ],
            [
              -5.283882090454116,
              50.086595855973776
            ],
            [
              -5.281669210983922,
              50.086012315841074
            ],
            [
              -5.27787570332073,
              50.08679036935135
            ],
            [
              -5.27439832129614,
              50.08834647637189
            ],
            [
              -5.271237064910147,
              50.087568422861615
            ],
            [
              -5.269182248259252,
              50.087568422861615
            ],
            [
              -5.2685499969820535,
              50.08893001650459
            ],
            [
              -5.2669693687890575,
              50.090097096769995
            ],
            [
              -5.2685499969820535,
              50.09213948723446
            ],
            [
              -5.266337117511859,
              50.09350108087743
            ],
            [
              -5.2701306251750495,
              50.09350108087743
            ],
            [
              -5.270446750813648,
              50.0931120541223
            ],
            [
              -5.272501567464544,
              50.093306567499866
            ],
            [
              -5.272343504645244,
              50.095835241408246
            ],
            [
              -5.2732918815610414,
              50.095835241408246
            ],
            [
              -5.2732918815610414,
              50.0961270114746
            ],
            [
              -5.2731338187417425,
              50.09661329491852
            ],
            [
              -5.27392413283824,
              50.09709957836244
            ],
            [
              -5.273766070018941,
              50.09709957836244
            ],
            [
              -5.272659630283844,
              50.09719683505122
            ],
            [
              -5.272027379006645,
              50.09875294207176
            ],
            [
              -5.2701306251750495,
              50.09865568538298
            ],
            [
              -5.270446750813648,
              50.09816940193906
            ],
            [
              -5.26981449953645,
              50.09778037518392
            ],
            [
              -5.269498373897851,
              50.09748860511757
            ],
            [
              -5.2687080598013525,
              50.09748860511757
            ],
            [
              -5.266337117511859,
              50.0985584286942
            ],
            [
              -5.266495180331158,
              50.099530995582036
            ],
            [
              -5.265388740596061,
              50.10050356246987
            ],
            [
              -5.264598426499563,
              50.10069807584744
            ],
            [
              -5.264756489318862,
              50.10098984591379
            ],
            [
              -5.263175861125866,
              50.10128161598014
            ],
            [
              -5.261911358571469,
              50.101573386046496
            ],
            [
              -5.259382353462676,
              50.10235143955676
            ],
            [
              -5.258275913727578,
              50.103032236378255
            ],
            [
              -5.25748559963108,
              50.10322674975582
            ],
            [
              -5.254956594522286,
              50.10176789942406
            ],
            [
              -5.256853348353881,
              50.09797488856149
            ],
            [
              -5.255904971438084,
              50.096321524852165
            ],
            [
              -5.254640468883687,
              50.09564072803068
            ],
            [
              -5.250214709943298,
              50.094765417831624
            ],
            [
              -5.247211516376605,
              50.09350108087743
            ],
            [
              -5.24499863690641,
              50.093695594255
            ]
          ]
        ]
      },
      "properties": {
        "slot_id": "gas_emissions_6",
        "lineage_id": "LOCAL-NEW-92271296-1318-4c0c-a293-d0d4ebc2d06b",
        "page_generation": 1,
        "semantic_mode": "AREA_JOIN",
        "partition": {
          "start": 76904,
          "end": 92283,
          "count": 15380
        },
        "evidence_scope": "coverage_area",
        "coverage_area_id": "E01018886",
        "coverage_area_name": "Cornwall 071E",
        "coverage_area_identifier_scheme": "ONS_GSS_LSOA11",
        "parent_area_id": "E06000052",
        "parent_area_name": "Cornwall",
        "boundary_vintage": "LSOA 2011",
        "source_area_record": true,
        "accepted_parcel_record": false,
        "spatial_binding_method": "OFFICIAL_POLYGON_AND_EXACT_IDENTIFIER",
        "source_window_record_index": 35,
        "source_url": "https://raw.githubusercontent.com/ONSdigital/cdn.ons.gov.uk-assets/130bb351004270950dd4a434e27d80b588e7d0af/assets/topojson/lsoa_by_lad/topo_E06000052.json",
        "final_url": "https://raw.githubusercontent.com/ONSdigital/cdn.ons.gov.uk-assets/130bb351004270950dd4a434e27d80b588e7d0af/assets/topojson/lsoa_by_lad/topo_E06000052.json",
        "source_access_utc": "2026-10-02T10:40:00Z",
        "source_blob_sha": "5122ed59a03427c9913f20d0db5b9b203e7be41c",
        "source_file_sha256": "e313e88941def9339fe827e65196b707403d8baf6817be8b1b5216998e358b21",
        "field_evidence": {
          "LSOA11CD": "E01018886",
          "LSOA11NM": "Cornwall 071E",
          "geometry_type": "Polygon",
          "parent_LAD": "E06000052"
        },
        "evidence_slice_sha256": "606b185a329cc278749b8e4e7c09a93c92456e2701ffec3f41d8a081ce64adc8",
        "confidence_score_0_100": 96,
        "evidence_grade": "A",
        "licence": "Open Government Licence v3.0",
        "licence_evidence_url": "https://www.ons.gov.uk/methodology/geography/licences",
        "fake_data": false,
        "local_spatial_join_status": "DEFERRED_TO_LOCAL_OPENCODE"
      }
    },
    {
      "type": "Feature",
      "id": "E01018887",
      "geometry": {
        "type": "Polygon",
        "coordinates": [
          [
            [
              -5.2928916711541945,
              50.10624170710812
            ],
            [
              -5.288940100671704,
              50.10449108671001
            ],
            [
              -5.285462718647112,
              50.10429657333244
            ],
            [
              -5.283091776357618,
              50.103615776510956
            ],
            [
              -5.2807208340681235,
              50.10118435929136
            ],
            [
              -5.27787570332073,
              50.0991419688269
            ],
            [
              -5.277085389224233,
              50.099530995582036
            ],
            [
              -5.277559577682132,
              50.100406305781085
            ],
            [
              -5.276769263585633,
              50.10050356246987
            ],
            [
              -5.276453137947034,
              50.10060081915866
            ],
            [
              -5.27408219565754,
              50.10108710260258
            ],
            [
              -5.2717112533680455,
              50.10235143955676
            ],
            [
              -5.271553190548746,
              50.102545952934335
            ],
            [
              -5.270288687994349,
              50.1021569261792
            ],
            [
              -5.268391934162754,
              50.103032236378255
            ],
            [
              -5.268233871343454,
              50.1027404663119
            ],
            [
              -5.269024185439952,
              50.102059669490416
            ],
            [
              -5.270920939271548,
              50.10176789942406
            ],
            [
              -5.271237064910147,
              50.102059669490416
            ],
            [
              -5.272817693103143,
              50.10128161598014
            ],
            [
              -5.272817693103143,
              50.10069807584744
            ],
            [
              -5.271553190548746,
              50.1003090490923
            ],
            [
              -5.270762876452248,
              50.0997255089596
            ],
            [
              -5.272027379006645,
              50.09904471213812
            ],
            [
              -5.272027379006645,
              50.09875294207176
            ],
            [
              -5.272659630283844,
              50.09719683505122
            ],
            [
              -5.273766070018941,
              50.09709957836244
            ],
            [
              -5.27392413283824,
              50.09709957836244
            ],
            [
              -5.2731338187417425,
              50.09661329491852
            ],
            [
              -5.2732918815610414,
              50.0961270114746
            ],
            [
              -5.2732918815610414,
              50.095835241408246
            ],
            [
              -5.272343504645244,
              50.095835241408246
            ],
            [
              -5.272501567464544,
              50.093306567499866
            ],
            [
              -5.270446750813648,
              50.0931120541223
            ],
            [
              -5.2701306251750495,
              50.09350108087743
            ],
            [
              -5.266337117511859,
              50.09350108087743
            ],
            [
              -5.2685499969820535,
              50.09213948723446
            ],
            [
              -5.2669693687890575,
              50.090097096769995
            ],
            [
              -5.2685499969820535,
              50.08893001650459
            ],
            [
              -5.269182248259252,
              50.087568422861615
            ],
            [
              -5.271237064910147,
              50.087568422861615
            ],
            [
              -5.27439832129614,
              50.08834647637189
            ],
            [
              -5.27787570332073,
              50.08679036935135
            ],
            [
              -5.281669210983922,
              50.086012315841074
            ],
            [
              -5.283882090454116,
              50.086595855973776
            ],
            [
              -5.282459525080419,
              50.08698488272891
            ],
            [
              -5.2821433994418205,
              50.088540989749454
            ],
            [
              -5.282459525080419,
              50.08902727319337
            ],
            [
              -5.284040153273416,
              50.08893001650459
            ],
            [
              -5.2898884775875015,
              50.08980532670365
            ],
            [
              -5.293365859612093,
              50.091750460479325
            ],
            [
              -5.29494648780509,
              50.09320931081108
            ],
            [
              -5.29463036216649,
              50.09593249809703
            ],
            [
              -5.293681985250693,
              50.099336482204464
            ],
            [
              -5.296210990359486,
              50.101865156112844
            ],
            [
              -5.297475492913883,
              50.10381028988852
            ],
            [
              -5.297001304455985,
              50.103907546577304
            ],
            [
              -5.297001304455985,
              50.10497737015393
            ],
            [
              -5.295736801901588,
              50.10478285677636
            ],
            [
              -5.2928916711541945,
              50.10624170710812
            ]
          ]
        ]
      },
      "properties": {
        "slot_id": "gas_emissions_6",
        "lineage_id": "LOCAL-NEW-92271296-1318-4c0c-a293-d0d4ebc2d06b",
        "page_generation": 1,
        "semantic_mode": "AREA_JOIN",
        "partition": {
          "start": 76904,
          "end": 92283,
          "count": 15380
        },
        "evidence_scope": "coverage_area",
        "coverage_area_id": "E01018887",
        "coverage_area_name": "Cornwall 071F",
        "coverage_area_identifier_scheme": "ONS_GSS_LSOA11",
        "parent_area_id": "E06000052",
        "parent_area_name": "Cornwall",
        "boundary_vintage": "LSOA 2011",
        "source_area_record": true,
        "accepted_parcel_record": false,
        "spatial_binding_method": "OFFICIAL_POLYGON_AND_EXACT_IDENTIFIER",
        "source_window_record_index": 36,
        "source_url": "https://raw.githubusercontent.com/ONSdigital/cdn.ons.gov.uk-assets/130bb351004270950dd4a434e27d80b588e7d0af/assets/topojson/lsoa_by_lad/topo_E06000052.json",
        "final_url": "https://raw.githubusercontent.com/ONSdigital/cdn.ons.gov.uk-assets/130bb351004270950dd4a434e27d80b588e7d0af/assets/topojson/lsoa_by_lad/topo_E06000052.json",
        "source_access_utc": "2026-10-02T10:40:00Z",
        "source_blob_sha": "5122ed59a03427c9913f20d0db5b9b203e7be41c",
        "source_file_sha256": "e313e88941def9339fe827e65196b707403d8baf6817be8b1b5216998e358b21",
        "field_evidence": {
          "LSOA11CD": "E01018887",
          "LSOA11NM": "Cornwall 071F",
          "geometry_type": "Polygon",
          "parent_LAD": "E06000052"
        },
        "evidence_slice_sha256": "606b185a329cc278749b8e4e7c09a93c92456e2701ffec3f41d8a081ce64adc8",
        "confidence_score_0_100": 96,
        "evidence_grade": "A",
        "licence": "Open Government Licence v3.0",
        "licence_evidence_url": "https://www.ons.gov.uk/methodology/geography/licences",
        "fake_data": false,
        "local_spatial_join_status": "DEFERRED_TO_LOCAL_OPENCODE"
      }
    },
    {
      "type": "Feature",
      "id": "E01018888",
      "geometry": {
        "type": "Polygon",
        "coordinates": [
          [
            [
              -5.25748559963108,
              50.10322674975582
            ],
            [
              -5.258275913727578,
              50.103032236378255
            ],
            [
              -5.259382353462676,
              50.10235143955676
            ],
            [
              -5.261911358571469,
              50.101573386046496
            ],
            [
              -5.263175861125866,
              50.10128161598014
            ],
            [
              -5.264756489318862,
              50.10098984591379
            ],
            [
              -5.264598426499563,
              50.10069807584744
            ],
            [
              -5.265388740596061,
              50.10050356246987
            ],
            [
              -5.266495180331158,
              50.099530995582036
            ],
            [
              -5.266337117511859,
              50.0985584286942
            ],
            [
              -5.2687080598013525,
              50.09748860511757
            ],
            [
              -5.269498373897851,
              50.09748860511757
            ],
            [
              -5.26981449953645,
              50.09778037518392
            ],
            [
              -5.270446750813648,
              50.09816940193906
            ],
            [
              -5.2701306251750495,
              50.09865568538298
            ],
            [
              -5.272027379006645,
              50.09875294207176
            ],
            [
              -5.272027379006645,
              50.09904471213812
            ],
            [
              -5.270762876452248,
              50.0997255089596
            ],
            [
              -5.271553190548746,
              50.1003090490923
            ],
            [
              -5.272817693103143,
              50.10069807584744
            ],
            [
              -5.272817693103143,
              50.10128161598014
            ],
            [
              -5.271237064910147,
              50.102059669490416
            ],
            [
              -5.270920939271548,
              50.10176789942406
            ],
            [
              -5.269024185439952,
              50.102059669490416
            ],
            [
              -5.268233871343454,
              50.1027404663119
            ],
            [
              -5.268391934162754,
              50.103032236378255
            ],
            [
              -5.270288687994349,
              50.1021569261792
            ],
            [
              -5.271553190548746,
              50.102545952934335
            ],
            [
              -5.269498373897851,
              50.10400480326609
            ],
            [
              -5.267443557246956,
              50.1057554236642
            ],
            [
              -5.263808112403065,
              50.10740878737352
            ],
            [
              -5.263333923945166,
              50.107603300751094
            ],
            [
              -5.26159523293287,
              50.10828409757258
            ],
            [
              -5.260646856017072,
              50.10828409757258
            ],
            [
              -5.260172667559173,
              50.10721427399596
            ],
            [
              -5.257959788088979,
              50.105949937041764
            ],
            [
              -5.258592039366177,
              50.10449108671001
            ],
            [
              -5.258117850908278,
              50.104102059954876
            ],
            [
              -5.25748559963108,
              50.10322674975582
            ]
          ]
        ]
      },
      "properties": {
        "slot_id": "gas_emissions_6",
        "lineage_id": "LOCAL-NEW-92271296-1318-4c0c-a293-d0d4ebc2d06b",
        "page_generation": 1,
        "semantic_mode": "AREA_JOIN",
        "partition": {
          "start": 76904,
          "end": 92283,
          "count": 15380
        },
        "evidence_scope": "coverage_area",
        "coverage_area_id": "E01018888",
        "coverage_area_name": "Cornwall 071G",
        "coverage_area_identifier_scheme": "ONS_GSS_LSOA11",
        "parent_area_id": "E06000052",
        "parent_area_name": "Cornwall",
        "boundary_vintage": "LSOA 2011",
        "source_area_record": true,
        "accepted_parcel_record": false,
        "spatial_binding_method": "OFFICIAL_POLYGON_AND_EXACT_IDENTIFIER",
        "source_window_record_index": 37,
        "source_url": "https://raw.githubusercontent.com/ONSdigital/cdn.ons.gov.uk-assets/130bb351004270950dd4a434e27d80b588e7d0af/assets/topojson/lsoa_by_lad/topo_E06000052.json",
        "final_url": "https://raw.githubusercontent.com/ONSdigital/cdn.ons.gov.uk-assets/130bb351004270950dd4a434e27d80b588e7d0af/assets/topojson/lsoa_by_lad/topo_E06000052.json",
        "source_access_utc": "2026-10-02T10:40:00Z",
        "source_blob_sha": "5122ed59a03427c9913f20d0db5b9b203e7be41c",
        "source_file_sha256": "e313e88941def9339fe827e65196b707403d8baf6817be8b1b5216998e358b21",
        "field_evidence": {
          "LSOA11CD": "E01018888",
          "LSOA11NM": "Cornwall 071G",
          "geometry_type": "Polygon",
          "parent_LAD": "E06000052"
        },
        "evidence_slice_sha256": "606b185a329cc278749b8e4e7c09a93c92456e2701ffec3f41d8a081ce64adc8",
        "confidence_score_0_100": 96,
        "evidence_grade": "A",
        "licence": "Open Government Licence v3.0",
        "licence_evidence_url": "https://www.ons.gov.uk/methodology/geography/licences",
        "fake_data": false,
        "local_spatial_join_status": "DEFERRED_TO_LOCAL_OPENCODE"
      }
    },
    {
      "type": "Feature",
      "id": "E01018889",
      "geometry": {
        "type": "Polygon",
        "coordinates": [
          [
            [
              -5.255588845799484,
              50.250667889952155
            ],
            [
              -5.255430782980185,
              50.24950080968675
            ],
            [
              -5.253692091967889,
              50.24687487908958
            ],
            [
              -5.2535340291485895,
              50.24531877206904
            ],
            [
              -5.255746908618784,
              50.24522151538026
            ],
            [
              -5.258117850908278,
              50.24347089498215
            ],
            [
              -5.259224290643376,
              50.241914787961605
            ],
            [
              -5.2625436098486675,
              50.23909434398688
            ],
            [
              -5.2625436098486675,
              50.23899708729809
            ],
            [
              -5.2639661752223645,
              50.238413547165386
            ],
            [
              -5.264756489318862,
              50.23967788411958
            ],
            [
              -5.266337117511859,
              50.24084496438498
            ],
            [
              -5.265388740596061,
              50.24230381471674
            ],
            [
              -5.2639661752223645,
              50.24123399114012
            ],
            [
              -5.262701672667967,
              50.240942221073766
            ],
            [
              -5.262227484210069,
              50.2413312478289
            ],
            [
              -5.263175861125866,
              50.24172027458404
            ],
            [
              -5.263175861125866,
              50.242498328094314
            ],
            [
              -5.262701672667967,
              50.24327638160458
            ],
            [
              -5.26175329575217,
              50.24347089498215
            ],
            [
              -5.26143717011357,
              50.24385992173728
            ],
            [
              -5.26159523293287,
              50.244054435114855
            ],
            [
              -5.262859735487267,
              50.2443462051812
            ],
            [
              -5.263017798306566,
              50.24522151538026
            ],
            [
              -5.266337117511859,
              50.24551328544661
            ],
            [
              -5.266337117511859,
              50.24502700200269
            ],
            [
              -5.2655468034153605,
              50.24473523193634
            ],
            [
              -5.2655468034153605,
              50.243957178426065
            ],
            [
              -5.2641242380416635,
              50.244054435114855
            ],
            [
              -5.2639661752223645,
              50.2437626650485
            ],
            [
              -5.264440363680263,
              50.243568151670935
            ],
            [
              -5.264914552138162,
              50.243081868227016
            ],
            [
              -5.265388740596061,
              50.2431791249158
            ],
            [
              -5.266495180331158,
              50.24424894849242
            ],
            [
              -5.266495180331158,
              50.24463797524756
            ],
            [
              -5.267601620066255,
              50.24502700200269
            ],
            [
              -5.267601620066255,
              50.24551328544661
            ],
            [
              -5.2669693687890575,
              50.245610542135395
            ],
            [
              -5.266811305969758,
              50.24599956889053
            ],
            [
              -5.265388740596061,
              50.24668036571202
            ],
            [
              -5.2669693687890575,
              50.24784744597742
            ],
            [
              -5.266653243150458,
              50.24804195935499
            ],
            [
              -5.266020991873259,
              50.24804195935499
            ],
            [
              -5.265072614957462,
              50.248625499487694
            ],
            [
              -5.2639661752223645,
              50.24852824279891
            ],
            [
              -5.263491986764466,
              50.24940355299796
            ],
            [
              -5.262227484210069,
              50.2497925797531
            ],
            [
              -5.260804918836372,
              50.249695323064316
            ],
            [
              -5.259856541920574,
              50.249111782931614
            ],
            [
              -5.258117850908278,
              50.25027886319702
            ],
            [
              -5.258908165004777,
              50.25154320015121
            ],
            [
              -5.260014604739874,
              50.251154173396074
            ],
            [
              -5.259698479101274,
              50.25212674028391
            ],
            [
              -5.256379159895983,
              50.25183497021756
            ],
            [
              -5.255588845799484,
              50.250667889952155
            ]
          ]
        ]
      },
      "properties": {
        "slot_id": "gas_emissions_6",
        "lineage_id": "LOCAL-NEW-92271296-1318-4c0c-a293-d0d4ebc2d06b",
        "page_generation": 1,
        "semantic_mode": "AREA_JOIN",
        "partition": {
          "start": 76904,
          "end": 92283,
          "count": 15380
        },
        "evidence_scope": "coverage_area",
        "coverage_area_id": "E01018889",
        "coverage_area_name": "Cornwall 045A",
        "coverage_area_identifier_scheme": "ONS_GSS_LSOA11",
        "parent_area_id": "E06000052",
        "parent_area_name": "Cornwall",
        "boundary_vintage": "LSOA 2011",
        "source_area_record": true,
        "accepted_parcel_record": false,
        "spatial_binding_method": "OFFICIAL_POLYGON_AND_EXACT_IDENTIFIER",
        "source_window_record_index": 38,
        "source_url": "https://raw.githubusercontent.com/ONSdigital/cdn.ons.gov.uk-assets/130bb351004270950dd4a434e27d80b588e7d0af/assets/topojson/lsoa_by_lad/topo_E06000052.json",
        "final_url": "https://raw.githubusercontent.com/ONSdigital/cdn.ons.gov.uk-assets/130bb351004270950dd4a434e27d80b588e7d0af/assets/topojson/lsoa_by_lad/topo_E06000052.json",
        "source_access_utc": "2026-10-02T10:40:00Z",
        "source_blob_sha": "5122ed59a03427c9913f20d0db5b9b203e7be41c",
        "source_file_sha256": "e313e88941def9339fe827e65196b707403d8baf6817be8b1b5216998e358b21",
        "field_evidence": {
          "LSOA11CD": "E01018889",
          "LSOA11NM": "Cornwall 045A",
          "geometry_type": "Polygon",
          "parent_LAD": "E06000052"
        },
        "evidence_slice_sha256": "606b185a329cc278749b8e4e7c09a93c92456e2701ffec3f41d8a081ce64adc8",
        "confidence_score_0_100": 96,
        "evidence_grade": "A",
        "licence": "Open Government Licence v3.0",
        "licence_evidence_url": "https://www.ons.gov.uk/methodology/geography/licences",
        "fake_data": false,
        "local_spatial_join_status": "DEFERRED_TO_LOCAL_OPENCODE"
      }
    },
    {
      "type": "Feature",
      "id": "E01018890",
      "geometry": {
        "type": "Polygon",
        "coordinates": [
          [
            [
              -5.275820886669836,
              50.25358559061567
            ],
            [
              -5.276927326404933,
              50.251154173396074
            ],
            [
              -5.275662823850536,
              50.24959806637553
            ],
            [
              -5.27424025847684,
              50.24882001286526
            ],
            [
              -5.2731338187417425,
              50.24950080968675
            ],
            [
              -5.271237064910147,
              50.249695323064316
            ],
            [
              -5.2701306251750495,
              50.249209039620396
            ],
            [
              -5.269498373897851,
              50.249209039620396
            ],
            [
              -5.269024185439952,
              50.24833372942134
            ],
            [
              -5.270446750813648,
              50.247652932599856
            ],
            [
              -5.2701306251750495,
              50.246583109023234
            ],
            [
              -5.270604813632948,
              50.24580505551296
            ],
            [
              -5.272817693103143,
              50.24599956889053
            ],
            [
              -5.273449944380341,
              50.24424894849242
            ],
            [
              -5.2731338187417425,
              50.244054435114855
            ],
            [
              -5.271553190548746,
              50.244929745313904
            ],
            [
              -5.270762876452248,
              50.24473523193634
            ],
            [
              -5.270762876452248,
              50.24502700200269
            ],
            [
              -5.268391934162754,
              50.245610542135395
            ],
            [
              -5.268075808524155,
              50.24551328544661
            ],
            [
              -5.268233871343454,
              50.244054435114855
            ],
            [
              -5.267917745704855,
              50.243957178426065
            ],
            [
              -5.268075808524155,
              50.242887354849444
            ],
            [
              -5.266495180331158,
              50.24230381471674
            ],
            [
              -5.265388740596061,
              50.24230381471674
            ],
            [
              -5.266337117511859,
              50.24084496438498
            ],
            [
              -5.264756489318862,
              50.23967788411958
            ],
            [
              -5.2639661752223645,
              50.238413547165386
            ],
            [
              -5.263175861125866,
              50.23724646689998
            ],
            [
              -5.26175329575217,
              50.23491230636917
            ],
            [
              -5.265072614957462,
              50.23403699617011
            ],
            [
              -5.266653243150458,
              50.23364796941498
            ],
            [
              -5.271395127729447,
              50.23248088914957
            ],
            [
              -5.271869316187345,
              50.232286375772006
            ],
            [
              -5.280088582790926,
              50.22985495855241
            ],
            [
              -5.280246645610225,
              50.22995221524119
            ],
            [
              -5.283091776357618,
              50.23296717259349
            ],
            [
              -5.283249839176918,
              50.23384248279255
            ],
            [
              -5.284198216092715,
              50.23393973948133
            ],
            [
              -5.284988530189214,
              50.23588487325701
            ],
            [
              -5.287833660936607,
              50.23598212994579
            ],
            [
              -5.288149786575206,
              50.23539858981309
            ],
            [
              -5.289256226310304,
              50.23549584650187
            ],
            [
              -5.290046540406801,
              50.23462053630282
            ],
            [
              -5.2908368545033,
              50.235787616568224
            ],
            [
              -5.288940100671704,
              50.23666292676728
            ],
            [
              -5.289256226310304,
              50.23967788411958
            ],
            [
              -5.2897304147682025,
              50.2401641675635
            ],
            [
              -5.2851465930085135,
              50.23851080385417
            ],
            [
              -5.283407901996218,
              50.23870531723174
            ],
            [
              -5.283091776357618,
              50.24123399114012
            ],
            [
              -5.282459525080419,
              50.24220655802796
            ],
            [
              -5.279930519971626,
              50.24327638160458
            ],
            [
              -5.27819182895933,
              50.24279009816066
            ],
            [
              -5.277717640501431,
              50.243081868227016
            ],
            [
              -5.27803376614003,
              50.24415169180364
            ],
            [
              -5.278982143055828,
              50.2443462051812
            ],
            [
              -5.280088582790926,
              50.24327638160458
            ],
            [
              -5.281985336622521,
              50.24502700200269
            ],
            [
              -5.283249839176918,
              50.24687487908958
            ],
            [
              -5.284988530189214,
              50.24638859564566
            ],
            [
              -5.285936907105011,
              50.24697213577837
            ],
            [
              -5.2897304147682025,
              50.24745841922229
            ],
            [
              -5.290678791684,
              50.24843098611013
            ],
            [
              -5.292575545515596,
              50.24882001286526
            ],
            [
              -5.293049733973494,
              50.24959806637553
            ],
            [
              -5.296685178817386,
              50.25086240332972
            ],
            [
              -5.298739995468281,
              50.2497925797531
            ],
            [
              -5.300794812119175,
              50.25251576703905
            ],
            [
              -5.299530309564779,
              50.253196563860534
            ],
            [
              -5.297949681371782,
              50.25407187405959
            ],
            [
              -5.297949681371782,
              50.253780103993236
            ],
            [
              -5.29494648780509,
              50.253682847304454
            ],
            [
              -5.293049733973494,
              50.252710280416615
            ],
            [
              -5.288782037852404,
              50.25202948359513
            ],
            [
              -5.289572351948903,
              50.253196563860534
            ],
            [
              -5.289572351948903,
              50.254752670881075
            ],
            [
              -5.287517535298008,
              50.254752670881075
            ],
            [
              -5.285304655827813,
              50.254266387437156
            ],
            [
              -5.284988530189214,
              50.254849927569865
            ],
            [
              -5.2837240276348165,
              50.25455815750351
            ],
            [
              -5.281195022526023,
              50.25358559061567
            ],
            [
              -5.279614394333026,
              50.25241851035027
            ],
            [
              -5.278507954597929,
              50.252223996972695
            ],
            [
              -5.277717640501431,
              50.252710280416615
            ],
            [
              -5.277085389224233,
              50.253682847304454
            ],
            [
              -5.275820886669836,
              50.25358559061567
            ]
          ]
        ]
      },
      "properties": {
        "slot_id": "gas_emissions_6",
        "lineage_id": "LOCAL-NEW-92271296-1318-4c0c-a293-d0d4ebc2d06b",
        "page_generation": 1,
        "semantic_mode": "AREA_JOIN",
        "partition": {
          "start": 76904,
          "end": 92283,
          "count": 15380
        },
        "evidence_scope": "coverage_area",
        "coverage_area_id": "E01018890",
        "coverage_area_name": "Cornwall 045B",
        "coverage_area_identifier_scheme": "ONS_GSS_LSOA11",
        "parent_area_id": "E06000052",
        "parent_area_name": "Cornwall",
        "boundary_vintage": "LSOA 2011",
        "source_area_record": true,
        "accepted_parcel_record": false,
        "spatial_binding_method": "OFFICIAL_POLYGON_AND_EXACT_IDENTIFIER",
        "source_window_record_index": 39,
        "source_url": "https://raw.githubusercontent.com/ONSdigital/cdn.ons.gov.uk-assets/130bb351004270950dd4a434e27d80b588e7d0af/assets/topojson/lsoa_by_lad/topo_E06000052.json",
        "final_url": "https://raw.githubusercontent.com/ONSdigital/cdn.ons.gov.uk-assets/130bb351004270950dd4a434e27d80b588e7d0af/assets/topojson/lsoa_by_lad/topo_E06000052.json",
        "source_access_utc": "2026-10-02T10:40:00Z",
        "source_blob_sha": "5122ed59a03427c9913f20d0db5b9b203e7be41c",
        "source_file_sha256": "e313e88941def9339fe827e65196b707403d8baf6817be8b1b5216998e358b21",
        "field_evidence": {
          "LSOA11CD": "E01018890",
          "LSOA11NM": "Cornwall 045B",
          "geometry_type": "Polygon",
          "parent_LAD": "E06000052"
        },
        "evidence_slice_sha256": "606b185a329cc278749b8e4e7c09a93c92456e2701ffec3f41d8a081ce64adc8",
        "confidence_score_0_100": 96,
        "evidence_grade": "A",
        "licence": "Open Government Licence v3.0",
        "licence_evidence_url": "https://www.ons.gov.uk/methodology/geography/licences",
        "fake_data": false,
        "local_spatial_join_status": "DEFERRED_TO_LOCAL_OPENCODE"
      }
    },
    {
      "type": "Feature",
      "id": "E01018891",
      "geometry": {
        "type": "Polygon",
        "coordinates": [
          [
            [
              -5.299530309564779,
              50.253196563860534
            ],
            [
              -5.300794812119175,
              50.25251576703905
            ],
            [
              -5.298739995468281,
              50.2497925797531
            ],
            [
              -5.296685178817386,
              50.25086240332972
            ],
            [
              -5.293049733973494,
              50.24959806637553
            ],
            [
              -5.292575545515596,
              50.24882001286526
            ],
            [
              -5.290678791684,
              50.24843098611013
            ],
            [
              -5.2897304147682025,
              50.24745841922229
            ],
            [
              -5.285936907105011,
              50.24697213577837
            ],
            [
              -5.284988530189214,
              50.24638859564566
            ],
            [
              -5.283249839176918,
              50.24687487908958
            ],
            [
              -5.281985336622521,
              50.24502700200269
            ],
            [
              -5.280088582790926,
              50.24327638160458
            ],
            [
              -5.278982143055828,
              50.2443462051812
            ],
            [
              -5.27803376614003,
              50.24415169180364
            ],
            [
              -5.277717640501431,
              50.243081868227016
            ],
            [
              -5.27819182895933,
              50.24279009816066
            ],
            [
              -5.279930519971626,
              50.24327638160458
            ],
            [
              -5.282459525080419,
              50.24220655802796
            ],
            [
              -5.283091776357618,
              50.24123399114012
            ],
            [
              -5.283407901996218,
              50.23870531723174
            ],
            [
              -5.2851465930085135,
              50.23851080385417
            ],
            [
              -5.2897304147682025,
              50.2401641675635
            ],
            [
              -5.289256226310304,
              50.23967788411958
            ],
            [
              -5.288940100671704,
              50.23666292676728
            ],
            [
              -5.2908368545033,
              50.235787616568224
            ],
            [
              -5.290046540406801,
              50.23462053630282
            ],
            [
              -5.289256226310304,
              50.23549584650187
            ],
            [
              -5.288149786575206,
              50.23539858981309
            ],
            [
              -5.287833660936607,
              50.23598212994579
            ],
            [
              -5.284988530189214,
              50.23588487325701
            ],
            [
              -5.284198216092715,
              50.23393973948133
            ],
            [
              -5.283249839176918,
              50.23384248279255
            ],
            [
              -5.283091776357618,
              50.23296717259349
            ],
            [
              -5.280246645610225,
              50.22995221524119
            ],
            [
              -5.280088582790926,
              50.22985495855241
            ],
            [
              -5.285304655827813,
              50.228104338154296
            ],
            [
              -5.2897304147682025,
              50.22985495855241
            ],
            [
              -5.293207796792794,
              50.2311192955066
            ],
            [
              -5.296369053178786,
              50.231216552195384
            ],
            [
              -5.298265807010382,
              50.230243985307546
            ],
            [
              -5.305852822336764,
              50.22849336490943
            ],
            [
              -5.31122695819295,
              50.228687878287005
            ],
            [
              -5.316443031229838,
              50.22946593179727
            ],
            [
              -5.3213429786281266,
              50.23218911908322
            ],
            [
              -5.325452611929916,
              50.23296717259349
            ],
            [
              -5.3245042350141185,
              50.2341342528589
            ],
            [
              -5.328297742677309,
              50.23812177709904
            ],
            [
              -5.3305106221475045,
              50.24210930133918
            ],
            [
              -5.329404182412407,
              50.242595584783096
            ],
            [
              -5.328297742677309,
              50.242498328094314
            ],
            [
              -5.327665491400111,
              50.24385992173728
            ],
            [
              -5.324820360652717,
              50.2443462051812
            ],
            [
              -5.3245042350141185,
              50.244929745313904
            ],
            [
              -5.323081669640422,
              50.24551328544661
            ],
            [
              -5.3229236068211225,
              50.246583109023234
            ],
            [
              -5.3199204132544295,
              50.247652932599856
            ],
            [
              -5.31976235043513,
              50.248625499487694
            ],
            [
              -5.320236538893029,
              50.24901452624283
            ],
            [
              -5.317233345326336,
              50.249111782931614
            ],
            [
              -5.316759156868438,
              50.24950080968675
            ],
            [
              -5.315652717133339,
              50.24930629630918
            ],
            [
              -5.315178528675441,
              50.24950080968675
            ],
            [
              -5.313755963301745,
              50.25076514664094
            ],
            [
              -5.314230151759643,
              50.25164045683999
            ],
            [
              -5.3124914607473475,
              50.2528075371054
            ],
            [
              -5.3124914607473475,
              50.253682847304454
            ],
            [
              -5.312017272289449,
              50.254266387437156
            ],
            [
              -5.312017272289449,
              50.25494718425865
            ],
            [
              -5.313597900482445,
              50.254849927569865
            ],
            [
              -5.313597900482445,
              50.25514169763621
            ],
            [
              -5.311859209470149,
              50.255336211013784
            ],
            [
              -5.31138502101225,
              50.25465541419229
            ],
            [
              -5.310436644096453,
              50.25455815750351
            ],
            [
              -5.309962455638553,
              50.254752670881075
            ],
            [
              -5.3094882671806545,
              50.255822494457696
            ],
            [
              -5.310436644096453,
              50.255919751146486
            ],
            [
              -5.309014078722756,
              50.255822494457696
            ],
            [
              -5.303798005685868,
              50.253682847304454
            ],
            [
              -5.299530309564779,
              50.253196563860534
            ]
          ]
        ]
      },
      "properties": {
        "slot_id": "gas_emissions_6",
        "lineage_id": "LOCAL-NEW-92271296-1318-4c0c-a293-d0d4ebc2d06b",
        "page_generation": 1,
        "semantic_mode": "AREA_JOIN",
        "partition": {
          "start": 76904,
          "end": 92283,
          "count": 15380
        },
        "evidence_scope": "coverage_area",
        "coverage_area_id": "E01018891",
        "coverage_area_name": "Cornwall 045C",
        "coverage_area_identifier_scheme": "ONS_GSS_LSOA11",
        "parent_area_id": "E06000052",
        "parent_area_name": "Cornwall",
        "boundary_vintage": "LSOA 2011",
        "source_area_record": true,
        "accepted_parcel_record": false,
        "spatial_binding_method": "OFFICIAL_POLYGON_AND_EXACT_IDENTIFIER",
        "source_window_record_index": 40,
        "source_url": "https://raw.githubusercontent.com/ONSdigital/cdn.ons.gov.uk-assets/130bb351004270950dd4a434e27d80b588e7d0af/assets/topojson/lsoa_by_lad/topo_E06000052.json",
        "final_url": "https://raw.githubusercontent.com/ONSdigital/cdn.ons.gov.uk-assets/130bb351004270950dd4a434e27d80b588e7d0af/assets/topojson/lsoa_by_lad/topo_E06000052.json",
        "source_access_utc": "2026-10-02T10:40:00Z",
        "source_blob_sha": "5122ed59a03427c9913f20d0db5b9b203e7be41c",
        "source_file_sha256": "e313e88941def9339fe827e65196b707403d8baf6817be8b1b5216998e358b21",
        "field_evidence": {
          "LSOA11CD": "E01018891",
          "LSOA11NM": "Cornwall 045C",
          "geometry_type": "Polygon",
          "parent_LAD": "E06000052"
        },
        "evidence_slice_sha256": "606b185a329cc278749b8e4e7c09a93c92456e2701ffec3f41d8a081ce64adc8",
        "confidence_score_0_100": 96,
        "evidence_grade": "A",
        "licence": "Open Government Licence v3.0",
        "licence_evidence_url": "https://www.ons.gov.uk/methodology/geography/licences",
        "fake_data": false,
        "local_spatial_join_status": "DEFERRED_TO_LOCAL_OPENCODE"
      }
    },
    {
      "type": "Feature",
      "id": "E01018892",
      "geometry": {
        "type": "Polygon",
        "coordinates": [
          [
            [
              -5.251163086859095,
              50.28169277367421
            ],
            [
              -5.250372772762597,
              50.28110923354151
            ],
            [
              -5.245630888183609,
              50.27712170930137
            ],
            [
              -5.2427857574362156,
              50.27945586983218
            ],
            [
              -5.24104706642392,
              50.279942153276096
            ],
            [
              -5.24088900360462,
              50.27867781632191
            ],
            [
              -5.242153506159017,
              50.27809427618921
            ],
            [
              -5.24057287796602,
              50.276829939235014
            ],
            [
              -5.239624501050223,
              50.27721896599015
            ],
            [
              -5.237727747218628,
              50.2744957787042
            ],
            [
              -5.235040679290534,
              50.271772591418255
            ],
            [
              -5.233460051097538,
              50.26817409393325
            ],
            [
              -5.2307729831694445,
              50.267590553800545
            ],
            [
              -5.233618113916838,
              50.26622896015758
            ],
            [
              -5.239150312592324,
              50.2642838263819
            ],
            [
              -5.241679317701118,
              50.26389479962676
            ],
            [
              -5.2443663856292115,
              50.26292223273892
            ],
            [
              -5.2475276420152035,
              50.26156063909595
            ],
            [
              -5.249582458666099,
              50.259907275386624
            ],
            [
              -5.252901777871391,
              50.25971276200905
            ],
            [
              -5.258275913727578,
              50.25874019512121
            ],
            [
              -5.260014604739874,
              50.25864293843243
            ],
            [
              -5.26175329575217,
              50.25805939829973
            ],
            [
              -5.26175329575217,
              50.257864884922164
            ],
            [
              -5.262227484210069,
              50.257864884922164
            ],
            [
              -5.262227484210069,
              50.25757311485581
            ],
            [
              -5.263650049583765,
              50.257378601478244
            ],
            [
              -5.263650049583765,
              50.25698957472311
            ],
            [
              -5.264282300860963,
              50.256892318034325
            ],
            [
              -5.2639661752223645,
              50.25669780465675
            ],
            [
              -5.265230677776762,
              50.25669780465675
            ],
            [
              -5.265862929053959,
              50.255725237768914
            ],
            [
              -5.267443557246956,
              50.25553072439135
            ],
            [
              -5.269498373897851,
              50.25455815750351
            ],
            [
              -5.270604813632948,
              50.25397461737081
            ],
            [
              -5.271395127729447,
              50.25300205048297
            ],
            [
              -5.2731338187417425,
              50.25261302372783
            ],
            [
              -5.273766070018941,
              50.253196563860534
            ],
            [
              -5.275030572573337,
              50.25348833392689
            ],
            [
              -5.275820886669836,
              50.25358559061567
            ],
            [
              -5.277085389224233,
              50.253682847304454
            ],
            [
              -5.277717640501431,
              50.252710280416615
            ],
            [
              -5.278507954597929,
              50.252223996972695
            ],
            [
              -5.279614394333026,
              50.25241851035027
            ],
            [
              -5.281195022526023,
              50.25358559061567
            ],
            [
              -5.2837240276348165,
              50.25455815750351
            ],
            [
              -5.284988530189214,
              50.254849927569865
            ],
            [
              -5.285304655827813,
              50.254266387437156
            ],
            [
              -5.287517535298008,
              50.254752670881075
            ],
            [
              -5.289572351948903,
              50.254752670881075
            ],
            [
              -5.289572351948903,
              50.253196563860534
            ],
            [
              -5.288782037852404,
              50.25202948359513
            ],
            [
              -5.293049733973494,
              50.252710280416615
            ],
            [
              -5.29494648780509,
              50.253682847304454
            ],
            [
              -5.297949681371782,
              50.253780103993236
            ],
            [
              -5.297949681371782,
              50.25407187405959
            ],
            [
              -5.299530309564779,
              50.253196563860534
            ],
            [
              -5.303798005685868,
              50.253682847304454
            ],
            [
              -5.309014078722756,
              50.255822494457696
            ],
            [
              -5.310436644096453,
              50.255919751146486
            ],
            [
              -5.3109108325543515,
              50.25660054796797
            ],
            [
              -5.310752769735052,
              50.25698957472311
            ],
            [
              -5.309962455638553,
              50.25718408810067
            ],
            [
              -5.308381827445557,
              50.258448425054866
            ],
            [
              -5.306168947975363,
              50.25951824863149
            ],
            [
              -5.305220571059565,
              50.25874019512121
            ],
            [
              -5.305694759517464,
              50.25981001869784
            ],
            [
              -5.3047463826016665,
              50.25903196518757
            ],
            [
              -5.303481880047269,
              50.259420991942704
            ],
            [
              -5.302059314673572,
              50.260977098963245
            ],
            [
              -5.30316575440867,
              50.26156063909595
            ],
            [
              -5.302375440312172,
              50.26175515247351
            ],
            [
              -5.303007691589371,
              50.261949665851084
            ],
            [
              -5.301427063396374,
              50.262435949295
            ],
            [
              -5.300952874938475,
              50.26282497605014
            ],
            [
              -5.299846435203378,
              50.26272771936135
            ],
            [
              -5.299214183926179,
              50.2618524091623
            ],
            [
              -5.297001304455985,
              50.26175515247351
            ],
            [
              -5.297159367275285,
              50.260977098963245
            ],
            [
              -5.295104550624389,
              50.260977098963245
            ],
            [
              -5.292417482696296,
              50.26165789578473
            ],
            [
              -5.291943294238397,
              50.26204692253987
            ],
            [
              -5.2927336083348955,
              50.26370028624919
            ],
            [
              -5.291627168599797,
              50.261949665851084
            ],
            [
              -5.291152980141899,
              50.261949665851084
            ],
            [
              -5.289256226310304,
              50.26117161234081
            ],
            [
              -5.289098163491004,
              50.26136612571838
            ],
            [
              -5.2909949173226,
              50.26204692253987
            ],
            [
              -5.291785231419097,
              50.262533205983786
            ],
            [
              -5.2913110429611985,
              50.26340851618284
            ],
            [
              -5.292101357057697,
              50.26408931300433
            ],
            [
              -5.291627168599797,
              50.26438108307068
            ],
            [
              -5.2908368545033,
              50.264575596448246
            ],
            [
              -5.2897304147682025,
              50.26408931300433
            ],
            [
              -5.2883078493945055,
              50.263992056315544
            ],
            [
              -5.288149786575206,
              50.26438108307068
            ],
            [
              -5.287043346840108,
              50.26477010982582
            ],
            [
              -5.285462718647112,
              50.2648673665146
            ],
            [
              -5.284672404550615,
              50.26583993340244
            ],
            [
              -5.2851465930085135,
              50.26690975697906
            ],
            [
              -5.285462718647112,
              50.267104270356626
            ],
            [
              -5.286253032743611,
              50.26690975697906
            ],
            [
              -5.287833660936607,
              50.26768781048933
            ],
            [
              -5.283091776357618,
              50.26895214744352
            ],
            [
              -5.282617587899719,
              50.26943843088744
            ],
            [
              -5.283249839176918,
              50.26943843088744
            ],
            [
              -5.283091776357618,
              50.269730200953795
            ],
            [
              -5.279298268694427,
              50.27186984810704
            ],
            [
              -5.27803376614003,
              50.2720643614846
            ],
            [
              -5.278666017417229,
              50.272258874862175
            ],
            [
              -5.278507954597929,
              50.27245338823974
            ],
            [
              -5.279140205875128,
              50.27235613155096
            ],
            [
              -5.279456331513727,
              50.27255064492852
            ],
            [
              -5.27803376614003,
              50.2739122385715
            ],
            [
              -5.273608007199641,
              50.2750793188369
            ],
            [
              -5.272975755922443,
              50.27488480545934
            ],
            [
              -5.272975755922443,
              50.2744957787042
            ],
            [
              -5.271553190548746,
              50.27488480545934
            ],
            [
              -5.270920939271548,
              50.27517657552569
            ],
            [
              -5.270288687994349,
              50.27469029208177
            ],
            [
              -5.26997256235575,
              50.2750793188369
            ],
            [
              -5.268233871343454,
              50.27498206214812
            ],
            [
              -5.264914552138162,
              50.27546834559204
            ],
            [
              -5.2639661752223645,
              50.27488480545934
            ],
            [
              -5.263491986764466,
              50.27488480545934
            ],
            [
              -5.262701672667967,
              50.275273832214474
            ],
            [
              -5.262701672667967,
              50.27614914241353
            ],
            [
              -5.2639661752223645,
              50.27663542585745
            ],
            [
              -5.262701672667967,
              50.27702445261258
            ],
            [
              -5.2625436098486675,
              50.27673268254623
            ],
            [
              -5.260804918836372,
              50.276343655791095
            ],
            [
              -5.259698479101274,
              50.277316222678934
            ],
            [
              -5.260172667559173,
              50.27770524943407
            ],
            [
              -5.260014604739874,
              50.278386046255555
            ],
            [
              -5.260646856017072,
              50.27877507301069
            ],
            [
              -5.260330730378473,
              50.27896958638826
            ],
            [
              -5.261911358571469,
              50.27916409976583
            ],
            [
              -5.26175329575217,
              50.27984489658731
            ],
            [
              -5.260488793197773,
              50.27984489658731
            ],
            [
              -5.258750102185477,
              50.28062295009759
            ],
            [
              -5.256853348353881,
              50.28081746347515
            ],
            [
              -5.2565372227152825,
              50.28120649023029
            ],
            [
              -5.25764366245038,
              50.28110923354151
            ],
            [
              -5.256221097076683,
              50.28179003036299
            ],
            [
              -5.254482406064387,
              50.28179003036299
            ],
            [
              -5.25321790350999,
              50.28149826029664
            ],
            [
              -5.251163086859095,
              50.28169277367421
            ]
          ]
        ]
      },
      "properties": {
        "slot_id": "gas_emissions_6",
        "lineage_id": "LOCAL-NEW-92271296-1318-4c0c-a293-d0d4ebc2d06b",
        "page_generation": 1,
        "semantic_mode": "AREA_JOIN",
        "partition": {
          "start": 76904,
          "end": 92283,
          "count": 15380
        },
        "evidence_scope": "coverage_area",
        "coverage_area_id": "E01018892",
        "coverage_area_name": "Cornwall 045D",
        "coverage_area_identifier_scheme": "ONS_GSS_LSOA11",
        "parent_area_id": "E06000052",
        "parent_area_name": "Cornwall",
        "boundary_vintage": "LSOA 2011",
        "source_area_record": true,
        "accepted_parcel_record": false,
        "spatial_binding_method": "OFFICIAL_POLYGON_AND_EXACT_IDENTIFIER",
        "source_window_record_index": 41,
        "source_url": "https://raw.githubusercontent.com/ONSdigital/cdn.ons.gov.uk-assets/130bb351004270950dd4a434e27d80b588e7d0af/assets/topojson/lsoa_by_lad/topo_E06000052.json",
        "final_url": "https://raw.githubusercontent.com/ONSdigital/cdn.ons.gov.uk-assets/130bb351004270950dd4a434e27d80b588e7d0af/assets/topojson/lsoa_by_lad/topo_E06000052.json",
        "source_access_utc": "2026-10-02T10:40:00Z",
        "source_blob_sha": "5122ed59a03427c9913f20d0db5b9b203e7be41c",
        "source_file_sha256": "e313e88941def9339fe827e65196b707403d8baf6817be8b1b5216998e358b21",
        "field_evidence": {
          "LSOA11CD": "E01018892",
          "LSOA11NM": "Cornwall 045D",
          "geometry_type": "Polygon",
          "parent_LAD": "E06000052"
        },
        "evidence_slice_sha256": "606b185a329cc278749b8e4e7c09a93c92456e2701ffec3f41d8a081ce64adc8",
        "confidence_score_0_100": 96,
        "evidence_grade": "A",
        "licence": "Open Government Licence v3.0",
        "licence_evidence_url": "https://www.ons.gov.uk/methodology/geography/licences",
        "fake_data": false,
        "local_spatial_join_status": "DEFERRED_TO_LOCAL_OPENCODE"
      }
    },
    {
      "type": "Feature",
      "id": "E01018893",
      "geometry": {
        "type": "Polygon",
        "coordinates": [
          [
            [
              -5.255588845799484,
              50.250667889952155
            ],
            [
              -5.256379159895983,
              50.25183497021756
            ],
            [
              -5.259698479101274,
              50.25212674028391
            ],
            [
              -5.260014604739874,
              50.251154173396074
            ],
            [
              -5.258908165004777,
              50.25154320015121
            ],
            [
              -5.258117850908278,
              50.25027886319702
            ],
            [
              -5.259856541920574,
              50.249111782931614
            ],
            [
              -5.260804918836372,
              50.249695323064316
            ],
            [
              -5.262227484210069,
              50.2497925797531
            ],
            [
              -5.263491986764466,
              50.24940355299796
            ],
            [
              -5.2639661752223645,
              50.24852824279891
            ],
            [
              -5.265072614957462,
              50.248625499487694
            ],
            [
              -5.266020991873259,
              50.24804195935499
            ],
            [
              -5.266653243150458,
              50.24804195935499
            ],
            [
              -5.2669693687890575,
              50.24784744597742
            ],
            [
              -5.265388740596061,
              50.24668036571202
            ],
            [
              -5.266811305969758,
              50.24599956889053
            ],
            [
              -5.2669693687890575,
              50.245610542135395
            ],
            [
              -5.267601620066255,
              50.24551328544661
            ],
            [
              -5.267601620066255,
              50.24502700200269
            ],
            [
              -5.266495180331158,
              50.24463797524756
            ],
            [
              -5.266495180331158,
              50.24424894849242
            ],
            [
              -5.265388740596061,
              50.2431791249158
            ],
            [
              -5.264914552138162,
              50.243081868227016
            ],
            [
              -5.264440363680263,
              50.243568151670935
            ],
            [
              -5.2639661752223645,
              50.2437626650485
            ],
            [
              -5.2641242380416635,
              50.244054435114855
            ],
            [
              -5.2655468034153605,
              50.243957178426065
            ],
            [
              -5.2655468034153605,
              50.24473523193634
            ],
            [
              -5.266337117511859,
              50.24502700200269
            ],
            [
              -5.266337117511859,
              50.24551328544661
            ],
            [
              -5.263017798306566,
              50.24522151538026
            ],
            [
              -5.262859735487267,
              50.2443462051812
            ],
            [
              -5.26159523293287,
              50.244054435114855
            ],
            [
              -5.26143717011357,
              50.24385992173728
            ],
            [
              -5.26175329575217,
              50.24347089498215
            ],
            [
              -5.262701672667967,
              50.24327638160458
            ],
            [
              -5.263175861125866,
              50.242498328094314
            ],
            [
              -5.263175861125866,
              50.24172027458404
            ],
            [
              -5.262227484210069,
              50.2413312478289
            ],
            [
              -5.262701672667967,
              50.240942221073766
            ],
            [
              -5.2639661752223645,
              50.24123399114012
            ],
            [
              -5.265388740596061,
              50.24230381471674
            ],
            [
              -5.266495180331158,
              50.24230381471674
            ],
            [
              -5.268075808524155,
              50.242887354849444
            ],
            [
              -5.267917745704855,
              50.243957178426065
            ],
            [
              -5.268233871343454,
              50.244054435114855
            ],
            [
              -5.268075808524155,
              50.24551328544661
            ],
            [
              -5.268391934162754,
              50.245610542135395
            ],
            [
              -5.270762876452248,
              50.24502700200269
            ],
            [
              -5.270762876452248,
              50.24473523193634
            ],
            [
              -5.271553190548746,
              50.244929745313904
            ],
            [
              -5.2731338187417425,
              50.244054435114855
            ],
            [
              -5.273449944380341,
              50.24424894849242
            ],
            [
              -5.272817693103143,
              50.24599956889053
            ],
            [
              -5.270604813632948,
              50.24580505551296
            ],
            [
              -5.2701306251750495,
              50.246583109023234
            ],
            [
              -5.270446750813648,
              50.247652932599856
            ],
            [
              -5.269024185439952,
              50.24833372942134
            ],
            [
              -5.269498373897851,
              50.249209039620396
            ],
            [
              -5.2701306251750495,
              50.249209039620396
            ],
            [
              -5.271237064910147,
              50.249695323064316
            ],
            [
              -5.2731338187417425,
              50.24950080968675
            ],
            [
              -5.27424025847684,
              50.24882001286526
            ],
            [
              -5.275662823850536,
              50.24959806637553
            ],
            [
              -5.276927326404933,
              50.251154173396074
            ],
            [
              -5.275820886669836,
              50.25358559061567
            ],
            [
              -5.275030572573337,
              50.25348833392689
            ],
            [
              -5.273766070018941,
              50.253196563860534
            ],
            [
              -5.2731338187417425,
              50.25261302372783
            ],
            [
              -5.271395127729447,
              50.25300205048297
            ],
            [
              -5.270604813632948,
              50.25397461737081
            ],
            [
              -5.269498373897851,
              50.25455815750351
            ],
            [
              -5.267443557246956,
              50.25553072439135
            ],
            [
              -5.265862929053959,
              50.255725237768914
            ],
            [
              -5.265230677776762,
              50.25669780465675
            ],
            [
              -5.2639661752223645,
              50.25669780465675
            ],
            [
              -5.264282300860963,
              50.256892318034325
            ],
            [
              -5.263650049583765,
              50.25698957472311
            ],
            [
              -5.263650049583765,
              50.257378601478244
            ],
            [
              -5.262227484210069,
              50.25757311485581
            ],
            [
              -5.262227484210069,
              50.257864884922164
            ],
            [
              -5.26175329575217,
              50.257864884922164
            ],
            [
              -5.259382353462676,
              50.25698957472311
            ],
            [
              -5.25764366245038,
              50.255238954324994
            ],
            [
              -5.2565372227152825,
              50.252710280416615
            ],
            [
              -5.255904971438084,
              50.25212674028391
            ],
            [
              -5.255588845799484,
              50.250667889952155
            ]
          ]
        ]
      },
      "properties": {
        "slot_id": "gas_emissions_6",
        "lineage_id": "LOCAL-NEW-92271296-1318-4c0c-a293-d0d4ebc2d06b",
        "page_generation": 1,
        "semantic_mode": "AREA_JOIN",
        "partition": {
          "start": 76904,
          "end": 92283,
          "count": 15380
        },
        "evidence_scope": "coverage_area",
        "coverage_area_id": "E01018893",
        "coverage_area_name": "Cornwall 045E",
        "coverage_area_identifier_scheme": "ONS_GSS_LSOA11",
        "parent_area_id": "E06000052",
        "parent_area_name": "Cornwall",
        "boundary_vintage": "LSOA 2011",
        "source_area_record": true,
        "accepted_parcel_record": false,
        "spatial_binding_method": "OFFICIAL_POLYGON_AND_EXACT_IDENTIFIER",
        "source_window_record_index": 42,
        "source_url": "https://raw.githubusercontent.com/ONSdigital/cdn.ons.gov.uk-assets/130bb351004270950dd4a434e27d80b588e7d0af/assets/topojson/lsoa_by_lad/topo_E06000052.json",
        "final_url": "https://raw.githubusercontent.com/ONSdigital/cdn.ons.gov.uk-assets/130bb351004270950dd4a434e27d80b588e7d0af/assets/topojson/lsoa_by_lad/topo_E06000052.json",
        "source_access_utc": "2026-10-02T10:40:00Z",
        "source_blob_sha": "5122ed59a03427c9913f20d0db5b9b203e7be41c",
        "source_file_sha256": "e313e88941def9339fe827e65196b707403d8baf6817be8b1b5216998e358b21",
        "field_evidence": {
          "LSOA11CD": "E01018893",
          "LSOA11NM": "Cornwall 045E",
          "geometry_type": "Polygon",
          "parent_LAD": "E06000052"
        },
        "evidence_slice_sha256": "606b185a329cc278749b8e4e7c09a93c92456e2701ffec3f41d8a081ce64adc8",
        "confidence_score_0_100": 96,
        "evidence_grade": "A",
        "licence": "Open Government Licence v3.0",
        "licence_evidence_url": "https://www.ons.gov.uk/methodology/geography/licences",
        "fake_data": false,
        "local_spatial_join_status": "DEFERRED_TO_LOCAL_OPENCODE"
      }
    },
    {
      "type": "Feature",
      "id": "E01018894",
      "geometry": {
        "type": "Polygon",
        "coordinates": [
          [
            [
              -5.227927852422051,
              50.20952831059658
            ],
            [
              -5.22824397806065,
              50.20748592013212
            ],
            [
              -5.229034292157149,
              50.206610609933065
            ],
            [
              -5.229034292157149,
              50.20602706980036
            ],
            [
              -5.22808591524135,
              50.20534627297887
            ],
            [
              -5.229034292157149,
              50.20466547615739
            ],
            [
              -5.229192354976448,
              50.20485998953495
            ],
            [
              -5.233776176736137,
              50.20320662582563
            ],
            [
              -5.236305181844931,
              50.20174777549387
            ],
            [
              -5.236305181844931,
              50.20116423536117
            ],
            [
              -5.237411621580028,
              50.20077520860603
            ],
            [
              -5.237253558760728,
              50.20009441178455
            ],
            [
              -5.237727747218628,
              50.20009441178455
            ],
            [
              -5.237727747218628,
              50.19960812834063
            ],
            [
              -5.240098689508121,
              50.19853830476401
            ],
            [
              -5.2413631920625186,
              50.198343791386435
            ],
            [
              -5.243101883074814,
              50.19688494105468
            ],
            [
              -5.244050259990612,
              50.19717671112103
            ],
            [
              -5.24468251126781,
              50.196301400921975
            ],
            [
              -5.248001830473103,
              50.19406449707995
            ],
            [
              -5.248792144569601,
              50.192800160125756
            ],
            [
              -5.249424395846799,
              50.191341309794
            ],
            [
              -5.249266333027499,
              50.19036874290616
            ],
            [
              -5.2551146573415854,
              50.188034582375344
            ],
            [
              -5.255588845799484,
              50.18939617601832
            ],
            [
              -5.254956594522286,
              50.18959068939589
            ],
            [
              -5.255904971438084,
              50.19036874290616
            ],
            [
              -5.256853348353881,
              50.19357821363603
            ],
            [
              -5.260330730378473,
              50.19688494105468
            ],
            [
              -5.260646856017072,
              50.19863556145279
            ],
            [
              -5.2625436098486675,
              50.20184503218265
            ],
            [
              -5.263491986764466,
              50.20223405893779
            ],
            [
              -5.2655468034153605,
              50.20417919271347
            ],
            [
              -5.26570486623466,
              50.20447096277982
            ],
            [
              -5.263333923945166,
              50.20602706980036
            ],
            [
              -5.26175329575217,
              50.20602706980036
            ],
            [
              -5.2609629816556716,
              50.20651335324428
            ],
            [
              -5.258908165004777,
              50.20680512331063
            ],
            [
              -5.258433976546877,
              50.20738866344334
            ],
            [
              -5.259066227824076,
              50.20787494688726
            ],
            [
              -5.259382353462676,
              50.20991733735172
            ],
            [
              -5.258908165004777,
              50.20991733735172
            ],
            [
              -5.258750102185477,
              50.21195972781618
            ],
            [
              -5.25732753681178,
              50.21195972781618
            ],
            [
              -5.257011411173181,
              50.21254326794888
            ],
            [
              -5.25732753681178,
              50.2136130915255
            ],
            [
              -5.2565372227152825,
              50.21409937496942
            ],
            [
              -5.25337596632929,
              50.213710348214285
            ],
            [
              -5.252427589413492,
              50.21400211828064
            ],
            [
              -5.2519534009555935,
              50.21351583483672
            ],
            [
              -5.249266333027499,
              50.214391145035776
            ],
            [
              -5.250688898401196,
              50.2154609686124
            ],
            [
              -5.249740521485399,
              50.21594725205632
            ],
            [
              -5.249266333027499,
              50.216725305566584
            ],
            [
              -5.251321149678395,
              50.21857318265348
            ],
            [
              -5.251005024039795,
              50.21954574954132
            ],
            [
              -5.25321790350999,
              50.22022654636281
            ],
            [
              -5.252269526594192,
              50.22110185656186
            ],
            [
              -5.2519534009555935,
              50.2220744234497
            ],
            [
              -5.248792144569601,
              50.22382504384781
            ],
            [
              -5.2459470138222075,
              50.22343601709267
            ],
            [
              -5.243734134352013,
              50.223533273781456
            ],
            [
              -5.241679317701118,
              50.22314424702632
            ],
            [
              -5.239150312592324,
              50.225089380802
            ],
            [
              -5.238992249773024,
              50.22489486742443
            ],
            [
              -5.238043872857227,
              50.22382504384781
            ],
            [
              -5.238043872857227,
              50.22285247695997
            ],
            [
              -5.23677937030283,
              50.22022654636281
            ],
            [
              -5.237253558760728,
              50.21808689920956
            ],
            [
              -5.232195548543141,
              50.213224064770365
            ],
            [
              -5.230140731892246,
              50.21108441761712
            ],
            [
              -5.229034292157149,
              50.21127893099469
            ],
            [
              -5.22840204087995,
              50.21098716092834
            ],
            [
              -5.227927852422051,
              50.20952831059658
            ]
          ]
        ]
      },
      "properties": {
        "slot_id": "gas_emissions_6",
        "lineage_id": "LOCAL-NEW-92271296-1318-4c0c-a293-d0d4ebc2d06b",
        "page_generation": 1,
        "semantic_mode": "AREA_JOIN",
        "partition": {
          "start": 76904,
          "end": 92283,
          "count": 15380
        },
        "evidence_scope": "coverage_area",
        "coverage_area_id": "E01018894",
        "coverage_area_name": "Cornwall 051A",
        "coverage_area_identifier_scheme": "ONS_GSS_LSOA11",
        "parent_area_id": "E06000052",
        "parent_area_name": "Cornwall",
        "boundary_vintage": "LSOA 2011",
        "source_area_record": true,
        "accepted_parcel_record": false,
        "spatial_binding_method": "OFFICIAL_POLYGON_AND_EXACT_IDENTIFIER",
        "source_window_record_index": 43,
        "source_url": "https://raw.githubusercontent.com/ONSdigital/cdn.ons.gov.uk-assets/130bb351004270950dd4a434e27d80b588e7d0af/assets/topojson/lsoa_by_lad/topo_E06000052.json",
        "final_url": "https://raw.githubusercontent.com/ONSdigital/cdn.ons.gov.uk-assets/130bb351004270950dd4a434e27d80b588e7d0af/assets/topojson/lsoa_by_lad/topo_E06000052.json",
        "source_access_utc": "2026-10-02T10:40:00Z",
        "source_blob_sha": "5122ed59a03427c9913f20d0db5b9b203e7be41c",
        "source_file_sha256": "e313e88941def9339fe827e65196b707403d8baf6817be8b1b5216998e358b21",
        "field_evidence": {
          "LSOA11CD": "E01018894",
          "LSOA11NM": "Cornwall 051A",
          "geometry_type": "Polygon",
          "parent_LAD": "E06000052"
        },
        "evidence_slice_sha256": "606b185a329cc278749b8e4e7c09a93c92456e2701ffec3f41d8a081ce64adc8",
        "confidence_score_0_100": 96,
        "evidence_grade": "A",
        "licence": "Open Government Licence v3.0",
        "licence_evidence_url": "https://www.ons.gov.uk/methodology/geography/licences",
        "fake_data": false,
        "local_spatial_join_status": "DEFERRED_TO_LOCAL_OPENCODE"
      }
    },
    {
      "type": "Feature",
      "id": "E01018895",
      "geometry": {
        "type": "Polygon",
        "coordinates": [
          [
            [
              -5.243576071532713,
              50.230730268751465
            ],
            [
              -5.241837380520417,
              50.228687878287005
            ],
            [
              -5.240256752327421,
              50.22684000120011
            ],
            [
              -5.239466438230924,
              50.226159204378625
            ],
            [
              -5.239150312592324,
              50.225089380802
            ],
            [
              -5.241679317701118,
              50.22314424702632
            ],
            [
              -5.243734134352013,
              50.223533273781456
            ],
            [
              -5.2459470138222075,
              50.22343601709267
            ],
            [
              -5.248792144569601,
              50.22382504384781
            ],
            [
              -5.2519534009555935,
              50.2220744234497
            ],
            [
              -5.252269526594192,
              50.22110185656186
            ],
            [
              -5.25321790350999,
              50.22022654636281
            ],
            [
              -5.258117850908278,
              50.22071282980673
            ],
            [
              -5.258117850908278,
              50.22168539669456
            ],
            [
              -5.256379159895983,
              50.22236619351605
            ],
            [
              -5.256853348353881,
              50.22333876040389
            ],
            [
              -5.255904971438084,
              50.22372778715903
            ],
            [
              -5.256379159895983,
              50.224019557225375
            ],
            [
              -5.255430782980185,
              50.22440858398051
            ],
            [
              -5.255430782980185,
              50.22538115086835
            ],
            [
              -5.256379159895983,
              50.22713177126646
            ],
            [
              -5.26127910729427,
              50.225575664245916
            ],
            [
              -5.2639661752223645,
              50.225478407557134
            ],
            [
              -5.26570486623466,
              50.22713177126646
            ],
            [
              -5.266495180331158,
              50.228590621598215
            ],
            [
              -5.264598426499563,
              50.22888239166457
            ],
            [
              -5.265388740596061,
              50.229174161730924
            ],
            [
              -5.265230677776762,
              50.229563188486054
            ],
            [
              -5.264282300860963,
              50.229660445174844
            ],
            [
              -5.2639661752223645,
              50.22936867510849
            ],
            [
              -5.263333923945166,
              50.2311192955066
            ],
            [
              -5.261911358571469,
              50.23063301206268
            ],
            [
              -5.260646856017072,
              50.230243985307546
            ],
            [
              -5.260172667559173,
              50.23063301206268
            ],
            [
              -5.259698479101274,
              50.23014672861876
            ],
            [
              -5.258908165004777,
              50.23043849868511
            ],
            [
              -5.258592039366177,
              50.22995221524119
            ],
            [
              -5.25764366245038,
              50.23043849868511
            ],
            [
              -5.256379159895983,
              50.22985495855241
            ],
            [
              -5.256695285534581,
              50.23141106557295
            ],
            [
              -5.256221097076683,
              50.23150832226173
            ],
            [
              -5.256063034257384,
              50.23131380888417
            ],
            [
              -5.255746908618784,
              50.23150832226173
            ],
            [
              -5.255904971438084,
              50.23355071272619
            ],
            [
              -5.2535340291485895,
              50.23423150954768
            ],
            [
              -5.253850154787188,
              50.23539858981309
            ],
            [
              -5.2535340291485895,
              50.236273900012144
            ],
            [
              -5.253059840690691,
              50.236273900012144
            ],
            [
              -5.253059840690691,
              50.23569035987944
            ],
            [
              -5.2519534009555935,
              50.23403699617011
            ],
            [
              -5.2475276420152035,
              50.23238363246079
            ],
            [
              -5.24484057408711,
              50.23150832226173
            ],
            [
              -5.243576071532713,
              50.230730268751465
            ]
          ]
        ]
      },
      "properties": {
        "slot_id": "gas_emissions_6",
        "lineage_id": "LOCAL-NEW-92271296-1318-4c0c-a293-d0d4ebc2d06b",
        "page_generation": 1,
        "semantic_mode": "AREA_JOIN",
        "partition": {
          "start": 76904,
          "end": 92283,
          "count": 15380
        },
        "evidence_scope": "coverage_area",
        "coverage_area_id": "E01018895",
        "coverage_area_name": "Cornwall 051B",
        "coverage_area_identifier_scheme": "ONS_GSS_LSOA11",
        "parent_area_id": "E06000052",
        "parent_area_name": "Cornwall",
        "boundary_vintage": "LSOA 2011",
        "source_area_record": true,
        "accepted_parcel_record": false,
        "spatial_binding_method": "OFFICIAL_POLYGON_AND_EXACT_IDENTIFIER",
        "source_window_record_index": 44,
        "source_url": "https://raw.githubusercontent.com/ONSdigital/cdn.ons.gov.uk-assets/130bb351004270950dd4a434e27d80b588e7d0af/assets/topojson/lsoa_by_lad/topo_E06000052.json",
        "final_url": "https://raw.githubusercontent.com/ONSdigital/cdn.ons.gov.uk-assets/130bb351004270950dd4a434e27d80b588e7d0af/assets/topojson/lsoa_by_lad/topo_E06000052.json",
        "source_access_utc": "2026-10-02T10:40:00Z",
        "source_blob_sha": "5122ed59a03427c9913f20d0db5b9b203e7be41c",
        "source_file_sha256": "e313e88941def9339fe827e65196b707403d8baf6817be8b1b5216998e358b21",
        "field_evidence": {
          "LSOA11CD": "E01018895",
          "LSOA11NM": "Cornwall 051B",
          "geometry_type": "Polygon",
          "parent_LAD": "E06000052"
        },
        "evidence_slice_sha256": "606b185a329cc278749b8e4e7c09a93c92456e2701ffec3f41d8a081ce64adc8",
        "confidence_score_0_100": 96,
        "evidence_grade": "A",
        "licence": "Open Government Licence v3.0",
        "licence_evidence_url": "https://www.ons.gov.uk/methodology/geography/licences",
        "fake_data": false,
        "local_spatial_join_status": "DEFERRED_TO_LOCAL_OPENCODE"
      }
    },
    {
      "type": "Feature",
      "id": "E01018896",
      "geometry": {
        "type": "Polygon",
        "coordinates": [
          [
            [
              -5.256221097076683,
              50.23150832226173
            ],
            [
              -5.258275913727578,
              50.23335619934863
            ],
            [
              -5.258908165004777,
              50.23384248279255
            ],
            [
              -5.260646856017072,
              50.23335619934863
            ],
            [
              -5.261121044474971,
              50.233745226103764
            ],
            [
              -5.263017798306566,
              50.233258942659845
            ],
            [
              -5.263333923945166,
              50.23306442928227
            ],
            [
              -5.263017798306566,
              50.23267540252714
            ],
            [
              -5.263808112403065,
              50.23218911908322
            ],
            [
              -5.264598426499563,
              50.23238363246079
            ],
            [
              -5.264756489318862,
              50.231800092328086
            ],
            [
              -5.264598426499563,
              50.231702835639304
            ],
            [
              -5.2671274316083565,
              50.23131380888417
            ],
            [
              -5.267759682885555,
              50.23063301206268
            ],
            [
              -5.267443557246956,
              50.23092478212903
            ],
            [
              -5.266020991873259,
              50.22985495855241
            ],
            [
              -5.268075808524155,
              50.22878513497579
            ],
            [
              -5.2687080598013525,
              50.22946593179727
            ],
            [
              -5.269024185439952,
              50.229076905042135
            ],
            [
              -5.269340311078551,
              50.22927141841971
            ],
            [
              -5.269182248259252,
              50.229563188486054
            ],
            [
              -5.270446750813648,
              50.229563188486054
            ],
            [
              -5.271237064910147,
              50.23014672861876
            ],
            [
              -5.270604813632948,
              50.23141106557295
            ],
            [
              -5.271869316187345,
              50.232286375772006
            ],
            [
              -5.271395127729447,
              50.23248088914957
            ],
            [
              -5.266653243150458,
              50.23364796941498
            ],
            [
              -5.265072614957462,
              50.23403699617011
            ],
            [
              -5.26175329575217,
              50.23491230636917
            ],
            [
              -5.263175861125866,
              50.23724646689998
            ],
            [
              -5.2639661752223645,
              50.238413547165386
            ],
            [
              -5.2625436098486675,
              50.23899708729809
            ],
            [
              -5.2625436098486675,
              50.23909434398688
            ],
            [
              -5.259224290643376,
              50.241914787961605
            ],
            [
              -5.258117850908278,
              50.24347089498215
            ],
            [
              -5.255746908618784,
              50.24522151538026
            ],
            [
              -5.2535340291485895,
              50.24531877206904
            ],
            [
              -5.2521114637748925,
              50.24269284147188
            ],
            [
              -5.252269526594192,
              50.24026142425228
            ],
            [
              -5.25337596632929,
              50.237343723588765
            ],
            [
              -5.253059840690691,
              50.236273900012144
            ],
            [
              -5.2535340291485895,
              50.236273900012144
            ],
            [
              -5.253850154787188,
              50.23539858981309
            ],
            [
              -5.2535340291485895,
              50.23423150954768
            ],
            [
              -5.255904971438084,
              50.23355071272619
            ],
            [
              -5.255746908618784,
              50.23150832226173
            ],
            [
              -5.256063034257384,
              50.23131380888417
            ],
            [
              -5.256221097076683,
              50.23150832226173
            ]
          ]
        ]
      },
      "properties": {
        "slot_id": "gas_emissions_6",
        "lineage_id": "LOCAL-NEW-92271296-1318-4c0c-a293-d0d4ebc2d06b",
        "page_generation": 1,
        "semantic_mode": "AREA_JOIN",
        "partition": {
          "start": 76904,
          "end": 92283,
          "count": 15380
        },
        "evidence_scope": "coverage_area",
        "coverage_area_id": "E01018896",
        "coverage_area_name": "Cornwall 051C",
        "coverage_area_identifier_scheme": "ONS_GSS_LSOA11",
        "parent_area_id": "E06000052",
        "parent_area_name": "Cornwall",
        "boundary_vintage": "LSOA 2011",
        "source_area_record": true,
        "accepted_parcel_record": false,
        "spatial_binding_method": "OFFICIAL_POLYGON_AND_EXACT_IDENTIFIER",
        "source_window_record_index": 45,
        "source_url": "https://raw.githubusercontent.com/ONSdigital/cdn.ons.gov.uk-assets/130bb351004270950dd4a434e27d80b588e7d0af/assets/topojson/lsoa_by_lad/topo_E06000052.json",
        "final_url": "https://raw.githubusercontent.com/ONSdigital/cdn.ons.gov.uk-assets/130bb351004270950dd4a434e27d80b588e7d0af/assets/topojson/lsoa_by_lad/topo_E06000052.json",
        "source_access_utc": "2026-10-02T10:40:00Z",
        "source_blob_sha": "5122ed59a03427c9913f20d0db5b9b203e7be41c",
        "source_file_sha256": "e313e88941def9339fe827e65196b707403d8baf6817be8b1b5216998e358b21",
        "field_evidence": {
          "LSOA11CD": "E01018896",
          "LSOA11NM": "Cornwall 051C",
          "geometry_type": "Polygon",
          "parent_LAD": "E06000052"
        },
        "evidence_slice_sha256": "606b185a329cc278749b8e4e7c09a93c92456e2701ffec3f41d8a081ce64adc8",
        "confidence_score_0_100": 96,
        "evidence_grade": "A",
        "licence": "Open Government Licence v3.0",
        "licence_evidence_url": "https://www.ons.gov.uk/methodology/geography/licences",
        "fake_data": false,
        "local_spatial_join_status": "DEFERRED_TO_LOCAL_OPENCODE"
      }
    },
    {
      "type": "Feature",
      "id": "E01018897",
      "geometry": {
        "type": "Polygon",
        "coordinates": [
          [
            [
              -5.268075808524155,
              50.22878513497579
            ],
            [
              -5.2671274316083565,
              50.22849336490943
            ],
            [
              -5.266495180331158,
              50.228590621598215
            ],
            [
              -5.26570486623466,
              50.22713177126646
            ],
            [
              -5.2639661752223645,
              50.225478407557134
            ],
            [
              -5.26127910729427,
              50.225575664245916
            ],
            [
              -5.256379159895983,
              50.22713177126646
            ],
            [
              -5.255430782980185,
              50.22538115086835
            ],
            [
              -5.255430782980185,
              50.22440858398051
            ],
            [
              -5.256379159895983,
              50.224019557225375
            ],
            [
              -5.255904971438084,
              50.22372778715903
            ],
            [
              -5.256853348353881,
              50.22333876040389
            ],
            [
              -5.256379159895983,
              50.22236619351605
            ],
            [
              -5.258117850908278,
              50.22168539669456
            ],
            [
              -5.258117850908278,
              50.22071282980673
            ],
            [
              -5.25321790350999,
              50.22022654636281
            ],
            [
              -5.251005024039795,
              50.21954574954132
            ],
            [
              -5.251321149678395,
              50.21857318265348
            ],
            [
              -5.249266333027499,
              50.216725305566584
            ],
            [
              -5.249740521485399,
              50.21594725205632
            ],
            [
              -5.250688898401196,
              50.2154609686124
            ],
            [
              -5.249266333027499,
              50.214391145035776
            ],
            [
              -5.2519534009555935,
              50.21351583483672
            ],
            [
              -5.252427589413492,
              50.21400211828064
            ],
            [
              -5.25337596632929,
              50.213710348214285
            ],
            [
              -5.2565372227152825,
              50.21409937496942
            ],
            [
              -5.25732753681178,
              50.2136130915255
            ],
            [
              -5.257011411173181,
              50.21254326794888
            ],
            [
              -5.25732753681178,
              50.21195972781618
            ],
            [
              -5.258750102185477,
              50.21195972781618
            ],
            [
              -5.258908165004777,
              50.20991733735172
            ],
            [
              -5.259382353462676,
              50.20991733735172
            ],
            [
              -5.259066227824076,
              50.20787494688726
            ],
            [
              -5.258433976546877,
              50.20738866344334
            ],
            [
              -5.258908165004777,
              50.20680512331063
            ],
            [
              -5.2609629816556716,
              50.20651335324428
            ],
            [
              -5.26175329575217,
              50.20602706980036
            ],
            [
              -5.263333923945166,
              50.20602706980036
            ],
            [
              -5.26570486623466,
              50.20447096277982
            ],
            [
              -5.266337117511859,
              50.20544352966766
            ],
            [
              -5.267759682885555,
              50.2064160965555
            ],
            [
              -5.267917745704855,
              50.20738866344334
            ],
            [
              -5.269340311078551,
              50.20972282397415
            ],
            [
              -5.272659630283844,
              50.21205698450496
            ],
            [
              -5.2732918815610414,
              50.213710348214285
            ],
            [
              -5.273449944380341,
              50.215752738678745
            ],
            [
              -5.27408219565754,
              50.216239022122664
            ],
            [
              -5.277717640501431,
              50.21730884569929
            ],
            [
              -5.278982143055828,
              50.217892385831995
            ],
            [
              -5.279298268694427,
              50.21974026291889
            ],
            [
              -5.279140205875128,
              50.22032380305159
            ],
            [
              -5.280088582790926,
              50.22158814000578
            ],
            [
              -5.280404708429525,
              50.221977166760915
            ],
            [
              -5.27834989177863,
              50.22304699033754
            ],
            [
              -5.278982143055828,
              50.22431132729173
            ],
            [
              -5.277559577682132,
              50.22440858398051
            ],
            [
              -5.277243452043533,
              50.22489486742443
            ],
            [
              -5.277717640501431,
              50.225186637490786
            ],
            [
              -5.276769263585633,
              50.225575664245916
            ],
            [
              -5.277085389224233,
              50.226061947689836
            ],
            [
              -5.279772457152326,
              50.224992124113214
            ],
            [
              -5.281036959706723,
              50.22528389417957
            ],
            [
              -5.2821433994418205,
              50.225089380802
            ],
            [
              -5.282775650719019,
              50.22645097444497
            ],
            [
              -5.284356278912015,
              50.22742354133281
            ],
            [
              -5.285304655827813,
              50.228104338154296
            ],
            [
              -5.280088582790926,
              50.22985495855241
            ],
            [
              -5.271869316187345,
              50.232286375772006
            ],
            [
              -5.270604813632948,
              50.23141106557295
            ],
            [
              -5.271237064910147,
              50.23014672861876
            ],
            [
              -5.270446750813648,
              50.229563188486054
            ],
            [
              -5.269182248259252,
              50.229563188486054
            ],
            [
              -5.269340311078551,
              50.22927141841971
            ],
            [
              -5.269024185439952,
              50.229076905042135
            ],
            [
              -5.2687080598013525,
              50.22946593179727
            ],
            [
              -5.268075808524155,
              50.22878513497579
            ]
          ]
        ]
      },
      "properties": {
        "slot_id": "gas_emissions_6",
        "lineage_id": "LOCAL-NEW-92271296-1318-4c0c-a293-d0d4ebc2d06b",
        "page_generation": 1,
        "semantic_mode": "AREA_JOIN",
        "partition": {
          "start": 76904,
          "end": 92283,
          "count": 15380
        },
        "evidence_scope": "coverage_area",
        "coverage_area_id": "E01018897",
        "coverage_area_name": "Cornwall 051D",
        "coverage_area_identifier_scheme": "ONS_GSS_LSOA11",
        "parent_area_id": "E06000052",
        "parent_area_name": "Cornwall",
        "boundary_vintage": "LSOA 2011",
        "source_area_record": true,
        "accepted_parcel_record": false,
        "spatial_binding_method": "OFFICIAL_POLYGON_AND_EXACT_IDENTIFIER",
        "source_window_record_index": 46,
        "source_url": "https://raw.githubusercontent.com/ONSdigital/cdn.ons.gov.uk-assets/130bb351004270950dd4a434e27d80b588e7d0af/assets/topojson/lsoa_by_lad/topo_E06000052.json",
        "final_url": "https://raw.githubusercontent.com/ONSdigital/cdn.ons.gov.uk-assets/130bb351004270950dd4a434e27d80b588e7d0af/assets/topojson/lsoa_by_lad/topo_E06000052.json",
        "source_access_utc": "2026-10-02T10:40:00Z",
        "source_blob_sha": "5122ed59a03427c9913f20d0db5b9b203e7be41c",
        "source_file_sha256": "e313e88941def9339fe827e65196b707403d8baf6817be8b1b5216998e358b21",
        "field_evidence": {
          "LSOA11CD": "E01018897",
          "LSOA11NM": "Cornwall 051D",
          "geometry_type": "Polygon",
          "parent_LAD": "E06000052"
        },
        "evidence_slice_sha256": "606b185a329cc278749b8e4e7c09a93c92456e2701ffec3f41d8a081ce64adc8",
        "confidence_score_0_100": 96,
        "evidence_grade": "A",
        "licence": "Open Government Licence v3.0",
        "licence_evidence_url": "https://www.ons.gov.uk/methodology/geography/licences",
        "fake_data": false,
        "local_spatial_join_status": "DEFERRED_TO_LOCAL_OPENCODE"
      }
    },
    {
      "type": "Feature",
      "id": "E01018898",
      "geometry": {
        "type": "Polygon",
        "coordinates": [
          [
            [
              -5.256221097076683,
              50.23150832226173
            ],
            [
              -5.256695285534581,
              50.23141106557295
            ],
            [
              -5.256379159895983,
              50.22985495855241
            ],
            [
              -5.25764366245038,
              50.23043849868511
            ],
            [
              -5.258592039366177,
              50.22995221524119
            ],
            [
              -5.258908165004777,
              50.23043849868511
            ],
            [
              -5.259698479101274,
              50.23014672861876
            ],
            [
              -5.260172667559173,
              50.23063301206268
            ],
            [
              -5.260646856017072,
              50.230243985307546
            ],
            [
              -5.261911358571469,
              50.23063301206268
            ],
            [
              -5.263333923945166,
              50.2311192955066
            ],
            [
              -5.2639661752223645,
              50.22936867510849
            ],
            [
              -5.264282300860963,
              50.229660445174844
            ],
            [
              -5.265230677776762,
              50.229563188486054
            ],
            [
              -5.265388740596061,
              50.229174161730924
            ],
            [
              -5.264598426499563,
              50.22888239166457
            ],
            [
              -5.266495180331158,
              50.228590621598215
            ],
            [
              -5.2671274316083565,
              50.22849336490943
            ],
            [
              -5.268075808524155,
              50.22878513497579
            ],
            [
              -5.266020991873259,
              50.22985495855241
            ],
            [
              -5.267443557246956,
              50.23092478212903
            ],
            [
              -5.267759682885555,
              50.23063301206268
            ],
            [
              -5.2671274316083565,
              50.23131380888417
            ],
            [
              -5.264598426499563,
              50.231702835639304
            ],
            [
              -5.264756489318862,
              50.231800092328086
            ],
            [
              -5.264598426499563,
              50.23238363246079
            ],
            [
              -5.263808112403065,
              50.23218911908322
            ],
            [
              -5.263017798306566,
              50.23267540252714
            ],
            [
              -5.263333923945166,
              50.23306442928227
            ],
            [
              -5.263017798306566,
              50.233258942659845
            ],
            [
              -5.261121044474971,
              50.233745226103764
            ],
            [
              -5.260646856017072,
              50.23335619934863
            ],
            [
              -5.258908165004777,
              50.23384248279255
            ],
            [
              -5.258275913727578,
              50.23335619934863
            ],
            [
              -5.256221097076683,
              50.23150832226173
            ]
          ]
        ]
      },
      "properties": {
        "slot_id": "gas_emissions_6",
        "lineage_id": "LOCAL-NEW-92271296-1318-4c0c-a293-d0d4ebc2d06b",
        "page_generation": 1,
        "semantic_mode": "AREA_JOIN",
        "partition": {
          "start": 76904,
          "end": 92283,
          "count": 15380
        },
        "evidence_scope": "coverage_area",
        "coverage_area_id": "E01018898",
        "coverage_area_name": "Cornwall 051E",
        "coverage_area_identifier_scheme": "ONS_GSS_LSOA11",
        "parent_area_id": "E06000052",
        "parent_area_name": "Cornwall",
        "boundary_vintage": "LSOA 2011",
        "source_area_record": true,
        "accepted_parcel_record": false,
        "spatial_binding_method": "OFFICIAL_POLYGON_AND_EXACT_IDENTIFIER",
        "source_window_record_index": 47,
        "source_url": "https://raw.githubusercontent.com/ONSdigital/cdn.ons.gov.uk-assets/130bb351004270950dd4a434e27d80b588e7d0af/assets/topojson/lsoa_by_lad/topo_E06000052.json",
        "final_url": "https://raw.githubusercontent.com/ONSdigital/cdn.ons.gov.uk-assets/130bb351004270950dd4a434e27d80b588e7d0af/assets/topojson/lsoa_by_lad/topo_E06000052.json",
        "source_access_utc": "2026-10-02T10:40:00Z",
        "source_blob_sha": "5122ed59a03427c9913f20d0db5b9b203e7be41c",
        "source_file_sha256": "e313e88941def9339fe827e65196b707403d8baf6817be8b1b5216998e358b21",
        "field_evidence": {
          "LSOA11CD": "E01018898",
          "LSOA11NM": "Cornwall 051E",
          "geometry_type": "Polygon",
          "parent_LAD": "E06000052"
        },
        "evidence_slice_sha256": "606b185a329cc278749b8e4e7c09a93c92456e2701ffec3f41d8a081ce64adc8",
        "confidence_score_0_100": 96,
        "evidence_grade": "A",
        "licence": "Open Government Licence v3.0",
        "licence_evidence_url": "https://www.ons.gov.uk/methodology/geography/licences",
        "fake_data": false,
        "local_spatial_join_status": "DEFERRED_TO_LOCAL_OPENCODE"
      }
    },
    {
      "type": "Feature",
      "id": "E01018899",
      "geometry": {
        "type": "Polygon",
        "coordinates": [
          [
            [
              -5.1206031981176094,
              50.17548846952223
            ],
            [
              -5.12044513529831,
              50.174807672700744
            ],
            [
              -5.120761260936909,
              50.17451590263439
            ],
            [
              -5.119970946840411,
              50.17373784912412
            ],
            [
              -5.119338695563212,
              50.17354333574655
            ],
            [
              -5.1176000045509165,
              50.173348822368986
            ],
            [
              -5.117125816093018,
              50.17257076885871
            ],
            [
              -5.119970946840411,
              50.170820148460606
            ],
            [
              -5.119812884021111,
              50.17043112170547
            ],
            [
              -5.122025763491306,
              50.16683262422047
            ],
            [
              -5.122658014768504,
              50.16576280064384
            ],
            [
              -5.1247128314194,
              50.16527651719992
            ],
            [
              -5.1247128314194,
              50.16430395031208
            ],
            [
              -5.125503145515897,
              50.16430395031208
            ],
            [
              -5.1264515224316956,
              50.16372041017938
            ],
            [
              -5.1266095852509945,
              50.16333138342424
            ],
            [
              -5.125503145515897,
              50.16235881653641
            ],
            [
              -5.124870894238699,
              50.162456073225194
            ],
            [
              -5.123606391684302,
              50.161483506337355
            ],
            [
              -5.123448328865003,
              50.16012191269438
            ],
            [
              -5.121551575033407,
              50.16021916938316
            ],
            [
              -5.119970946840411,
              50.16080270951586
            ],
            [
              -5.119812884021111,
              50.160510939449516
            ],
            [
              -5.121077386575508,
              50.159927399316814
            ],
            [
              -5.1243967057808,
              50.15963562925046
            ],
            [
              -5.125187019877298,
              50.15905208911776
            ],
            [
              -5.125977333973797,
              50.15749598209722
            ],
            [
              -5.128980527540489,
              50.15613438845424
            ],
            [
              -5.129296653179089,
              50.15535633494397
            ],
            [
              -5.130719218552785,
              50.153994741301
            ],
            [
              -5.131825658287882,
              50.15350845785708
            ],
            [
              -5.13277403520368,
              50.151174297326264
            ],
            [
              -5.136093354408972,
              50.14845111004031
            ],
            [
              -5.137990108240568,
              50.145144382621666
            ],
            [
              -5.140835238987961,
              50.14378278897869
            ],
            [
              -5.142257804361657,
              50.144074559045045
            ],
            [
              -5.142573930000257,
              50.14378278897869
            ],
            [
              -5.143996495373953,
              50.144074559045045
            ],
            [
              -5.1446287466511516,
              50.143491018912336
            ],
            [
              -5.144470683831852,
              50.14203216858058
            ],
            [
              -5.143522306916054,
              50.141448628447876
            ],
            [
              -5.143522306916054,
              50.14076783162639
            ],
            [
              -5.1446287466511516,
              50.13921172460585
            ],
            [
              -5.142890055638856,
              50.13921172460585
            ],
            [
              -5.141467490265159,
              50.13882269785071
            ],
            [
              -5.14099330180726,
              50.13814190102923
            ],
            [
              -5.141467490265159,
              50.13716933414139
            ],
            [
              -5.14115136462656,
              50.1364885373199
            ],
            [
              -5.141783615903758,
              50.13609951056476
            ],
            [
              -5.141467490265159,
              50.1359049971872
            ],
            [
              -5.144786809470451,
              50.13395986341152
            ],
            [
              -5.14541906074765,
              50.13386260672274
            ],
            [
              -5.1492125684108405,
              50.13444614685544
            ],
            [
              -5.150477070965238,
              50.13415437678909
            ],
            [
              -5.151583510700335,
              50.13318180990125
            ],
            [
              -5.152531887616132,
              50.13259826976854
            ],
            [
              -5.153006076074031,
              50.131820216258276
            ],
            [
              -5.153322201712631,
              50.13395986341152
            ],
            [
              -5.156483458098623,
              50.13444614685544
            ],
            [
              -5.158222149110919,
              50.135321457054495
            ],
            [
              -5.159486651665316,
              50.13658579400868
            ],
            [
              -5.160276965761814,
              50.139406237983415
            ],
            [
              -5.159486651665316,
              50.14047606156004
            ],
            [
              -5.162647908051309,
              50.14339376222355
            ],
            [
              -5.164070473425005,
              50.143977302356255
            ],
            [
              -5.167705918268896,
              50.15010447374964
            ],
            [
              -5.171025237474188,
              50.15282766103559
            ],
            [
              -5.171341363112787,
              50.1545782814337
            ],
            [
              -5.169760734919791,
              50.15807952222992
            ],
            [
              -5.170551049016289,
              50.160316426071944
            ],
            [
              -5.169128483642592,
              50.16138624964857
            ],
            [
              -5.1673897926302965,
              50.16235881653641
            ],
            [
              -5.165334975979402,
              50.16167801971492
            ],
            [
              -5.164386599063604,
              50.16226155984762
            ],
            [
              -5.164386599063604,
              50.16284509998033
            ],
            [
              -5.162647908051309,
              50.16284509998033
            ],
            [
              -5.16201565677411,
              50.16216430315884
            ],
            [
              -5.160435028581113,
              50.16265058660276
            ],
            [
              -5.160593091400413,
              50.16313687004668
            ],
            [
              -5.159960840123214,
              50.1636231534906
            ],
            [
              -5.1567995837372225,
              50.163525896801815
            ],
            [
              -5.157115709375821,
              50.16381766686816
            ],
            [
              -5.155060892724927,
              50.164498463689654
            ],
            [
              -5.151425447881035,
              50.1666381108429
            ],
            [
              -5.153322201712631,
              50.16799970448587
            ],
            [
              -5.154112515809128,
              50.168096961174655
            ],
            [
              -5.15758989783372,
              50.17043112170547
            ],
            [
              -5.159012463207417,
              50.172668025547495
            ],
            [
              -5.157431835014421,
              50.17509944276709
            ],
            [
              -5.157431835014421,
              50.1762665230325
            ],
            [
              -5.15790602347232,
              50.17675280647642
            ],
            [
              -5.154744767086327,
              50.17655829309885
            ],
            [
              -5.153164138893331,
              50.17753085998669
            ],
            [
              -5.1522157619775335,
              50.17860068356331
            ],
            [
              -5.151899636338934,
              50.18015679058386
            ],
            [
              -5.150160945326638,
              50.17967050713994
            ],
            [
              -5.147473877398545,
              50.17830891349696
            ],
            [
              -5.146683563302046,
              50.17714183323155
            ],
            [
              -5.149686756868739,
              50.175682982899794
            ],
            [
              -5.147790003037144,
              50.17412687587925
            ],
            [
              -5.14526099792835,
              50.173154308991414
            ],
            [
              -5.143996495373953,
              50.173154308991414
            ],
            [
              -5.142573930000257,
              50.173835105812906
            ],
            [
              -5.1402029877107625,
              50.17412687587925
            ],
            [
              -5.137990108240568,
              50.17558572621101
            ],
            [
              -5.1310353441913845,
              50.1762665230325
            ],
            [
              -5.1310353441913845,
              50.17675280647642
            ],
            [
              -5.12834827626329,
              50.176850063165205
            ],
            [
              -5.121709637852707,
              50.178892453629665
            ],
            [
              -5.1206031981176094,
              50.17850342687453
            ],
            [
              -5.1206031981176094,
              50.17782263005304
            ],
            [
              -5.119970946840411,
              50.17743360329791
            ],
            [
              -5.1206031981176094,
              50.17548846952223
            ]
          ]
        ]
      },
      "properties": {
        "slot_id": "gas_emissions_6",
        "lineage_id": "LOCAL-NEW-92271296-1318-4c0c-a293-d0d4ebc2d06b",
        "page_generation": 1,
        "semantic_mode": "AREA_JOIN",
        "partition": {
          "start": 76904,
          "end": 92283,
          "count": 15380
        },
        "evidence_scope": "coverage_area",
        "coverage_area_id": "E01018899",
        "coverage_area_name": "Cornwall 066C",
        "coverage_area_identifier_scheme": "ONS_GSS_LSOA11",
        "parent_area_id": "E06000052",
        "parent_area_name": "Cornwall",
        "boundary_vintage": "LSOA 2011",
        "source_area_record": true,
        "accepted_parcel_record": false,
        "spatial_binding_method": "OFFICIAL_POLYGON_AND_EXACT_IDENTIFIER",
        "source_window_record_index": 48,
        "source_url": "https://raw.githubusercontent.com/ONSdigital/cdn.ons.gov.uk-assets/130bb351004270950dd4a434e27d80b588e7d0af/assets/topojson/lsoa_by_lad/topo_E06000052.json",
        "final_url": "https://raw.githubusercontent.com/ONSdigital/cdn.ons.gov.uk-assets/130bb351004270950dd4a434e27d80b588e7d0af/assets/topojson/lsoa_by_lad/topo_E06000052.json",
        "source_access_utc": "2026-10-02T10:40:00Z",
        "source_blob_sha": "5122ed59a03427c9913f20d0db5b9b203e7be41c",
        "source_file_sha256": "e313e88941def9339fe827e65196b707403d8baf6817be8b1b5216998e358b21",
        "field_evidence": {
          "LSOA11CD": "E01018899",
          "LSOA11NM": "Cornwall 066C",
          "geometry_type": "Polygon",
          "parent_LAD": "E06000052"
        },
        "evidence_slice_sha256": "606b185a329cc278749b8e4e7c09a93c92456e2701ffec3f41d8a081ce64adc8",
        "confidence_score_0_100": 96,
        "evidence_grade": "A",
        "licence": "Open Government Licence v3.0",
        "licence_evidence_url": "https://www.ons.gov.uk/methodology/geography/licences",
        "fake_data": false,
        "local_spatial_join_status": "DEFERRED_TO_LOCAL_OPENCODE"
      }
    },
    {
      "type": "Feature",
      "id": "E01018900",
      "geometry": {
        "type": "Polygon",
        "coordinates": [
          [
            [
              -5.093890581655973,
              50.161191736271
            ],
            [
              -5.094206707294573,
              50.16109447958222
            ],
            [
              -5.095629272668269,
              50.1606081961383
            ],
            [
              -5.097684089319165,
              50.15973288593924
            ],
            [
              -5.100371157247258,
              50.15953837256168
            ],
            [
              -5.100213094427959,
              50.158857575740186
            ],
            [
              -5.101161471343756,
              50.156912441964515
            ],
            [
              -5.100213094427959,
              50.1551618215664
            ],
            [
              -5.100213094427959,
              50.15506456487762
            ],
            [
              -5.098632466234962,
              50.153702971234644
            ],
            [
              -5.098474403415663,
              50.15243863428045
            ],
            [
              -5.097051838041966,
              50.15049350050478
            ],
            [
              -5.09547120984897,
              50.14932642023937
            ],
            [
              -5.09547120984897,
              50.146992259708554
            ],
            [
              -5.09515508421037,
              50.14465809917775
            ],
            [
              -5.094048644475273,
              50.143101992157206
            ],
            [
              -5.09136157654718,
              50.14154588513666
            ],
            [
              -5.091045450908581,
              50.140865088315174
            ],
            [
              -5.092784141920877,
              50.13814190102923
            ],
            [
              -5.0932583303787755,
              50.13541871374328
            ],
            [
              -5.093732518836674,
              50.13493243029936
            ],
            [
              -5.093732518836674,
              50.13454340354422
            ],
            [
              -5.094997021391071,
              50.1334735799676
            ],
            [
              -5.095787335487569,
              50.131722959569494
            ],
            [
              -5.095629272668269,
              50.13084764937044
            ],
            [
              -5.096261523945468,
              50.13036136592652
            ],
            [
              -5.096735712403367,
              50.12919428566111
            ],
            [
              -5.096577649584067,
              50.12831897546206
            ],
            [
              -5.094364770113873,
              50.124525964599485
            ],
            [
              -5.098316340596363,
              50.12335888433408
            ],
            [
              -5.09958084315076,
              50.12335888433408
            ],
            [
              -5.101003408524456,
              50.12472047797705
            ],
            [
              -5.102584036717452,
              50.1262765849976
            ],
            [
              -5.104796916187647,
              50.12715189519665
            ],
            [
              -5.1100129892245345,
              50.130750392681655
            ],
            [
              -5.1114355545982315,
              50.13084764937044
            ],
            [
              -5.113490371249126,
              50.13055587930408
            ],
            [
              -5.115545187900022,
              50.13143118950314
            ],
            [
              -5.115545187900022,
              50.13191747294706
            ],
            [
              -5.1144387481649245,
              50.1334735799676
            ],
            [
              -5.115387125080722,
              50.134640660233
            ],
            [
              -5.116809690454419,
              50.13454340354422
            ],
            [
              -5.119654821201812,
              50.13765561758531
            ],
            [
              -5.120919323756208,
              50.13726659083017
            ],
            [
              -5.121867700672007,
              50.13678030738625
            ],
            [
              -5.124238642961501,
              50.13668305069747
            ],
            [
              -5.12866440190189,
              50.13366809334517
            ],
            [
              -5.134512726215976,
              50.134348890166656
            ],
            [
              -5.137357856963369,
              50.136294023942334
            ],
            [
              -5.139886862072163,
              50.135807740498414
            ],
            [
              -5.141467490265159,
              50.1359049971872
            ],
            [
              -5.141783615903758,
              50.13609951056476
            ],
            [
              -5.14115136462656,
              50.1364885373199
            ],
            [
              -5.141467490265159,
              50.13716933414139
            ],
            [
              -5.14099330180726,
              50.13814190102923
            ],
            [
              -5.141467490265159,
              50.13882269785071
            ],
            [
              -5.142890055638856,
              50.13921172460585
            ],
            [
              -5.1446287466511516,
              50.13921172460585
            ],
            [
              -5.143522306916054,
              50.14076783162639
            ],
            [
              -5.143522306916054,
              50.141448628447876
            ],
            [
              -5.144470683831852,
              50.14203216858058
            ],
            [
              -5.1446287466511516,
              50.143491018912336
            ],
            [
              -5.143996495373953,
              50.144074559045045
            ],
            [
              -5.142573930000257,
              50.14378278897869
            ],
            [
              -5.142257804361657,
              50.144074559045045
            ],
            [
              -5.140835238987961,
              50.14378278897869
            ],
            [
              -5.137990108240568,
              50.145144382621666
            ],
            [
              -5.136093354408972,
              50.14845111004031
            ],
            [
              -5.13277403520368,
              50.151174297326264
            ],
            [
              -5.131825658287882,
              50.15350845785708
            ],
            [
              -5.130719218552785,
              50.153994741301
            ],
            [
              -5.129296653179089,
              50.15535633494397
            ],
            [
              -5.128980527540489,
              50.15613438845424
            ],
            [
              -5.125977333973797,
              50.15749598209722
            ],
            [
              -5.125187019877298,
              50.15905208911776
            ],
            [
              -5.1243967057808,
              50.15963562925046
            ],
            [
              -5.121077386575508,
              50.159927399316814
            ],
            [
              -5.119812884021111,
              50.160510939449516
            ],
            [
              -5.118390318647415,
              50.16080270951586
            ],
            [
              -5.117283878912318,
              50.16158076302614
            ],
            [
              -5.116651627635119,
              50.161483506337355
            ],
            [
              -5.115861313538621,
              50.16138624964857
            ],
            [
              -5.11190974305613,
              50.16294235666911
            ],
            [
              -5.111119428959633,
              50.162553329913976
            ],
            [
              -5.110487177682434,
              50.16265058660276
            ],
            [
              -5.106693670019243,
              50.164595720378436
            ],
            [
              -5.1054291674648455,
              50.16469297706722
            ],
            [
              -5.100529220066558,
              50.164498463689654
            ],
            [
              -5.096577649584067,
              50.16372041017938
            ],
            [
              -5.09515508421037,
              50.16274784329154
            ],
            [
              -5.093890581655973,
              50.161191736271
            ]
          ]
        ]
      },
      "properties": {
        "slot_id": "gas_emissions_6",
        "lineage_id": "LOCAL-NEW-92271296-1318-4c0c-a293-d0d4ebc2d06b",
        "page_generation": 1,
        "semantic_mode": "AREA_JOIN",
        "partition": {
          "start": 76904,
          "end": 92283,
          "count": 15380
        },
        "evidence_scope": "coverage_area",
        "coverage_area_id": "E01018900",
        "coverage_area_name": "Cornwall 066D",
        "coverage_area_identifier_scheme": "ONS_GSS_LSOA11",
        "parent_area_id": "E06000052",
        "parent_area_name": "Cornwall",
        "boundary_vintage": "LSOA 2011",
        "source_area_record": true,
        "accepted_parcel_record": false,
        "spatial_binding_method": "OFFICIAL_POLYGON_AND_EXACT_IDENTIFIER",
        "source_window_record_index": 49,
        "source_url": "https://raw.githubusercontent.com/ONSdigital/cdn.ons.gov.uk-assets/130bb351004270950dd4a434e27d80b588e7d0af/assets/topojson/lsoa_by_lad/topo_E06000052.json",
        "final_url": "https://raw.githubusercontent.com/ONSdigital/cdn.ons.gov.uk-assets/130bb351004270950dd4a434e27d80b588e7d0af/assets/topojson/lsoa_by_lad/topo_E06000052.json",
        "source_access_utc": "2026-10-02T10:40:00Z",
        "source_blob_sha": "5122ed59a03427c9913f20d0db5b9b203e7be41c",
        "source_file_sha256": "e313e88941def9339fe827e65196b707403d8baf6817be8b1b5216998e358b21",
        "field_evidence": {
          "LSOA11CD": "E01018900",
          "LSOA11NM": "Cornwall 066D",
          "geometry_type": "Polygon",
          "parent_LAD": "E06000052"
        },
        "evidence_slice_sha256": "606b185a329cc278749b8e4e7c09a93c92456e2701ffec3f41d8a081ce64adc8",
        "confidence_score_0_100": 96,
        "evidence_grade": "A",
        "licence": "Open Government Licence v3.0",
        "licence_evidence_url": "https://www.ons.gov.uk/methodology/geography/licences",
        "fake_data": false,
        "local_spatial_join_status": "DEFERRED_TO_LOCAL_OPENCODE"
      }
    },
    {
      "type": "Feature",
      "id": "E01018901",
      "geometry": {
        "type": "Polygon",
        "coordinates": [
          [
            [
              -5.123922517322901,
              50.199997155095765
            ],
            [
              -5.1247128314194,
              50.199413614963056
            ],
            [
              -5.123922517322901,
              50.198343791386435
            ],
            [
              -5.123606391684302,
              50.19659317098833
            ],
            [
              -5.121393512214107,
              50.19610688754441
            ],
            [
              -5.117916130189516,
              50.19591237416684
            ],
            [
              -5.113174245610527,
              50.19484255059022
            ],
            [
              -5.110961366140333,
              50.19241113337062
            ],
            [
              -5.109696863585936,
              50.19182759323792
            ],
            [
              -5.106535607199943,
              50.190757769661296
            ],
            [
              -5.102900162356052,
              50.188520865819264
            ],
            [
              -5.098790529054262,
              50.18677024542116
            ],
            [
              -5.093100267559476,
              50.188131839064134
            ],
            [
              -5.088990634257685,
              50.188715379196836
            ],
            [
              -5.085513252233094,
              50.188034582375344
            ],
            [
              -5.085197126594495,
              50.18696475879872
            ],
            [
              -5.086461629148891,
              50.186186705288456
            ],
            [
              -5.089148697076985,
              50.18219918104832
            ],
            [
              -5.090097073992783,
              50.181421127538044
            ],
            [
              -5.094997021391071,
              50.179865020517504
            ],
            [
              -5.096893775222666,
              50.17898971031845
            ],
            [
              -5.098948591873562,
              50.17850342687453
            ],
            [
              -5.098948591873562,
              50.17830891349696
            ],
            [
              -5.102109848259554,
              50.178406170185745
            ],
            [
              -5.103374350813951,
              50.180448560650206
            ],
            [
              -5.106693670019243,
              50.17918422369602
            ],
            [
              -5.109222675128037,
              50.178892453629665
            ],
            [
              -5.11175168023683,
              50.17782263005304
            ],
            [
              -5.112225868694729,
              50.17801714343061
            ],
            [
              -5.113490371249126,
              50.176850063165205
            ],
            [
              -5.115070999442123,
              50.17665554978763
            ],
            [
              -5.119338695563212,
              50.17548846952223
            ],
            [
              -5.1206031981176094,
              50.17548846952223
            ],
            [
              -5.119970946840411,
              50.17743360329791
            ],
            [
              -5.1206031981176094,
              50.17782263005304
            ],
            [
              -5.1206031981176094,
              50.17850342687453
            ],
            [
              -5.121709637852707,
              50.178892453629665
            ],
            [
              -5.12834827626329,
              50.176850063165205
            ],
            [
              -5.1310353441913845,
              50.17675280647642
            ],
            [
              -5.1310353441913845,
              50.1762665230325
            ],
            [
              -5.137990108240568,
              50.17558572621101
            ],
            [
              -5.1402029877107625,
              50.17412687587925
            ],
            [
              -5.142573930000257,
              50.173835105812906
            ],
            [
              -5.143996495373953,
              50.173154308991414
            ],
            [
              -5.14526099792835,
              50.173154308991414
            ],
            [
              -5.147790003037144,
              50.17412687587925
            ],
            [
              -5.149686756868739,
              50.175682982899794
            ],
            [
              -5.146683563302046,
              50.17714183323155
            ],
            [
              -5.147473877398545,
              50.17830891349696
            ],
            [
              -5.150160945326638,
              50.17967050713994
            ],
            [
              -5.151899636338934,
              50.18015679058386
            ],
            [
              -5.150951259423136,
              50.18210192435953
            ],
            [
              -5.151741573519635,
              50.1828799778698
            ],
            [
              -5.151583510700335,
              50.183463518002505
            ],
            [
              -5.150160945326638,
              50.18326900462494
            ],
            [
              -5.1507931966038365,
              50.185603165155754
            ],
            [
              -5.150002882507339,
              50.186186705288456
            ],
            [
              -5.150951259423136,
              50.186575732043586
            ],
            [
              -5.150951259423136,
              50.187742812309
            ],
            [
              -5.149686756868739,
              50.18910440595197
            ],
            [
              -5.149054505591541,
              50.19085502635008
            ],
            [
              -5.149686756868739,
              50.19309193019211
            ],
            [
              -5.150319008145938,
              50.19318918688089
            ],
            [
              -5.149686756868739,
              50.194259010457515
            ],
            [
              -5.149844819688039,
              50.19484255059022
            ],
            [
              -5.149528694049439,
              50.19513432065657
            ],
            [
              -5.150477070965238,
              50.196301400921975
            ],
            [
              -5.149528694049439,
              50.19717671112103
            ],
            [
              -5.149528694049439,
              50.197857507942516
            ],
            [
              -5.148422254314342,
              50.19912184489671
            ],
            [
              -5.147157751759946,
              50.199316358274274
            ],
            [
              -5.14510293510905,
              50.19892733151914
            ],
            [
              -5.144154558193253,
              50.19921910158549
            ],
            [
              -5.142731992819556,
              50.19892733151914
            ],
            [
              -5.142573930000257,
              50.19805202132009
            ],
            [
              -5.141941678723058,
              50.19766299456495
            ],
            [
              -5.140361050530061,
              50.19756573787617
            ],
            [
              -5.1386223595177665,
              50.196787684365894
            ],
            [
              -5.136409480047571,
              50.19639865761076
            ],
            [
              -5.134354663396676,
              50.19707945443225
            ],
            [
              -5.134038537758077,
              50.19756573787617
            ],
            [
              -5.134354663396676,
              50.19853830476401
            ],
            [
              -5.133248223661579,
              50.19892733151914
            ],
            [
              -5.131509532649283,
              50.19853830476401
            ],
            [
              -5.130719218552785,
              50.198343791386435
            ],
            [
              -5.1280321506246915,
              50.198830074830354
            ],
            [
              -5.127241836528193,
              50.19912184489671
            ],
            [
              -5.126767648070294,
              50.199899898406976
            ],
            [
              -5.125661208335197,
              50.19960812834063
            ],
            [
              -5.124870894238699,
              50.20019166847333
            ],
            [
              -5.123922517322901,
              50.199997155095765
            ]
          ]
        ]
      },
      "properties": {
        "slot_id": "gas_emissions_6",
        "lineage_id": "LOCAL-NEW-92271296-1318-4c0c-a293-d0d4ebc2d06b",
        "page_generation": 1,
        "semantic_mode": "AREA_JOIN",
        "partition": {
          "start": 76904,
          "end": 92283,
          "count": 15380
        },
        "evidence_scope": "coverage_area",
        "coverage_area_id": "E01018901",
        "coverage_area_name": "Cornwall 066E",
        "coverage_area_identifier_scheme": "ONS_GSS_LSOA11",
        "parent_area_id": "E06000052",
        "parent_area_name": "Cornwall",
        "boundary_vintage": "LSOA 2011",
        "source_area_record": true,
        "accepted_parcel_record": false,
        "spatial_binding_method": "OFFICIAL_POLYGON_AND_EXACT_IDENTIFIER",
        "source_window_record_index": 50,
        "source_url": "https://raw.githubusercontent.com/ONSdigital/cdn.ons.gov.uk-assets/130bb351004270950dd4a434e27d80b588e7d0af/assets/topojson/lsoa_by_lad/topo_E06000052.json",
        "final_url": "https://raw.githubusercontent.com/ONSdigital/cdn.ons.gov.uk-assets/130bb351004270950dd4a434e27d80b588e7d0af/assets/topojson/lsoa_by_lad/topo_E06000052.json",
        "source_access_utc": "2026-10-02T10:40:00Z",
        "source_blob_sha": "5122ed59a03427c9913f20d0db5b9b203e7be41c",
        "source_file_sha256": "e313e88941def9339fe827e65196b707403d8baf6817be8b1b5216998e358b21",
        "field_evidence": {
          "LSOA11CD": "E01018901",
          "LSOA11NM": "Cornwall 066E",
          "geometry_type": "Polygon",
          "parent_LAD": "E06000052"
        },
        "evidence_slice_sha256": "606b185a329cc278749b8e4e7c09a93c92456e2701ffec3f41d8a081ce64adc8",
        "confidence_score_0_100": 96,
        "evidence_grade": "A",
        "licence": "Open Government Licence v3.0",
        "licence_evidence_url": "https://www.ons.gov.uk/methodology/geography/licences",
        "fake_data": false,
        "local_spatial_join_status": "DEFERRED_TO_LOCAL_OPENCODE"
      }
    }
  ]
}
