{"type":"FeatureCollection","name":"building_type_9_20261009T072631Z_BANES_OS_IMPORTANT_BUILDINGS_50","features":[{"type":"Feature","id":"1BA370DC-982B-4E3F-8BC0-5EAA74866BCF","geometry":{"type":"Polygon","coordinates":[[[-2.282271070314941,51.41625217463155],[-2.281584061928327,51.416285479017276],[-2.281594464363848,51.41641034756454],[-2.281515111690774,51.41641431482345],[-2.281497225869742,51.4161481160357],[-2.282330164102472,51.416111043621704],[-2.282374060156984,51.41639696113299],[-2.282290247656488,51.41640058000545],[-2.282271070314941,51.41625217463155]]]},"properties":{"slot_id":"building_type_9","lineage_id":"building_type_9-20261001T200900Z-newstart","page_generation":1,"batch_id":"20261009T072631Z_BANES_OS_IMPORTANT_BUILDINGS_50","source_entity":"1BA370DC-982B-4E3F-8BC0-5EAA74866BCF","source_reference":"1BA370DC-982B-4E3F-8BC0-5EAA74866BCF","source_dataset":"OS Open Map Local Important Buildings","source_organisation":"Ordnance Survey via Bath:Hacked","building_evidence_status":"BUILDING_PRESENT","parcel_status":"UNPROCESSED","canonical_parcel_id":null,"building_type":"medical_care_accommodation","building_use":"medical_care_accommodation_as_of_2017_10_05","poi_accepted":false,"field_evidence":{"footprint":"Ordnance Survey OS Open Map Local Important Buildings Polygon; 2017-10-05 snapshot, CRS84 from publicly republished original OS data","type":"classifica=Medical Care Accommodation; buildgthem=Medical Care; featcode=15020","use":"Classified as shown by original source in 2017, no independent evidence of current operation","source_name":"Shockerwick House","source_os_id":"1BA370DC-982B-4E3F-8BC0-5EAA74866BCF"},"source_url":"https://raw.githubusercontent.com/BathHacked/banes-geographic-data/cd6eed166f84793d921f8b1051005304e734cca4/os_important_buildings.geojson","final_url":"https://raw.githubusercontent.com/BathHacked/banes-geographic-data/cd6eed166f84793d921f8b1051005304e734cca4/os_important_buildings.geojson","http_status":null,"http_status_note":"GitHub public connector read, numeric HTTP status not exposed","access_utc":"2026-10-09T07:26:31.024Z","data_date":"2017-10-05","licence":"OS OpenData Licence (http://os.uk/opendata/licence); source attribution: Contains OS data Crown copyright and database right [year], as listed by Bath:Hacked","source_sha256":"4cfaa794d5f28332ba88a858f635b000fa5543a5d4bc6f37fc39e56c337bdfaa","source_sha256_scope":"full 939-feature GeoJSON UTF-8 file pinned to immutable source blob","evidence_slice_sha256":"93e2c594ca8af5035cfd661c7b0fb228ce910e2abb0f4f74cda16e482cb1a5ef","confidence_score_0_100":84,"evidence_grade":"B","fake_data":false,"local_spatial_join_required":true}},{"type":"Feature","id":"0E74CF89-B9C7-4BD2-B491-0BCC39FE6162","geometry":{"type":"Polygon","coordinates":[[[-2.280984153620055,51.41649957167144],[-2.280919799232076,51.41644029147501],[-2.281030667348497,51.41639326906668],[-2.281095021813375,51.416452549202575],[-2.280984153620055,51.41649957167144]]]},"properties":{"slot_id":"building_type_9","lineage_id":"building_type_9-20261001T200900Z-newstart","page_generation":1,"batch_id":"20261009T072631Z_BANES_OS_IMPORTANT_BUILDINGS_50","source_entity":"0E74CF89-B9C7-4BD2-B491-0BCC39FE6162","source_reference":"0E74CF89-B9C7-4BD2-B491-0BCC39FE6162","source_dataset":"OS Open Map Local Important Buildings","source_organisation":"Ordnance Survey via Bath:Hacked","building_evidence_status":"BUILDING_PRESENT","parcel_status":"UNPROCESSED","canonical_parcel_id":null,"building_type":"medical_care_accommodation","building_use":"medical_care_accommodation_as_of_2017_10_05","poi_accepted":false,"field_evidence":{"footprint":"Ordnance Survey OS Open Map Local Important Buildings Polygon; 2017-10-05 snapshot, CRS84 from publicly republished original OS data","type":"classifica=Medical Care Accommodation; buildgthem=Medical Care; featcode=15020","use":"Classified as shown by original source in 2017, no independent evidence of current operation","source_name":"Shockerwick House","source_os_id":"0E74CF89-B9C7-4BD2-B491-0BCC39FE6162"},"source_url":"https://raw.githubusercontent.com/BathHacked/banes-geographic-data/cd6eed166f84793d921f8b1051005304e734cca4/os_important_buildings.geojson","final_url":"https://raw.githubusercontent.com/BathHacked/banes-geographic-data/cd6eed166f84793d921f8b1051005304e734cca4/os_important_buildings.geojson","http_status":null,"http_status_note":"GitHub public connector read, numeric HTTP status not exposed","access_utc":"2026-10-09T07:26:31.024Z","data_date":"2017-10-05","licence":"OS OpenData Licence (http://os.uk/opendata/licence); source attribution: Contains OS data Crown copyright and database right [year], as listed by Bath:Hacked","source_sha256":"4cfaa794d5f28332ba88a858f635b000fa5543a5d4bc6f37fc39e56c337bdfaa","source_sha256_scope":"full 939-feature GeoJSON UTF-8 file pinned to immutable source blob","evidence_slice_sha256":"2e5161e3922bd43d27af646b739542599e14b1ebc056966ec3b247a92bdaa071","confidence_score_0_100":84,"evidence_grade":"B","fake_data":false,"local_spatial_join_required":true}},{"type":"Feature","id":"4ADD2D0C-A1F5-4795-A44C-8C6D055F697F","geometry":{"type":"Polygon","coordinates":[[[-2.516042076316278,51.42363711748772],[-2.515407381201821,51.42352158096589],[-2.515542216880654,51.42323433353506],[-2.51573663741572,51.42327034370575],[-2.515701096805335,51.423345490612995],[-2.516140653376921,51.42342537919699],[-2.516042076316278,51.42363711748772]]]},"properties":{"slot_id":"building_type_9","lineage_id":"building_type_9-20261001T200900Z-newstart","page_generation":1,"batch_id":"20261009T072631Z_BANES_OS_IMPORTANT_BUILDINGS_50","source_entity":"4ADD2D0C-A1F5-4795-A44C-8C6D055F697F","source_reference":"4ADD2D0C-A1F5-4795-A44C-8C6D055F697F","source_dataset":"OS Open Map Local Important Buildings","source_organisation":"Ordnance Survey via Bath:Hacked","building_evidence_status":"BUILDING_PRESENT","parcel_status":"UNPROCESSED","canonical_parcel_id":null,"building_type":"fire_station","building_use":"fire_station_as_of_2017_10_05","poi_accepted":false,"field_evidence":{"footprint":"Ordnance Survey OS Open Map Local Important Buildings Polygon; 2017-10-05 snapshot, CRS84 from publicly republished original OS data","type":"classifica=Fire Station; buildgthem=Emergency Service; featcode=15023","use":"Classified as shown by original source in 2017, no independent evidence of current operation","source_name":"Unknown","source_os_id":"4ADD2D0C-A1F5-4795-A44C-8C6D055F697F"},"source_url":"https://raw.githubusercontent.com/BathHacked/banes-geographic-data/cd6eed166f84793d921f8b1051005304e734cca4/os_important_buildings.geojson","final_url":"https://raw.githubusercontent.com/BathHacked/banes-geographic-data/cd6eed166f84793d921f8b1051005304e734cca4/os_important_buildings.geojson","http_status":null,"http_status_note":"GitHub public connector read, numeric HTTP status not exposed","access_utc":"2026-10-09T07:26:31.024Z","data_date":"2017-10-05","licence":"OS OpenData Licence (http://os.uk/opendata/licence); source attribution: Contains OS data Crown copyright and database right [year], as listed by Bath:Hacked","source_sha256":"4cfaa794d5f28332ba88a858f635b000fa5543a5d4bc6f37fc39e56c337bdfaa","source_sha256_scope":"full 939-feature GeoJSON UTF-8 file pinned to immutable source blob","evidence_slice_sha256":"dd93f3c9d05883ad6369891f4e803fc8fb5a6a4b379da347594c3ea1e6f0ae90","confidence_score_0_100":84,"evidence_grade":"B","fake_data":false,"local_spatial_join_required":true}},{"type":"Feature","id":"BAA954FE-6D0F-44CD-8BB4-B4AB29987CEB","geometry":{"type":"Polygon","coordinates":[[[-2.515113862342624,51.424175666447034],[-2.515177492266001,51.424040331925305],[-2.51548115786316,51.42409618326883],[-2.515417527749575,51.42423142803964],[-2.515113862342624,51.424175666447034]]]},"properties":{"slot_id":"building_type_9","lineage_id":"building_type_9-20261001T200900Z-newstart","page_generation":1,"batch_id":"20261009T072631Z_BANES_OS_IMPORTANT_BUILDINGS_50","source_entity":"BAA954FE-6D0F-44CD-8BB4-B4AB29987CEB","source_reference":"BAA954FE-6D0F-44CD-8BB4-B4AB29987CEB","source_dataset":"OS Open Map Local Important Buildings","source_organisation":"Ordnance Survey via Bath:Hacked","building_evidence_status":"BUILDING_PRESENT","parcel_status":"UNPROCESSED","canonical_parcel_id":null,"building_type":"fire_station","building_use":"fire_station_as_of_2017_10_05","poi_accepted":false,"field_evidence":{"footprint":"Ordnance Survey OS Open Map Local Important Buildings Polygon; 2017-10-05 snapshot, CRS84 from publicly republished original OS data","type":"classifica=Fire Station; buildgthem=Emergency Service; featcode=15023","use":"Classified as shown by original source in 2017, no independent evidence of current operation","source_name":"Unknown","source_os_id":"BAA954FE-6D0F-44CD-8BB4-B4AB29987CEB"},"source_url":"https://raw.githubusercontent.com/BathHacked/banes-geographic-data/cd6eed166f84793d921f8b1051005304e734cca4/os_important_buildings.geojson","final_url":"https://raw.githubusercontent.com/BathHacked/banes-geographic-data/cd6eed166f84793d921f8b1051005304e734cca4/os_important_buildings.geojson","http_status":null,"http_status_note":"GitHub public connector read, numeric HTTP status not exposed","access_utc":"2026-10-09T07:26:31.024Z","data_date":"2017-10-05","licence":"OS OpenData Licence (http://os.uk/opendata/licence); source attribution: Contains OS data Crown copyright and database right [year], as listed by Bath:Hacked","source_sha256":"4cfaa794d5f28332ba88a858f635b000fa5543a5d4bc6f37fc39e56c337bdfaa","source_sha256_scope":"full 939-feature GeoJSON UTF-8 file pinned to immutable source blob","evidence_slice_sha256":"aa49f85c5c8f1eb5af3c2a5a2526796d4a4678394ac7e3bd0269ff3339db13fe","confidence_score_0_100":84,"evidence_grade":"B","fake_data":false,"local_spatial_join_required":true}},{"type":"Feature","id":"63A351AF-CEA6-4CE1-A05D-F49FBB697F99","geometry":{"type":"Polygon","coordinates":[[[-2.515348304548617,51.42352462824601],[-2.515279127599477,51.423511984507904],[-2.51534640829352,51.42336890099112],[-2.515415586056566,51.42338163460254],[-2.515348304548617,51.42352462824601]]]},"properties":{"slot_id":"building_type_9","lineage_id":"building_type_9-20261001T200900Z-newstart","page_generation":1,"batch_id":"20261009T072631Z_BANES_OS_IMPORTANT_BUILDINGS_50","source_entity":"63A351AF-CEA6-4CE1-A05D-F49FBB697F99","source_reference":"63A351AF-CEA6-4CE1-A05D-F49FBB697F99","source_dataset":"OS Open Map Local Important Buildings","source_organisation":"Ordnance Survey via Bath:Hacked","building_evidence_status":"BUILDING_PRESENT","parcel_status":"UNPROCESSED","canonical_parcel_id":null,"building_type":"fire_station","building_use":"fire_station_as_of_2017_10_05","poi_accepted":false,"field_evidence":{"footprint":"Ordnance Survey OS Open Map Local Important Buildings Polygon; 2017-10-05 snapshot, CRS84 from publicly republished original OS data","type":"classifica=Fire Station; buildgthem=Emergency Service; featcode=15023","use":"Classified as shown by original source in 2017, no independent evidence of current operation","source_name":"Unknown","source_os_id":"63A351AF-CEA6-4CE1-A05D-F49FBB697F99"},"source_url":"https://raw.githubusercontent.com/BathHacked/banes-geographic-data/cd6eed166f84793d921f8b1051005304e734cca4/os_important_buildings.geojson","final_url":"https://raw.githubusercontent.com/BathHacked/banes-geographic-data/cd6eed166f84793d921f8b1051005304e734cca4/os_important_buildings.geojson","http_status":null,"http_status_note":"GitHub public connector read, numeric HTTP status not exposed","access_utc":"2026-10-09T07:26:31.024Z","data_date":"2017-10-05","licence":"OS OpenData Licence (http://os.uk/opendata/licence); source attribution: Contains OS data Crown copyright and database right [year], as listed by Bath:Hacked","source_sha256":"4cfaa794d5f28332ba88a858f635b000fa5543a5d4bc6f37fc39e56c337bdfaa","source_sha256_scope":"full 939-feature GeoJSON UTF-8 file pinned to immutable source blob","evidence_slice_sha256":"a6580b838a879e1ac768e83c310a2232297c2b2e5cb896939bcc63cee45f4f53","confidence_score_0_100":84,"evidence_grade":"B","fake_data":false,"local_spatial_join_required":true}},{"type":"Feature","id":"A1B18DF9-9D6F-4777-8276-185C2A7DBFD2","geometry":{"type":"Polygon","coordinates":[[[-2.515208870034882,51.423646179326646],[-2.515321283906893,51.4236668153585],[-2.515265093047566,51.42378575242826],[-2.515152822724186,51.42376511571137],[-2.515208870034882,51.423646179326646]]]},"properties":{"slot_id":"building_type_9","lineage_id":"building_type_9-20261001T200900Z-newstart","page_generation":1,"batch_id":"20261009T072631Z_BANES_OS_IMPORTANT_BUILDINGS_50","source_entity":"A1B18DF9-9D6F-4777-8276-185C2A7DBFD2","source_reference":"A1B18DF9-9D6F-4777-8276-185C2A7DBFD2","source_dataset":"OS Open Map Local Important Buildings","source_organisation":"Ordnance Survey via Bath:Hacked","building_evidence_status":"BUILDING_PRESENT","parcel_status":"UNPROCESSED","canonical_parcel_id":null,"building_type":"fire_station","building_use":"fire_station_as_of_2017_10_05","poi_accepted":false,"field_evidence":{"footprint":"Ordnance Survey OS Open Map Local Important Buildings Polygon; 2017-10-05 snapshot, CRS84 from publicly republished original OS data","type":"classifica=Fire Station; buildgthem=Emergency Service; featcode=15023","use":"Classified as shown by original source in 2017, no independent evidence of current operation","source_name":"Unknown","source_os_id":"A1B18DF9-9D6F-4777-8276-185C2A7DBFD2"},"source_url":"https://raw.githubusercontent.com/BathHacked/banes-geographic-data/cd6eed166f84793d921f8b1051005304e734cca4/os_important_buildings.geojson","final_url":"https://raw.githubusercontent.com/BathHacked/banes-geographic-data/cd6eed166f84793d921f8b1051005304e734cca4/os_important_buildings.geojson","http_status":null,"http_status_note":"GitHub public connector read, numeric HTTP status not exposed","access_utc":"2026-10-09T07:26:31.024Z","data_date":"2017-10-05","licence":"OS OpenData Licence (http://os.uk/opendata/licence); source attribution: Contains OS data Crown copyright and database right [year], as listed by Bath:Hacked","source_sha256":"4cfaa794d5f28332ba88a858f635b000fa5543a5d4bc6f37fc39e56c337bdfaa","source_sha256_scope":"full 939-feature GeoJSON UTF-8 file pinned to immutable source blob","evidence_slice_sha256":"e967ee7541f56d1253b42a698348097d6201597af4cc073ff253d047cce4cf24","confidence_score_0_100":84,"evidence_grade":"B","fake_data":false,"local_spatial_join_required":true}},{"type":"Feature","id":"9D0C2A0D-1B4C-49C8-A2BC-28047EE272F1","geometry":{"type":"Polygon","coordinates":[[[-2.515139808947929,51.42386120387965],[-2.515241269002788,51.4238797301499],[-2.515192112736409,51.42398478908515],[-2.515090652468172,51.42396626277333],[-2.515139808947929,51.42386120387965]]]},"properties":{"slot_id":"building_type_9","lineage_id":"building_type_9-20261001T200900Z-newstart","page_generation":1,"batch_id":"20261009T072631Z_BANES_OS_IMPORTANT_BUILDINGS_50","source_entity":"9D0C2A0D-1B4C-49C8-A2BC-28047EE272F1","source_reference":"9D0C2A0D-1B4C-49C8-A2BC-28047EE272F1","source_dataset":"OS Open Map Local Important Buildings","source_organisation":"Ordnance Survey via Bath:Hacked","building_evidence_status":"BUILDING_PRESENT","parcel_status":"UNPROCESSED","canonical_parcel_id":null,"building_type":"fire_station","building_use":"fire_station_as_of_2017_10_05","poi_accepted":false,"field_evidence":{"footprint":"Ordnance Survey OS Open Map Local Important Buildings Polygon; 2017-10-05 snapshot, CRS84 from publicly republished original OS data","type":"classifica=Fire Station; buildgthem=Emergency Service; featcode=15023","use":"Classified as shown by original source in 2017, no independent evidence of current operation","source_name":"Unknown","source_os_id":"9D0C2A0D-1B4C-49C8-A2BC-28047EE272F1"},"source_url":"https://raw.githubusercontent.com/BathHacked/banes-geographic-data/cd6eed166f84793d921f8b1051005304e734cca4/os_important_buildings.geojson","final_url":"https://raw.githubusercontent.com/BathHacked/banes-geographic-data/cd6eed166f84793d921f8b1051005304e734cca4/os_important_buildings.geojson","http_status":null,"http_status_note":"GitHub public connector read, numeric HTTP status not exposed","access_utc":"2026-10-09T07:26:31.024Z","data_date":"2017-10-05","licence":"OS OpenData Licence (http://os.uk/opendata/licence); source attribution: Contains OS data Crown copyright and database right [year], as listed by Bath:Hacked","source_sha256":"4cfaa794d5f28332ba88a858f635b000fa5543a5d4bc6f37fc39e56c337bdfaa","source_sha256_scope":"full 939-feature GeoJSON UTF-8 file pinned to immutable source blob","evidence_slice_sha256":"007e6bc4c8db4c73ad13290a92597692904e10b5a8cf7a6337f24f66ae37d628","confidence_score_0_100":84,"evidence_grade":"B","fake_data":false,"local_spatial_join_required":true}},{"type":"Feature","id":"11A75FA4-BB1B-44EA-92C4-E3733199F41A","geometry":{"type":"Polygon","coordinates":[[[-2.509607745608229,51.4169553399543],[-2.509583589954634,51.41678757052883],[-2.510158139376742,51.41675458830813],[-2.510183159881752,51.41692235385324],[-2.509607745608229,51.4169553399543]]]},"properties":{"slot_id":"building_type_9","lineage_id":"building_type_9-20261001T200900Z-newstart","page_generation":1,"batch_id":"20261009T072631Z_BANES_OS_IMPORTANT_BUILDINGS_50","source_entity":"11A75FA4-BB1B-44EA-92C4-E3733199F41A","source_reference":"11A75FA4-BB1B-44EA-92C4-E3733199F41A","source_dataset":"OS Open Map Local Important Buildings","source_organisation":"Ordnance Survey via Bath:Hacked","building_evidence_status":"BUILDING_PRESENT","parcel_status":"UNPROCESSED","canonical_parcel_id":null,"building_type":"sports_and_leisure_centre","building_use":"sports_and_leisure_centre_as_of_2017_10_05","poi_accepted":false,"field_evidence":{"footprint":"Ordnance Survey OS Open Map Local Important Buildings Polygon; 2017-10-05 snapshot, CRS84 from publicly republished original OS data","type":"classifica=Sports And Leisure Centre; buildgthem=Sports Or Exercise Facility; featcode=15027","use":"Classified as shown by original source in 2017, no independent evidence of current operation","source_name":"Broadlands Sports Centre","source_os_id":"11A75FA4-BB1B-44EA-92C4-E3733199F41A"},"source_url":"https://raw.githubusercontent.com/BathHacked/banes-geographic-data/cd6eed166f84793d921f8b1051005304e734cca4/os_important_buildings.geojson","final_url":"https://raw.githubusercontent.com/BathHacked/banes-geographic-data/cd6eed166f84793d921f8b1051005304e734cca4/os_important_buildings.geojson","http_status":null,"http_status_note":"GitHub public connector read, numeric HTTP status not exposed","access_utc":"2026-10-09T07:26:31.024Z","data_date":"2017-10-05","licence":"OS OpenData Licence (http://os.uk/opendata/licence); source attribution: Contains OS data Crown copyright and database right [year], as listed by Bath:Hacked","source_sha256":"4cfaa794d5f28332ba88a858f635b000fa5543a5d4bc6f37fc39e56c337bdfaa","source_sha256_scope":"full 939-feature GeoJSON UTF-8 file pinned to immutable source blob","evidence_slice_sha256":"26a83a55eb673b58db4435173e3f3aef603c8c504252c5a209f03bac8970a7e5","confidence_score_0_100":84,"evidence_grade":"B","fake_data":false,"local_spatial_join_required":true}},{"type":"Feature","id":"BA16768B-6DFC-423F-B84C-3F8061E57BB4","geometry":{"type":"Polygon","coordinates":[[[-2.509607745608229,51.4169553399543],[-2.509583589954634,51.41678757052883],[-2.510158139376742,51.41675458830813],[-2.510183159881752,51.41692235385324],[-2.509607745608229,51.4169553399543]]]},"properties":{"slot_id":"building_type_9","lineage_id":"building_type_9-20261001T200900Z-newstart","page_generation":1,"batch_id":"20261009T072631Z_BANES_OS_IMPORTANT_BUILDINGS_50","source_entity":"BA16768B-6DFC-423F-B84C-3F8061E57BB4","source_reference":"BA16768B-6DFC-423F-B84C-3F8061E57BB4","source_dataset":"OS Open Map Local Important Buildings","source_organisation":"Ordnance Survey via Bath:Hacked","building_evidence_status":"BUILDING_PRESENT","parcel_status":"UNPROCESSED","canonical_parcel_id":null,"building_type":"secondary_education","building_use":"secondary_education_as_of_2017_10_05","poi_accepted":false,"field_evidence":{"footprint":"Ordnance Survey OS Open Map Local Important Buildings Polygon; 2017-10-05 snapshot, CRS84 from publicly republished original OS data","type":"classifica=Secondary Education; buildgthem=Education; featcode=15019","use":"Classified as shown by original source in 2017, no independent evidence of current operation","source_name":"Broadlands School","source_os_id":"BA16768B-6DFC-423F-B84C-3F8061E57BB4"},"source_url":"https://raw.githubusercontent.com/BathHacked/banes-geographic-data/cd6eed166f84793d921f8b1051005304e734cca4/os_important_buildings.geojson","final_url":"https://raw.githubusercontent.com/BathHacked/banes-geographic-data/cd6eed166f84793d921f8b1051005304e734cca4/os_important_buildings.geojson","http_status":null,"http_status_note":"GitHub public connector read, numeric HTTP status not exposed","access_utc":"2026-10-09T07:26:31.024Z","data_date":"2017-10-05","licence":"OS OpenData Licence (http://os.uk/opendata/licence); source attribution: Contains OS data Crown copyright and database right [year], as listed by Bath:Hacked","source_sha256":"4cfaa794d5f28332ba88a858f635b000fa5543a5d4bc6f37fc39e56c337bdfaa","source_sha256_scope":"full 939-feature GeoJSON UTF-8 file pinned to immutable source blob","evidence_slice_sha256":"ccb5c173c17c417d60f16d2984972532cd327543f134978242ab7edfc9d88028","confidence_score_0_100":84,"evidence_grade":"B","fake_data":false,"local_spatial_join_required":true}},{"type":"Feature","id":"1B7022A4-55C7-411B-BA50-CE3846B59947","geometry":{"type":"Polygon","coordinates":[[[-2.50934032015106,51.416558531534484],[-2.509791728086189,51.416534358736314],[-2.509811615964605,51.416680386854225],[-2.509360350396612,51.41670455910716],[-2.50934032015106,51.416558531534484]]]},"properties":{"slot_id":"building_type_9","lineage_id":"building_type_9-20261001T200900Z-newstart","page_generation":1,"batch_id":"20261009T072631Z_BANES_OS_IMPORTANT_BUILDINGS_50","source_entity":"1B7022A4-55C7-411B-BA50-CE3846B59947","source_reference":"1B7022A4-55C7-411B-BA50-CE3846B59947","source_dataset":"OS Open Map Local Important Buildings","source_organisation":"Ordnance Survey via Bath:Hacked","building_evidence_status":"BUILDING_PRESENT","parcel_status":"UNPROCESSED","canonical_parcel_id":null,"building_type":"secondary_education","building_use":"secondary_education_as_of_2017_10_05","poi_accepted":false,"field_evidence":{"footprint":"Ordnance Survey OS Open Map Local Important Buildings Polygon; 2017-10-05 snapshot, CRS84 from publicly republished original OS data","type":"classifica=Secondary Education; buildgthem=Education; featcode=15019","use":"Classified as shown by original source in 2017, no independent evidence of current operation","source_name":"Broadlands School","source_os_id":"1B7022A4-55C7-411B-BA50-CE3846B59947"},"source_url":"https://raw.githubusercontent.com/BathHacked/banes-geographic-data/cd6eed166f84793d921f8b1051005304e734cca4/os_important_buildings.geojson","final_url":"https://raw.githubusercontent.com/BathHacked/banes-geographic-data/cd6eed166f84793d921f8b1051005304e734cca4/os_important_buildings.geojson","http_status":null,"http_status_note":"GitHub public connector read, numeric HTTP status not exposed","access_utc":"2026-10-09T07:26:31.024Z","data_date":"2017-10-05","licence":"OS OpenData Licence (http://os.uk/opendata/licence); source attribution: Contains OS data Crown copyright and database right [year], as listed by Bath:Hacked","source_sha256":"4cfaa794d5f28332ba88a858f635b000fa5543a5d4bc6f37fc39e56c337bdfaa","source_sha256_scope":"full 939-feature GeoJSON UTF-8 file pinned to immutable source blob","evidence_slice_sha256":"cd58c811c496682b916b0c3a6b03513796d467ed9533ea50619dd03bebe89226","confidence_score_0_100":84,"evidence_grade":"B","fake_data":false,"local_spatial_join_required":true}},{"type":"Feature","id":"FFC25C84-FC18-4516-9905-57E82BFA66E5","geometry":{"type":"Polygon","coordinates":[[[-2.509312091617022,51.417485785403315],[-2.508533606020334,51.417530528759094],[-2.508407015671349,51.416593786467395],[-2.508221192361738,51.41660376421321],[-2.508196771347983,51.416437524235384],[-2.508748335523286,51.4164068965379],[-2.508765250269233,51.416531537564644],[-2.50876138582428,51.416533172847146],[-2.508658134249448,51.41650700583257],[-2.508594146168177,51.416533179644325],[-2.508632687194992,51.41681831804195],[-2.508869241669841,51.41680551172194],[-2.508861861988652,51.41672371957107],[-2.5089708208332,51.41671991934791],[-2.50900461201409,51.416655032511436],[-2.509094752900678,51.41667891835856],[-2.509108016662034,51.416772553932326],[-2.509410253643223,51.41675667365867],[-2.509467796977518,51.41717246804215],[-2.509269908748188,51.417183938578056],[-2.509312091617022,51.417485785403315]],[[-2.508651479774795,51.41715092825737],[-2.509269611388736,51.417118390594005],[-2.50923917317286,51.41688986471982],[-2.509035378538681,51.41690028153452],[-2.509060392211209,51.41709367359901],[-2.508835183137976,51.41710526211019],[-2.508813038359381,51.41693703421741],[-2.508619881222645,51.41694713435993],[-2.508651479774795,51.41715092825737]],[[-2.509122229246963,51.41733968674049],[-2.509164627041198,51.41733752432062],[-2.509155990680967,51.41727210249583],[-2.509113592946804,51.417274264912415],[-2.509122229246963,51.41733968674049]],[[-2.508731874351692,51.41729417615831],[-2.508743027547772,51.417379099007626],[-2.509068843201997,51.41736239789877],[-2.509057544611755,51.4172773857943],[-2.508731874351692,51.41729417615831]]]},"properties":{"slot_id":"building_type_9","lineage_id":"building_type_9-20261001T200900Z-newstart","page_generation":1,"batch_id":"20261009T072631Z_BANES_OS_IMPORTANT_BUILDINGS_50","source_entity":"FFC25C84-FC18-4516-9905-57E82BFA66E5","source_reference":"FFC25C84-FC18-4516-9905-57E82BFA66E5","source_dataset":"OS Open Map Local Important Buildings","source_organisation":"Ordnance Survey via Bath:Hacked","building_evidence_status":"BUILDING_PRESENT","parcel_status":"UNPROCESSED","canonical_parcel_id":null,"building_type":"secondary_education","building_use":"secondary_education_as_of_2017_10_05","poi_accepted":false,"field_evidence":{"footprint":"Ordnance Survey OS Open Map Local Important Buildings Polygon; 2017-10-05 snapshot, CRS84 from publicly republished original OS data","type":"classifica=Secondary Education; buildgthem=Education; featcode=15019","use":"Classified as shown by original source in 2017, no independent evidence of current operation","source_name":"Broadlands School","source_os_id":"FFC25C84-FC18-4516-9905-57E82BFA66E5"},"source_url":"https://raw.githubusercontent.com/BathHacked/banes-geographic-data/cd6eed166f84793d921f8b1051005304e734cca4/os_important_buildings.geojson","final_url":"https://raw.githubusercontent.com/BathHacked/banes-geographic-data/cd6eed166f84793d921f8b1051005304e734cca4/os_important_buildings.geojson","http_status":null,"http_status_note":"GitHub public connector read, numeric HTTP status not exposed","access_utc":"2026-10-09T07:26:31.024Z","data_date":"2017-10-05","licence":"OS OpenData Licence (http://os.uk/opendata/licence); source attribution: Contains OS data Crown copyright and database right [year], as listed by Bath:Hacked","source_sha256":"4cfaa794d5f28332ba88a858f635b000fa5543a5d4bc6f37fc39e56c337bdfaa","source_sha256_scope":"full 939-feature GeoJSON UTF-8 file pinned to immutable source blob","evidence_slice_sha256":"7ad17c70bc42eb4a080613687cd027fba9792e73f4eb4f632d438ef03ebd37cf","confidence_score_0_100":84,"evidence_grade":"B","fake_data":false,"local_spatial_join_required":true}},{"type":"Feature","id":"AAA68D59-F630-443F-955C-B67701CF88E7","geometry":{"type":"Polygon","coordinates":[[[-2.509211845746022,51.41637197332699],[-2.509229036330836,51.41649544417334],[-2.508973083458971,51.41650941449897],[-2.508956190134779,51.41638675157549],[-2.509211845746022,51.41637197332699]]]},"properties":{"slot_id":"building_type_9","lineage_id":"building_type_9-20261001T200900Z-newstart","page_generation":1,"batch_id":"20261009T072631Z_BANES_OS_IMPORTANT_BUILDINGS_50","source_entity":"AAA68D59-F630-443F-955C-B67701CF88E7","source_reference":"AAA68D59-F630-443F-955C-B67701CF88E7","source_dataset":"OS Open Map Local Important Buildings","source_organisation":"Ordnance Survey via Bath:Hacked","building_evidence_status":"BUILDING_PRESENT","parcel_status":"UNPROCESSED","canonical_parcel_id":null,"building_type":"secondary_education","building_use":"secondary_education_as_of_2017_10_05","poi_accepted":false,"field_evidence":{"footprint":"Ordnance Survey OS Open Map Local Important Buildings Polygon; 2017-10-05 snapshot, CRS84 from publicly republished original OS data","type":"classifica=Secondary Education; buildgthem=Education; featcode=15019","use":"Classified as shown by original source in 2017, no independent evidence of current operation","source_name":"Broadlands School","source_os_id":"AAA68D59-F630-443F-955C-B67701CF88E7"},"source_url":"https://raw.githubusercontent.com/BathHacked/banes-geographic-data/cd6eed166f84793d921f8b1051005304e734cca4/os_important_buildings.geojson","final_url":"https://raw.githubusercontent.com/BathHacked/banes-geographic-data/cd6eed166f84793d921f8b1051005304e734cca4/os_important_buildings.geojson","http_status":null,"http_status_note":"GitHub public connector read, numeric HTTP status not exposed","access_utc":"2026-10-09T07:26:31.024Z","data_date":"2017-10-05","licence":"OS OpenData Licence (http://os.uk/opendata/licence); source attribution: Contains OS data Crown copyright and database right [year], as listed by Bath:Hacked","source_sha256":"4cfaa794d5f28332ba88a858f635b000fa5543a5d4bc6f37fc39e56c337bdfaa","source_sha256_scope":"full 939-feature GeoJSON UTF-8 file pinned to immutable source blob","evidence_slice_sha256":"c34bb7ea7973d3551a807b98e184e405e22c95e847b3339c357c6d462887c6b3","confidence_score_0_100":84,"evidence_grade":"B","fake_data":false,"local_spatial_join_required":true}},{"type":"Feature","id":"7098C188-46EB-46B7-832E-2B64B78A393E","geometry":{"type":"Polygon","coordinates":[[[-2.508536752444889,51.411531629803534],[-2.508498845112554,51.41152334216872],[-2.508484984580269,51.411518187156],[-2.508477608014011,51.411514262834295],[-2.508470346288064,51.41150773042688],[-2.508465827314642,51.41150217519951],[-2.508462306802302,51.41149589630416],[-2.508459606048197,51.41148574742897],[-2.508459945577671,51.41147747361089],[-2.508461460273359,51.41147144261207],[-2.508465399228067,51.41146360275563],[-2.508473210193172,51.41145484692562],[-2.508480623751669,51.41144914999072],[-2.50850864844273,51.4114350013313],[-2.508543258866209,51.41143125442486],[-2.508523580738346,51.41135536015696],[-2.50877218333601,51.41132946374381],[-2.508893356080875,51.41120961786339],[-2.509136386303418,51.41130342413305],[-2.509112215988304,51.4113279865411],[-2.509083154399655,51.41166287303832],[-2.509116983510958,51.411705256669464],[-2.508850612585575,51.41178859789601],[-2.508735431139524,51.41164532119102],[-2.508505790911464,51.41160504637912],[-2.508536752444889,51.411531629803534]]]},"properties":{"slot_id":"building_type_9","lineage_id":"building_type_9-20261001T200900Z-newstart","page_generation":1,"batch_id":"20261009T072631Z_BANES_OS_IMPORTANT_BUILDINGS_50","source_entity":"7098C188-46EB-46B7-832E-2B64B78A393E","source_reference":"7098C188-46EB-46B7-832E-2B64B78A393E","source_dataset":"OS Open Map Local Important Buildings","source_organisation":"Ordnance Survey via Bath:Hacked","building_evidence_status":"BUILDING_PRESENT","parcel_status":"UNPROCESSED","canonical_parcel_id":null,"building_type":"primary_education","building_use":"primary_education_as_of_2017_10_05","poi_accepted":false,"field_evidence":{"footprint":"Ordnance Survey OS Open Map Local Important Buildings Polygon; 2017-10-05 snapshot, CRS84 from publicly republished original OS data","type":"classifica=Primary Education; buildgthem=Education; featcode=15019","use":"Classified as shown by original source in 2017, no independent evidence of current operation","source_name":"St Keyna Primary School","source_os_id":"7098C188-46EB-46B7-832E-2B64B78A393E"},"source_url":"https://raw.githubusercontent.com/BathHacked/banes-geographic-data/cd6eed166f84793d921f8b1051005304e734cca4/os_important_buildings.geojson","final_url":"https://raw.githubusercontent.com/BathHacked/banes-geographic-data/cd6eed166f84793d921f8b1051005304e734cca4/os_important_buildings.geojson","http_status":null,"http_status_note":"GitHub public connector read, numeric HTTP status not exposed","access_utc":"2026-10-09T07:26:31.024Z","data_date":"2017-10-05","licence":"OS OpenData Licence (http://os.uk/opendata/licence); source attribution: Contains OS data Crown copyright and database right [year], as listed by Bath:Hacked","source_sha256":"4cfaa794d5f28332ba88a858f635b000fa5543a5d4bc6f37fc39e56c337bdfaa","source_sha256_scope":"full 939-feature GeoJSON UTF-8 file pinned to immutable source blob","evidence_slice_sha256":"bf2b0172dd9095c5d599eecb91aefc7afad9856cd5c712b91b2b87679fca8eb6","confidence_score_0_100":84,"evidence_grade":"B","fake_data":false,"local_spatial_join_required":true}},{"type":"Feature","id":"5334DA22-43D2-4928-B3A2-A53380CA6915","geometry":{"type":"Polygon","coordinates":[[[-2.507961602941797,51.416847485286326],[-2.508314139903767,51.41682878215782],[-2.508331881367125,51.416963220570295],[-2.507979914569661,51.41698156161113],[-2.507961602941797,51.416847485286326]]]},"properties":{"slot_id":"building_type_9","lineage_id":"building_type_9-20261001T200900Z-newstart","page_generation":1,"batch_id":"20261009T072631Z_BANES_OS_IMPORTANT_BUILDINGS_50","source_entity":"5334DA22-43D2-4928-B3A2-A53380CA6915","source_reference":"5334DA22-43D2-4928-B3A2-A53380CA6915","source_dataset":"OS Open Map Local Important Buildings","source_organisation":"Ordnance Survey via Bath:Hacked","building_evidence_status":"BUILDING_PRESENT","parcel_status":"UNPROCESSED","canonical_parcel_id":null,"building_type":"secondary_education","building_use":"secondary_education_as_of_2017_10_05","poi_accepted":false,"field_evidence":{"footprint":"Ordnance Survey OS Open Map Local Important Buildings Polygon; 2017-10-05 snapshot, CRS84 from publicly republished original OS data","type":"classifica=Secondary Education; buildgthem=Education; featcode=15019","use":"Classified as shown by original source in 2017, no independent evidence of current operation","source_name":"Broadlands School","source_os_id":"5334DA22-43D2-4928-B3A2-A53380CA6915"},"source_url":"https://raw.githubusercontent.com/BathHacked/banes-geographic-data/cd6eed166f84793d921f8b1051005304e734cca4/os_important_buildings.geojson","final_url":"https://raw.githubusercontent.com/BathHacked/banes-geographic-data/cd6eed166f84793d921f8b1051005304e734cca4/os_important_buildings.geojson","http_status":null,"http_status_note":"GitHub public connector read, numeric HTTP status not exposed","access_utc":"2026-10-09T07:26:31.024Z","data_date":"2017-10-05","licence":"OS OpenData Licence (http://os.uk/opendata/licence); source attribution: Contains OS data Crown copyright and database right [year], as listed by Bath:Hacked","source_sha256":"4cfaa794d5f28332ba88a858f635b000fa5543a5d4bc6f37fc39e56c337bdfaa","source_sha256_scope":"full 939-feature GeoJSON UTF-8 file pinned to immutable source blob","evidence_slice_sha256":"3043665a02de45339214ce076370e61bb7d89857c52e4876d625dd741ae3316a","confidence_score_0_100":84,"evidence_grade":"B","fake_data":false,"local_spatial_join_required":true}},{"type":"Feature","id":"BA22CA99-4F12-4551-8C63-4007F282D973","geometry":{"type":"Polygon","coordinates":[[[-2.508202195364059,51.4173282155772],[-2.507591672342756,51.41735990539],[-2.50755523911149,51.41708276014056],[-2.508165766448502,51.41705178982517],[-2.508202195364059,51.4173282155772]],[[-2.507906577995648,51.417163331468416],[-2.507777235939404,51.417170545963764],[-2.507788928628522,51.4172524093969],[-2.507918270913782,51.41724519488812],[-2.507906577995648,51.417163331468416]]]},"properties":{"slot_id":"building_type_9","lineage_id":"building_type_9-20261001T200900Z-newstart","page_generation":1,"batch_id":"20261009T072631Z_BANES_OS_IMPORTANT_BUILDINGS_50","source_entity":"BA22CA99-4F12-4551-8C63-4007F282D973","source_reference":"BA22CA99-4F12-4551-8C63-4007F282D973","source_dataset":"OS Open Map Local Important Buildings","source_organisation":"Ordnance Survey via Bath:Hacked","building_evidence_status":"BUILDING_PRESENT","parcel_status":"UNPROCESSED","canonical_parcel_id":null,"building_type":"secondary_education","building_use":"secondary_education_as_of_2017_10_05","poi_accepted":false,"field_evidence":{"footprint":"Ordnance Survey OS Open Map Local Important Buildings Polygon; 2017-10-05 snapshot, CRS84 from publicly republished original OS data","type":"classifica=Secondary Education; buildgthem=Education; featcode=15019","use":"Classified as shown by original source in 2017, no independent evidence of current operation","source_name":"Broadlands School","source_os_id":"BA22CA99-4F12-4551-8C63-4007F282D973"},"source_url":"https://raw.githubusercontent.com/BathHacked/banes-geographic-data/cd6eed166f84793d921f8b1051005304e734cca4/os_important_buildings.geojson","final_url":"https://raw.githubusercontent.com/BathHacked/banes-geographic-data/cd6eed166f84793d921f8b1051005304e734cca4/os_important_buildings.geojson","http_status":null,"http_status_note":"GitHub public connector read, numeric HTTP status not exposed","access_utc":"2026-10-09T07:26:31.024Z","data_date":"2017-10-05","licence":"OS OpenData Licence (http://os.uk/opendata/licence); source attribution: Contains OS data Crown copyright and database right [year], as listed by Bath:Hacked","source_sha256":"4cfaa794d5f28332ba88a858f635b000fa5543a5d4bc6f37fc39e56c337bdfaa","source_sha256_scope":"full 939-feature GeoJSON UTF-8 file pinned to immutable source blob","evidence_slice_sha256":"f66d32c103ff887aa12826b6051b3cb63dc8fa0c2ba93a801f6c9808cd06d586","confidence_score_0_100":84,"evidence_grade":"B","fake_data":false,"local_spatial_join_required":true}},{"type":"Feature","id":"52E5BE84-0F60-49E4-A503-7E1AB941D282","geometry":{"type":"Polygon","coordinates":[[[-2.507531560622732,51.416555051673384],[-2.508051537019897,51.41652861034671],[-2.508081201042796,51.416765681978205],[-2.507562516122587,51.41679211783611],[-2.507531560622732,51.416555051673384]],[[-2.507711461289066,51.416685370749626],[-2.507846547759412,51.41667759192339],[-2.507834107245882,51.416593124145095],[-2.507699021022193,51.416600902956425],[-2.507711461289066,51.416685370749626]]]},"properties":{"slot_id":"building_type_9","lineage_id":"building_type_9-20261001T200900Z-newstart","page_generation":1,"batch_id":"20261009T072631Z_BANES_OS_IMPORTANT_BUILDINGS_50","source_entity":"52E5BE84-0F60-49E4-A503-7E1AB941D282","source_reference":"52E5BE84-0F60-49E4-A503-7E1AB941D282","source_dataset":"OS Open Map Local Important Buildings","source_organisation":"Ordnance Survey via Bath:Hacked","building_evidence_status":"BUILDING_PRESENT","parcel_status":"UNPROCESSED","canonical_parcel_id":null,"building_type":"secondary_education","building_use":"secondary_education_as_of_2017_10_05","poi_accepted":false,"field_evidence":{"footprint":"Ordnance Survey OS Open Map Local Important Buildings Polygon; 2017-10-05 snapshot, CRS84 from publicly republished original OS data","type":"classifica=Secondary Education; buildgthem=Education; featcode=15019","use":"Classified as shown by original source in 2017, no independent evidence of current operation","source_name":"Broadlands School","source_os_id":"52E5BE84-0F60-49E4-A503-7E1AB941D282"},"source_url":"https://raw.githubusercontent.com/BathHacked/banes-geographic-data/cd6eed166f84793d921f8b1051005304e734cca4/os_important_buildings.geojson","final_url":"https://raw.githubusercontent.com/BathHacked/banes-geographic-data/cd6eed166f84793d921f8b1051005304e734cca4/os_important_buildings.geojson","http_status":null,"http_status_note":"GitHub public connector read, numeric HTTP status not exposed","access_utc":"2026-10-09T07:26:31.024Z","data_date":"2017-10-05","licence":"OS OpenData Licence (http://os.uk/opendata/licence); source attribution: Contains OS data Crown copyright and database right [year], as listed by Bath:Hacked","source_sha256":"4cfaa794d5f28332ba88a858f635b000fa5543a5d4bc6f37fc39e56c337bdfaa","source_sha256_scope":"full 939-feature GeoJSON UTF-8 file pinned to immutable source blob","evidence_slice_sha256":"4d96cdd589becafa7cc897d9b9081c9074d5c13de83c6056462153d057c308b4","confidence_score_0_100":84,"evidence_grade":"B","fake_data":false,"local_spatial_join_required":true}},{"type":"Feature","id":"6C9FF755-B221-4862-A3D6-6F05B3DA3403","geometry":{"type":"Polygon","coordinates":[[[-2.507394625503391,51.4168243159201],[-2.507639536382251,51.41681291455861],[-2.507668068039206,51.41705178952061],[-2.507423012096706,51.41706319156757],[-2.507394625503391,51.4168243159201]]]},"properties":{"slot_id":"building_type_9","lineage_id":"building_type_9-20261001T200900Z-newstart","page_generation":1,"batch_id":"20261009T072631Z_BANES_OS_IMPORTANT_BUILDINGS_50","source_entity":"6C9FF755-B221-4862-A3D6-6F05B3DA3403","source_reference":"6C9FF755-B221-4862-A3D6-6F05B3DA3403","source_dataset":"OS Open Map Local Important Buildings","source_organisation":"Ordnance Survey via Bath:Hacked","building_evidence_status":"BUILDING_PRESENT","parcel_status":"UNPROCESSED","canonical_parcel_id":null,"building_type":"secondary_education","building_use":"secondary_education_as_of_2017_10_05","poi_accepted":false,"field_evidence":{"footprint":"Ordnance Survey OS Open Map Local Important Buildings Polygon; 2017-10-05 snapshot, CRS84 from publicly republished original OS data","type":"classifica=Secondary Education; buildgthem=Education; featcode=15019","use":"Classified as shown by original source in 2017, no independent evidence of current operation","source_name":"Broadlands School","source_os_id":"6C9FF755-B221-4862-A3D6-6F05B3DA3403"},"source_url":"https://raw.githubusercontent.com/BathHacked/banes-geographic-data/cd6eed166f84793d921f8b1051005304e734cca4/os_important_buildings.geojson","final_url":"https://raw.githubusercontent.com/BathHacked/banes-geographic-data/cd6eed166f84793d921f8b1051005304e734cca4/os_important_buildings.geojson","http_status":null,"http_status_note":"GitHub public connector read, numeric HTTP status not exposed","access_utc":"2026-10-09T07:26:31.024Z","data_date":"2017-10-05","licence":"OS OpenData Licence (http://os.uk/opendata/licence); source attribution: Contains OS data Crown copyright and database right [year], as listed by Bath:Hacked","source_sha256":"4cfaa794d5f28332ba88a858f635b000fa5543a5d4bc6f37fc39e56c337bdfaa","source_sha256_scope":"full 939-feature GeoJSON UTF-8 file pinned to immutable source blob","evidence_slice_sha256":"e35d3c81da054fe212a4b5a880cbf160361e8e5c1198c85cc184770b97b7b743","confidence_score_0_100":84,"evidence_grade":"B","fake_data":false,"local_spatial_join_required":true}},{"type":"Feature","id":"8F40858F-DC5B-491F-9568-822E92BE203E","geometry":{"type":"Polygon","coordinates":[[[-2.507341780263022,51.416753060996946],[-2.507336975097103,51.41672170087583],[-2.507448634284533,51.41671501303971],[-2.507453439526091,51.416746373156066],[-2.507341780263022,51.416753060996946]]]},"properties":{"slot_id":"building_type_9","lineage_id":"building_type_9-20261001T200900Z-newstart","page_generation":1,"batch_id":"20261009T072631Z_BANES_OS_IMPORTANT_BUILDINGS_50","source_entity":"8F40858F-DC5B-491F-9568-822E92BE203E","source_reference":"8F40858F-DC5B-491F-9568-822E92BE203E","source_dataset":"OS Open Map Local Important Buildings","source_organisation":"Ordnance Survey via Bath:Hacked","building_evidence_status":"BUILDING_PRESENT","parcel_status":"UNPROCESSED","canonical_parcel_id":null,"building_type":"secondary_education","building_use":"secondary_education_as_of_2017_10_05","poi_accepted":false,"field_evidence":{"footprint":"Ordnance Survey OS Open Map Local Important Buildings Polygon; 2017-10-05 snapshot, CRS84 from publicly republished original OS data","type":"classifica=Secondary Education; buildgthem=Education; featcode=15019","use":"Classified as shown by original source in 2017, no independent evidence of current operation","source_name":"Broadlands School","source_os_id":"8F40858F-DC5B-491F-9568-822E92BE203E"},"source_url":"https://raw.githubusercontent.com/BathHacked/banes-geographic-data/cd6eed166f84793d921f8b1051005304e734cca4/os_important_buildings.geojson","final_url":"https://raw.githubusercontent.com/BathHacked/banes-geographic-data/cd6eed166f84793d921f8b1051005304e734cca4/os_important_buildings.geojson","http_status":null,"http_status_note":"GitHub public connector read, numeric HTTP status not exposed","access_utc":"2026-10-09T07:26:31.024Z","data_date":"2017-10-05","licence":"OS OpenData Licence (http://os.uk/opendata/licence); source attribution: Contains OS data Crown copyright and database right [year], as listed by Bath:Hacked","source_sha256":"4cfaa794d5f28332ba88a858f635b000fa5543a5d4bc6f37fc39e56c337bdfaa","source_sha256_scope":"full 939-feature GeoJSON UTF-8 file pinned to immutable source blob","evidence_slice_sha256":"bfdcf2d83f6b11f9838e18cf8da08794a3bb793cbeed85010aeadcf21c7613ed","confidence_score_0_100":84,"evidence_grade":"B","fake_data":false,"local_spatial_join_required":true}},{"type":"Feature","id":"A6270641-E8C3-426E-A3E2-12312DEB10D7","geometry":{"type":"Polygon","coordinates":[[[-2.504701325563026,51.411808165376044],[-2.504348796958572,51.412176903650305],[-2.50420311657092,51.412122411748484],[-2.504450204779303,51.411866973525974],[-2.504190465173655,51.411769812635725],[-2.503884851956312,51.41209033203875],[-2.503746253171139,51.41203904611404],[-2.504080336789699,51.411692418624796],[-2.50421519764553,51.41174381016115],[-2.504282011456913,51.41167428666479],[-2.504418456025636,51.411725850984084],[-2.504501346135068,51.41164079245639],[-2.504616274797704,51.4116839970233],[-2.504549313741347,51.411753161677915],[-2.504701325563026,51.411808165376044]]]},"properties":{"slot_id":"building_type_9","lineage_id":"building_type_9-20261001T200900Z-newstart","page_generation":1,"batch_id":"20261009T072631Z_BANES_OS_IMPORTANT_BUILDINGS_50","source_entity":"A6270641-E8C3-426E-A3E2-12312DEB10D7","source_reference":"A6270641-E8C3-426E-A3E2-12312DEB10D7","source_dataset":"OS Open Map Local Important Buildings","source_organisation":"Ordnance Survey via Bath:Hacked","building_evidence_status":"BUILDING_PRESENT","parcel_status":"UNPROCESSED","canonical_parcel_id":null,"building_type":"primary_education","building_use":"primary_education_as_of_2017_10_05","poi_accepted":false,"field_evidence":{"footprint":"Ordnance Survey OS Open Map Local Important Buildings Polygon; 2017-10-05 snapshot, CRS84 from publicly republished original OS data","type":"classifica=Primary Education; buildgthem=Education; featcode=15019","use":"Classified as shown by original source in 2017, no independent evidence of current operation","source_name":"St John's Church Of England Primary School","source_os_id":"A6270641-E8C3-426E-A3E2-12312DEB10D7"},"source_url":"https://raw.githubusercontent.com/BathHacked/banes-geographic-data/cd6eed166f84793d921f8b1051005304e734cca4/os_important_buildings.geojson","final_url":"https://raw.githubusercontent.com/BathHacked/banes-geographic-data/cd6eed166f84793d921f8b1051005304e734cca4/os_important_buildings.geojson","http_status":null,"http_status_note":"GitHub public connector read, numeric HTTP status not exposed","access_utc":"2026-10-09T07:26:31.024Z","data_date":"2017-10-05","licence":"OS OpenData Licence (http://os.uk/opendata/licence); source attribution: Contains OS data Crown copyright and database right [year], as listed by Bath:Hacked","source_sha256":"4cfaa794d5f28332ba88a858f635b000fa5543a5d4bc6f37fc39e56c337bdfaa","source_sha256_scope":"full 939-feature GeoJSON UTF-8 file pinned to immutable source blob","evidence_slice_sha256":"071e52763f0d707709ada2f66e3f24679f3d63cec837824602fae5e877c516e2","confidence_score_0_100":84,"evidence_grade":"B","fake_data":false,"local_spatial_join_required":true}},{"type":"Feature","id":"21E9EC86-2808-4F47-A89C-F5F649688E75","geometry":{"type":"Polygon","coordinates":[[[-2.501132389020996,51.41816657084766],[-2.501304616116677,51.418201261197346],[-2.501202156120951,51.418405091055064],[-2.501028201759719,51.41837031802502],[-2.501132389020996,51.41816657084766]]]},"properties":{"slot_id":"building_type_9","lineage_id":"building_type_9-20261001T200900Z-newstart","page_generation":1,"batch_id":"20261009T072631Z_BANES_OS_IMPORTANT_BUILDINGS_50","source_entity":"21E9EC86-2808-4F47-A89C-F5F649688E75","source_reference":"21E9EC86-2808-4F47-A89C-F5F649688E75","source_dataset":"OS Open Map Local Important Buildings","source_organisation":"Ordnance Survey via Bath:Hacked","building_evidence_status":"BUILDING_PRESENT","parcel_status":"UNPROCESSED","canonical_parcel_id":null,"building_type":"place_of_worship","building_use":"place_of_worship_as_of_2017_10_05","poi_accepted":false,"field_evidence":{"footprint":"Ordnance Survey OS Open Map Local Important Buildings Polygon; 2017-10-05 snapshot, CRS84 from publicly republished original OS data","type":"classifica=Place Of Worship; buildgthem=Religious Buildings; featcode=15025","use":"Classified as shown by original source in 2017, no independent evidence of current operation","source_name":"St Dunstans Roman Catholic Church","source_os_id":"21E9EC86-2808-4F47-A89C-F5F649688E75"},"source_url":"https://raw.githubusercontent.com/BathHacked/banes-geographic-data/cd6eed166f84793d921f8b1051005304e734cca4/os_important_buildings.geojson","final_url":"https://raw.githubusercontent.com/BathHacked/banes-geographic-data/cd6eed166f84793d921f8b1051005304e734cca4/os_important_buildings.geojson","http_status":null,"http_status_note":"GitHub public connector read, numeric HTTP status not exposed","access_utc":"2026-10-09T07:26:31.024Z","data_date":"2017-10-05","licence":"OS OpenData Licence (http://os.uk/opendata/licence); source attribution: Contains OS data Crown copyright and database right [year], as listed by Bath:Hacked","source_sha256":"4cfaa794d5f28332ba88a858f635b000fa5543a5d4bc6f37fc39e56c337bdfaa","source_sha256_scope":"full 939-feature GeoJSON UTF-8 file pinned to immutable source blob","evidence_slice_sha256":"307a1346de3cc4145cd0d43b2b8f6888337e7bac59f96b3ac1b2a1523254b6d6","confidence_score_0_100":84,"evidence_grade":"B","fake_data":false,"local_spatial_join_required":true}},{"type":"Feature","id":"33DDFC62-60CA-41B9-BA47-A0A579C4DD20","geometry":{"type":"Polygon","coordinates":[[[-2.501041696960397,51.41871005535733],[-2.50111876232146,51.418695518920146],[-2.501143041262002,51.418745858312505],[-2.50106597582421,51.41876039476576],[-2.501041696960397,51.41871005535733]]]},"properties":{"slot_id":"building_type_9","lineage_id":"building_type_9-20261001T200900Z-newstart","page_generation":1,"batch_id":"20261009T072631Z_BANES_OS_IMPORTANT_BUILDINGS_50","source_entity":"33DDFC62-60CA-41B9-BA47-A0A579C4DD20","source_reference":"33DDFC62-60CA-41B9-BA47-A0A579C4DD20","source_dataset":"OS Open Map Local Important Buildings","source_organisation":"Ordnance Survey via Bath:Hacked","building_evidence_status":"BUILDING_PRESENT","parcel_status":"UNPROCESSED","canonical_parcel_id":null,"building_type":"place_of_worship","building_use":"place_of_worship_as_of_2017_10_05","poi_accepted":false,"field_evidence":{"footprint":"Ordnance Survey OS Open Map Local Important Buildings Polygon; 2017-10-05 snapshot, CRS84 from publicly republished original OS data","type":"classifica=Place Of Worship; buildgthem=Religious Buildings; featcode=15025","use":"Classified as shown by original source in 2017, no independent evidence of current operation","source_name":"St Dunstans Roman Catholic Church","source_os_id":"33DDFC62-60CA-41B9-BA47-A0A579C4DD20"},"source_url":"https://raw.githubusercontent.com/BathHacked/banes-geographic-data/cd6eed166f84793d921f8b1051005304e734cca4/os_important_buildings.geojson","final_url":"https://raw.githubusercontent.com/BathHacked/banes-geographic-data/cd6eed166f84793d921f8b1051005304e734cca4/os_important_buildings.geojson","http_status":null,"http_status_note":"GitHub public connector read, numeric HTTP status not exposed","access_utc":"2026-10-09T07:26:31.024Z","data_date":"2017-10-05","licence":"OS OpenData Licence (http://os.uk/opendata/licence); source attribution: Contains OS data Crown copyright and database right [year], as listed by Bath:Hacked","source_sha256":"4cfaa794d5f28332ba88a858f635b000fa5543a5d4bc6f37fc39e56c337bdfaa","source_sha256_scope":"full 939-feature GeoJSON UTF-8 file pinned to immutable source blob","evidence_slice_sha256":"dd55ff200f68e6823fc52af25cb680e44015f1a91f240c9cc5b5f7ed0f2e8b78","confidence_score_0_100":84,"evidence_grade":"B","fake_data":false,"local_spatial_join_required":true}},{"type":"Feature","id":"53C8A4E3-A936-4FEE-BF29-9663AC9D8EAF","geometry":{"type":"Polygon","coordinates":[[[-2.499330555687324,51.407590794369014],[-2.499372060112487,51.40741509981816],[-2.49924929928752,51.40740375403569],[-2.499261800948488,51.407350380080594],[-2.499701757504284,51.407391394555],[-2.499643305200554,51.40762129143651],[-2.499330555687324,51.407590794369014]]]},"properties":{"slot_id":"building_type_9","lineage_id":"building_type_9-20261001T200900Z-newstart","page_generation":1,"batch_id":"20261009T072631Z_BANES_OS_IMPORTANT_BUILDINGS_50","source_entity":"53C8A4E3-A936-4FEE-BF29-9663AC9D8EAF","source_reference":"53C8A4E3-A936-4FEE-BF29-9663AC9D8EAF","source_dataset":"OS Open Map Local Important Buildings","source_organisation":"Ordnance Survey via Bath:Hacked","building_evidence_status":"BUILDING_PRESENT","parcel_status":"UNPROCESSED","canonical_parcel_id":null,"building_type":"place_of_worship","building_use":"place_of_worship_as_of_2017_10_05","poi_accepted":false,"field_evidence":{"footprint":"Ordnance Survey OS Open Map Local Important Buildings Polygon; 2017-10-05 snapshot, CRS84 from publicly republished original OS data","type":"classifica=Place Of Worship; buildgthem=Religious Buildings; featcode=15025","use":"Classified as shown by original source in 2017, no independent evidence of current operation","source_name":"Elim Pentecostal Church","source_os_id":"53C8A4E3-A936-4FEE-BF29-9663AC9D8EAF"},"source_url":"https://raw.githubusercontent.com/BathHacked/banes-geographic-data/cd6eed166f84793d921f8b1051005304e734cca4/os_important_buildings.geojson","final_url":"https://raw.githubusercontent.com/BathHacked/banes-geographic-data/cd6eed166f84793d921f8b1051005304e734cca4/os_important_buildings.geojson","http_status":null,"http_status_note":"GitHub public connector read, numeric HTTP status not exposed","access_utc":"2026-10-09T07:26:31.024Z","data_date":"2017-10-05","licence":"OS OpenData Licence (http://os.uk/opendata/licence); source attribution: Contains OS data Crown copyright and database right [year], as listed by Bath:Hacked","source_sha256":"4cfaa794d5f28332ba88a858f635b000fa5543a5d4bc6f37fc39e56c337bdfaa","source_sha256_scope":"full 939-feature GeoJSON UTF-8 file pinned to immutable source blob","evidence_slice_sha256":"5e823e1a2bea6ac877d02de8eedb46a12f6f8ddd11ff37563311e4d75ca48eba","confidence_score_0_100":84,"evidence_grade":"B","fake_data":false,"local_spatial_join_required":true}},{"type":"Feature","id":"D3F875DB-9B79-4B62-97BB-E4C24ABD0C83","geometry":{"type":"Polygon","coordinates":[[[-2.499190619390576,51.416111272909134],[-2.498899676423152,51.41616061766399],[-2.498869892032093,51.41609294731341],[-2.498846926406973,51.41609682160419],[-2.498824361247364,51.41604503575559],[-2.499136582802604,51.41599542069736],[-2.499190619390576,51.416111272909134]]]},"properties":{"slot_id":"building_type_9","lineage_id":"building_type_9-20261001T200900Z-newstart","page_generation":1,"batch_id":"20261009T072631Z_BANES_OS_IMPORTANT_BUILDINGS_50","source_entity":"D3F875DB-9B79-4B62-97BB-E4C24ABD0C83","source_reference":"D3F875DB-9B79-4B62-97BB-E4C24ABD0C83","source_dataset":"OS Open Map Local Important Buildings","source_organisation":"Ordnance Survey via Bath:Hacked","building_evidence_status":"BUILDING_PRESENT","parcel_status":"UNPROCESSED","canonical_parcel_id":null,"building_type":"place_of_worship","building_use":"place_of_worship_as_of_2017_10_05","poi_accepted":false,"field_evidence":{"footprint":"Ordnance Survey OS Open Map Local Important Buildings Polygon; 2017-10-05 snapshot, CRS84 from publicly republished original OS data","type":"classifica=Place Of Worship; buildgthem=Religious Buildings; featcode=15025","use":"Classified as shown by original source in 2017, no independent evidence of current operation","source_name":"Victoria Methodist Church","source_os_id":"D3F875DB-9B79-4B62-97BB-E4C24ABD0C83"},"source_url":"https://raw.githubusercontent.com/BathHacked/banes-geographic-data/cd6eed166f84793d921f8b1051005304e734cca4/os_important_buildings.geojson","final_url":"https://raw.githubusercontent.com/BathHacked/banes-geographic-data/cd6eed166f84793d921f8b1051005304e734cca4/os_important_buildings.geojson","http_status":null,"http_status_note":"GitHub public connector read, numeric HTTP status not exposed","access_utc":"2026-10-09T07:26:31.024Z","data_date":"2017-10-05","licence":"OS OpenData Licence (http://os.uk/opendata/licence); source attribution: Contains OS data Crown copyright and database right [year], as listed by Bath:Hacked","source_sha256":"4cfaa794d5f28332ba88a858f635b000fa5543a5d4bc6f37fc39e56c337bdfaa","source_sha256_scope":"full 939-feature GeoJSON UTF-8 file pinned to immutable source blob","evidence_slice_sha256":"eeecb3a0a6f05fcc6ed88b6ba8c46804bf6963a9dc85d0ff4064d92119c25856","confidence_score_0_100":84,"evidence_grade":"B","fake_data":false,"local_spatial_join_required":true}},{"type":"Feature","id":"163EDCE1-13FA-42A9-B1B2-0D9A31AD67F7","geometry":{"type":"Polygon","coordinates":[[[-2.49865170591465,51.41557379804927],[-2.498652299673452,51.41557550393923],[-2.499095725173795,51.41550536894978],[-2.499105615795526,51.41552888498856],[-2.499136221005431,51.41560590312503],[-2.498613463287233,51.41570658794055],[-2.498564857454674,51.41558747534563],[-2.49865170591465,51.41557379804927]]]},"properties":{"slot_id":"building_type_9","lineage_id":"building_type_9-20261001T200900Z-newstart","page_generation":1,"batch_id":"20261009T072631Z_BANES_OS_IMPORTANT_BUILDINGS_50","source_entity":"163EDCE1-13FA-42A9-B1B2-0D9A31AD67F7","source_reference":"163EDCE1-13FA-42A9-B1B2-0D9A31AD67F7","source_dataset":"OS Open Map Local Important Buildings","source_organisation":"Ordnance Survey via Bath:Hacked","building_evidence_status":"BUILDING_PRESENT","parcel_status":"UNPROCESSED","canonical_parcel_id":null,"building_type":"post_office","building_use":"post_office_as_of_2017_10_05","poi_accepted":false,"field_evidence":{"footprint":"Ordnance Survey OS Open Map Local Important Buildings Polygon; 2017-10-05 snapshot, CRS84 from publicly republished original OS data","type":"classifica=Post Office; buildgthem=Retail; featcode=15026","use":"Classified as shown by original source in 2017, no independent evidence of current operation","source_name":"Unknown","source_os_id":"163EDCE1-13FA-42A9-B1B2-0D9A31AD67F7"},"source_url":"https://raw.githubusercontent.com/BathHacked/banes-geographic-data/cd6eed166f84793d921f8b1051005304e734cca4/os_important_buildings.geojson","final_url":"https://raw.githubusercontent.com/BathHacked/banes-geographic-data/cd6eed166f84793d921f8b1051005304e734cca4/os_important_buildings.geojson","http_status":null,"http_status_note":"GitHub public connector read, numeric HTTP status not exposed","access_utc":"2026-10-09T07:26:31.024Z","data_date":"2017-10-05","licence":"OS OpenData Licence (http://os.uk/opendata/licence); source attribution: Contains OS data Crown copyright and database right [year], as listed by Bath:Hacked","source_sha256":"4cfaa794d5f28332ba88a858f635b000fa5543a5d4bc6f37fc39e56c337bdfaa","source_sha256_scope":"full 939-feature GeoJSON UTF-8 file pinned to immutable source blob","evidence_slice_sha256":"e89267beff058fb7e6a6f81da543b36429944d6863c7e60452071a6d49e570fd","confidence_score_0_100":84,"evidence_grade":"B","fake_data":false,"local_spatial_join_required":true}},{"type":"Feature","id":"56D45E0B-0B45-410B-9DA6-50CB17646A85","geometry":{"type":"Polygon","coordinates":[[[-2.498954154279765,51.41747874397487],[-2.49830118685594,51.417522345223865],[-2.498272922714619,51.41735647927225],[-2.498925597274168,51.417312609673075],[-2.498954154279765,51.41747874397487]]]},"properties":{"slot_id":"building_type_9","lineage_id":"building_type_9-20261001T200900Z-newstart","page_generation":1,"batch_id":"20261009T072631Z_BANES_OS_IMPORTANT_BUILDINGS_50","source_entity":"56D45E0B-0B45-410B-9DA6-50CB17646A85","source_reference":"56D45E0B-0B45-410B-9DA6-50CB17646A85","source_dataset":"OS Open Map Local Important Buildings","source_organisation":"Ordnance Survey via Bath:Hacked","building_evidence_status":"BUILDING_PRESENT","parcel_status":"UNPROCESSED","canonical_parcel_id":null,"building_type":"place_of_worship","building_use":"place_of_worship_as_of_2017_10_05","poi_accepted":false,"field_evidence":{"footprint":"Ordnance Survey OS Open Map Local Important Buildings Polygon; 2017-10-05 snapshot, CRS84 from publicly republished original OS data","type":"classifica=Place Of Worship; buildgthem=Religious Buildings; featcode=15025","use":"Classified as shown by original source in 2017, no independent evidence of current operation","source_name":"St John The Baptist Church","source_os_id":"56D45E0B-0B45-410B-9DA6-50CB17646A85"},"source_url":"https://raw.githubusercontent.com/BathHacked/banes-geographic-data/cd6eed166f84793d921f8b1051005304e734cca4/os_important_buildings.geojson","final_url":"https://raw.githubusercontent.com/BathHacked/banes-geographic-data/cd6eed166f84793d921f8b1051005304e734cca4/os_important_buildings.geojson","http_status":null,"http_status_note":"GitHub public connector read, numeric HTTP status not exposed","access_utc":"2026-10-09T07:26:31.024Z","data_date":"2017-10-05","licence":"OS OpenData Licence (http://os.uk/opendata/licence); source attribution: Contains OS data Crown copyright and database right [year], as listed by Bath:Hacked","source_sha256":"4cfaa794d5f28332ba88a858f635b000fa5543a5d4bc6f37fc39e56c337bdfaa","source_sha256_scope":"full 939-feature GeoJSON UTF-8 file pinned to immutable source blob","evidence_slice_sha256":"296d0c8761ca17b06fb855687f3f6674c6ea26a2b0abb505fd17a89a58b67824","confidence_score_0_100":84,"evidence_grade":"B","fake_data":false,"local_spatial_join_required":true}},{"type":"Feature","id":"0192446F-66B4-4415-B616-9358E2242095","geometry":{"type":"Polygon","coordinates":[[[-2.497988919863122,51.41627257238867],[-2.497896663260394,51.41610634889114],[-2.498223882752212,51.41603410343787],[-2.498326452441975,51.41601145777444],[-2.498330850321225,51.41601917190281],[-2.498369413995631,51.41608761429397],[-2.498185946765666,51.416129126865094],[-2.498234184482497,51.41621443249796],[-2.498234327297112,51.41621434197394],[-2.498235646857591,51.41621667419591],[-2.497988919863122,51.41627257238867]]]},"properties":{"slot_id":"building_type_9","lineage_id":"building_type_9-20261001T200900Z-newstart","page_generation":1,"batch_id":"20261009T072631Z_BANES_OS_IMPORTANT_BUILDINGS_50","source_entity":"0192446F-66B4-4415-B616-9358E2242095","source_reference":"0192446F-66B4-4415-B616-9358E2242095","source_dataset":"OS Open Map Local Important Buildings","source_organisation":"Ordnance Survey via Bath:Hacked","building_evidence_status":"BUILDING_PRESENT","parcel_status":"UNPROCESSED","canonical_parcel_id":null,"building_type":"place_of_worship","building_use":"place_of_worship_as_of_2017_10_05","poi_accepted":false,"field_evidence":{"footprint":"Ordnance Survey OS Open Map Local Important Buildings Polygon; 2017-10-05 snapshot, CRS84 from publicly republished original OS data","type":"classifica=Place Of Worship; buildgthem=Religious Buildings; featcode=15025","use":"Classified as shown by original source in 2017, no independent evidence of current operation","source_name":"Keynsham Baptist Church","source_os_id":"0192446F-66B4-4415-B616-9358E2242095"},"source_url":"https://raw.githubusercontent.com/BathHacked/banes-geographic-data/cd6eed166f84793d921f8b1051005304e734cca4/os_important_buildings.geojson","final_url":"https://raw.githubusercontent.com/BathHacked/banes-geographic-data/cd6eed166f84793d921f8b1051005304e734cca4/os_important_buildings.geojson","http_status":null,"http_status_note":"GitHub public connector read, numeric HTTP status not exposed","access_utc":"2026-10-09T07:26:31.024Z","data_date":"2017-10-05","licence":"OS OpenData Licence (http://os.uk/opendata/licence); source attribution: Contains OS data Crown copyright and database right [year], as listed by Bath:Hacked","source_sha256":"4cfaa794d5f28332ba88a858f635b000fa5543a5d4bc6f37fc39e56c337bdfaa","source_sha256_scope":"full 939-feature GeoJSON UTF-8 file pinned to immutable source blob","evidence_slice_sha256":"5568daf14c36a97c40574e2f7513b0dedf77d2e26c2e087b45bd562b6da15666","confidence_score_0_100":84,"evidence_grade":"B","fake_data":false,"local_spatial_join_required":true}},{"type":"Feature","id":"7DB65289-C48D-4821-A2DC-9CB950080068","geometry":{"type":"Polygon","coordinates":[[[-2.497946828187192,51.422572760247775],[-2.497992437206151,51.42258767238241],[-2.497943882889369,51.42264578503254],[-2.497898273828104,51.422630872879274],[-2.497946828187192,51.422572760247775]]]},"properties":{"slot_id":"building_type_9","lineage_id":"building_type_9-20261001T200900Z-newstart","page_generation":1,"batch_id":"20261009T072631Z_BANES_OS_IMPORTANT_BUILDINGS_50","source_entity":"7DB65289-C48D-4821-A2DC-9CB950080068","source_reference":"7DB65289-C48D-4821-A2DC-9CB950080068","source_dataset":"OS Open Map Local Important Buildings","source_organisation":"Ordnance Survey via Bath:Hacked","building_evidence_status":"BUILDING_PRESENT","parcel_status":"UNPROCESSED","canonical_parcel_id":null,"building_type":"sports_and_leisure_centre","building_use":"sports_and_leisure_centre_as_of_2017_10_05","poi_accepted":false,"field_evidence":{"footprint":"Ordnance Survey OS Open Map Local Important Buildings Polygon; 2017-10-05 snapshot, CRS84 from publicly republished original OS data","type":"classifica=Sports And Leisure Centre; buildgthem=Sports Or Exercise Facility; featcode=15027","use":"Classified as shown by original source in 2017, no independent evidence of current operation","source_name":"Somerdale Pavilion","source_os_id":"7DB65289-C48D-4821-A2DC-9CB950080068"},"source_url":"https://raw.githubusercontent.com/BathHacked/banes-geographic-data/cd6eed166f84793d921f8b1051005304e734cca4/os_important_buildings.geojson","final_url":"https://raw.githubusercontent.com/BathHacked/banes-geographic-data/cd6eed166f84793d921f8b1051005304e734cca4/os_important_buildings.geojson","http_status":null,"http_status_note":"GitHub public connector read, numeric HTTP status not exposed","access_utc":"2026-10-09T07:26:31.024Z","data_date":"2017-10-05","licence":"OS OpenData Licence (http://os.uk/opendata/licence); source attribution: Contains OS data Crown copyright and database right [year], as listed by Bath:Hacked","source_sha256":"4cfaa794d5f28332ba88a858f635b000fa5543a5d4bc6f37fc39e56c337bdfaa","source_sha256_scope":"full 939-feature GeoJSON UTF-8 file pinned to immutable source blob","evidence_slice_sha256":"170d6e8eca086dcb56749385f7b61a9b2a6de43f9181790b4e384208f30e3089","confidence_score_0_100":84,"evidence_grade":"B","fake_data":false,"local_spatial_join_required":true}},{"type":"Feature","id":"642BC801-4644-48A5-9DF4-BEA8BB978187","geometry":{"type":"Polygon","coordinates":[[[-2.497590659544636,51.41410745200808],[-2.497324537376554,51.413793064264446],[-2.497609657711969,51.41369869983404],[-2.497719079854692,51.41397634742052],[-2.497776483653944,51.41404533940076],[-2.497590659544636,51.41410745200808]]]},"properties":{"slot_id":"building_type_9","lineage_id":"building_type_9-20261001T200900Z-newstart","page_generation":1,"batch_id":"20261009T072631Z_BANES_OS_IMPORTANT_BUILDINGS_50","source_entity":"642BC801-4644-48A5-9DF4-BEA8BB978187","source_reference":"642BC801-4644-48A5-9DF4-BEA8BB978187","source_dataset":"OS Open Map Local Important Buildings","source_organisation":"Ordnance Survey via Bath:Hacked","building_evidence_status":"BUILDING_PRESENT","parcel_status":"UNPROCESSED","canonical_parcel_id":null,"building_type":"library","building_use":"library_as_of_2017_10_05","poi_accepted":false,"field_evidence":{"footprint":"Ordnance Survey OS Open Map Local Important Buildings Polygon; 2017-10-05 snapshot, CRS84 from publicly republished original OS data","type":"classifica=Library; buildgthem=Cultural Facility; featcode=15024","use":"Classified as shown by original source in 2017, no independent evidence of current operation","source_name":"Keynsham Library","source_os_id":"642BC801-4644-48A5-9DF4-BEA8BB978187"},"source_url":"https://raw.githubusercontent.com/BathHacked/banes-geographic-data/cd6eed166f84793d921f8b1051005304e734cca4/os_important_buildings.geojson","final_url":"https://raw.githubusercontent.com/BathHacked/banes-geographic-data/cd6eed166f84793d921f8b1051005304e734cca4/os_important_buildings.geojson","http_status":null,"http_status_note":"GitHub public connector read, numeric HTTP status not exposed","access_utc":"2026-10-09T07:26:31.024Z","data_date":"2017-10-05","licence":"OS OpenData Licence (http://os.uk/opendata/licence); source attribution: Contains OS data Crown copyright and database right [year], as listed by Bath:Hacked","source_sha256":"4cfaa794d5f28332ba88a858f635b000fa5543a5d4bc6f37fc39e56c337bdfaa","source_sha256_scope":"full 939-feature GeoJSON UTF-8 file pinned to immutable source blob","evidence_slice_sha256":"097feed214f9b67daef4b9321616ab35d52152ff371b168926076837fdf2023d","confidence_score_0_100":84,"evidence_grade":"B","fake_data":false,"local_spatial_join_required":true}},{"type":"Feature","id":"4E8AC874-31B2-475F-ACC1-75DD006F176D","geometry":{"type":"Polygon","coordinates":[[[-2.497506346806975,51.40871379385003],[-2.497533824737153,51.408794782103165],[-2.497441944149184,51.408807311055774],[-2.49733756527751,51.40899298282361],[-2.497444213723623,51.409016357963225],[-2.49758935234644,51.40899613971398],[-2.497626556725578,51.409098936408625],[-2.497457590965186,51.409122852556386],[-2.496823457028761,51.408983115424206],[-2.496791563449859,51.408958883229694],[-2.496886443975157,51.40889149282084],[-2.497196157171059,51.408959504603544],[-2.497319990237274,51.40873814332452],[-2.497506346806975,51.40871379385003]]]},"properties":{"slot_id":"building_type_9","lineage_id":"building_type_9-20261001T200900Z-newstart","page_generation":1,"batch_id":"20261009T072631Z_BANES_OS_IMPORTANT_BUILDINGS_50","source_entity":"4E8AC874-31B2-475F-ACC1-75DD006F176D","source_reference":"4E8AC874-31B2-475F-ACC1-75DD006F176D","source_dataset":"OS Open Map Local Important Buildings","source_organisation":"Ordnance Survey via Bath:Hacked","building_evidence_status":"BUILDING_PRESENT","parcel_status":"UNPROCESSED","canonical_parcel_id":null,"building_type":"medical_care_accommodation","building_use":"medical_care_accommodation_as_of_2017_10_05","poi_accepted":false,"field_evidence":{"footprint":"Ordnance Survey OS Open Map Local Important Buildings Polygon; 2017-10-05 snapshot, CRS84 from publicly republished original OS data","type":"classifica=Medical Care Accommodation; buildgthem=Medical Care; featcode=15020","use":"Classified as shown by original source in 2017, no independent evidence of current operation","source_name":"Treetops Nursing Home","source_os_id":"4E8AC874-31B2-475F-ACC1-75DD006F176D"},"source_url":"https://raw.githubusercontent.com/BathHacked/banes-geographic-data/cd6eed166f84793d921f8b1051005304e734cca4/os_important_buildings.geojson","final_url":"https://raw.githubusercontent.com/BathHacked/banes-geographic-data/cd6eed166f84793d921f8b1051005304e734cca4/os_important_buildings.geojson","http_status":null,"http_status_note":"GitHub public connector read, numeric HTTP status not exposed","access_utc":"2026-10-09T07:26:31.024Z","data_date":"2017-10-05","licence":"OS OpenData Licence (http://os.uk/opendata/licence); source attribution: Contains OS data Crown copyright and database right [year], as listed by Bath:Hacked","source_sha256":"4cfaa794d5f28332ba88a858f635b000fa5543a5d4bc6f37fc39e56c337bdfaa","source_sha256_scope":"full 939-feature GeoJSON UTF-8 file pinned to immutable source blob","evidence_slice_sha256":"acdf708b3ad6c748308ee6385c1988696167fe3bc6818b9cd64c1c2fb88dc730","confidence_score_0_100":84,"evidence_grade":"B","fake_data":false,"local_spatial_join_required":true}},{"type":"Feature","id":"0490FD91-987B-4E3F-901B-E385AB35823B","geometry":{"type":"Polygon","coordinates":[[[-2.496520778559421,51.41351782162934],[-2.496410027300018,51.41324943996974],[-2.496855278612811,51.41317705774431],[-2.496968180278924,51.41344462061758],[-2.496520778559421,51.41351782162934]]]},"properties":{"slot_id":"building_type_9","lineage_id":"building_type_9-20261001T200900Z-newstart","page_generation":1,"batch_id":"20261009T072631Z_BANES_OS_IMPORTANT_BUILDINGS_50","source_entity":"0490FD91-987B-4E3F-901B-E385AB35823B","source_reference":"0490FD91-987B-4E3F-901B-E385AB35823B","source_dataset":"OS Open Map Local Important Buildings","source_organisation":"Ordnance Survey via Bath:Hacked","building_evidence_status":"BUILDING_PRESENT","parcel_status":"UNPROCESSED","canonical_parcel_id":null,"building_type":"sports_and_leisure_centre","building_use":"sports_and_leisure_centre_as_of_2017_10_05","poi_accepted":false,"field_evidence":{"footprint":"Ordnance Survey OS Open Map Local Important Buildings Polygon; 2017-10-05 snapshot, CRS84 from publicly republished original OS data","type":"classifica=Sports And Leisure Centre; buildgthem=Sports Or Exercise Facility; featcode=15027","use":"Classified as shown by original source in 2017, no independent evidence of current operation","source_name":"Keynsham Leisure Centre","source_os_id":"0490FD91-987B-4E3F-901B-E385AB35823B"},"source_url":"https://raw.githubusercontent.com/BathHacked/banes-geographic-data/cd6eed166f84793d921f8b1051005304e734cca4/os_important_buildings.geojson","final_url":"https://raw.githubusercontent.com/BathHacked/banes-geographic-data/cd6eed166f84793d921f8b1051005304e734cca4/os_important_buildings.geojson","http_status":null,"http_status_note":"GitHub public connector read, numeric HTTP status not exposed","access_utc":"2026-10-09T07:26:31.024Z","data_date":"2017-10-05","licence":"OS OpenData Licence (http://os.uk/opendata/licence); source attribution: Contains OS data Crown copyright and database right [year], as listed by Bath:Hacked","source_sha256":"4cfaa794d5f28332ba88a858f635b000fa5543a5d4bc6f37fc39e56c337bdfaa","source_sha256_scope":"full 939-feature GeoJSON UTF-8 file pinned to immutable source blob","evidence_slice_sha256":"d1f1a8c3d1d394f4656a2e17a60f44d2ff50dc37b413a55f5fea829551bb2f68","confidence_score_0_100":84,"evidence_grade":"B","fake_data":false,"local_spatial_join_required":true}},{"type":"Feature","id":"0C0A77B5-D916-47A1-9C98-4544D04A3834","geometry":{"type":"Polygon","coordinates":[[[-2.496675123613678,51.42303178735691],[-2.496212607437007,51.42349735699234],[-2.495746679869494,51.42331652901786],[-2.495901181402024,51.42316058925808],[-2.496074351224151,51.42322783309398],[-2.496382077527143,51.42291793606618],[-2.496675123613678,51.42303178735691]]]},"properties":{"slot_id":"building_type_9","lineage_id":"building_type_9-20261001T200900Z-newstart","page_generation":1,"batch_id":"20261009T072631Z_BANES_OS_IMPORTANT_BUILDINGS_50","source_entity":"0C0A77B5-D916-47A1-9C98-4544D04A3834","source_reference":"0C0A77B5-D916-47A1-9C98-4544D04A3834","source_dataset":"OS Open Map Local Important Buildings","source_organisation":"Ordnance Survey via Bath:Hacked","building_evidence_status":"BUILDING_PRESENT","parcel_status":"UNPROCESSED","canonical_parcel_id":null,"building_type":"sports_and_leisure_centre","building_use":"sports_and_leisure_centre_as_of_2017_10_05","poi_accepted":false,"field_evidence":{"footprint":"Ordnance Survey OS Open Map Local Important Buildings Polygon; 2017-10-05 snapshot, CRS84 from publicly republished original OS data","type":"classifica=Sports And Leisure Centre; buildgthem=Sports Or Exercise Facility; featcode=15027","use":"Classified as shown by original source in 2017, no independent evidence of current operation","source_name":"Somerdale Pavilion","source_os_id":"0C0A77B5-D916-47A1-9C98-4544D04A3834"},"source_url":"https://raw.githubusercontent.com/BathHacked/banes-geographic-data/cd6eed166f84793d921f8b1051005304e734cca4/os_important_buildings.geojson","final_url":"https://raw.githubusercontent.com/BathHacked/banes-geographic-data/cd6eed166f84793d921f8b1051005304e734cca4/os_important_buildings.geojson","http_status":null,"http_status_note":"GitHub public connector read, numeric HTTP status not exposed","access_utc":"2026-10-09T07:26:31.024Z","data_date":"2017-10-05","licence":"OS OpenData Licence (http://os.uk/opendata/licence); source attribution: Contains OS data Crown copyright and database right [year], as listed by Bath:Hacked","source_sha256":"4cfaa794d5f28332ba88a858f635b000fa5543a5d4bc6f37fc39e56c337bdfaa","source_sha256_scope":"full 939-feature GeoJSON UTF-8 file pinned to immutable source blob","evidence_slice_sha256":"3ce807f793c999586c7a580d346e8bf6c1557d0d091be584f3bfc434d417ecd4","confidence_score_0_100":84,"evidence_grade":"B","fake_data":false,"local_spatial_join_required":true}},{"type":"Feature","id":"3F8488E8-B187-4BA3-8B7C-13F808BB1113","geometry":{"type":"Polygon","coordinates":[[[-2.493020603438156,51.4128077853213],[-2.493349033475671,51.41278266468012],[-2.493369425425144,51.41288706203348],[-2.493041138433892,51.41291218212822],[-2.493020603438156,51.4128077853213]]]},"properties":{"slot_id":"building_type_9","lineage_id":"building_type_9-20261001T200900Z-newstart","page_generation":1,"batch_id":"20261009T072631Z_BANES_OS_IMPORTANT_BUILDINGS_50","source_entity":"3F8488E8-B187-4BA3-8B7C-13F808BB1113","source_reference":"3F8488E8-B187-4BA3-8B7C-13F808BB1113","source_dataset":"OS Open Map Local Important Buildings","source_organisation":"Ordnance Survey via Bath:Hacked","building_evidence_status":"BUILDING_PRESENT","parcel_status":"UNPROCESSED","canonical_parcel_id":null,"building_type":"place_of_worship","building_use":"place_of_worship_as_of_2017_10_05","poi_accepted":false,"field_evidence":{"footprint":"Ordnance Survey OS Open Map Local Important Buildings Polygon; 2017-10-05 snapshot, CRS84 from publicly republished original OS data","type":"classifica=Place Of Worship; buildgthem=Religious Buildings; featcode=15025","use":"Classified as shown by original source in 2017, no independent evidence of current operation","source_name":"Unknown","source_os_id":"3F8488E8-B187-4BA3-8B7C-13F808BB1113"},"source_url":"https://raw.githubusercontent.com/BathHacked/banes-geographic-data/cd6eed166f84793d921f8b1051005304e734cca4/os_important_buildings.geojson","final_url":"https://raw.githubusercontent.com/BathHacked/banes-geographic-data/cd6eed166f84793d921f8b1051005304e734cca4/os_important_buildings.geojson","http_status":null,"http_status_note":"GitHub public connector read, numeric HTTP status not exposed","access_utc":"2026-10-09T07:26:31.024Z","data_date":"2017-10-05","licence":"OS OpenData Licence (http://os.uk/opendata/licence); source attribution: Contains OS data Crown copyright and database right [year], as listed by Bath:Hacked","source_sha256":"4cfaa794d5f28332ba88a858f635b000fa5543a5d4bc6f37fc39e56c337bdfaa","source_sha256_scope":"full 939-feature GeoJSON UTF-8 file pinned to immutable source blob","evidence_slice_sha256":"e263ce5ac447c07fbcc28fba5a96470c1500a2de4b63f289884b070800801808","confidence_score_0_100":84,"evidence_grade":"B","fake_data":false,"local_spatial_join_required":true}},{"type":"Feature","id":"F8358E1E-3D94-4D92-9586-DCA6E2E34CFF","geometry":{"type":"Polygon","coordinates":[[[-2.493005047498551,51.41582491564564],[-2.49304092637584,51.41603211250286],[-2.492877848081374,51.416044487866486],[-2.492859624283364,51.415941160362216],[-2.492757605582509,51.41594842316987],[-2.492737211681597,51.41584384593948],[-2.493005047498551,51.41582491564564]]]},"properties":{"slot_id":"building_type_9","lineage_id":"building_type_9-20261001T200900Z-newstart","page_generation":1,"batch_id":"20261009T072631Z_BANES_OS_IMPORTANT_BUILDINGS_50","source_entity":"F8358E1E-3D94-4D92-9586-DCA6E2E34CFF","source_reference":"F8358E1E-3D94-4D92-9586-DCA6E2E34CFF","source_dataset":"OS Open Map Local Important Buildings","source_organisation":"Ordnance Survey via Bath:Hacked","building_evidence_status":"BUILDING_PRESENT","parcel_status":"UNPROCESSED","canonical_parcel_id":null,"building_type":"medical_care_accommodation","building_use":"medical_care_accommodation_as_of_2017_10_05","poi_accepted":false,"field_evidence":{"footprint":"Ordnance Survey OS Open Map Local Important Buildings Polygon; 2017-10-05 snapshot, CRS84 from publicly republished original OS data","type":"classifica=Medical Care Accommodation; buildgthem=Medical Care; featcode=15020","use":"Classified as shown by original source in 2017, no independent evidence of current operation","source_name":"Sunnymede","source_os_id":"F8358E1E-3D94-4D92-9586-DCA6E2E34CFF"},"source_url":"https://raw.githubusercontent.com/BathHacked/banes-geographic-data/cd6eed166f84793d921f8b1051005304e734cca4/os_important_buildings.geojson","final_url":"https://raw.githubusercontent.com/BathHacked/banes-geographic-data/cd6eed166f84793d921f8b1051005304e734cca4/os_important_buildings.geojson","http_status":null,"http_status_note":"GitHub public connector read, numeric HTTP status not exposed","access_utc":"2026-10-09T07:26:31.024Z","data_date":"2017-10-05","licence":"OS OpenData Licence (http://os.uk/opendata/licence); source attribution: Contains OS data Crown copyright and database right [year], as listed by Bath:Hacked","source_sha256":"4cfaa794d5f28332ba88a858f635b000fa5543a5d4bc6f37fc39e56c337bdfaa","source_sha256_scope":"full 939-feature GeoJSON UTF-8 file pinned to immutable source blob","evidence_slice_sha256":"918956e3ae5b8035a99a6d658cec7ddb0c70ad6b21234679e4215767d23e610d","confidence_score_0_100":84,"evidence_grade":"B","fake_data":false,"local_spatial_join_required":true}},{"type":"Feature","id":"6617A680-F351-435D-B90A-1F5808227507","geometry":{"type":"Polygon","coordinates":[[[-2.492789024507332,51.41300091169731],[-2.492806666604294,51.413050291679916],[-2.492657637638436,51.413071149747104],[-2.492639995693688,51.41302176974183],[-2.492789024507332,51.41300091169731]]]},"properties":{"slot_id":"building_type_9","lineage_id":"building_type_9-20261001T200900Z-newstart","page_generation":1,"batch_id":"20261009T072631Z_BANES_OS_IMPORTANT_BUILDINGS_50","source_entity":"6617A680-F351-435D-B90A-1F5808227507","source_reference":"6617A680-F351-435D-B90A-1F5808227507","source_dataset":"OS Open Map Local Important Buildings","source_organisation":"Ordnance Survey via Bath:Hacked","building_evidence_status":"BUILDING_PRESENT","parcel_status":"UNPROCESSED","canonical_parcel_id":null,"building_type":"police_station","building_use":"police_station_as_of_2017_10_05","poi_accepted":false,"field_evidence":{"footprint":"Ordnance Survey OS Open Map Local Important Buildings Polygon; 2017-10-05 snapshot, CRS84 from publicly republished original OS data","type":"classifica=Police Station; buildgthem=Emergency Service; featcode=15023","use":"Classified as shown by original source in 2017, no independent evidence of current operation","source_name":"Unknown","source_os_id":"6617A680-F351-435D-B90A-1F5808227507"},"source_url":"https://raw.githubusercontent.com/BathHacked/banes-geographic-data/cd6eed166f84793d921f8b1051005304e734cca4/os_important_buildings.geojson","final_url":"https://raw.githubusercontent.com/BathHacked/banes-geographic-data/cd6eed166f84793d921f8b1051005304e734cca4/os_important_buildings.geojson","http_status":null,"http_status_note":"GitHub public connector read, numeric HTTP status not exposed","access_utc":"2026-10-09T07:26:31.024Z","data_date":"2017-10-05","licence":"OS OpenData Licence (http://os.uk/opendata/licence); source attribution: Contains OS data Crown copyright and database right [year], as listed by Bath:Hacked","source_sha256":"4cfaa794d5f28332ba88a858f635b000fa5543a5d4bc6f37fc39e56c337bdfaa","source_sha256_scope":"full 939-feature GeoJSON UTF-8 file pinned to immutable source blob","evidence_slice_sha256":"c5d08bdb4322c403a0af6e078d69c91739350e6151f9cae042c27ebbfb5946cc","confidence_score_0_100":84,"evidence_grade":"B","fake_data":false,"local_spatial_join_required":true}},{"type":"Feature","id":"E1AB17CF-0CBC-4D54-B61B-6A97AC7C2158","geometry":{"type":"Polygon","coordinates":[[[-2.49239550000986,51.41274918105696],[-2.492762561819334,51.41271967359427],[-2.492804129370079,51.41292136178068],[-2.49243735257247,51.41295077825537],[-2.49239550000986,51.41274918105696]]]},"properties":{"slot_id":"building_type_9","lineage_id":"building_type_9-20261001T200900Z-newstart","page_generation":1,"batch_id":"20261009T072631Z_BANES_OS_IMPORTANT_BUILDINGS_50","source_entity":"E1AB17CF-0CBC-4D54-B61B-6A97AC7C2158","source_reference":"E1AB17CF-0CBC-4D54-B61B-6A97AC7C2158","source_dataset":"OS Open Map Local Important Buildings","source_organisation":"Ordnance Survey via Bath:Hacked","building_evidence_status":"BUILDING_PRESENT","parcel_status":"UNPROCESSED","canonical_parcel_id":null,"building_type":"police_station","building_use":"police_station_as_of_2017_10_05","poi_accepted":false,"field_evidence":{"footprint":"Ordnance Survey OS Open Map Local Important Buildings Polygon; 2017-10-05 snapshot, CRS84 from publicly republished original OS data","type":"classifica=Police Station; buildgthem=Emergency Service; featcode=15023","use":"Classified as shown by original source in 2017, no independent evidence of current operation","source_name":"Unknown","source_os_id":"E1AB17CF-0CBC-4D54-B61B-6A97AC7C2158"},"source_url":"https://raw.githubusercontent.com/BathHacked/banes-geographic-data/cd6eed166f84793d921f8b1051005304e734cca4/os_important_buildings.geojson","final_url":"https://raw.githubusercontent.com/BathHacked/banes-geographic-data/cd6eed166f84793d921f8b1051005304e734cca4/os_important_buildings.geojson","http_status":null,"http_status_note":"GitHub public connector read, numeric HTTP status not exposed","access_utc":"2026-10-09T07:26:31.024Z","data_date":"2017-10-05","licence":"OS OpenData Licence (http://os.uk/opendata/licence); source attribution: Contains OS data Crown copyright and database right [year], as listed by Bath:Hacked","source_sha256":"4cfaa794d5f28332ba88a858f635b000fa5543a5d4bc6f37fc39e56c337bdfaa","source_sha256_scope":"full 939-feature GeoJSON UTF-8 file pinned to immutable source blob","evidence_slice_sha256":"121771f75504dfd51de2bbd8e3a136cd4c308a53882136254365466c74bd54ee","confidence_score_0_100":84,"evidence_grade":"B","fake_data":false,"local_spatial_join_required":true}},{"type":"Feature","id":"68CDABCE-088E-483C-9EF6-82A8B8CD95ED","geometry":{"type":"Polygon","coordinates":[[[-2.488618092078738,51.41043552429308],[-2.488582154368143,51.41049016372735],[-2.488443601406114,51.410454594965955],[-2.488479538295918,51.4103998656607],[-2.488618092078738,51.41043552429308]]]},"properties":{"slot_id":"building_type_9","lineage_id":"building_type_9-20261001T200900Z-newstart","page_generation":1,"batch_id":"20261009T072631Z_BANES_OS_IMPORTANT_BUILDINGS_50","source_entity":"68CDABCE-088E-483C-9EF6-82A8B8CD95ED","source_reference":"68CDABCE-088E-483C-9EF6-82A8B8CD95ED","source_dataset":"OS Open Map Local Important Buildings","source_organisation":"Ordnance Survey via Bath:Hacked","building_evidence_status":"BUILDING_PRESENT","parcel_status":"UNPROCESSED","canonical_parcel_id":null,"building_type":"secondary_education","building_use":"secondary_education_as_of_2017_10_05","poi_accepted":false,"field_evidence":{"footprint":"Ordnance Survey OS Open Map Local Important Buildings Polygon; 2017-10-05 snapshot, CRS84 from publicly republished original OS data","type":"classifica=Secondary Education; buildgthem=Education; featcode=15019","use":"Classified as shown by original source in 2017, no independent evidence of current operation","source_name":"Wellsway School","source_os_id":"68CDABCE-088E-483C-9EF6-82A8B8CD95ED"},"source_url":"https://raw.githubusercontent.com/BathHacked/banes-geographic-data/cd6eed166f84793d921f8b1051005304e734cca4/os_important_buildings.geojson","final_url":"https://raw.githubusercontent.com/BathHacked/banes-geographic-data/cd6eed166f84793d921f8b1051005304e734cca4/os_important_buildings.geojson","http_status":null,"http_status_note":"GitHub public connector read, numeric HTTP status not exposed","access_utc":"2026-10-09T07:26:31.024Z","data_date":"2017-10-05","licence":"OS OpenData Licence (http://os.uk/opendata/licence); source attribution: Contains OS data Crown copyright and database right [year], as listed by Bath:Hacked","source_sha256":"4cfaa794d5f28332ba88a858f635b000fa5543a5d4bc6f37fc39e56c337bdfaa","source_sha256_scope":"full 939-feature GeoJSON UTF-8 file pinned to immutable source blob","evidence_slice_sha256":"11ac3411806ad1e02f2bf49eda6dae76c8ac14f7a4a4e10043fa05404efa7325","confidence_score_0_100":84,"evidence_grade":"B","fake_data":false,"local_spatial_join_required":true}},{"type":"Feature","id":"8226F54C-080B-40C6-A1AE-4F5F62A82722","geometry":{"type":"Polygon","coordinates":[[[-2.487317924414771,51.409628632097565],[-2.487098104984245,51.40921107373211],[-2.487596356152419,51.4091089235926],[-2.487677995096477,51.40926854567859],[-2.487503683534376,51.40930406898315],[-2.487681987832636,51.40964366176285],[-2.487985419619353,51.40958170438552],[-2.487906902607539,51.4094318704438],[-2.488008187914938,51.409411037454014],[-2.488240350289757,51.40985264036049],[-2.488387688714243,51.40982235367437],[-2.488438320733096,51.409918803087905],[-2.488137903702612,51.40998047931952],[-2.488000684087009,51.409718943682805],[-2.487692810732675,51.40978244817219],[-2.487733574314543,51.4098974618213],[-2.487743910232991,51.40999048262321],[-2.487664830139748,51.409990362261155],[-2.487649486251561,51.409899610217906],[-2.487602953791836,51.40978291213349],[-2.487382407560772,51.40982447227293],[-2.487349661452699,51.40976022811241],[-2.487503179522951,51.40972964707963],[-2.487437718764899,51.40960412593595],[-2.487317924414771,51.409628632097565]]]},"properties":{"slot_id":"building_type_9","lineage_id":"building_type_9-20261001T200900Z-newstart","page_generation":1,"batch_id":"20261009T072631Z_BANES_OS_IMPORTANT_BUILDINGS_50","source_entity":"8226F54C-080B-40C6-A1AE-4F5F62A82722","source_reference":"8226F54C-080B-40C6-A1AE-4F5F62A82722","source_dataset":"OS Open Map Local Important Buildings","source_organisation":"Ordnance Survey via Bath:Hacked","building_evidence_status":"BUILDING_PRESENT","parcel_status":"UNPROCESSED","canonical_parcel_id":null,"building_type":"secondary_education","building_use":"secondary_education_as_of_2017_10_05","poi_accepted":false,"field_evidence":{"footprint":"Ordnance Survey OS Open Map Local Important Buildings Polygon; 2017-10-05 snapshot, CRS84 from publicly republished original OS data","type":"classifica=Secondary Education; buildgthem=Education; featcode=15019","use":"Classified as shown by original source in 2017, no independent evidence of current operation","source_name":"Wellsway School","source_os_id":"8226F54C-080B-40C6-A1AE-4F5F62A82722"},"source_url":"https://raw.githubusercontent.com/BathHacked/banes-geographic-data/cd6eed166f84793d921f8b1051005304e734cca4/os_important_buildings.geojson","final_url":"https://raw.githubusercontent.com/BathHacked/banes-geographic-data/cd6eed166f84793d921f8b1051005304e734cca4/os_important_buildings.geojson","http_status":null,"http_status_note":"GitHub public connector read, numeric HTTP status not exposed","access_utc":"2026-10-09T07:26:31.024Z","data_date":"2017-10-05","licence":"OS OpenData Licence (http://os.uk/opendata/licence); source attribution: Contains OS data Crown copyright and database right [year], as listed by Bath:Hacked","source_sha256":"4cfaa794d5f28332ba88a858f635b000fa5543a5d4bc6f37fc39e56c337bdfaa","source_sha256_scope":"full 939-feature GeoJSON UTF-8 file pinned to immutable source blob","evidence_slice_sha256":"17811c5639b0d1a4696203a49447e22833b414b1e521890c7864f6d241075764","confidence_score_0_100":84,"evidence_grade":"B","fake_data":false,"local_spatial_join_required":true}},{"type":"Feature","id":"3EA24A92-FD84-4BAB-B726-B6365F8FD011","geometry":{"type":"Polygon","coordinates":[[[-2.487874319852541,51.41059822636386],[-2.487809829136488,51.410442489378426],[-2.488230956022379,51.41037428656507],[-2.48829544902833,51.41053011322984],[-2.487874319852541,51.41059822636386]]]},"properties":{"slot_id":"building_type_9","lineage_id":"building_type_9-20261001T200900Z-newstart","page_generation":1,"batch_id":"20261009T072631Z_BANES_OS_IMPORTANT_BUILDINGS_50","source_entity":"3EA24A92-FD84-4BAB-B726-B6365F8FD011","source_reference":"3EA24A92-FD84-4BAB-B726-B6365F8FD011","source_dataset":"OS Open Map Local Important Buildings","source_organisation":"Ordnance Survey via Bath:Hacked","building_evidence_status":"BUILDING_PRESENT","parcel_status":"UNPROCESSED","canonical_parcel_id":null,"building_type":"secondary_education","building_use":"secondary_education_as_of_2017_10_05","poi_accepted":false,"field_evidence":{"footprint":"Ordnance Survey OS Open Map Local Important Buildings Polygon; 2017-10-05 snapshot, CRS84 from publicly republished original OS data","type":"classifica=Secondary Education; buildgthem=Education; featcode=15019","use":"Classified as shown by original source in 2017, no independent evidence of current operation","source_name":"Wellsway School","source_os_id":"3EA24A92-FD84-4BAB-B726-B6365F8FD011"},"source_url":"https://raw.githubusercontent.com/BathHacked/banes-geographic-data/cd6eed166f84793d921f8b1051005304e734cca4/os_important_buildings.geojson","final_url":"https://raw.githubusercontent.com/BathHacked/banes-geographic-data/cd6eed166f84793d921f8b1051005304e734cca4/os_important_buildings.geojson","http_status":null,"http_status_note":"GitHub public connector read, numeric HTTP status not exposed","access_utc":"2026-10-09T07:26:31.024Z","data_date":"2017-10-05","licence":"OS OpenData Licence (http://os.uk/opendata/licence); source attribution: Contains OS data Crown copyright and database right [year], as listed by Bath:Hacked","source_sha256":"4cfaa794d5f28332ba88a858f635b000fa5543a5d4bc6f37fc39e56c337bdfaa","source_sha256_scope":"full 939-feature GeoJSON UTF-8 file pinned to immutable source blob","evidence_slice_sha256":"006e8ec23539024f445303f013e7be76111a31297773f39dbef07211383f1c16","confidence_score_0_100":84,"evidence_grade":"B","fake_data":false,"local_spatial_join_required":true}},{"type":"Feature","id":"F3069ED7-FABC-4856-9541-602243951669","geometry":{"type":"Polygon","coordinates":[[[-2.487812734346271,51.409418954926316],[-2.487679139566943,51.40914643395445],[-2.487943134613669,51.40909435185354],[-2.4880801736557,51.40936613884497],[-2.487812734346271,51.409418954926316]]]},"properties":{"slot_id":"building_type_9","lineage_id":"building_type_9-20261001T200900Z-newstart","page_generation":1,"batch_id":"20261009T072631Z_BANES_OS_IMPORTANT_BUILDINGS_50","source_entity":"F3069ED7-FABC-4856-9541-602243951669","source_reference":"F3069ED7-FABC-4856-9541-602243951669","source_dataset":"OS Open Map Local Important Buildings","source_organisation":"Ordnance Survey via Bath:Hacked","building_evidence_status":"BUILDING_PRESENT","parcel_status":"UNPROCESSED","canonical_parcel_id":null,"building_type":"secondary_education","building_use":"secondary_education_as_of_2017_10_05","poi_accepted":false,"field_evidence":{"footprint":"Ordnance Survey OS Open Map Local Important Buildings Polygon; 2017-10-05 snapshot, CRS84 from publicly republished original OS data","type":"classifica=Secondary Education; buildgthem=Education; featcode=15019","use":"Classified as shown by original source in 2017, no independent evidence of current operation","source_name":"Wellsway School","source_os_id":"F3069ED7-FABC-4856-9541-602243951669"},"source_url":"https://raw.githubusercontent.com/BathHacked/banes-geographic-data/cd6eed166f84793d921f8b1051005304e734cca4/os_important_buildings.geojson","final_url":"https://raw.githubusercontent.com/BathHacked/banes-geographic-data/cd6eed166f84793d921f8b1051005304e734cca4/os_important_buildings.geojson","http_status":null,"http_status_note":"GitHub public connector read, numeric HTTP status not exposed","access_utc":"2026-10-09T07:26:31.024Z","data_date":"2017-10-05","licence":"OS OpenData Licence (http://os.uk/opendata/licence); source attribution: Contains OS data Crown copyright and database right [year], as listed by Bath:Hacked","source_sha256":"4cfaa794d5f28332ba88a858f635b000fa5543a5d4bc6f37fc39e56c337bdfaa","source_sha256_scope":"full 939-feature GeoJSON UTF-8 file pinned to immutable source blob","evidence_slice_sha256":"a98e5f62ca8c36494dc63bcf14f6a8238efef2e4d0f6f4cc63c2146c76c7d4d4","confidence_score_0_100":84,"evidence_grade":"B","fake_data":false,"local_spatial_join_required":true}},{"type":"Feature","id":"174E8D67-4CD7-4994-B707-6888653D6D56","geometry":{"type":"Polygon","coordinates":[[[-2.487949547147078,51.40877844754934],[-2.487797141922407,51.40877818309224],[-2.487797249868112,51.40873430326044],[-2.487797305571652,51.40872603068589],[-2.48794971062294,51.40872629514325],[-2.487949547147078,51.40877844754934]]]},"properties":{"slot_id":"building_type_9","lineage_id":"building_type_9-20261001T200900Z-newstart","page_generation":1,"batch_id":"20261009T072631Z_BANES_OS_IMPORTANT_BUILDINGS_50","source_entity":"174E8D67-4CD7-4994-B707-6888653D6D56","source_reference":"174E8D67-4CD7-4994-B707-6888653D6D56","source_dataset":"OS Open Map Local Important Buildings","source_organisation":"Ordnance Survey via Bath:Hacked","building_evidence_status":"BUILDING_PRESENT","parcel_status":"UNPROCESSED","canonical_parcel_id":null,"building_type":"post_office","building_use":"post_office_as_of_2017_10_05","poi_accepted":false,"field_evidence":{"footprint":"Ordnance Survey OS Open Map Local Important Buildings Polygon; 2017-10-05 snapshot, CRS84 from publicly republished original OS data","type":"classifica=Post Office; buildgthem=Retail; featcode=15026","use":"Classified as shown by original source in 2017, no independent evidence of current operation","source_name":"Unknown","source_os_id":"174E8D67-4CD7-4994-B707-6888653D6D56"},"source_url":"https://raw.githubusercontent.com/BathHacked/banes-geographic-data/cd6eed166f84793d921f8b1051005304e734cca4/os_important_buildings.geojson","final_url":"https://raw.githubusercontent.com/BathHacked/banes-geographic-data/cd6eed166f84793d921f8b1051005304e734cca4/os_important_buildings.geojson","http_status":null,"http_status_note":"GitHub public connector read, numeric HTTP status not exposed","access_utc":"2026-10-09T07:26:31.024Z","data_date":"2017-10-05","licence":"OS OpenData Licence (http://os.uk/opendata/licence); source attribution: Contains OS data Crown copyright and database right [year], as listed by Bath:Hacked","source_sha256":"4cfaa794d5f28332ba88a858f635b000fa5543a5d4bc6f37fc39e56c337bdfaa","source_sha256_scope":"full 939-feature GeoJSON UTF-8 file pinned to immutable source blob","evidence_slice_sha256":"ec2ff00034919e756cd28d9584bdb7b4c443cf6838c06a4b4ec7d89d7880cae3","confidence_score_0_100":84,"evidence_grade":"B","fake_data":false,"local_spatial_join_required":true}},{"type":"Feature","id":"3AEA15AD-7020-4071-9AA9-DCF7E57181F2","geometry":{"type":"Polygon","coordinates":[[[-2.487835116113347,51.411993627495654],[-2.487740004111335,51.411987099934336],[-2.487753156200665,51.411912414300566],[-2.487848268049433,51.41191894185171],[-2.487835116113347,51.411993627495654]]]},"properties":{"slot_id":"building_type_9","lineage_id":"building_type_9-20261001T200900Z-newstart","page_generation":1,"batch_id":"20261009T072631Z_BANES_OS_IMPORTANT_BUILDINGS_50","source_entity":"3AEA15AD-7020-4071-9AA9-DCF7E57181F2","source_reference":"3AEA15AD-7020-4071-9AA9-DCF7E57181F2","source_dataset":"OS Open Map Local Important Buildings","source_organisation":"Ordnance Survey via Bath:Hacked","building_evidence_status":"BUILDING_PRESENT","parcel_status":"UNPROCESSED","canonical_parcel_id":null,"building_type":"secondary_education","building_use":"secondary_education_as_of_2017_10_05","poi_accepted":false,"field_evidence":{"footprint":"Ordnance Survey OS Open Map Local Important Buildings Polygon; 2017-10-05 snapshot, CRS84 from publicly republished original OS data","type":"classifica=Secondary Education; buildgthem=Education; featcode=15019","use":"Classified as shown by original source in 2017, no independent evidence of current operation","source_name":"Wellsway School","source_os_id":"3AEA15AD-7020-4071-9AA9-DCF7E57181F2"},"source_url":"https://raw.githubusercontent.com/BathHacked/banes-geographic-data/cd6eed166f84793d921f8b1051005304e734cca4/os_important_buildings.geojson","final_url":"https://raw.githubusercontent.com/BathHacked/banes-geographic-data/cd6eed166f84793d921f8b1051005304e734cca4/os_important_buildings.geojson","http_status":null,"http_status_note":"GitHub public connector read, numeric HTTP status not exposed","access_utc":"2026-10-09T07:26:31.024Z","data_date":"2017-10-05","licence":"OS OpenData Licence (http://os.uk/opendata/licence); source attribution: Contains OS data Crown copyright and database right [year], as listed by Bath:Hacked","source_sha256":"4cfaa794d5f28332ba88a858f635b000fa5543a5d4bc6f37fc39e56c337bdfaa","source_sha256_scope":"full 939-feature GeoJSON UTF-8 file pinned to immutable source blob","evidence_slice_sha256":"aa39229b2d2ef45cbdb06dd7c6887a39ac555ec94e0d1738c38c73d8b794efbd","confidence_score_0_100":84,"evidence_grade":"B","fake_data":false,"local_spatial_join_required":true}},{"type":"Feature","id":"A1210528-96C8-4D50-8A8D-5DCC5157D1D3","geometry":{"type":"Polygon","coordinates":[[[-2.487615259965551,51.41070954287114],[-2.487578756083115,51.41061654106799],[-2.487786181057436,51.41058465629654],[-2.487822685334434,51.410677658034565],[-2.487615259965551,51.41070954287114]]]},"properties":{"slot_id":"building_type_9","lineage_id":"building_type_9-20261001T200900Z-newstart","page_generation":1,"batch_id":"20261009T072631Z_BANES_OS_IMPORTANT_BUILDINGS_50","source_entity":"A1210528-96C8-4D50-8A8D-5DCC5157D1D3","source_reference":"A1210528-96C8-4D50-8A8D-5DCC5157D1D3","source_dataset":"OS Open Map Local Important Buildings","source_organisation":"Ordnance Survey via Bath:Hacked","building_evidence_status":"BUILDING_PRESENT","parcel_status":"UNPROCESSED","canonical_parcel_id":null,"building_type":"secondary_education","building_use":"secondary_education_as_of_2017_10_05","poi_accepted":false,"field_evidence":{"footprint":"Ordnance Survey OS Open Map Local Important Buildings Polygon; 2017-10-05 snapshot, CRS84 from publicly republished original OS data","type":"classifica=Secondary Education; buildgthem=Education; featcode=15019","use":"Classified as shown by original source in 2017, no independent evidence of current operation","source_name":"Wellsway School","source_os_id":"A1210528-96C8-4D50-8A8D-5DCC5157D1D3"},"source_url":"https://raw.githubusercontent.com/BathHacked/banes-geographic-data/cd6eed166f84793d921f8b1051005304e734cca4/os_important_buildings.geojson","final_url":"https://raw.githubusercontent.com/BathHacked/banes-geographic-data/cd6eed166f84793d921f8b1051005304e734cca4/os_important_buildings.geojson","http_status":null,"http_status_note":"GitHub public connector read, numeric HTTP status not exposed","access_utc":"2026-10-09T07:26:31.024Z","data_date":"2017-10-05","licence":"OS OpenData Licence (http://os.uk/opendata/licence); source attribution: Contains OS data Crown copyright and database right [year], as listed by Bath:Hacked","source_sha256":"4cfaa794d5f28332ba88a858f635b000fa5543a5d4bc6f37fc39e56c337bdfaa","source_sha256_scope":"full 939-feature GeoJSON UTF-8 file pinned to immutable source blob","evidence_slice_sha256":"34c5132abe78df22939aafbd2fbd6cae06d123f8c37c26ce571db783461249b5","confidence_score_0_100":84,"evidence_grade":"B","fake_data":false,"local_spatial_join_required":true}},{"type":"Feature","id":"D4441227-F27E-4A25-8018-E733C9721417","geometry":{"type":"Polygon","coordinates":[[[-2.487558503325381,51.410132064039175],[-2.487693296301823,51.410111721283634],[-2.487734106326612,51.41021756322527],[-2.487599313057696,51.41023790602815],[-2.487558503325381,51.410132064039175]]]},"properties":{"slot_id":"building_type_9","lineage_id":"building_type_9-20261001T200900Z-newstart","page_generation":1,"batch_id":"20261009T072631Z_BANES_OS_IMPORTANT_BUILDINGS_50","source_entity":"D4441227-F27E-4A25-8018-E733C9721417","source_reference":"D4441227-F27E-4A25-8018-E733C9721417","source_dataset":"OS Open Map Local Important Buildings","source_organisation":"Ordnance Survey via Bath:Hacked","building_evidence_status":"BUILDING_PRESENT","parcel_status":"UNPROCESSED","canonical_parcel_id":null,"building_type":"secondary_education","building_use":"secondary_education_as_of_2017_10_05","poi_accepted":false,"field_evidence":{"footprint":"Ordnance Survey OS Open Map Local Important Buildings Polygon; 2017-10-05 snapshot, CRS84 from publicly republished original OS data","type":"classifica=Secondary Education; buildgthem=Education; featcode=15019","use":"Classified as shown by original source in 2017, no independent evidence of current operation","source_name":"Wellsway School","source_os_id":"D4441227-F27E-4A25-8018-E733C9721417"},"source_url":"https://raw.githubusercontent.com/BathHacked/banes-geographic-data/cd6eed166f84793d921f8b1051005304e734cca4/os_important_buildings.geojson","final_url":"https://raw.githubusercontent.com/BathHacked/banes-geographic-data/cd6eed166f84793d921f8b1051005304e734cca4/os_important_buildings.geojson","http_status":null,"http_status_note":"GitHub public connector read, numeric HTTP status not exposed","access_utc":"2026-10-09T07:26:31.024Z","data_date":"2017-10-05","licence":"OS OpenData Licence (http://os.uk/opendata/licence); source attribution: Contains OS data Crown copyright and database right [year], as listed by Bath:Hacked","source_sha256":"4cfaa794d5f28332ba88a858f635b000fa5543a5d4bc6f37fc39e56c337bdfaa","source_sha256_scope":"full 939-feature GeoJSON UTF-8 file pinned to immutable source blob","evidence_slice_sha256":"bc11d8c537c44df1ff0a8f61438bf5456911ea1a55cbb236f463cb86ff0227d1","confidence_score_0_100":84,"evidence_grade":"B","fake_data":false,"local_spatial_join_required":true}},{"type":"Feature","id":"E508986C-571C-4612-AF18-915DAD963F04","geometry":{"type":"Polygon","coordinates":[[[-2.48749947578729,51.40863834278121],[-2.487399905949666,51.40860404922034],[-2.487466672866657,51.40852815140878],[-2.487566242588612,51.408562444913656],[-2.48749947578729,51.40863834278121]]]},"properties":{"slot_id":"building_type_9","lineage_id":"building_type_9-20261001T200900Z-newstart","page_generation":1,"batch_id":"20261009T072631Z_BANES_OS_IMPORTANT_BUILDINGS_50","source_entity":"E508986C-571C-4612-AF18-915DAD963F04","source_reference":"E508986C-571C-4612-AF18-915DAD963F04","source_dataset":"OS Open Map Local Important Buildings","source_organisation":"Ordnance Survey via Bath:Hacked","building_evidence_status":"BUILDING_PRESENT","parcel_status":"UNPROCESSED","canonical_parcel_id":null,"building_type":"primary_education","building_use":"primary_education_as_of_2017_10_05","poi_accepted":false,"field_evidence":{"footprint":"Ordnance Survey OS Open Map Local Important Buildings Polygon; 2017-10-05 snapshot, CRS84 from publicly republished original OS data","type":"classifica=Primary Education; buildgthem=Education; featcode=15019","use":"Classified as shown by original source in 2017, no independent evidence of current operation","source_name":"Chandag Junior School","source_os_id":"E508986C-571C-4612-AF18-915DAD963F04"},"source_url":"https://raw.githubusercontent.com/BathHacked/banes-geographic-data/cd6eed166f84793d921f8b1051005304e734cca4/os_important_buildings.geojson","final_url":"https://raw.githubusercontent.com/BathHacked/banes-geographic-data/cd6eed166f84793d921f8b1051005304e734cca4/os_important_buildings.geojson","http_status":null,"http_status_note":"GitHub public connector read, numeric HTTP status not exposed","access_utc":"2026-10-09T07:26:31.024Z","data_date":"2017-10-05","licence":"OS OpenData Licence (http://os.uk/opendata/licence); source attribution: Contains OS data Crown copyright and database right [year], as listed by Bath:Hacked","source_sha256":"4cfaa794d5f28332ba88a858f635b000fa5543a5d4bc6f37fc39e56c337bdfaa","source_sha256_scope":"full 939-feature GeoJSON UTF-8 file pinned to immutable source blob","evidence_slice_sha256":"e28ef7484b57048edf4edac04b031db634138890569cb9dad0cc21ca6aebe34c","confidence_score_0_100":84,"evidence_grade":"B","fake_data":false,"local_spatial_join_required":true}},{"type":"Feature","id":"01FC9FCC-AB21-4AA2-AAD6-5551CA00D812","geometry":{"type":"Polygon","coordinates":[[[-2.487363694364423,51.41090373085252],[-2.487442632786761,51.411106614239124],[-2.48754785468662,51.41109053086598],[-2.487582603902151,51.411180752556156],[-2.487482696776077,51.41119636426054],[-2.487547024293489,51.41136379125952],[-2.487378206787245,51.411389400647835],[-2.487319335410704,51.41123471903671],[-2.486689268630235,51.41132878361409],[-2.486594896612177,51.411093953483864],[-2.486814518706492,51.41105950210737],[-2.48656630790015,51.41040575963773],[-2.487100185469724,51.410326392441654],[-2.487233902264354,51.41066446281211],[-2.487431432074344,51.410634957659205],[-2.487529067120623,51.41087885514998],[-2.487363694364423,51.41090373085252]],[[-2.487111662427975,51.41117596794374],[-2.4872473213344,51.41115562210903],[-2.48718447121658,51.41099178546695],[-2.487048812766135,51.411012131228254],[-2.487111662427975,51.41117596794374]],[[-2.486866440539761,51.41096631243545],[-2.487186129489463,51.4109178670174],[-2.487141178691104,51.4108011621925],[-2.486820782135466,51.41085059951462],[-2.486866440539761,51.41096631243545]],[[-2.486793915539212,51.41048717779912],[-2.486878773722931,51.410706221988384],[-2.487105438741008,51.41067174079026],[-2.487021156550804,51.41045287420115],[-2.486793915539212,51.41048717779912]],[[-2.486818039578352,51.411079628823515],[-2.486716544176747,51.41109461705808],[-2.486757817605212,51.41120360447997],[-2.486859313234153,51.411188616209316],[-2.486818039578352,51.411079628823515]]]},"properties":{"slot_id":"building_type_9","lineage_id":"building_type_9-20261001T200900Z-newstart","page_generation":1,"batch_id":"20261009T072631Z_BANES_OS_IMPORTANT_BUILDINGS_50","source_entity":"01FC9FCC-AB21-4AA2-AAD6-5551CA00D812","source_reference":"01FC9FCC-AB21-4AA2-AAD6-5551CA00D812","source_dataset":"OS Open Map Local Important Buildings","source_organisation":"Ordnance Survey via Bath:Hacked","building_evidence_status":"BUILDING_PRESENT","parcel_status":"UNPROCESSED","canonical_parcel_id":null,"building_type":"secondary_education","building_use":"secondary_education_as_of_2017_10_05","poi_accepted":false,"field_evidence":{"footprint":"Ordnance Survey OS Open Map Local Important Buildings Polygon; 2017-10-05 snapshot, CRS84 from publicly republished original OS data","type":"classifica=Secondary Education; buildgthem=Education; featcode=15019","use":"Classified as shown by original source in 2017, no independent evidence of current operation","source_name":"Wellsway School","source_os_id":"01FC9FCC-AB21-4AA2-AAD6-5551CA00D812"},"source_url":"https://raw.githubusercontent.com/BathHacked/banes-geographic-data/cd6eed166f84793d921f8b1051005304e734cca4/os_important_buildings.geojson","final_url":"https://raw.githubusercontent.com/BathHacked/banes-geographic-data/cd6eed166f84793d921f8b1051005304e734cca4/os_important_buildings.geojson","http_status":null,"http_status_note":"GitHub public connector read, numeric HTTP status not exposed","access_utc":"2026-10-09T07:26:31.024Z","data_date":"2017-10-05","licence":"OS OpenData Licence (http://os.uk/opendata/licence); source attribution: Contains OS data Crown copyright and database right [year], as listed by Bath:Hacked","source_sha256":"4cfaa794d5f28332ba88a858f635b000fa5543a5d4bc6f37fc39e56c337bdfaa","source_sha256_scope":"full 939-feature GeoJSON UTF-8 file pinned to immutable source blob","evidence_slice_sha256":"b1c94bc1edbdb912cf7c2c81f98b2afe568ca70797b612ddec5488fed91e462d","confidence_score_0_100":84,"evidence_grade":"B","fake_data":false,"local_spatial_join_required":true}},{"type":"Feature","id":"553D4FF4-48D4-4A9B-802E-2C9BB2324BB9","geometry":{"type":"Polygon","coordinates":[[[-2.487480867964715,51.41020018434887],[-2.487223918956455,51.41023946790644],[-2.487181077178521,51.410131745987094],[-2.487438020838061,51.4100920129604],[-2.487480867964715,51.41020018434887]]]},"properties":{"slot_id":"building_type_9","lineage_id":"building_type_9-20261001T200900Z-newstart","page_generation":1,"batch_id":"20261009T072631Z_BANES_OS_IMPORTANT_BUILDINGS_50","source_entity":"553D4FF4-48D4-4A9B-802E-2C9BB2324BB9","source_reference":"553D4FF4-48D4-4A9B-802E-2C9BB2324BB9","source_dataset":"OS Open Map Local Important Buildings","source_organisation":"Ordnance Survey via Bath:Hacked","building_evidence_status":"BUILDING_PRESENT","parcel_status":"UNPROCESSED","canonical_parcel_id":null,"building_type":"secondary_education","building_use":"secondary_education_as_of_2017_10_05","poi_accepted":false,"field_evidence":{"footprint":"Ordnance Survey OS Open Map Local Important Buildings Polygon; 2017-10-05 snapshot, CRS84 from publicly republished original OS data","type":"classifica=Secondary Education; buildgthem=Education; featcode=15019","use":"Classified as shown by original source in 2017, no independent evidence of current operation","source_name":"Wellsway School","source_os_id":"553D4FF4-48D4-4A9B-802E-2C9BB2324BB9"},"source_url":"https://raw.githubusercontent.com/BathHacked/banes-geographic-data/cd6eed166f84793d921f8b1051005304e734cca4/os_important_buildings.geojson","final_url":"https://raw.githubusercontent.com/BathHacked/banes-geographic-data/cd6eed166f84793d921f8b1051005304e734cca4/os_important_buildings.geojson","http_status":null,"http_status_note":"GitHub public connector read, numeric HTTP status not exposed","access_utc":"2026-10-09T07:26:31.024Z","data_date":"2017-10-05","licence":"OS OpenData Licence (http://os.uk/opendata/licence); source attribution: Contains OS data Crown copyright and database right [year], as listed by Bath:Hacked","source_sha256":"4cfaa794d5f28332ba88a858f635b000fa5543a5d4bc6f37fc39e56c337bdfaa","source_sha256_scope":"full 939-feature GeoJSON UTF-8 file pinned to immutable source blob","evidence_slice_sha256":"33102badf79635a4303bda41892a7ad174e59e67a69eaf8361c7fa2b0bd9ed3a","confidence_score_0_100":84,"evidence_grade":"B","fake_data":false,"local_spatial_join_required":true}},{"type":"Feature","id":"3C6FB086-C708-4846-81CC-D4CD97D2DEF1","geometry":{"type":"Polygon","coordinates":[[[-2.48735449191877,51.408781554024685],[-2.486936933252897,51.40864311017059],[-2.486827031663036,51.40877304708183],[-2.486683473886845,51.408725897775014],[-2.48698974836688,51.408363699058995],[-2.487134029896061,51.40841138448338],[-2.487027814840165,51.408536360837594],[-2.487445077613105,51.40867408626646],[-2.48735449191877,51.408781554024685]]]},"properties":{"slot_id":"building_type_9","lineage_id":"building_type_9-20261001T200900Z-newstart","page_generation":1,"batch_id":"20261009T072631Z_BANES_OS_IMPORTANT_BUILDINGS_50","source_entity":"3C6FB086-C708-4846-81CC-D4CD97D2DEF1","source_reference":"3C6FB086-C708-4846-81CC-D4CD97D2DEF1","source_dataset":"OS Open Map Local Important Buildings","source_organisation":"Ordnance Survey via Bath:Hacked","building_evidence_status":"BUILDING_PRESENT","parcel_status":"UNPROCESSED","canonical_parcel_id":null,"building_type":"primary_education","building_use":"primary_education_as_of_2017_10_05","poi_accepted":false,"field_evidence":{"footprint":"Ordnance Survey OS Open Map Local Important Buildings Polygon; 2017-10-05 snapshot, CRS84 from publicly republished original OS data","type":"classifica=Primary Education; buildgthem=Education; featcode=15019","use":"Classified as shown by original source in 2017, no independent evidence of current operation","source_name":"Chandag Junior School","source_os_id":"3C6FB086-C708-4846-81CC-D4CD97D2DEF1"},"source_url":"https://raw.githubusercontent.com/BathHacked/banes-geographic-data/cd6eed166f84793d921f8b1051005304e734cca4/os_important_buildings.geojson","final_url":"https://raw.githubusercontent.com/BathHacked/banes-geographic-data/cd6eed166f84793d921f8b1051005304e734cca4/os_important_buildings.geojson","http_status":null,"http_status_note":"GitHub public connector read, numeric HTTP status not exposed","access_utc":"2026-10-09T07:26:31.024Z","data_date":"2017-10-05","licence":"OS OpenData Licence (http://os.uk/opendata/licence); source attribution: Contains OS data Crown copyright and database right [year], as listed by Bath:Hacked","source_sha256":"4cfaa794d5f28332ba88a858f635b000fa5543a5d4bc6f37fc39e56c337bdfaa","source_sha256_scope":"full 939-feature GeoJSON UTF-8 file pinned to immutable source blob","evidence_slice_sha256":"a8227c479f75a33746227a10d5b4973908a69bd99d34ddfefdf2c193ea68d0a7","confidence_score_0_100":84,"evidence_grade":"B","fake_data":false,"local_spatial_join_required":true}},{"type":"Feature","id":"A94B5B3C-45E4-4F7F-8488-38983A032A88","geometry":{"type":"Polygon","coordinates":[[[-2.487161517554179,51.41005009300662],[-2.487127480500272,51.409986123905355],[-2.487378538561475,51.40993382713574],[-2.487412575925899,51.40999779616382],[-2.487161517554179,51.41005009300662]]]},"properties":{"slot_id":"building_type_9","lineage_id":"building_type_9-20261001T200900Z-newstart","page_generation":1,"batch_id":"20261009T072631Z_BANES_OS_IMPORTANT_BUILDINGS_50","source_entity":"A94B5B3C-45E4-4F7F-8488-38983A032A88","source_reference":"A94B5B3C-45E4-4F7F-8488-38983A032A88","source_dataset":"OS Open Map Local Important Buildings","source_organisation":"Ordnance Survey via Bath:Hacked","building_evidence_status":"BUILDING_PRESENT","parcel_status":"UNPROCESSED","canonical_parcel_id":null,"building_type":"secondary_education","building_use":"secondary_education_as_of_2017_10_05","poi_accepted":false,"field_evidence":{"footprint":"Ordnance Survey OS Open Map Local Important Buildings Polygon; 2017-10-05 snapshot, CRS84 from publicly republished original OS data","type":"classifica=Secondary Education; buildgthem=Education; featcode=15019","use":"Classified as shown by original source in 2017, no independent evidence of current operation","source_name":"Wellsway School","source_os_id":"A94B5B3C-45E4-4F7F-8488-38983A032A88"},"source_url":"https://raw.githubusercontent.com/BathHacked/banes-geographic-data/cd6eed166f84793d921f8b1051005304e734cca4/os_important_buildings.geojson","final_url":"https://raw.githubusercontent.com/BathHacked/banes-geographic-data/cd6eed166f84793d921f8b1051005304e734cca4/os_important_buildings.geojson","http_status":null,"http_status_note":"GitHub public connector read, numeric HTTP status not exposed","access_utc":"2026-10-09T07:26:31.024Z","data_date":"2017-10-05","licence":"OS OpenData Licence (http://os.uk/opendata/licence); source attribution: Contains OS data Crown copyright and database right [year], as listed by Bath:Hacked","source_sha256":"4cfaa794d5f28332ba88a858f635b000fa5543a5d4bc6f37fc39e56c337bdfaa","source_sha256_scope":"full 939-feature GeoJSON UTF-8 file pinned to immutable source blob","evidence_slice_sha256":"1655df5bdb423a83497263d65d7b96cee91dee9d4c4b4cbe5c95c995be9c404d","confidence_score_0_100":84,"evidence_grade":"B","fake_data":false,"local_spatial_join_required":true}},{"type":"Feature","id":"0CF9E182-B53F-4A30-B874-B76033B917DC","geometry":{"type":"Polygon","coordinates":[[[-2.487278638238672,51.40839513754695],[-2.487177216360133,51.4083623800853],[-2.487230587667501,51.408297687792476],[-2.487332009440427,51.40833044520858],[-2.487278638238672,51.40839513754695]]]},"properties":{"slot_id":"building_type_9","lineage_id":"building_type_9-20261001T200900Z-newstart","page_generation":1,"batch_id":"20261009T072631Z_BANES_OS_IMPORTANT_BUILDINGS_50","source_entity":"0CF9E182-B53F-4A30-B874-B76033B917DC","source_reference":"0CF9E182-B53F-4A30-B874-B76033B917DC","source_dataset":"OS Open Map Local Important Buildings","source_organisation":"Ordnance Survey via Bath:Hacked","building_evidence_status":"BUILDING_PRESENT","parcel_status":"UNPROCESSED","canonical_parcel_id":null,"building_type":"primary_education","building_use":"primary_education_as_of_2017_10_05","poi_accepted":false,"field_evidence":{"footprint":"Ordnance Survey OS Open Map Local Important Buildings Polygon; 2017-10-05 snapshot, CRS84 from publicly republished original OS data","type":"classifica=Primary Education; buildgthem=Education; featcode=15019","use":"Classified as shown by original source in 2017, no independent evidence of current operation","source_name":"Chandag Junior School","source_os_id":"0CF9E182-B53F-4A30-B874-B76033B917DC"},"source_url":"https://raw.githubusercontent.com/BathHacked/banes-geographic-data/cd6eed166f84793d921f8b1051005304e734cca4/os_important_buildings.geojson","final_url":"https://raw.githubusercontent.com/BathHacked/banes-geographic-data/cd6eed166f84793d921f8b1051005304e734cca4/os_important_buildings.geojson","http_status":null,"http_status_note":"GitHub public connector read, numeric HTTP status not exposed","access_utc":"2026-10-09T07:26:31.024Z","data_date":"2017-10-05","licence":"OS OpenData Licence (http://os.uk/opendata/licence); source attribution: Contains OS data Crown copyright and database right [year], as listed by Bath:Hacked","source_sha256":"4cfaa794d5f28332ba88a858f635b000fa5543a5d4bc6f37fc39e56c337bdfaa","source_sha256_scope":"full 939-feature GeoJSON UTF-8 file pinned to immutable source blob","evidence_slice_sha256":"b58222a5fcfcdbfccd73c02fdb77ef26242961a49f3107c46570a644de7c1d5a","confidence_score_0_100":84,"evidence_grade":"B","fake_data":false,"local_spatial_join_required":true}},{"type":"Feature","id":"8951D30D-F4D5-429B-A853-12721DB98226","geometry":{"type":"Polygon","coordinates":[[[-2.487275051518102,51.40828770192371],[-2.487235517592191,51.40827455867751],[-2.487286780967143,51.408214460880615],[-2.487326314855692,51.40822760410978],[-2.487275051518102,51.40828770192371]]]},"properties":{"slot_id":"building_type_9","lineage_id":"building_type_9-20261001T200900Z-newstart","page_generation":1,"batch_id":"20261009T072631Z_BANES_OS_IMPORTANT_BUILDINGS_50","source_entity":"8951D30D-F4D5-429B-A853-12721DB98226","source_reference":"8951D30D-F4D5-429B-A853-12721DB98226","source_dataset":"OS Open Map Local Important Buildings","source_organisation":"Ordnance Survey via Bath:Hacked","building_evidence_status":"BUILDING_PRESENT","parcel_status":"UNPROCESSED","canonical_parcel_id":null,"building_type":"primary_education","building_use":"primary_education_as_of_2017_10_05","poi_accepted":false,"field_evidence":{"footprint":"Ordnance Survey OS Open Map Local Important Buildings Polygon; 2017-10-05 snapshot, CRS84 from publicly republished original OS data","type":"classifica=Primary Education; buildgthem=Education; featcode=15019","use":"Classified as shown by original source in 2017, no independent evidence of current operation","source_name":"Chandag Junior School","source_os_id":"8951D30D-F4D5-429B-A853-12721DB98226"},"source_url":"https://raw.githubusercontent.com/BathHacked/banes-geographic-data/cd6eed166f84793d921f8b1051005304e734cca4/os_important_buildings.geojson","final_url":"https://raw.githubusercontent.com/BathHacked/banes-geographic-data/cd6eed166f84793d921f8b1051005304e734cca4/os_important_buildings.geojson","http_status":null,"http_status_note":"GitHub public connector read, numeric HTTP status not exposed","access_utc":"2026-10-09T07:26:31.024Z","data_date":"2017-10-05","licence":"OS OpenData Licence (http://os.uk/opendata/licence); source attribution: Contains OS data Crown copyright and database right [year], as listed by Bath:Hacked","source_sha256":"4cfaa794d5f28332ba88a858f635b000fa5543a5d4bc6f37fc39e56c337bdfaa","source_sha256_scope":"full 939-feature GeoJSON UTF-8 file pinned to immutable source blob","evidence_slice_sha256":"8dca5e75d55200c6e0bf136ae0106d98251b744832633906c09f023786c00495","confidence_score_0_100":84,"evidence_grade":"B","fake_data":false,"local_spatial_join_required":true}}]}
