{"type":"FeatureCollection","crs":{"type":"name","properties":{"name":"EPSG:4326"}},"features":[{"type":"Feature","id":1,"geometry":{"type":"Polygon","coordinates":[[[-0.0878798029440087,51.6531548518729],[-0.0877057903323005,51.6530525915573],[-0.0874224495974461,51.6528830150069],[-0.0874467565590297,51.6528379222389],[-0.0874482987555045,51.6528352505535],[-0.0874897512866996,51.6526744690585],[-0.0875139672719276,51.6525805607458],[-0.0874846760405915,51.6523476081702],[-0.0878589674452174,51.6524206778464],[-0.0880489246203899,51.652458381612],[-0.0880558853633286,51.652445909262],[-0.0881484698436198,51.652463598451],[-0.0881358383464452,51.6524890137824],[-0.0881201160292227,51.6525170755925],[-0.0880988806072671,51.6525571837061],[-0.0880923323546896,51.6525711905742],[-0.088067988411191,51.6526171821171],[-0.0881276758816254,51.6526292109423],[-0.0881042164442243,51.652688161376],[-0.0880824582553813,51.6527435434649],[-0.0880616920603091,51.6527895033347],[-0.0880390420725732,51.6528462188457],[-0.087967296070101,51.6529876287439],[-0.0879524448377672,51.6530148054766],[-0.0879390237665292,51.6530420063943],[-0.0878798029440087,51.6531548518729]]]},"properties":{"objectid":1,"layerreference":"lpd_enf_mgh00000006","sitereference":"LP1117","sitename":"100 Church St","address":"Grange, EN2 6BQ","uprn":null,"borough":"Enfield","planningauthority":"Enfield","firstaddeddate":null,"lastupdateddate":null,"removeddate":null,"status":null,"hectares":"0.285","easting":"532382","northing":"196611","designation":"Medium Growth Housing","boroughdesignation":"Medium Growth Housing","classification":null,"notes":null,"source":null,"extrainfo1":"Place Making Policy PL1","extrainfo2":"SHLAA Outcome: Developable","extrainfo3":null,"missing":null,"Shape__Area":2847.6149368286133,"Shape__Length":236.46430111269714}},{"type":"Feature","id":2,"geometry":{"type":"Polygon","coordinates":[[[-0.0585424135815632,51.6692153088219],[-0.0586767835071705,51.6692350600205],[-0.0587823955116282,51.6692525380885],[-0.0588706062756973,51.6692670316049],[-0.0588541817786942,51.6693109898132],[-0.0590478634546156,51.6693434983112],[-0.0591302553166853,51.6693574458326],[-0.0591334377838804,51.6693499466679],[-0.0593022867822192,51.669377638949],[-0.0585550127151997,51.670376454997],[-0.0583547092059359,51.6706465218894],[-0.0581844998715054,51.6706031635951],[-0.057938178852304,51.6705271720305],[-0.0578767337686671,51.6705113229375],[-0.0578143381547165,51.6704981548929],[-0.0577505549723276,51.6704867614326],[-0.0577196469315095,51.6704817549336],[-0.0576966466194623,51.6704786776933],[-0.0576520738380022,51.6704725468172],[-0.0576347551395107,51.670470461879],[-0.0576276250388746,51.6704698952207],[-0.0576102664599614,51.6704687088531],[-0.0576045464575754,51.6704686142361],[-0.0575756692545717,51.6704663380941],[-0.0575366435670629,51.6704643445852],[-0.0574869316822641,51.6704612750541],[-0.0574379174292581,51.6704586657603],[-0.0573845309137562,51.6704550857799],[-0.0572200466291586,51.6704451724757],[-0.0568594596261819,51.6704230243952],[-0.0567158077601852,51.6703999711007],[-0.0566663473419899,51.6703910621614],[-0.0564908129548346,51.6704025402786],[-0.056417408977038,51.670412562177],[-0.0563963035082614,51.6704153592658],[-0.0563787334863792,51.6704191141031],[-0.0563261080833371,51.6704339751377],[-0.0562463463697972,51.6704560286534],[-0.0561519560373672,51.6704827839441],[-0.056072871088975,51.6705057468799],[-0.0559663958569446,51.670525109889],[-0.0558657767996163,51.6705441210406],[-0.0558280133795963,51.6705488894183],[-0.0558040078925079,51.6705525376203],[-0.0557807000107253,51.6705566460853],[-0.0557588213657225,51.670560779109],[-0.0557376542701852,51.6705650129342],[-0.0556589920597175,51.6705780946153],[-0.0555848915056392,51.6705876548431],[-0.0555426981028474,51.6705927993914],[-0.0555296333390989,51.6705943815189],[-0.055515715506271,51.6705963982365],[-0.0555070599763645,51.6705980533749],[-0.0554989984522002,51.6705997174499],[-0.0554785889675586,51.670602975516],[-0.0554640935116968,51.6706045330453],[-0.0553854119184617,51.6706180638393],[-0.0553286282774842,51.6706270114445],[-0.0552812954674194,51.6706352181047],[-0.0552412096331292,51.6706412957834],[-0.0549779084165263,51.6706612078253],[-0.0549641475351127,51.6706623278433],[-0.0549517980965651,51.6706639217552],[-0.0549437379866189,51.6706655858155],[-0.0549356970828151,51.6706668014757],[-0.0548016222082108,51.6706902015316],[-0.0547082331253378,51.6707102297938],[-0.0546564761694032,51.6707215084317],[-0.054632545888008,51.6707206623699],[-0.0546239851004924,51.6707200709281],[-0.0546240428069374,51.6707187239324],[-0.0546263991471999,51.6707138180821],[-0.0546804722671491,51.6705816650342],[-0.0547856119373222,51.6703235128683],[-0.0549804826374312,51.6698411140096],[-0.0551128563437792,51.6695204842291],[-0.0551645318959324,51.6693941344548],[-0.0551746031479669,51.6693956501087],[-0.055193861148327,51.6693496710966],[-0.0552732617089387,51.6691661566321],[-0.0552993240943884,51.6691005134357],[-0.0553257894310227,51.6690393721777],[-0.0553425192731514,51.6690023418135],[-0.0555579980280461,51.6690269459037],[-0.0555752906276944,51.6690296592831],[-0.0556372175020179,51.6690397642702],[-0.0556721673260799,51.6690450180929],[-0.0557933372517146,51.6690555643889],[-0.0557888096262546,51.6690666372301],[-0.0558532357179131,51.6690768734059],[-0.0558562987550229,51.669069372351],[-0.0558588209446466,51.6690633910396],[-0.0561878591309978,51.6691008420111],[-0.0564513199781738,51.6691299246852],[-0.0567060237977543,51.6691602106964],[-0.0570414786383057,51.6691954274518],[-0.0571586448675363,51.66921040136],[-0.0572390496855358,51.6692234181014],[-0.0574949460052928,51.6692509354004],[-0.0575740946822817,51.6692598854784],[-0.0576944491857739,51.66927832778],[-0.0584276890801868,51.6692268959772],[-0.0585424135815632,51.6692153088219]]]},"properties":{"objectid":2,"layerreference":"lpd_enf_mgh00000007","sitereference":"LP1138","sitename":"Land opposite Enfield Crematorium (aka The Dell)","address":"Great Cambridge Road, Chase, EN1 4DS","uprn":null,"borough":"Enfield","planningauthority":"Enfield","firstaddeddate":null,"lastupdateddate":null,"removeddate":null,"status":null,"hectares":"4.07","easting":"534470","northing":"198573","designation":"Medium Growth Housing","boroughdesignation":"Medium Growth Housing","classification":null,"notes":"Green Belt","source":null,"extrainfo1":"Place Making Policy ","extrainfo2":"SHLAA Outcome: Potentially developable","extrainfo3":null,"missing":null,"Shape__Area":40687.145027160645,"Shape__Length":910.69415612687953}},{"type":"Feature","id":3,"geometry":{"type":"Polygon","coordinates":[[[-0.0853003199188442,51.6515900425259],[-0.0853466148219189,51.6516086867546],[-0.0853585523911714,51.6515969251812],[-0.0857060036187267,51.6516221878487],[-0.085770227622291,51.6516254820145],[-0.0857680230774509,51.6516438749849],[-0.0857679095094736,51.6516465708366],[-0.0857592159506802,51.6517143015243],[-0.0857561449217105,51.651736276407],[-0.0857582887364162,51.6517363113551],[-0.085741748438352,51.651820545462],[-0.0857407116433787,51.6518281702533],[-0.085726311309083,51.6519125291655],[-0.0857267236542003,51.6519197270641],[-0.0857231077839534,51.6519376483071],[-0.0857149006018307,51.6519429081191],[-0.0856600660503576,51.6519402166103],[-0.0853975311154342,51.6519278449741],[-0.0853908572573855,51.6519843717266],[-0.0853780405995554,51.6519971980492],[-0.085319362149413,51.6519980388438],[-0.0852984797539038,51.6519985975755],[-0.0852289637064814,51.6519992616086],[-0.0851646872836322,51.6520000119421],[-0.0850778992695992,51.6520003942312],[-0.0850794941212602,51.6520134555379],[-0.0849033621659516,51.6520069870775],[-0.0849034568134945,51.652004741435],[-0.084842020879834,51.6520059866726],[-0.0847595842442395,51.6520077885968],[-0.0846691282214538,51.6520103588968],[-0.084645268624727,51.652010868965],[-0.0846278783376588,51.6520105853146],[-0.0846295721448369,51.6520043201011],[-0.0846331564069813,51.6519702175548],[-0.084600753178844,51.6519669922213],[-0.0846058219653865,51.6519513427961],[-0.0845842955716895,51.6519473956366],[-0.0845620162171524,51.6519443354254],[-0.0845547701951189,51.6519437676145],[-0.0845352550690791,51.6519429996734],[-0.0845158219648677,51.6519431323013],[-0.0844854679038548,51.6519421875477],[-0.0844817145426624,51.6519803329879],[-0.0844304340912136,51.6519781476293],[-0.0843625998064823,51.6519756922035],[-0.0843200144643314,51.6519736495404],[-0.0842969078556218,51.6519732725871],[-0.0841605213170627,51.6519683507268],[-0.0841596372526088,51.6519723810595],[-0.0840824102416799,51.6519693235113],[-0.0840601432576125,51.6521384173335],[-0.084002413702843,51.6521365761856],[-0.083777961914828,51.6521284193934],[-0.083640184147986,51.652122574998],[-0.0836594233122933,51.6519574774756],[-0.0836615733723152,51.6519404316031],[-0.0836640061145266,51.6519166487824],[-0.0835832257052946,51.6519130823985],[-0.0834966090411556,51.651909421607],[-0.0834151135407828,51.6519058443354],[-0.0833263531044876,51.6519021484286],[-0.0832425954109802,51.6518985332139],[-0.0830804470816677,51.651891212169],[-0.0830760319920304,51.6518913199432],[-0.0830320181193745,51.6518892525917],[-0.0829974144065979,51.6518873397428],[-0.0829750608555723,51.6518860755871],[-0.0829440107509685,51.6518846694534],[-0.0829389585749446,51.6519196472385],[-0.082915056386173,51.6519183577895],[-0.0828912221853547,51.6520905722947],[-0.0828731372020408,51.6520898274258],[-0.0828025372313976,51.6520850796586],[-0.0827345957671766,51.6520794751203],[-0.0825913531167928,51.6520703938407],[-0.0822153009094379,51.6520422279934],[-0.0820923038693084,51.6520335666638],[-0.0819451852382905,51.6520202866036],[-0.0819212982034617,51.652018637506],[-0.0819263786050013,51.6519858183781],[-0.0819462319742334,51.6518571392996],[-0.0819466491279528,51.6518472572253],[-0.081802218174502,51.6518268287932],[-0.0817353027274427,51.6518195327807],[-0.0816233507138424,51.651800533022],[-0.0816285596776958,51.651770322886],[-0.0816273556874395,51.6517197805879],[-0.0815813599096053,51.6517166911522],[-0.0814955143387652,51.6517116935188],[-0.0814401425437959,51.6517076424317],[-0.0814268999958081,51.6517530937329],[-0.0813784149342993,51.6517496946759],[-0.0813972417099783,51.6517018167592],[-0.0812972320712227,51.6516850800445],[-0.0812760669037143,51.6517233905421],[-0.0812339766215842,51.651709667481],[-0.0810843766649753,51.6515999747232],[-0.0809803384131605,51.6516137369109],[-0.0809654740538115,51.6515733997855],[-0.0809200320319762,51.6515797593105],[-0.0809086496546552,51.6515811910158],[-0.0807550305833279,51.6516005254781],[-0.0807321406275564,51.6516034776323],[-0.0807302238136064,51.651603716074],[-0.0806963030398958,51.6516081955779],[-0.0806748995784771,51.6515449172457],[-0.0806889228770028,51.6515430791104],[-0.080626686601245,51.6513601087487],[-0.0806004264949002,51.6513017849345],[-0.0807415245294655,51.6512938434815],[-0.0807401473928767,51.6512841119274],[-0.0811422654891896,51.6512621859189],[-0.0811395664311836,51.651244252425],[-0.081139484479164,51.6512433518504],[-0.081109970669659,51.6510531848455],[-0.0811036866366406,51.6510128980227],[-0.0810846969190788,51.6509150485346],[-0.081080680731131,51.650891609976],[-0.0810632600096193,51.6507820088339],[-0.0810622958591223,51.6507765994636],[-0.0810911988516752,51.6507243918739],[-0.0811465312719708,51.6507208907225],[-0.0812585048321283,51.6507139106257],[-0.0816923658624469,51.6506880961367],[-0.0819117374915539,51.6506752290671],[-0.0819152028392967,51.6506750159014],[-0.0819549901033932,51.6506726992233],[-0.0822531750528178,51.6506648039076],[-0.0823441903993607,51.6506658406843],[-0.0824026519890176,51.6506672450152],[-0.0824404215216776,51.6506647153757],[-0.0824736666554601,51.6506621118419],[-0.0825149910875822,51.6506600898466],[-0.0825845756068247,51.650654933253],[-0.0826534450488071,51.6506497649424],[-0.0827201153419381,51.650645908638],[-0.0829550101552581,51.6506295171943],[-0.0829658487632184,51.6506296941412],[-0.0831383067898802,51.6506185749465],[-0.0832723024806373,51.6506122221963],[-0.0834463075092171,51.6506011278026],[-0.08355853643059,51.6505965767231],[-0.0836466691435103,51.6505953182573],[-0.0836938105835166,51.6505938403981],[-0.0838156604935194,51.6505985256537],[-0.0838229456257447,51.6505981949174],[-0.0838301914194814,51.6505987627733],[-0.083839483913839,51.650601701138],[-0.0838471899370811,51.6506055128484],[-0.0838577861037849,51.6506114390601],[-0.0838591768903537,51.6506123609896],[-0.0839715048932238,51.6506393652745],[-0.0839728451486838,51.6506443311353],[-0.0839836575872889,51.6507299105684],[-0.0839949260835179,51.650804709323],[-0.0840014504602215,51.6508563275325],[-0.0840209644338518,51.6510097415155],[-0.0842185495800287,51.651055667183],[-0.0843994807033686,51.651100870316],[-0.0844100922135857,51.651106437031],[-0.0845131212601159,51.6511674509902],[-0.084553707259479,51.65116316814],[-0.0846241487969697,51.6511207168741],[-0.0846699227300076,51.6511488820495],[-0.0845735481219065,51.651207092056],[-0.0845553681708664,51.6512170440833],[-0.0844355588363312,51.6512232700498],[-0.0844103364473407,51.651307003557],[-0.084365017898779,51.6513359300086],[-0.0843686384875058,51.6513885789972],[-0.0843727216630295,51.6514443828519],[-0.0843936084872861,51.6514465211525],[-0.0849274366308696,51.6515064702987],[-0.0849311431160204,51.6515033843267],[-0.0849466061005317,51.6515126261534],[-0.0849547943553415,51.6515078157034],[-0.0851435765516286,51.6516071744427],[-0.085199522125082,51.6515495627742],[-0.0853003199188442,51.6515900425259]]]},"properties":{"objectid":3,"layerreference":"lpd_enf_mgh00000008","sitereference":"LP603","sitename":"Palace Gardens Shopping Centre Enfield","address":"Grange, EN2 6SN","uprn":null,"borough":"Enfield","planningauthority":"Enfield","firstaddeddate":null,"lastupdateddate":null,"removeddate":null,"status":null,"hectares":"3.73","easting":"532716","northing":"196471","designation":"Medium Growth Housing","boroughdesignation":"Medium Growth Housing","classification":null,"notes":null,"source":null,"extrainfo1":"Place Making Policy PL1","extrainfo2":"SHLAA Outcome: Potentially developable","extrainfo3":null,"missing":null,"Shape__Area":37291.899040222168,"Shape__Length":1106.8094150529028}},{"type":"Feature","id":4,"geometry":{"type":"Polygon","coordinates":[[[-0.0377304697259404,51.6514635625922],[-0.0377027323364814,51.6514572545315],[-0.0372906007852346,51.6513931731209],[-0.0372407953178613,51.6513845177241],[-0.0369559148714709,51.6513435137104],[-0.0369315943642179,51.6513436457439],[-0.0368519718548782,51.6513326919897],[-0.0367151509889205,51.6513187122009],[-0.0365841345001561,51.6513220901629],[-0.0364974367539223,51.6513590252468],[-0.0364397435187596,51.651430878669],[-0.0364178946955293,51.6514813969062],[-0.0364259529410338,51.6515624431249],[-0.0364046128826927,51.6514715547702],[-0.0364012307722679,51.6513788091491],[-0.0364209750195866,51.6513190857579],[-0.0365390786002865,51.6511042227636],[-0.0366416949398682,51.6509222743111],[-0.0366612253358354,51.6508950910929],[-0.0367981202195485,51.65091284921],[-0.0367898271744367,51.6509365337516],[-0.0369265887026689,51.6509518614382],[-0.0372471057578894,51.6510011038715],[-0.0372504539993999,51.6509787743996],[-0.0376490564103535,51.6510497311116],[-0.0377516037055083,51.6510679909278],[-0.037783540802667,51.6510736508186],[-0.037780190650802,51.6511015539392],[-0.0377600926516601,51.6512495538541],[-0.0377520454426507,51.6513006631248],[-0.0377486839699842,51.6513260489966],[-0.0377433425987024,51.6513669545979],[-0.0377316911701855,51.6514545930386],[-0.0377304697259404,51.6514635625922]]]},"properties":{"objectid":4,"layerreference":"lpd_enf_mgh00000010","sitereference":"LP1196","sitename":"Land at former Wessex Hall Building","address":"Ponder, EN3 7TU","uprn":null,"borough":"Enfield","planningauthority":"Enfield","firstaddeddate":null,"lastupdateddate":null,"removeddate":null,"status":null,"hectares":"0.385","easting":"535890","northing":"196534","designation":"Medium Growth Housing","boroughdesignation":"Medium Growth Housing","classification":null,"notes":null,"source":null,"extrainfo1":"Place Making Policy ","extrainfo2":"SHLAA Outcome: Developable","extrainfo3":null,"missing":null,"Shape__Area":3849.1458282470703,"Shape__Length":318.88288933838214}},{"type":"Feature","id":5,"geometry":{"type":"MultiPolygon","coordinates":[[[[-0.139546715349416,51.6113896562782],[-0.139556498155878,51.6114008692471],[-0.139652958106054,51.6115143206668],[-0.139657613921565,51.6115198789009],[-0.139887581154399,51.6117844063447],[-0.140148580925547,51.6120909589808],[-0.140303283495462,51.6122625079486],[-0.140024704678342,51.6122401146186],[-0.140019051950335,51.6122385871668],[-0.140011865202813,51.6122366748129],[-0.140006190459197,51.6122356856543],[-0.139994756446815,51.6122328076597],[-0.139989694722344,51.6122313794953],[-0.139981894922273,51.6122299070433],[-0.139973958386608,51.6122288820422],[-0.139959686285904,51.6122255094526],[-0.139943849937632,51.6122225616916],[-0.139911581127326,51.6122166567167],[-0.139878597847715,51.6122107404107],[-0.139860737877462,51.6122077605699],[-0.13984277648769,51.6122043295009],[-0.139821978455151,51.612200403857],[-0.139801894904328,51.6121964895323],[-0.139784015121963,51.6121939589841],[-0.139749604402019,51.6121880191207],[-0.139731589331257,51.6121859360387],[-0.139715138512826,51.6121834281268],[-0.139697854897571,51.6121809061147],[-0.139677716224059,51.6121783397499],[-0.139658427326269,51.6121753372315],[-0.139637592561767,51.6121723102093],[-0.13961816696676,51.6121697542368],[-0.139587235322608,51.6121661175581],[-0.139556320585917,51.6121620324202],[-0.13940542906886,51.6121448069077],[-0.139317448995842,51.6121267818094],[-0.139295835156385,51.612122393522],[-0.139240608202983,51.6121129779977],[-0.139232196169294,51.6121061021698],[-0.139224598586368,51.6120996888709],[-0.13921063099179,51.6120859824954],[-0.139206475687124,51.6120827701936],[-0.139201038481556,51.6120759415229],[-0.139194514912936,51.6120578587706],[-0.139189801051492,51.612047895138],[-0.139187258488436,51.6120402140181],[-0.139185592988274,51.6120285002379],[-0.139184333276768,51.6120069048859],[-0.139181305702074,51.6119906751285],[-0.139181232944374,51.6119866292092],[-0.139181276346975,51.6119826741557],[-0.139181679942125,51.6119786348888],[-0.139182321695211,51.6119745993975],[-0.139183196448823,51.6119706584228],[-0.139184314517601,51.6119666304824],[-0.13918566706692,51.6119626961829],[-0.139187371010651,51.6119588573777],[-0.139189314518584,51.6119550232695],[-0.139191763796121,51.6119504768908],[-0.13919429465872,51.6119468310419],[-0.139197063678744,51.6119431889685],[-0.139199951018759,51.6119395496699],[-0.139203069198567,51.6119360929788],[-0.139206545336287,51.6119326419623],[-0.139210136153513,51.6119292826872],[-0.139214076130889,51.6119261087946],[-0.139218017551074,51.6119229349247],[-0.139222426488566,51.6119199483133],[-0.139229036234961,51.611915557812],[-0.139219518560576,51.6118338695574],[-0.139178019574443,51.6117887129579],[-0.139099258773214,51.6117025107565],[-0.139463333994332,51.6115764918286],[-0.139387577118995,51.6115013045211],[-0.139319603218615,51.6114337923283],[-0.139085146131174,51.6111947228157],[-0.138528914538492,51.6111131755384],[-0.137766768422426,51.6110030985076],[-0.13756526436785,51.6110442203358],[-0.137438851491657,51.6113336642602],[-0.136826457496329,51.6115126410568],[-0.136482176139911,51.6113821270183],[-0.136444277744671,51.6113683110563],[-0.136297459180376,51.6113157270911],[-0.136224755037606,51.6112882322669],[-0.136222686722033,51.611286401852],[-0.136221369736599,51.6112836832312],[-0.136220747316931,51.6112814261563],[-0.136220876190377,51.6112782817742],[-0.136221701109537,51.6112755980623],[-0.13622020642155,51.6112219951226],[-0.136218476619521,51.6111770184217],[-0.136219658423285,51.6111307399963],[-0.136241635314223,51.611105917521],[-0.136260562331192,51.6110828450888],[-0.136300953644507,51.6110677542685],[-0.13634190424169,51.6110535706514],[-0.13644883339239,51.6110188600508],[-0.13653145671318,51.6109932018719],[-0.136573971367932,51.6109785942845],[-0.136594442042955,51.6109730760203],[-0.136614811326671,51.6109671065246],[-0.136635318813993,51.6109606896011],[-0.136655093427853,51.6109547106582],[-0.136685111845179,51.6109457478967],[-0.1368077351087,51.6109116457933],[-0.136880102328734,51.6108921174269],[-0.136918030526214,51.6108819321985],[-0.136932596408438,51.6108781177261],[-0.13694868970151,51.6108747771133],[-0.136962485899866,51.6108722992756],[-0.136976959736381,51.6108707314282],[-0.136992264974785,51.6108691758755],[-0.13700743485705,51.61086806869],[-0.137019728547405,51.6108673645724],[-0.1370327182854,51.6108671211189],[-0.137044298963309,51.6108664056823],[-0.137219089768523,51.6107826083891],[-0.137234433783456,51.6107830317405],[-0.137344581396508,51.6107860377174],[-0.137482119884266,51.6107540590867],[-0.137550841949868,51.61073923752],[-0.137691407091719,51.6106537274507],[-0.137668518834023,51.6107008305159],[-0.137644033811391,51.6107520438309],[-0.137620731818739,51.6107772951666],[-0.137614492360677,51.6107871740988],[-0.137610005777681,51.6108007677125],[-0.137604097725124,51.6108287220618],[-0.137600979131241,51.6108408986016],[-0.137668345660779,51.6108475418183],[-0.13768768903555,51.6108491966722],[-0.137732286973067,51.6108535002894],[-0.137776904762671,51.6108573545863],[-0.137821484318938,51.6108621074962],[-0.137879044665445,51.6108697631291],[-0.137960834942618,51.6108818478714],[-0.138101349119913,51.610905202585],[-0.13811140889978,51.6109067110097],[-0.138129388016153,51.6109096930058],[-0.138148098543888,51.6109122369822],[-0.138234779688929,51.6109328501374],[-0.138337490032349,51.6109546166926],[-0.138420130885195,51.610972109126],[-0.138515947584848,51.6109877422092],[-0.138629548638649,51.6110111191001],[-0.138777793361777,51.6110346864162],[-0.138829559751636,51.6110413504751],[-0.138915635935659,51.61105350251],[-0.138960746444118,51.61106275869],[-0.139003715074133,51.611071979995],[-0.139072387590004,51.6110874520344],[-0.139143229960817,51.6111052065248],[-0.139204607182162,51.6111214620687],[-0.139208955699749,51.6111228798598],[-0.139244498944007,51.6111360290293],[-0.13927855961515,51.6111505026417],[-0.139287796207231,51.6111546947271],[-0.139302619182147,51.6111620318724],[-0.139303318935704,51.6111624026596],[-0.139319659815395,51.6111704823546],[-0.139325225582143,51.6111741666293],[-0.139350004085358,51.6111884930819],[-0.139371751215726,51.6112041212319],[-0.139382094808728,51.6112132748604],[-0.139391201370775,51.6112206104063],[-0.13941071615286,51.611238450356],[-0.139436344384157,51.6112640280196],[-0.139459908612849,51.6112905621222],[-0.139546715349416,51.6113896562782]]],[[[-0.137691407091719,51.6106537274507],[-0.137692876604379,51.6106497959228],[-0.137693840247114,51.6106495414406],[-0.137691407091719,51.6106537274507]]],[[[-0.136669002890291,51.6109407280225],[-0.136607909810327,51.6109582770671],[-0.136599562691619,51.6109469067979],[-0.136660419050238,51.6109293539998],[-0.136669002890291,51.6109407280225]]]]},"properties":{"objectid":5,"layerreference":"lpd_enf_mgh00000002","sitereference":"LP1145","sitename":"Site between North Circular Road and Station Road","address":"Southgate Green, N11 1QJ","uprn":null,"borough":"Enfield","planningauthority":"Enfield","firstaddeddate":null,"lastupdateddate":null,"removeddate":null,"status":null,"hectares":"1.129","easting":"529011","northing":"191925","designation":"Medium Growth Housing","boroughdesignation":"Medium Growth Housing","classification":null,"notes":null,"source":null,"extrainfo1":"Place Making Policy PL7","extrainfo2":"SHLAA Outcome: Developable","extrainfo3":null,"missing":null,"Shape__Area":11282.894691467285,"Shape__Length":877.45271180943951}},{"type":"Feature","id":6,"geometry":{"type":"Polygon","coordinates":[[[-0.0670475036597974,51.6465675654779],[-0.0670439507257551,51.6465670573175],[-0.0670395437837693,51.6465669847174],[-0.0669845646901852,51.6465678765945],[-0.0668870894723933,51.6465676195847],[-0.0667845497239521,51.6465659301612],[-0.0667370727216106,51.6465809703718],[-0.0666980538873878,51.6465932731995],[-0.0666539314216899,51.6465938941768],[-0.0665838468055485,51.6465940882374],[-0.0665390298890713,51.6465942489982],[-0.0664182929158306,51.6465945066439],[-0.0664023143191944,51.6465946929557],[-0.0663794223065742,51.6465949442873],[-0.0663243309039836,51.646595655053],[-0.0662961451005914,51.6465942912844],[-0.0662867169743273,51.6465945855346],[-0.06627818113892,51.6465935456005],[-0.0659837029767231,51.6466017277379],[-0.0659713170270251,51.6466015235791],[-0.0658925384097761,51.6466015739223],[-0.0658716776521193,51.6466016796853],[-0.0657812317428404,51.6466042336098],[-0.06535022924556,51.6466083658902],[-0.0653206759347848,51.6466083282284],[-0.0652801638082656,51.6466081089599],[-0.065274448217631,51.6466080147152],[-0.0652260336027312,51.6466058684017],[-0.0652161608905644,51.6466054358272],[-0.0651755953917693,51.6466036877998],[-0.0651187038706919,51.646599153508],[-0.065074265512572,51.6465959935895],[-0.0650610767774058,51.6465950566879],[-0.0650004727364016,51.646590910745],[-0.0649313711699922,51.6465848270086],[-0.064880252701389,51.646579039818],[-0.0648659374410604,51.6465765555728],[-0.0645948460851365,51.646511402176],[-0.0645804162506511,51.646508826079],[-0.0645668542885894,51.6465054558609],[-0.0645283133798631,51.6464953805793],[-0.0645110977575102,51.6464910517243],[-0.0644968208177426,51.6464876697037],[-0.0644438462931281,51.6464751081474],[-0.0644023078880765,51.6464654330054],[-0.0643919281945583,51.6464629245973],[-0.064361604375484,51.6464557716214],[-0.0643574702619903,51.6464548940866],[-0.0643242764538963,51.6464479635325],[-0.064287087550909,51.6464397089939],[-0.0642211704288247,51.6464260354494],[-0.0641860676438802,51.6464191632864],[-0.0641516606982905,51.6464127522233],[-0.0640713135438044,51.6463992901432],[-0.0639936720477079,51.6463866810859],[-0.0639851501529587,51.6463852824073],[-0.0638896977735693,51.6463711213286],[-0.0638221785248879,51.6463614659913],[-0.0637940872832907,51.6463578559228],[-0.0637070955812571,51.6463465311922],[-0.0636439051849873,51.6463387466084],[-0.0635963415263737,51.6463334662419],[-0.0632053505257106,51.6462825119981],[-0.0631953465200808,51.646282346862],[-0.0631852623699907,51.6462812820401],[-0.0631787311243901,51.6462807245973],[-0.0626357537877794,51.6462362493727],[-0.0623648127172478,51.6462151434766],[-0.0622967838625474,51.6462090758756],[-0.0622673367788138,51.6462065212585],[-0.0622338563210481,51.6462035412161],[-0.0621142174640716,51.6461948226182],[-0.0620342795226825,51.646188558168],[-0.0620097654117937,51.6461877036346],[-0.0619853279818309,51.6461850527381],[-0.0619630546819162,51.6461819879519],[-0.0619401033183042,51.6461780126993],[-0.0619336296446585,51.6461761072444],[-0.0619236414510363,51.6461727957428],[-0.0619136340786133,51.6461699335545],[-0.0618943520557568,51.6461637716476],[-0.0618701064142608,51.6461566284842],[-0.0618466371028218,51.6461480602197],[-0.0618373816401445,51.6461443111832],[-0.0618198014542425,51.646134581227],[-0.0618686707897512,51.6460562759162],[-0.0618895490275302,51.6459887463008],[-0.0619009232751958,51.6459763481146],[-0.0619852516434886,51.6458797493777],[-0.0620190962847575,51.6458825556617],[-0.0620227073511724,51.6458677819825],[-0.0620227063373213,51.6458649951533],[-0.0620230085519839,51.6458439637123],[-0.0620239518873831,51.6458218637466],[-0.0620241572304158,51.6458002911484],[-0.0620261321187277,51.6457540243716],[-0.0620260663265111,51.645749978405],[-0.0620263566384082,51.6457320024589],[-0.0620265010365687,51.6457090808602],[-0.062027679593874,51.6457010087685],[-0.0620928577215215,51.6457012759873],[-0.0621324180905806,51.6457013907349],[-0.0622286565674162,51.6457027104394],[-0.0622847558371201,51.6457034570909],[-0.0623765937050394,51.6457045241445],[-0.0623945764131299,51.645704821117],[-0.0624992766204026,51.6457061004856],[-0.0625368057706019,51.6457063605074],[-0.0626325944702694,51.6457070429696],[-0.0626423638561434,51.6457071143574],[-0.0626604650084247,51.6457074132448],[-0.0627666143193732,51.6457082675705],[-0.0628547795159578,51.6457088239786],[-0.0628743106220074,51.6457091464419],[-0.0629132721205496,51.6457093400654],[-0.0629493766067349,51.645709486508],[-0.0629898864978743,51.6457097056692],[-0.0630382567487304,51.6457100554807],[-0.0632355290657099,51.6457119631443],[-0.0632499589633063,51.6457117517082],[-0.0633771864087963,51.6457129525155],[-0.0633923297994802,51.645712753738],[-0.0635743594525292,51.6457144092387],[-0.0635931755934444,51.6457147197822],[-0.063830162755457,51.6457159339004],[-0.0638929629650267,51.6457160709518],[-0.0638951371634531,51.6456259370505],[-0.0638958189393483,51.6455987978188],[-0.0638997561424975,51.6454729132193],[-0.063900870849266,51.6453461718081],[-0.0639054401255024,51.645205463428],[-0.0639079922803184,51.6451093116094],[-0.0640886590642165,51.64511768745],[-0.064498105108052,51.6451212961563],[-0.0645909066855455,51.6451221076298],[-0.0645911508280085,51.6450772511498],[-0.0646354474632013,51.6450780717813],[-0.0647071352549451,51.6450793442145],[-0.0647977588285083,51.645080928935],[-0.0650265537481834,51.6450841629344],[-0.0653412889230103,51.6450898028172],[-0.0653875533964391,51.6450892176959],[-0.065521886274501,51.6450914326494],[-0.0656299317926985,51.6450924946428],[-0.0657970604621511,51.64509417087],[-0.0658734688851765,51.645116108063],[-0.0659846608015728,51.645118839364],[-0.0662837537311418,51.6451224212404],[-0.0662866504305811,51.6451215697227],[-0.0663025277649337,51.6451209321432],[-0.0664319964972526,51.6451226162533],[-0.0664773740557504,51.645123274149],[-0.066577067391478,51.6451245582278],[-0.0668430524095972,51.6451275921886],[-0.0668954645433924,51.6451281859766],[-0.0669240191497567,51.6451292859266],[-0.0669206721527158,51.6451490990118],[-0.0669093331133099,51.6453818427725],[-0.0669087982855294,51.6454811742095],[-0.0669102032248686,51.6455153593091],[-0.0669128704466558,51.6455198977505],[-0.066916927873494,51.6455253592548],[-0.0669246963375869,51.6455304313722],[-0.0669310936522154,51.6455341329092],[-0.0669395336926587,51.6455374184714],[-0.0669488468540944,51.6455398191591],[-0.0669740602800387,51.6455438306969],[-0.0669991155662265,51.6455487388827],[-0.06702063713233,51.6455526895866],[-0.067029235326536,51.6455550784886],[-0.0670384477412497,51.6455570278796],[-0.0670492085084409,51.6455590036777],[-0.0670585216802396,51.6455614043565],[-0.0670635999715449,51.6455624772038],[-0.0670743454761145,51.6455648115524],[-0.0670893564324759,51.6455677557256],[-0.0670950145124111,51.6455691978266],[-0.0671008307351261,51.6455697432738],[-0.0673061366315611,51.6455705174897],[-0.0673025576547503,51.6457021621804],[-0.067302251699744,51.6457093494124],[-0.0673018384911686,51.6457358635461],[-0.0673003470047912,51.6457709001785],[-0.0672998815767108,51.6457902202808],[-0.0672974209667623,51.6458760346818],[-0.0672937093997873,51.6460136104928],[-0.0672931240714268,51.6460441675554],[-0.0672916134728846,51.6460796526019],[-0.0672879630250498,51.6462157915015],[-0.0672819877760002,51.6463701416608],[-0.0672813695657532,51.6463874817751],[-0.0672797633011701,51.6464252133912],[-0.0672775128910813,51.6464948490879],[-0.0672764037866262,51.6465209021267],[-0.0672651319190986,51.6465981201475],[-0.0671502381421306,51.6465842710041],[-0.0670475036597974,51.6465675654779]]]},"properties":{"objectid":6,"layerreference":"lpd_enf_mgh00000005","sitereference":"LP1107","sitename":"Main Avenue Site","address":"Southbury, EN1 1D","uprn":null,"borough":"Enfield","planningauthority":"Enfield","firstaddeddate":null,"lastupdateddate":null,"removeddate":null,"status":null,"hectares":"4.495","easting":"533972","northing":"195892","designation":"Medium Growth Housing","boroughdesignation":"Medium Growth Housing","classification":null,"notes":null,"source":null,"extrainfo1":"Place Making Policy ","extrainfo2":"SHLAA Outcome: Developable","extrainfo3":null,"missing":null,"Shape__Area":44940.528388977051,"Shape__Length":1036.246464679092}},{"type":"Feature","id":7,"geometry":{"type":"MultiPolygon","coordinates":[[[[-0.0778445843036735,51.6496979516377],[-0.0778481632013935,51.6496922558938],[-0.0780659917988952,51.6497242298688],[-0.0781300007133936,51.6497184459135],[-0.0781772154834579,51.6497123861547],[-0.0782034548211326,51.649706342779],[-0.0782775888089707,51.6496697082737],[-0.0782836179965062,51.6496736728435],[-0.0784656852728094,51.6498015229103],[-0.078884505703453,51.6501000104176],[-0.0791100420129865,51.6502625534155],[-0.0794595296813551,51.6505097402583],[-0.0795544538128315,51.650576198706],[-0.0795643431629768,51.6505988350472],[-0.0794748453075674,51.6506126538278],[-0.0794326173211629,51.6506191552563],[-0.0792376839019264,51.6506487790447],[-0.0790645617544743,51.650675613794],[-0.0789234445494256,51.650695330188],[-0.078657964940293,51.6507359349572],[-0.0783719453992117,51.6507802495681],[-0.078303615603969,51.6507895597954],[-0.0782746044806185,51.6507934894762],[-0.0780376896425131,51.650823773093],[-0.0779443068153128,51.6507575184703],[-0.077948557142789,51.6507274717136],[-0.077933587212277,51.6505685573071],[-0.0779181552094474,51.6504882050364],[-0.0779181415293227,51.6504378609507],[-0.0779123573042254,51.6503267407141],[-0.077909093308704,51.6502574644734],[-0.0779200268667998,51.6502553962091],[-0.0779112134699719,51.6501567215255],[-0.0779105722935948,51.6500704968022],[-0.077910382319278,51.6500468504927],[-0.0778917049582278,51.6500432184148],[-0.0776640732085134,51.6499894179092],[-0.0777399697336753,51.6498661496219],[-0.0778445843036735,51.6496979516377]]],[[[-0.078004573470776,51.6494379729191],[-0.0780422503998781,51.6494179130729],[-0.0781214778519927,51.6494749474613],[-0.0781727560428131,51.6495108477866],[-0.0782071028791961,51.6495356826196],[-0.0782685894750258,51.6495528710312],[-0.0783255141443478,51.6495398678191],[-0.0786243006642146,51.6495992368643],[-0.0786025055930516,51.6494862360242],[-0.0785881080994184,51.6494124621039],[-0.0785687934665289,51.6493056149721],[-0.0788149893403262,51.6492952598586],[-0.078982907640021,51.6492899156902],[-0.0790683964220111,51.6492862802599],[-0.0790797374878212,51.6493760063381],[-0.079154185593989,51.6497854586688],[-0.0791575108735338,51.6497913564195],[-0.0794733134715878,51.6497753950319],[-0.07965301345277,51.6497648497514],[-0.0797769233461257,51.6497574366966],[-0.079810361063803,51.6497530385149],[-0.0799292304622334,51.6497464421261],[-0.0799349655014091,51.649746086279],[-0.0799394107921035,51.6497452597147],[-0.0799481244300041,51.6497449534723],[-0.0800334411766917,51.6502160737821],[-0.0800656916169455,51.6503637666871],[-0.0801056089434003,51.6505105963872],[-0.0801089680287843,51.6505213486173],[-0.0800899978565568,51.650524634498],[-0.0800012291054523,51.6505381059022],[-0.0798601376847641,51.6505600719216],[-0.0797449759859153,51.6505776068318],[-0.0797015601384954,51.650583998108],[-0.079652722692906,51.6505917403812],[-0.0796222428008743,51.6505966355312],[-0.0789528196090831,51.6501220744017],[-0.0789479077505399,51.6501170499427],[-0.078332712215128,51.6496767235545],[-0.0783260750912367,51.6496617817309],[-0.078004573470776,51.6494379729191]]]]},"properties":{"objectid":7,"layerreference":"lpd_enf_mgh00000004","sitereference":"LP1105","sitename":"St Ann Catholic High School","address":"Grange, EN2 6EL","uprn":null,"borough":"Enfield","planningauthority":"Enfield","firstaddeddate":null,"lastupdateddate":null,"removeddate":null,"status":null,"hectares":"1.761","easting":"533006","northing":"196340","designation":"Medium Growth Housing","boroughdesignation":"Medium Growth Housing","classification":null,"notes":null,"source":null,"extrainfo1":"Place Making Policy PL1","extrainfo2":"SHLAA Outcome: Developable","extrainfo3":null,"missing":null,"Shape__Area":17606.44896697998,"Shape__Length":943.38771490326451}},{"type":"Feature","id":8,"geometry":{"type":"Polygon","coordinates":[[[-0.104166462595657,51.6604448445406],[-0.104204761839984,51.6604412377456],[-0.104240191756841,51.6604378543568],[-0.104272507257806,51.6604347812407],[-0.104312482879256,51.6604310216434],[-0.104366702153759,51.6604258743884],[-0.104538787183808,51.6604102250457],[-0.104655569517071,51.6603999751376],[-0.104786107404018,51.6603885984072],[-0.104936378418823,51.6603757426183],[-0.104946464473837,51.6604626567445],[-0.104964372935485,51.6606049850131],[-0.104989648629811,51.6607965162271],[-0.105008594519392,51.6609483005317],[-0.104990548692988,51.6609493579831],[-0.104900676564207,51.6609546482662],[-0.104894219720358,51.6609550835377],[-0.104888833349766,51.6609270383588],[-0.104766230831977,51.6609367448789],[-0.104774030854743,51.6609755272724],[-0.104683407333534,51.6609817053905],[-0.10430213785947,51.6610048531352],[-0.104301102267379,51.6609953971103],[-0.104079234835785,51.6610097931067],[-0.104080685841137,51.6610264470469],[-0.103977005163107,51.6610312446594],[-0.103772148708152,51.6610407901611],[-0.103626488428603,51.66104877495],[-0.103530432671027,51.6610536953842],[-0.102951644889024,51.6605535869833],[-0.103088039896761,51.6605418572094],[-0.103193228774782,51.6605323205959],[-0.103288860608352,51.6605232579887],[-0.103302148365761,51.660521944948],[-0.103450853929195,51.6605095153819],[-0.103563365481691,51.6604987479228],[-0.103660527397748,51.6604901593574],[-0.103756374974633,51.6604816393973],[-0.103899149077354,51.6604684839515],[-0.103905968810987,51.6604678747504],[-0.10393827458952,51.6604650704414],[-0.103971894667451,51.6604621974346],[-0.104008264098426,51.660459099966],[-0.104047387291189,51.6604557763057],[-0.1040741861818,51.6604535124554],[-0.104094413593651,51.6604515911518],[-0.104105183690352,51.6604505970404],[-0.104131633174133,51.6604481476846],[-0.104166462595657,51.6604448445406]]]},"properties":{"objectid":8,"layerreference":"lpd_enf_mgh00000022","sitereference":"CFS162_B","sitename":"Land to the Rear of Arnold House (East)","address":"66 The Ridgeway, Highlands, EN2 8JA","uprn":null,"borough":"Enfield","planningauthority":"Enfield","firstaddeddate":null,"lastupdateddate":null,"removeddate":null,"status":null,"hectares":"0.752","easting":"531229","northing":"197472","designation":"Medium Growth Housing","boroughdesignation":"Medium Growth Housing","classification":null,"notes":"Green Belt","source":null,"extrainfo1":"Place Making Policy ","extrainfo2":"SHLAA Outcome: ","extrainfo3":null,"missing":null,"Shape__Area":7521.8660202026367,"Shape__Length":384.49770664853889}},{"type":"Feature","id":9,"geometry":{"type":"Polygon","coordinates":[[[-0.0795134664442694,51.655786995367],[-0.0795784410044932,51.655651413701],[-0.0794256354371235,51.6556427118867],[-0.0794259847625829,51.6555639670664],[-0.0794300823361002,51.6554839346913],[-0.0794313183957486,51.6554039463406],[-0.0794340700310791,51.6553896071725],[-0.0797269648509349,51.6554370988102],[-0.079735799883134,51.6554170158786],[-0.0797669727398426,51.6553817459256],[-0.0797801023997394,51.655367217649],[-0.0798042621029827,51.6553709389558],[-0.0798214236294257,51.655373826444],[-0.0800211143419193,51.6554041511537],[-0.0801754010755601,51.6554313952652],[-0.0802734728586061,51.655446212734],[-0.0802555239348317,51.6554901491006],[-0.0802950392419733,51.655497177822],[-0.0803717299179465,51.6555074219868],[-0.0803241534487452,51.6556065205299],[-0.0802869899547856,51.6556989568856],[-0.0802760377313208,51.6557268258929],[-0.0802410210266677,51.6558164206754],[-0.0801301704265724,51.6557993260446],[-0.0801151631170454,51.6558300953224],[-0.0801015641980457,51.6558613372406],[-0.0800976116794064,51.6558702631763],[-0.0798554226606084,51.6558357376606],[-0.0797094448763854,51.6558149218609],[-0.0795134664442694,51.655786995367]]]},"properties":{"objectid":9,"layerreference":"lpd_enf_mgh00000023","sitereference":"CFS178","sitename":"Oak House","address":"43 Baker Street, Town, EN1 3ET","uprn":null,"borough":"Enfield","planningauthority":"Enfield","firstaddeddate":null,"lastupdateddate":null,"removeddate":null,"status":null,"hectares":"0.263","easting":"532919","northing":"196947","designation":"Medium Growth Housing","boroughdesignation":"Medium Growth Housing","classification":null,"notes":null,"source":null,"extrainfo1":"Place Making Policy PL1","extrainfo2":"SHLAA Outcome: ","extrainfo3":null,"missing":null,"Shape__Area":2633.7284545898438,"Shape__Length":225.82021792808138}},{"type":"Feature","id":10,"geometry":{"type":"Polygon","coordinates":[[[-0.107791486177039,51.6170131384296],[-0.107810617336452,51.6169025118065],[-0.107817726626392,51.6168604636355],[-0.107818678847665,51.6168547256329],[-0.107952260292622,51.6168644321223],[-0.108113391149073,51.6168761105888],[-0.108301711989923,51.6168897560211],[-0.10839552829773,51.616893426171],[-0.108333153916998,51.617167599676],[-0.108329104003444,51.6171676242921],[-0.108295020233205,51.6173225993482],[-0.108275058663013,51.61740156805],[-0.108258100727457,51.6174255669041],[-0.108242171268253,51.6174505715071],[-0.108227158462981,51.6174736125596],[-0.108210995973465,51.6174985234767],[-0.108194156299855,51.6175225251287],[-0.1081781495608,51.6175465393121],[-0.108146137475604,51.6175945676953],[-0.108131087119278,51.6176185082717],[-0.108114247396764,51.6176425090133],[-0.108097160658485,51.6176695622903],[-0.10804819249911,51.617741500485],[-0.10803218560628,51.6177655146478],[-0.108017054183906,51.6177885546621],[-0.108003157123275,51.6178105354933],[-0.107987191307853,51.6178335620467],[-0.107966306442344,51.6178345731667],[-0.107823464235336,51.6178470122905],[-0.107680867501958,51.617856399579],[-0.107686893967362,51.6178518216358],[-0.107692451512716,51.6178470571792],[-0.107701387004838,51.6178383914485],[-0.107709183132547,51.6178084906353],[-0.107743135511806,51.6176795844099],[-0.107750206036142,51.6176385248924],[-0.107751219690609,51.6176255966622],[-0.107669048645278,51.6176225626091],[-0.107119234514794,51.6176065899092],[-0.107123217412942,51.61753959053],[-0.107123307210525,51.6175345571247],[-0.107126217330963,51.6174875872299],[-0.107128205367894,51.6174655941817],[-0.107131494763253,51.6174009207402],[-0.107132374263973,51.6173798090461],[-0.107125381903275,51.6173675591521],[-0.107181229104889,51.6172906084386],[-0.107180163693374,51.6172532835073],[-0.107174195039156,51.6172335891254],[-0.107172247801915,51.6172145891006],[-0.107150355675138,51.617136833542],[-0.107126278682371,51.6170886187365],[-0.107128455329656,51.6170334564563],[-0.107129448150555,51.6170010187559],[-0.10713148233848,51.6169435170408],[-0.107791486177039,51.6170131384296]]]},"properties":{"objectid":10,"layerreference":"lpd_enf_mgh00000024","sitereference":"CFS226","sitename":"Lodge Drive Car Park","address":"Lodge Drive, Palmers Green, N13","uprn":null,"borough":"Enfield","planningauthority":"Enfield","firstaddeddate":null,"lastupdateddate":null,"removeddate":null,"status":null,"hectares":"0.666","easting":"531102","northing":"192637","designation":"Medium Growth Housing","boroughdesignation":"Medium Growth Housing","classification":null,"notes":null,"source":null,"extrainfo1":"Place Making Policy ","extrainfo2":"SHLAA Outcome: ","extrainfo3":null,"missing":null,"Shape__Area":6656.1209411621094,"Shape__Length":380.38466217342739}},{"type":"Feature","id":11,"geometry":{"type":"Polygon","coordinates":[[[-0.0722901777593874,51.6132733440851],[-0.0719743863103732,51.6133006063697],[-0.0718898970991136,51.6133074876117],[-0.0717971407965989,51.613315581739],[-0.071771565745931,51.6133176782064],[-0.071531286388251,51.6133475299213],[-0.0714534344800364,51.6133551494933],[-0.0714102071336069,51.6133607315477],[-0.0713513579173195,51.6133667751493],[-0.0713158276361188,51.6132553442991],[-0.071283439763862,51.613131558024],[-0.0712290818431729,51.6129276693173],[-0.07121455265452,51.6128742993107],[-0.0712038661529438,51.6128342071458],[-0.0711751249056286,51.6127283715974],[-0.0711677511021884,51.6127000216102],[-0.0711567157465339,51.6126597447471],[-0.0711458784016588,51.6126147958835],[-0.0711250027369205,51.6125369577912],[-0.0710215821829313,51.6121279183283],[-0.0710210290186556,51.6121156828788],[-0.0710209562967985,51.6121061522162],[-0.0710222283375842,51.6120873839884],[-0.0712062160611356,51.6120902308127],[-0.0713471638536646,51.6120914701555],[-0.0715033508437892,51.6120927810178],[-0.0716107075670199,51.6120941869715],[-0.0716983335335434,51.6120947287913],[-0.0717694059145596,51.6120952681039],[-0.0719054623502773,51.6120966970151],[-0.0719679670473405,51.6120970953229],[-0.0720570090792976,51.6120979299372],[-0.0722053262684713,51.6120994692702],[-0.0723106799114292,51.6121003929189],[-0.0724185320293682,51.6121013566468],[-0.0724770941803135,51.6121020495744],[-0.0725537435044943,51.6123702234941],[-0.0726553707099776,51.6126419544142],[-0.0726735462669292,51.6127161507652],[-0.0726823283627014,51.6127534246658],[-0.0726826966629012,51.6127616112887],[-0.0727026117140843,51.6128284649889],[-0.0727118972714278,51.6128679035867],[-0.0727052151931953,51.6129300953941],[-0.0726851742465932,51.6129843348888],[-0.0726670248481999,51.6130276380956],[-0.0726476852798584,51.6130596845833],[-0.0726467456154595,51.6130818745671],[-0.0726660789893238,51.61314278539],[-0.0726944214190826,51.6132412418133],[-0.0722901777593874,51.6132733440851]]]},"properties":{"objectid":11,"layerreference":"lpd_enf_mgh00000025","sitereference":"CFS165","sitename":"South east corner of North Middlesex University Ho","address":"Sterling Way, Upper Edmonton, N18 1QX","uprn":null,"borough":"Enfield","planningauthority":"Enfield","firstaddeddate":null,"lastupdateddate":null,"removeddate":null,"status":null,"hectares":"1.353","easting":"533599","northing":"192189","designation":"Medium Growth Housing","boroughdesignation":"Medium Growth Housing","classification":null,"notes":null,"source":null,"extrainfo1":"Place Making Policy PL4","extrainfo2":"SHLAA Outcome: ","extrainfo3":null,"missing":null,"Shape__Area":13521.791702270508,"Shape__Length":468.283172451132}},{"type":"Feature","id":12,"geometry":{"type":"Polygon","coordinates":[[[-0.102800457231902,51.660574067127],[-0.102959698610728,51.6605605495815],[-0.103530432671027,51.6610536953842],[-0.103397584877439,51.6610603582414],[-0.103343924037625,51.6610635366475],[-0.103109143793831,51.6610759236329],[-0.102640318446353,51.6611002575611],[-0.102195438360502,51.6611249777577],[-0.101986788031065,51.6611368858269],[-0.101947236041917,51.6610962417464],[-0.101769557651252,51.6609346083808],[-0.101726637644525,51.6608889648403],[-0.101677868745618,51.6608463731021],[-0.101654979771178,51.6608235282013],[-0.101631375536045,51.6608006726246],[-0.101611158536789,51.6607823653273],[-0.101590245039431,51.6607635980397],[-0.101566603472125,51.6607416403701],[-0.101543677174576,51.6607196942692],[-0.101537293289867,51.6607155453775],[-0.101530195609793,51.6607113849438],[-0.101524664185189,51.6607068011157],[-0.101519729556207,51.660702226038],[-0.101516398720805,51.6606963289359],[-0.101515910081588,51.6606909274094],[-0.101516905342769,51.6606842010207],[-0.101525487572056,51.6606699564895],[-0.1015842656135,51.6606641644],[-0.101666248020962,51.6606565008943],[-0.101735208722815,51.6606495250741],[-0.101817988744562,51.6606427736427],[-0.101854746860913,51.6606389628405],[-0.101885522669625,51.6606356847319],[-0.101893902647137,51.6606348320122],[-0.101930177860854,51.6606311932231],[-0.101967048382886,51.6606275640512],[-0.102044503702101,51.6606198271012],[-0.102209993940391,51.6606022769448],[-0.102274608182552,51.660596579373],[-0.102353017058039,51.6605888576391],[-0.10236177040907,51.6605876503294],[-0.102369809923875,51.6605864323752],[-0.102377690579773,51.6605861101898],[-0.102384262123824,51.6605857668351],[-0.102402251573331,51.6605860577286],[-0.102430505822708,51.660586064982],[-0.102470196738906,51.6605862571552],[-0.102477463320974,51.6605863746525],[-0.102485427831591,51.6605869530532],[-0.102493289727394,51.6605870801754],[-0.102501254238369,51.660587658575],[-0.102509931102964,51.6605882484923],[-0.102517876892609,51.6605892753076],[-0.102525720029717,51.660589851743],[-0.102535847585788,51.6605900154961],[-0.102547383979659,51.6605906516463],[-0.102569781932619,51.6605910137948],[-0.102582786331337,51.6605907744399],[-0.102594361688237,51.6605905119781],[-0.102608933779063,51.6605898492481],[-0.102622672178939,51.6605891721376],[-0.102635695335131,51.6605884834615],[-0.102648021968149,51.6605873348029],[-0.102698861710403,51.6605832118651],[-0.102747455949003,51.6605786038823],[-0.102800457231902,51.660574067127]]]},"properties":{"objectid":12,"layerreference":"lpd_enf_mgh00000026","sitereference":"CFS162_C","sitename":"Arnold House","address":"66 The Ridgeway, Highlands, EN2 8JA","uprn":null,"borough":"Enfield","planningauthority":"Enfield","firstaddeddate":null,"lastupdateddate":null,"removeddate":null,"status":null,"hectares":"0.6","easting":"531340","northing":"197490","designation":"Medium Growth Housing","boroughdesignation":"Medium Growth Housing","classification":null,"notes":null,"source":null,"extrainfo1":"Place Making Policy PL10","extrainfo2":"SHLAA Outcome: ","extrainfo3":null,"missing":null,"Shape__Area":6000.7059478759766,"Shape__Length":336.95675647674994}},{"type":"Feature","id":13,"geometry":{"type":"Polygon","coordinates":[[[-0.0651047637282903,51.6099471685876],[-0.0651424167662662,51.6098934006941],[-0.065154559893472,51.6098962979543],[-0.0652159008693227,51.6098119044352],[-0.0653523264687517,51.6098465198748],[-0.0655101999969382,51.609886433143],[-0.0655795831948004,51.6099042087493],[-0.0656152776827659,51.6099133387962],[-0.0656229558345434,51.6099035762703],[-0.0657070101732917,51.6099292357588],[-0.0657127837057421,51.6099306798929],[-0.0657541129694858,51.6099416995746],[-0.0658684573564843,51.6099719043768],[-0.0657033737152676,51.6102025632766],[-0.0656855686886991,51.6102292393463],[-0.0656783142237733,51.6102318174631],[-0.0656802079120678,51.6102376921096],[-0.0656822352168263,51.6102404224407],[-0.0656828336746084,51.6102431292013],[-0.0656826809651893,51.610246722833],[-0.0656811199450509,51.6102498436017],[-0.0656781491706902,51.6102524914837],[-0.0656707382036861,51.6102559653815],[-0.0656663973047944,51.6102572417674],[-0.0656626891863319,51.6102576302284],[-0.0656584040866974,51.61025755954],[-0.0656541585796516,51.6102565911412],[-0.0656498124124767,51.6102551705512],[-0.0656470148853541,51.6102537755082],[-0.0656449303006781,51.6102523931254],[-0.0656428824605321,51.6102501120861],[-0.0654078621588089,51.6102237595695],[-0.0653909132010624,51.6102218612631],[-0.0652920584756766,51.610211060471],[-0.065273451585178,51.6102089558392],[-0.0652244960052492,51.6102036526648],[-0.0651603806159265,51.6101963916248],[-0.0651081154158846,51.6101904951324],[-0.0650190097469455,51.6101800348305],[-0.0649622395598545,51.6101737033277],[-0.0649442273312996,51.6101716084566],[-0.0650271398783992,51.6100560158858],[-0.0651047637282903,51.6099471685876]]]},"properties":{"objectid":13,"layerreference":"lpd_enf_mgh00000016","sitereference":"18/00760/FUL","sitename":"Public House","address":"50-56 Fore Street, Upper Edmonton, N18 2SS","uprn":null,"borough":"Enfield","planningauthority":"Enfield","firstaddeddate":null,"lastupdateddate":null,"removeddate":null,"status":null,"hectares":"0.193","easting":"534055","northing":"191907","designation":"Medium Growth Housing","boroughdesignation":"Medium Growth Housing","classification":null,"notes":"Redevelopment of site involving demolition of existing buildings to provide a part 2-part 9 storey b","source":null,"extrainfo1":"Place Making Policy PL4","extrainfo2":"SHLAA Outcome: Deliverable","extrainfo3":null,"missing":null,"Shape__Area":1932.1187210083008,"Shape__Length":181.19677480151026}},{"type":"Feature","id":14,"geometry":{"type":"MultiPolygon","coordinates":[[[[-0.104625057411496,51.6699130260845],[-0.106990134275211,51.6668749834621],[-0.109537938955856,51.6681609624708],[-0.107895890501027,51.6691757866769],[-0.107079615417951,51.6694983912774],[-0.105917769442106,51.6698066931113],[-0.104625057411496,51.6699130260845]]],[[[-0.107486005194769,51.6579230255371],[-0.107664947813019,51.6578770060216],[-0.107828012259647,51.6572960169852],[-0.107960910515631,51.6571160260965],[-0.107959152950159,51.6570150420515],[-0.108965043388325,51.6567680331223],[-0.111481003678247,51.6573648371034],[-0.113328333261647,51.6576067995578],[-0.115167325514411,51.6573832862832],[-0.118036907068258,51.6568472461906],[-0.11775231464046,51.6575566557399],[-0.11648875279443,51.6589510238292],[-0.112850132216814,51.6618806892497],[-0.11226672728513,51.6623787809467],[-0.112058056102964,51.6622160350159],[-0.111286849350307,51.6617849698398],[-0.110990057547611,51.6614449631507],[-0.110526046491216,51.6609749673152],[-0.109998048574824,51.6608370114633],[-0.109807983320022,51.6609410188817],[-0.10939986024585,51.660815959122],[-0.109240042714961,51.6606370041515],[-0.109381849902784,51.6605639542938],[-0.109227028134244,51.6602850233812],[-0.108828034283424,51.6600409929819],[-0.108280053512878,51.6595930089578],[-0.108060961348433,51.6595180082537],[-0.107784868045698,51.6590110266426],[-0.107819030775089,51.6588490420093],[-0.107734021716843,51.6583310265706],[-0.107666059089237,51.6581709912312],[-0.107486005194769,51.6579230255371]]],[[[-0.110727029339562,51.6563319973875],[-0.113558105781502,51.6556290448741],[-0.113455049613183,51.655193988545],[-0.113698010782769,51.6549290082308],[-0.113578959156257,51.6545749628652],[-0.114761032790074,51.6542710410149],[-0.114646939259907,51.6535730355472],[-0.113654026269758,51.6537999870302],[-0.113521031689347,51.6536469999762],[-0.112682024229743,51.6508870268388],[-0.112830944756,51.6507019835305],[-0.116031016425686,51.6507060148495],[-0.116379906368558,51.6507342689613],[-0.117334794953392,51.6531105930043],[-0.118300601872521,51.6555135155845],[-0.118464873427298,51.6559597082924],[-0.116411995233675,51.6562520307016],[-0.115374959101336,51.6564120324649],[-0.115154021975096,51.6563959884544],[-0.114642026149366,51.6565399627257],[-0.11447898827634,51.656633983923],[-0.114268919365139,51.656649037732],[-0.11401201592257,51.6567269867721],[-0.113691943100049,51.6567759616376],[-0.113515039760341,51.6567759947881],[-0.113330136967916,51.6567849787011],[-0.113141050222851,51.6567769938319],[-0.113005011201208,51.6567230255953],[-0.112582979564873,51.6566809986971],[-0.11234801112613,51.6567100328465],[-0.111852993082656,51.6566430066993],[-0.111264003958226,51.6566400009703],[-0.110933880943797,51.6565320241115],[-0.110808865015307,51.6564509910513],[-0.110727029339562,51.6563319973875]]],[[[-0.112857405165651,51.6628396590898],[-0.113637555873628,51.6622258830656],[-0.117188780071566,51.6594312550971],[-0.118817053713118,51.657707045953],[-0.11899382135289,51.6566616630572],[-0.125724383971707,51.6553229549327],[-0.126062988065409,51.6592369752646],[-0.120653051163501,51.6601360263918],[-0.121217022169317,51.6644630452272],[-0.120496173082248,51.6645930020931],[-0.118913994958312,51.6648849916074],[-0.116711010834263,51.6643589939934],[-0.116055836590948,51.6637010316934],[-0.11496005919801,51.6635799623051],[-0.113715015525329,51.6630309965198],[-0.113361020656254,51.6630660296756],[-0.112912952381225,51.6628829846808],[-0.112857405165651,51.6628396590898]]],[[[-0.117348081254343,51.6508005042404],[-0.118679029221482,51.6508880094601],[-0.12060004315801,51.6514410025336],[-0.120880906736017,51.6515840328349],[-0.120951030726426,51.6521339861614],[-0.121028989968754,51.6522549791512],[-0.121755027098079,51.6521099954178],[-0.123939001980796,51.6517460402094],[-0.125802981335023,51.6514439998852],[-0.128452022752098,51.6497499610952],[-0.128838970222161,51.650584994756],[-0.129390907858334,51.6504639772274],[-0.129816943402184,51.6512480308199],[-0.12906900747895,51.6513990098951],[-0.12552003798855,51.6529239798183],[-0.12565895589309,51.6546720314711],[-0.124487001120863,51.6549489880447],[-0.119272943259085,51.6558331362864],[-0.118713159265493,51.6538917069503],[-0.117810169640416,51.6517999460331],[-0.117348081254343,51.6508005042404]]]]},"properties":{"objectid":14,"layerreference":"lpd_enf_mgh00000030","sitereference":null,"sitename":"Chase Park","address":null,"uprn":null,"borough":"Enfield","planningauthority":"Enfield","firstaddeddate":null,"lastupdateddate":null,"removeddate":null,"status":null,"hectares":"118.053","easting":"530305","northing":"197117","designation":"Medium Growth Housing","boroughdesignation":"Medium Growth Housing","classification":null,"notes":"Green Belt","source":null,"extrainfo1":"Place Making Policy PL10","extrainfo2":"SHLAA Outcome: ","extrainfo3":null,"missing":null,"Shape__Area":1180112.2689285278,"Shape__Length":11633.82973690066}},{"type":"Feature","id":15,"geometry":{"type":"MultiPolygon","coordinates":[[[[-0.0924780880916238,51.6771037965146],[-0.0935353366282728,51.6767456480473],[-0.0955549572263759,51.6763369430817],[-0.0959440590121703,51.6762382539518],[-0.0966986479752405,51.6760750105914],[-0.0981219222376472,51.6757831660186],[-0.101532366951534,51.6750170643494],[-0.102018511739889,51.6742590865575],[-0.102210847027864,51.6744964716713],[-0.102379795567932,51.6747513676979],[-0.102489469662977,51.674963592158],[-0.102517100936387,51.6751842889451],[-0.102644383679494,51.675628824523],[-0.101030987963916,51.6764300615567],[-0.0993270830464319,51.6767335795927],[-0.0960567885743907,51.6772846968399],[-0.0940015108147085,51.6776810546839],[-0.0940130559514956,51.6780852428566],[-0.0928288332614067,51.6782031032256],[-0.0926326422780403,51.6779248275468],[-0.0927354643036051,51.6775835377643],[-0.0924780880916238,51.6771037965146]]],[[[-0.102031727277712,51.6797232105458],[-0.10188639618872,51.6797475602106],[-0.101716442338033,51.6797760957278],[-0.101569666150223,51.6798007804953],[-0.101415566660858,51.6798266059938],[-0.101256057459927,51.6798534228662],[-0.101102199893658,51.6798791619394],[-0.100945094286582,51.6799055676505],[-0.100790616851905,51.6799318349263],[-0.100650756654758,51.6799565418445],[-0.100630343970721,51.6799598075932],[-0.100296686453199,51.6800155382657],[-0.100187626554483,51.6800338207711],[-0.0998378545686703,51.6800927055159],[-0.0998349562059126,51.6800935578341],[-0.0996063691634488,51.6801294119725],[-0.0995116542465131,51.6801440602695],[-0.0994840525880063,51.6801481086588],[-0.0994665230709942,51.6801508813428],[-0.0993092372515344,51.6801758431497],[-0.0992554650050917,51.6801839620999],[-0.0991637291793823,51.6801986583543],[-0.099003447230861,51.6802239309243],[-0.098923385690955,51.6802361192444],[-0.0988520611502337,51.6802475497811],[-0.098667195434326,51.6802760197645],[-0.0985289132001524,51.6802971527467],[-0.098295876047515,51.680333832361],[-0.0981720911473883,51.6803534022185],[-0.0980380575231656,51.680375592615],[-0.0979856971244278,51.680384183474],[-0.0976142067332284,51.6804460358918],[-0.0975253517958226,51.6804602380043],[-0.0975018219848563,51.6804639023012],[-0.0975060273538082,51.680471702096],[-0.0975391119056007,51.6805104441792],[-0.0976394818451585,51.6806769440899],[-0.0976487456265494,51.6806921069773],[-0.097688309324232,51.6807555868075],[-0.0977465358163127,51.6808490357816],[-0.0977558184849227,51.6808637493486],[-0.0977984066194732,51.6809347400198],[-0.0978396517503109,51.6810036406687],[-0.0978613293349366,51.6810385127408],[-0.0978841168156538,51.6810753802154],[-0.0979358413307853,51.681158924756],[-0.0979954252424901,51.6812569799131],[-0.0980952646362328,51.68142769546],[-0.0981350073493678,51.6815096969179],[-0.09813840890747,51.6815167642775],[-0.0981872409405325,51.6816152745949],[-0.0982341689960646,51.6817051240731],[-0.09825343473775,51.6817406763872],[-0.0982811329179313,51.6817912881443],[-0.0983090821700823,51.6818501742393],[-0.0983372138295934,51.68190187209],[-0.0983343153594452,51.6819027234686],[-0.0983694739422721,51.6819745827305],[-0.0983729941494371,51.6819816511064],[-0.0983984427994523,51.6820461609583],[-0.0984063767466446,51.6820646285185],[-0.0984221290306655,51.6820900551364],[-0.0988051511638804,51.6820237119383],[-0.0989581305565493,51.681999220669],[-0.0991053070748506,51.6819737359873],[-0.0992729818493835,51.6819457954195],[-0.0992859679011009,51.6819433088936],[-0.0994578468803484,51.6819146277248],[-0.0996180912599355,51.6818875564093],[-0.0996225380039602,51.6818867291664],[-0.0997433861682077,51.6818662110355],[-0.0998832961595382,51.6818433045417],[-0.100017173432976,51.6818220987028],[-0.100039054315442,51.681817957598],[-0.100151244299309,51.6817990973702],[-0.100289605628216,51.681776165322],[-0.100326140654974,51.6817695645209],[-0.100350871088482,51.6817657392459],[-0.100368277442052,51.681763054366],[-0.100374286546291,51.6817619835074],[-0.100391587943791,51.6817589372308],[-0.100436743157869,51.6817515766634],[-0.100596984953559,51.6817245039587],[-0.100959841051627,51.6816610636982],[-0.101032753165246,51.6816487583451],[-0.101115649153186,51.6816344571907],[-0.101290686756504,51.6816043865342],[-0.101337308951871,51.6815961501103],[-0.101376584532054,51.6815895942083],[-0.101373986526025,51.6815832593252],[-0.101522666661772,51.681555997434],[-0.101614517002411,51.681538604464],[-0.101656810584506,51.6815311981604],[-0.101652856530293,51.6815230428672],[-0.101807217875529,51.6814967721684],[-0.101813888538003,51.6815112642555],[-0.101947994153771,51.6814873625609],[-0.101951984363073,51.6814946191918],[-0.102106463989954,51.6814683500143],[-0.102227309056615,51.6814478296034],[-0.102393128321802,51.6814185070672],[-0.10253106559788,51.6813942179464],[-0.102655909841543,51.681372144029],[-0.102818722963453,51.6813434008611],[-0.102960388519267,51.681318362196],[-0.103102773246482,51.6812932450615],[-0.10325128532717,51.6812670577782],[-0.103386819209224,51.6812431775332],[-0.103530045092181,51.6812178936299],[-0.103673270821226,51.6811926095505],[-0.103818780394834,51.6811669125796],[-0.10396260514797,51.6811415479042],[-0.104118928396705,51.6811139570244],[-0.104371788137426,51.6810680584509],[-0.104435899385938,51.6810579470551],[-0.104520274877361,51.6810452853623],[-0.104652835613262,51.6810240533539],[-0.104705157766656,51.6810192340611],[-0.104810953223893,51.6813593189916],[-0.105138794833775,51.6816059885065],[-0.105411740956965,51.6826741566454],[-0.105570776404308,51.6829705106727],[-0.0988139444127896,51.6827311711979],[-0.0975465380256895,51.6833772287964],[-0.0967596418856706,51.6834404358935],[-0.0958513454094281,51.6819155099213],[-0.0944162882862984,51.6820709389349],[-0.0938734232087532,51.6813104885658],[-0.093538300641958,51.6802583654121],[-0.0934045450280721,51.6798732282125],[-0.0930604862524515,51.6799975419408],[-0.0929771791463792,51.67974042882],[-0.0931395197814459,51.6792740688463],[-0.0931847535705074,51.6791681848635],[-0.0933495362043925,51.6787060897],[-0.0942081447597501,51.678577634394],[-0.0953176108071201,51.6789827425565],[-0.102274909870301,51.6777790536454],[-0.102619090471014,51.6775536713358],[-0.103119314887849,51.6779067862601],[-0.103276400292023,51.6781205857307],[-0.10433906239418,51.6793229701007],[-0.104290850243077,51.6793293834119],[-0.104349267117878,51.6793385082914],[-0.104293444183359,51.6793472257069],[-0.103977852295752,51.6793990319866],[-0.103961888025736,51.6794014717749],[-0.103822024591913,51.6794234842198],[-0.103698207755328,51.6794439582148],[-0.103613820044738,51.6794569778977],[-0.103562910458089,51.6794651448977],[-0.103464517498255,51.6794822535907],[-0.103345340254109,51.6795029820412],[-0.103226639932872,51.6795237180797],[-0.10310061594472,51.6795455936548],[-0.10293842897238,51.6795738068533],[-0.102793044081763,51.6795966280615],[-0.102776841169444,51.6795990638316],[-0.102641743993385,51.6796211519309],[-0.102618076460576,51.6796252636703],[-0.102571495832437,51.6796326018941],[-0.102487300942902,51.6796467029736],[-0.102340649438602,51.6796713007199],[-0.102175138798198,51.6796991003303],[-0.102031727277712,51.6797232105458]]],[[[-0.0963533359393933,51.6876046576416],[-0.0969022151586069,51.6868125685415],[-0.096895430094184,51.6852979493786],[-0.0970110145437883,51.684443996216],[-0.0968567647129611,51.6839577548507],[-0.0976406326402259,51.6838616849469],[-0.0985014740927648,51.6844881978788],[-0.106314254479299,51.6847890070065],[-0.106580049162046,51.6847508631975],[-0.106656945536837,51.6849577904381],[-0.106857483211318,51.6854978952146],[-0.107334997717488,51.6860323979237],[-0.10758063497555,51.6866384043478],[-0.107724914502247,51.6874555647627],[-0.109065381260968,51.6900383579515],[-0.1088283616151,51.6901582376329],[-0.105713916919256,51.6903537011861],[-0.102544591159087,51.6897635672863],[-0.100502684019999,51.6892265719174],[-0.099197170586066,51.688980963456],[-0.0971035315508187,51.688723554414],[-0.0963533359393933,51.6876046576416]]],[[[-0.1039461309236,51.6765158512912],[-0.103969518470285,51.6765069697127],[-0.103973816895294,51.6765153993701],[-0.10404430420934,51.6764895691634],[-0.104098613070726,51.676539890231],[-0.104133411020377,51.6765719167195],[-0.104159816270574,51.676599313225],[-0.104184785978257,51.6766239888215],[-0.104187532611307,51.6766267300055],[-0.10419043816273,51.6766285745194],[-0.104191792710586,51.6766303948763],[-0.104197363832496,51.6766340809262],[-0.104203090982241,51.6766368702592],[-0.104208660660401,51.6766405562852],[-0.104275055425313,51.6766784867859],[-0.104354219394202,51.6767248047747],[-0.104368564263551,51.6767268340672],[-0.104380087489833,51.6767279194416],[-0.104388750205026,51.6767289577095],[-0.104398879931442,51.6767291213355],[-0.104407497592334,51.6767283621984],[-0.104416272759031,51.6767267054683],[-0.104430843977153,51.6767233447847],[-0.104442479653367,51.676721735157],[-0.104449823783026,51.6767200562086],[-0.104464469986907,51.6767148982577],[-0.10447192656209,51.6767105243119],[-0.104497043569387,51.6766973551241],[-0.104502995636623,51.6766947544505],[-0.10450743567421,51.6766912301169],[-0.104512033177672,51.6766868090893],[-0.104513612629779,51.6766832394504],[-0.104514024952405,51.6766733571988],[-0.104509197376581,51.6766490070131],[-0.104504564766203,51.6766228615017],[-0.104502071526574,51.6766111347439],[-0.104498268749907,51.6765993859348],[-0.104495820533976,51.6765894574792],[-0.104489113607932,51.6765758650853],[-0.104487907544647,51.6765704510806],[-0.104482367783245,51.6765631704007],[-0.104475666982404,51.6765522740181],[-0.1044671917351,51.6765467434976],[-0.104454501396405,51.6765393464174],[-0.104447344697172,51.6765365340057],[-0.104438831998324,51.6765319012161],[-0.104433260831399,51.6765282160762],[-0.104426141630827,51.6765245050316],[-0.10473229950446,51.67639819818],[-0.104997151064936,51.6762900130942],[-0.10526505304301,51.6761801690181],[-0.105521091109487,51.6760745372765],[-0.105809543265252,51.6759551339141],[-0.106099462322925,51.6758348551877],[-0.106178908162537,51.6758028745308],[-0.106296543243642,51.6759647911983],[-0.106361421009139,51.6760562761756],[-0.106447846260285,51.676177325008],[-0.106550798314925,51.6763195863542],[-0.106586399957588,51.6763696044157],[-0.106632800674497,51.6764351691537],[-0.106724451587337,51.6765625050115],[-0.106755868159801,51.6766070618756],[-0.106876237980467,51.6767778327538],[-0.107281423337708,51.6773459606864],[-0.107465133320988,51.6775995587209],[-0.107836373303377,51.6781239863662],[-0.110206778019634,51.6778901509524],[-0.111845686734806,51.6798666852314],[-0.111443046879713,51.681688098914],[-0.108605022560347,51.6831077299912],[-0.107482802858048,51.683361489495],[-0.107197052635419,51.6829972003635],[-0.106811014830399,51.6825093904995],[-0.10664443406299,51.682293735298],[-0.106526774348334,51.682103411097],[-0.106385644012172,51.6818695564158],[-0.106268510671338,51.6816637780533],[-0.106110479808472,51.6813461364171],[-0.105969099110104,51.6811183901438],[-0.105874016519897,51.6809902799598],[-0.105746072643975,51.6808121947717],[-0.105698606056204,51.6807434652181],[-0.10565626328623,51.6806749091732],[-0.105604695346451,51.6805844480704],[-0.105544162175818,51.6804630082987],[-0.105501694832915,51.6803974158628],[-0.105463963866998,51.6803412501327],[-0.105402133525874,51.6802537705887],[-0.105345795334685,51.6801633222722],[-0.105294215904751,51.6800760081597],[-0.105280516015843,51.6800356018904],[-0.105240112838198,51.6797690318101],[-0.105181241573226,51.6794619793284],[-0.105147586790743,51.6792852358942],[-0.105104814790466,51.6790897364261],[-0.10502751483163,51.678881453382],[-0.104701197102899,51.6781098927424],[-0.104178631156673,51.6769829422266],[-0.1039461309236,51.6765158512912]]],[[[-0.10820112222909,51.6848094585584],[-0.109518500870763,51.6849571730205],[-0.110753669142422,51.6853293716459],[-0.111323648024119,51.6859618974215],[-0.111337833614968,51.686323514933],[-0.114307450597228,51.6883589061332],[-0.112721732823829,51.6890651850384],[-0.11084544448299,51.6897667656223],[-0.109181793476164,51.6864062955397],[-0.109237687506076,51.6854133753482],[-0.108307308993146,51.6850550626719],[-0.10820112222909,51.6848094585584]]]]},"properties":{"objectid":15,"layerreference":"lpd_enf_mgh00000031","sitereference":null,"sitename":"Land at Crews Hill","address":null,"uprn":null,"borough":"Enfield","planningauthority":"Enfield","firstaddeddate":null,"lastupdateddate":null,"removeddate":null,"status":null,"hectares":"114.071","easting":"531230","northing":"199965","designation":"Medium Growth Housing","boroughdesignation":"Medium Growth Housing","classification":null,"notes":"Green Belt","source":null,"extrainfo1":"Place Making Policy PL9","extrainfo2":"SHLAA Outcome: ","extrainfo3":null,"missing":null,"Shape__Area":1140320.4575576782,"Shape__Length":11961.211556494829}},{"type":"Feature","id":16,"geometry":{"type":"Polygon","coordinates":[[[-0.0796172129169086,51.6522807896081],[-0.0791723385534822,51.652307314859],[-0.0791489148885952,51.652201660863],[-0.0789010984177746,51.6519934488861],[-0.0788389817075672,51.6519402922539],[-0.0787937164204263,51.6519058402317],[-0.078726777035606,51.6518568292439],[-0.0784698377977808,51.6516784025965],[-0.0782181660937456,51.6515107606705],[-0.0781683592147381,51.6515245086638],[-0.0779923924121709,51.6514015248257],[-0.0776737934773967,51.6511762395187],[-0.0779010039860905,51.6510486181817],[-0.0782826079000867,51.6512947117865],[-0.0787690324299672,51.6516101218686],[-0.0788554588840461,51.651666193227],[-0.0789970419386965,51.6516017160274],[-0.0790908687824264,51.6515645046317],[-0.0793565190621243,51.6515340593793],[-0.079390854438486,51.6515310249209],[-0.0794270492166779,51.6515488777406],[-0.0794824777300917,51.6517207694846],[-0.0795109597563225,51.6517970192998],[-0.0795469054875594,51.6518856171794],[-0.0796226433592925,51.6520479529811],[-0.0796932759652354,51.6521929444063],[-0.0797276875349186,51.6522727073149],[-0.0796779410883623,51.6522765680465],[-0.0796172129169086,51.6522807896081]]]},"properties":{"objectid":16,"layerreference":"lpd_enf_mgh00000028","sitereference":"CFS183","sitename":"Enfield Town Station + Former Enfield Arms","address":"Southbury Road, Enfield, EN1 1YX","uprn":null,"borough":"Enfield","planningauthority":"Enfield","firstaddeddate":null,"lastupdateddate":null,"removeddate":null,"status":null,"hectares":"0.577","easting":"533000","northing":"196519","designation":"Medium Growth Housing","boroughdesignation":"Medium Growth Housing","classification":null,"notes":null,"source":null,"extrainfo1":"Place Making Policy PL1","extrainfo2":"SHLAA Outcome: ","extrainfo3":null,"missing":null,"Shape__Area":5764.365234375,"Shape__Length":450.18871299138158}},{"type":"Feature","id":17,"geometry":{"type":"Polygon","coordinates":[[[-0.0594298475789616,51.6264411917379],[-0.0594610641572362,51.6265581297926],[-0.0594670931768882,51.6265843010422],[-0.0593996281216656,51.6265908261044],[-0.0593921505948746,51.6265650805223],[-0.0593732687222672,51.6264995902697],[-0.0593669869616249,51.6264765622642],[-0.0593643601123365,51.6264711241126],[-0.0593412007721297,51.6263803009108],[-0.0593260171964208,51.6263202656249],[-0.0592548185397523,51.6263277180274],[-0.0591881868575011,51.62633425765],[-0.0591743018293191,51.6263358255671],[-0.0591207029335521,51.6263412318687],[-0.0590487947920431,51.6263485833814],[-0.0589820254958004,51.6263555693446],[-0.0589334455527973,51.6263606089707],[-0.0589116842825101,51.6263624961676],[-0.058839895910315,51.6263698495349],[-0.0587717164250412,51.6263763624115],[-0.0586998081773186,51.62638371371],[-0.0586084202548949,51.6263925393309],[-0.058431398834257,51.6264120850312],[-0.0585605449300519,51.6265315433639],[-0.0586752837219639,51.6266369180252],[-0.0586299406288402,51.6266581933892],[-0.0583608312483767,51.6264633290176],[-0.0583322228380484,51.6264832634627],[-0.0582740538381069,51.6265259024995],[-0.0582703705320245,51.6265284485071],[-0.0582488474548375,51.6265414877292],[-0.0582383169549501,51.6265509328792],[-0.0586031368073558,51.6266860686083],[-0.0586293795634828,51.626696392126],[-0.0586242069274244,51.6267003514246],[-0.0586220067218904,51.6267016639132],[-0.0586189350714015,51.6267038603472],[-0.0586181819784938,51.6267047471506],[-0.0586159818109782,51.6267060587404],[-0.0586144962784606,51.6267073830558],[-0.0586122769009546,51.6267091439607],[-0.0586100752508541,51.6267104564251],[-0.0586069843893692,51.626713102174],[-0.0586047649728582,51.6267148639774],[-0.0586025071748633,51.6267175235125],[-0.0585860144136895,51.6267132047746],[-0.0584087433971402,51.6266689164074],[-0.0583723442512205,51.6266593240082],[-0.0582695554122848,51.6266311024491],[-0.0581881079626081,51.6266107851933],[-0.0581571059333119,51.6266755398767],[-0.058147532209807,51.6266960582349],[-0.0581444074802723,51.6267022995772],[-0.0581254167823069,51.6267424405184],[-0.0581023836980735,51.6267907859937],[-0.0580967583526414,51.6268025595942],[-0.0580894417030956,51.6268232052364],[-0.0580814316961735,51.6268406038406],[-0.058060817760079,51.6268825155351],[-0.0580521730148647,51.6269008028965],[-0.0580417500471785,51.6269244537213],[-0.0580320955108431,51.626946859192],[-0.0580248001748489,51.6269642687237],[-0.0580095925007034,51.6269995281045],[-0.0580079710624978,51.6270039957963],[-0.0580063318133811,51.6270089137256],[-0.057994427109707,51.6270505208473],[-0.0583065735233541,51.627083107247],[-0.0584150770409685,51.6270974892097],[-0.0584502407063307,51.6271025657114],[-0.0584844790111189,51.627104211475],[-0.0584695753116449,51.6271490953917],[-0.0584580473811001,51.6271763241288],[-0.0584267950773694,51.6272608531959],[-0.0584048726257294,51.6272581531777],[-0.0583399600107474,51.6272495267863],[-0.0583377167860333,51.6272490400254],[-0.0583355741840631,51.627249004563],[-0.0582989824998868,51.6272439043926],[-0.0582435248195292,51.6272398399445],[-0.0581068286190405,51.6272272384219],[-0.0579866813395342,51.6272149106923],[-0.0579833598497767,51.6272229473059],[-0.0579769882780001,51.6272382147871],[-0.0579669277685825,51.627236699344],[-0.0579573352946829,51.6272437328792],[-0.0579459477720299,51.6272732111605],[-0.0579340052183243,51.6273129300895],[-0.057926062794233,51.6273119892667],[-0.0579147957715041,51.6273498309178],[-0.0579003902425419,51.6273858220781],[-0.0578851938622441,51.627426385503],[-0.0578705661167946,51.6274648009999],[-0.0578461529486315,51.6275342500428],[-0.0578267511901314,51.6275756431059],[-0.0578203655828013,51.6275912700531],[-0.0578106377967189,51.6276153820005],[-0.0577960675790302,51.6276524495416],[-0.0577807058120955,51.6276913016097],[-0.0577790043310937,51.6276948696062],[-0.0577636232770923,51.6277341718852],[-0.0577531437447432,51.6277591706485],[-0.0577450981531745,51.6277801639083],[-0.0577326090242051,51.6278019828664],[-0.0577099477393141,51.6278416133403],[-0.0576903497883612,51.6278764402887],[-0.0576677460494184,51.6279147237076],[-0.0576454681823398,51.6279537310315],[-0.0576334861705603,51.6279748389629],[-0.0576324416990322,51.6279797667348],[-0.0576280633628186,51.6280013602651],[-0.0576215062932436,51.6280348743661],[-0.0576116859237959,51.6280778648599],[-0.0576016734429773,51.6281253458055],[-0.0575971406410977,51.6281477461166],[-0.0575934969233199,51.6281661153494],[-0.0575926284991137,51.6281696971365],[-0.0575860060248245,51.628204738905],[-0.0575690334753015,51.6282979545963],[-0.0575208585423295,51.6283101927013],[-0.0574660589411808,51.6283241187276],[-0.0574537786703888,51.6283243650208],[-0.057384378053354,51.6283259127428],[-0.0573235701112025,51.6283271539799],[-0.0573105751408008,51.6283273884231],[-0.0572390318651915,51.6283289005777],[-0.0571659614637023,51.6283299377653],[-0.0570994181826734,51.6283315326385],[-0.057073466690456,51.6283311028443],[-0.0570714166055179,51.628312189694],[-0.0570288034615524,51.6283141808452],[-0.0569852359396503,51.6283161561743],[-0.0569612356507076,51.6283174672777],[-0.0569034396897822,51.6283206457431],[-0.056857462893132,51.6283149391542],[-0.0566841877432187,51.6282940890669],[-0.0564951181520127,51.6282720777975],[-0.0564556493320876,51.6282673781305],[-0.0564059807321827,51.6282616111008],[-0.0564101101162083,51.6282347087117],[-0.0564315997026781,51.6281028203951],[-0.0564330834552591,51.6280848650414],[-0.0564359951505435,51.6280669333443],[-0.0564413231364598,51.6280454455111],[-0.0564446803854937,51.6280338133634],[-0.0564487700757167,51.6280217446159],[-0.0564505455227321,51.6280136833285],[-0.0564524571507998,51.6280051746639],[-0.0564678980966559,51.6279561641543],[-0.0564802584727524,51.6279178911086],[-0.0564857661503188,51.6279005419771],[-0.0564907850203144,51.6278862413545],[-0.0564963809917231,51.6278723990264],[-0.0565092783178923,51.6278410574271],[-0.0565180614542389,51.6278223237306],[-0.0565275592730244,51.6278036018731],[-0.0565362432322003,51.6277844168989],[-0.0565457602661043,51.6277652457251],[-0.0566399949475835,51.6275730706125],[-0.0566527556061798,51.6275615951298],[-0.0566557474759682,51.6275584981575],[-0.0566565390806146,51.6275567127375],[-0.0566580631185831,51.6275544907166],[-0.0566588354549873,51.62755315551],[-0.0567529192928252,51.6273644831543],[-0.0568394181304111,51.6271999589932],[-0.0568536814070671,51.6271700788103],[-0.0568548766572689,51.6271588604738],[-0.0569069140232477,51.6270563364176],[-0.0569469504354686,51.6269837300057],[-0.0569688588046247,51.6269449864672],[-0.056992039683595,51.6269071623683],[-0.057031172777435,51.6268389464748],[-0.0575648721057355,51.6263734673688],[-0.0576020325482238,51.6263457638613],[-0.0577230074583938,51.6262523816591],[-0.0577799792584785,51.6262043292705],[-0.0578242087508361,51.6261673031311],[-0.0578706383697407,51.6261289645],[-0.0578795942250367,51.6261201228005],[-0.0578886492490951,51.6261117323753],[-0.0578984174897938,51.6261033537568],[-0.0579089018727108,51.6260949860941],[-0.0579185932797414,51.6260884038356],[-0.0579289993089742,51.6260818343062],[-0.0579474544596581,51.626070901695],[-0.0579787124656294,51.6260502926923],[-0.0580152168085529,51.6260268038506],[-0.0582185372389282,51.6258936095785],[-0.0582768292028248,51.6258564563364],[-0.0583014742174266,51.6258428401984],[-0.0583219672549526,51.6258315815543],[-0.0583478302382656,51.6258173560797],[-0.058385177409467,51.6257991849498],[-0.058459684880851,51.6257672450683],[-0.0585000083113848,51.6257519099875],[-0.0584990132092761,51.6257528818122],[-0.0585319268508542,51.6257381435007],[-0.0586144079697603,51.6257063354855],[-0.0586502702615302,51.6256922745264],[-0.0586877710260505,51.6256816578828],[-0.0587522206297377,51.6256648344074],[-0.0588116013679427,51.6256495448002],[-0.0588502586219634,51.6256397556829],[-0.0588832661028517,51.62563113204],[-0.0589188747731933,51.6256230010617],[-0.0589522742005605,51.6256163613715],[-0.0590193113607926,51.6256086604571],[-0.0590894906310099,51.6255971455458],[-0.0591791637507509,51.6255810089423],[-0.0592355611731559,51.6255714232715],[-0.0592661502004411,51.6255664456036],[-0.0592902657896151,51.6255680127071],[-0.0593246215575639,51.625575233835],[-0.0593563817678063,51.6255930206576],[-0.0593658165776819,51.6256203264801],[-0.0593698298659343,51.6256295626878],[-0.0593747448612265,51.6256455565095],[-0.0593963874361806,51.6257077660582],[-0.059402499944489,51.6257291743856],[-0.0594145612595444,51.625750770147],[-0.0593908737650841,51.6257559519503],[-0.0593623196647503,51.6257634803611],[-0.0593353746694062,51.625769597458],[-0.0593165431925179,51.6257726123133],[-0.0592978622687457,51.6257749102433],[-0.0592684678213959,51.6257742450046],[-0.0592280819025184,51.6257715085592],[-0.0592008682621077,51.6257644055654],[-0.0591855745259187,51.6257599277904],[-0.0591483297880782,51.6257450168628],[-0.0591102577466795,51.6257718064961],[-0.0590360383621102,51.6257858624491],[-0.0590010911530131,51.6257924756559],[-0.059007691981115,51.6258052609284],[-0.0590157138046735,51.625821036391],[-0.059026269462728,51.6258416189883],[-0.059105119393406,51.6259951252795],[-0.0589702104902944,51.6260244484013],[-0.0589024581449413,51.6260377120123],[-0.0589124074827006,51.6260585534673],[-0.0589250397792202,51.6260834851132],[-0.0589283428445984,51.6260898328318],[-0.0589956496163718,51.6262235504849],[-0.0589970021260409,51.6262253713954],[-0.0589983724360791,51.6262267420682],[-0.0590004381683762,51.6262285747795],[-0.0590032985834562,51.6262313190063],[-0.0590053835601348,51.6262327015036],[-0.0590081255866018,51.6262354437714],[-0.059010210525191,51.6262368271672],[-0.059012434502362,51.6262377632304],[-0.0590166044185649,51.6262405291233],[-0.05901940406248,51.6262419234449],[-0.0590222228735641,51.6262428693498],[-0.0590251408685782,51.6262442665287],[-0.0590272450518721,51.6262451997103],[-0.0590293684021816,51.6262456844752],[-0.0590314725472059,51.6262466185554],[-0.0590335973413965,51.6262471033441],[-0.0590358198757894,51.6262480393829],[-0.059037943264736,51.6262485232491],[-0.0590393533925419,51.6262489962132],[-0.0590436000938293,51.6262499657425],[-0.0590465565002947,51.6262504642903],[-0.0590508032402879,51.6262514329207],[-0.0590543751294132,51.6262514920185],[-0.0590566168695303,51.6262519787417],[-0.0590609034252987,51.6262520496636],[-0.059064493075723,51.6262516594219],[-0.0590812545089337,51.6262496894751],[-0.0590914314745505,51.6262485098527],[-0.0591080922771282,51.6262460886041],[-0.0591481594703021,51.6262395591698],[-0.0591909832447504,51.6262326256941],[-0.0592564972319501,51.6262215730491],[-0.0593467433220674,51.6262059853429],[-0.0593686197133022,51.6262014021726],[-0.0593838348388181,51.626199406603],[-0.059383312152672,51.6261949025254],[-0.0594015014401983,51.6261929561535],[-0.0594204644401255,51.6261896736785],[-0.0594255026157539,51.6261888577545],[-0.0594298260870504,51.6261880309069],[-0.0594350018527096,51.6261867676255],[-0.0594393253620459,51.6261859398789],[-0.059443787866884,51.6261846656977],[-0.0594466642870902,51.6261842636462],[-0.0594488452427098,51.6261834004573],[-0.0594547548356906,51.6261817005801],[-0.0594569357910503,51.6261808373911],[-0.0594598314119551,51.6261799860239],[-0.0594634800619891,51.6261782487462],[-0.0594665324352176,51.626176501605],[-0.0594701796793539,51.6261747634046],[-0.0594738475294837,51.6261725768112],[-0.0594753330194353,51.6261712524847],[-0.0594776337682923,51.6261703921761],[-0.0594798339235258,51.6261690796712],[-0.0594813194131892,51.6261677553446],[-0.0594835195297738,51.6261664437383],[-0.0594864919139759,51.6261637960073],[-0.0594880780352902,51.6261629229782],[-0.0594888503029122,51.6261615868537],[-0.0595273106058988,51.62615637961],[-0.0595581445987584,51.6262962363031],[-0.0595233697953484,51.6262988076222],[-0.0593956436202516,51.6263133267307],[-0.0594298475789616,51.6264411917379]]]},"properties":{"objectid":17,"layerreference":"lpd_enf_mgh00000001","sitereference":"LP1108","sitename":"Chiswick Road Estate","address":"Lower Edmonton","uprn":null,"borough":"Enfield","planningauthority":"Enfield","firstaddeddate":null,"lastupdateddate":null,"removeddate":null,"status":null,"hectares":"2.373","easting":"534536","northing":"193808","designation":"Medium Growth Housing","boroughdesignation":"Medium Growth Housing","classification":null,"notes":null,"source":null,"extrainfo1":"Place Making Policy PL3","extrainfo2":"SHLAA Outcome: Developable","extrainfo3":null,"missing":null,"Shape__Area":23718.744644165039,"Shape__Length":1179.0465653237661}},{"type":"Feature","id":18,"geometry":{"type":"Polygon","coordinates":[[[-0.183718163068447,51.6660327916583],[-0.183583641990105,51.6662334311752],[-0.183435149405555,51.6664555207028],[-0.183259072899601,51.6667203333425],[-0.183235200053413,51.6667568229657],[-0.183187433464029,51.666830249696],[-0.183112081790663,51.666940558184],[-0.183031356549984,51.6670630086547],[-0.182966724754364,51.6671586490496],[-0.182902049550235,51.6672583343893],[-0.182817377729153,51.6673870173818],[-0.182785839648401,51.6674332763243],[-0.182449815352167,51.6679348326739],[-0.182368087319293,51.6680614027334],[-0.182282006815693,51.6681894340664],[-0.182187669206754,51.6683241699367],[-0.182063519002835,51.6685006958907],[-0.181959241038846,51.6686484020964],[-0.181953937914393,51.6686528152908],[-0.181950969950672,51.6686554661598],[-0.181949522623106,51.6686558933706],[-0.181945089356289,51.6686594207923],[-0.181900528481977,51.6686883967809],[-0.18186036484264,51.6687147449165],[-0.18172537084144,51.668801653329],[-0.181494354191398,51.668955038219],[-0.181385238959525,51.6690239188918],[-0.180994143349226,51.6692741607014],[-0.180758994059373,51.6694234353553],[-0.180416086122627,51.6696433171063],[-0.180194227605512,51.6697851548515],[-0.179987900709511,51.6699172540477],[-0.179928577327286,51.6699545405674],[-0.179818861855443,51.6700234104972],[-0.179762429345349,51.670059933329],[-0.179750730210127,51.6700453686124],[-0.179742701768643,51.6700285227718],[-0.179712472765945,51.6699705189276],[-0.179709882432418,51.6699637362634],[-0.17970644016935,51.6699573900127],[-0.179703062427169,51.6699523936233],[-0.179700400104143,51.6699474083246],[-0.17969639838032,51.6699401541596],[-0.179692242147948,51.6699337968401],[-0.179689561865086,51.6699292599839],[-0.17962063458464,51.6698252580106],[-0.179503385306322,51.669647599056],[-0.179450204528333,51.6695672141791],[-0.179363684992549,51.669435070903],[-0.179363025030531,51.6694337118086],[-0.179258293963225,51.6692859135459],[-0.178956910621435,51.6688680673267],[-0.178940027264197,51.6688192599519],[-0.178917433264588,51.6687522946553],[-0.178718880122649,51.6684732271714],[-0.178692782238589,51.6680622567014],[-0.178614198646977,51.6681279215104],[-0.178546020239026,51.6681868262184],[-0.178446034387787,51.6682837141864],[-0.178441480934595,51.6682872396129],[-0.17843922818428,51.6682899014896],[-0.178436261487076,51.6682925522905],[-0.178432405414693,51.6682965381559],[-0.178429401252463,51.6683000876167],[-0.178422713553597,51.6683062767573],[-0.178415890779099,51.6683129134227],[-0.178406867832653,51.6683208639175],[-0.178357347962372,51.6683663931081],[-0.17830318735171,51.6684176944481],[-0.178300237203722,51.6684198958818],[-0.178297269044568,51.6684225466565],[-0.178286780690648,51.6684313736483],[-0.178281493805071,51.6684353373103],[-0.178276290887405,51.6684402006167],[-0.178267300275022,51.6684473431848],[-0.178257617324237,51.6684539354658],[-0.178247283487866,51.6684618656103],[-0.178238296468894,51.6684689183077],[-0.178180186830619,51.6685116173288],[-0.178151026961828,51.6685340892503],[-0.17814952560241,51.6685358635387],[-0.178145092055912,51.6685393908143],[-0.178139071737114,51.6685437927106],[-0.178131706036973,51.6685490720738],[-0.178127885940999,51.6685521592463],[-0.178116700140735,51.6685605257809],[-0.178075885008612,51.6685882104881],[-0.178037096061601,51.6686159266212],[-0.177990225901013,51.6686489118926],[-0.177953844187225,51.6686730692861],[-0.177917408426318,51.6686985737925],[-0.177914458205229,51.6687007761147],[-0.177910656096506,51.6687034139388],[-0.177905525131742,51.6687064807623],[-0.177901109564507,51.6687095586871],[-0.177895824093965,51.6687135214546],[-0.177889941698569,51.668717475858],[-0.177883225393317,51.6687214173205],[-0.177876611063406,51.6687258090864],[-0.177867677944201,51.6687315146296],[-0.177814213730462,51.6687653857697],[-0.17773350535687,51.6686936525248],[-0.17787572139597,51.6686022755013],[-0.177941321463986,51.6685601424836],[-0.177962616838275,51.668546448368],[-0.177969892522502,51.6685434148224],[-0.177977306175099,51.6685399337966],[-0.177980254901248,51.6685377323489],[-0.177986237761152,51.6685342291206],[-0.17798918793175,51.6685320276951],[-0.177992835519558,51.6685302858128],[-0.177995052280267,51.6685285226274],[-0.177997369572874,51.6685272097232],[-0.178002554516467,51.6685227957707],[-0.178006598672396,51.6685200717755],[-0.178008555386465,51.6685188432001],[-0.178035344020562,51.6684990313441],[-0.178074450553413,51.668469342708],[-0.178159928678572,51.6684042339513],[-0.178163612237908,51.6684015942799],[-0.17816657895813,51.6683989434862],[-0.178178426102017,51.6683919351707],[-0.178185232356333,51.6683857478833],[-0.178191186694199,51.6683799969982],[-0.178197991499727,51.6683738096876],[-0.178203963846143,51.6683676094606],[-0.178216777014298,51.6683543232392],[-0.178248387549067,51.6683242484708],[-0.178283807625383,51.6682883895282],[-0.178329696531152,51.6682441519989],[-0.178338719475378,51.6682362015098],[-0.178346193161636,51.6682282260854],[-0.178355216099769,51.668220275595],[-0.178364293064922,51.6682109770802],[-0.178373352016356,51.6682021279059],[-0.178383894329119,51.6681919528816],[-0.178394420072605,51.6681822272201],[-0.178404128476976,51.6681720392569],[-0.178453860204287,51.6681241762053],[-0.17850430827365,51.6680732668251],[-0.178573572802383,51.6680051195019],[-0.178618729186523,51.6679613201185],[-0.178700824231131,51.6678794380028],[-0.178706045044496,51.6678741253347],[-0.178711402371311,51.6678683651632],[-0.178717374580038,51.6678621649083],[-0.178722034525164,51.6678559442986],[-0.178726559435757,51.6678501703155],[-0.178735762256711,51.6678377272793],[-0.178739606273949,51.6678310452916],[-0.17874734738871,51.667819388],[-0.178763524316456,51.6677935690127],[-0.178772763126979,51.6677802272905],[-0.178777268536455,51.6677749035229],[-0.178778823862672,51.6677717812017],[-0.178781076602777,51.6677691184191],[-0.178781166595041,51.667766872611],[-0.178782055912915,51.6677655384421],[-0.178784488636655,51.6677583840432],[-0.178789048059248,51.667751712251],[-0.178799896157289,51.6677339010796],[-0.178830976550923,51.6676813431962],[-0.178845776667103,51.6676541530818],[-0.178850355483979,51.6676470328666],[-0.178853413583646,51.6676421353698],[-0.178855874772611,51.6676372295141],[-0.178858145470157,51.6676341182872],[-0.178859720235772,51.6676305466457],[-0.178862812861568,51.6676247513421],[-0.17886517499084,51.6676193943292],[-0.178872213613364,51.6676073664373],[-0.178885513754516,51.6675819524354],[-0.178887015088934,51.667580177238],[-0.178888589850323,51.6675766055961],[-0.17889009114843,51.6675748312974],[-0.178891033027333,51.6675721490809],[-0.178891838430184,51.6675699134692],[-0.178893465722825,51.6675649946793],[-0.178895790427236,51.6675605354273],[-0.178899689854794,51.6675525054319],[-0.178903010412426,51.6675440168377],[-0.178905497117254,51.6675355144115],[-0.178910434443542,51.6675194100391],[-0.178913964093182,51.6675027433901],[-0.178920666691718,51.6674812718471],[-0.178926553401532,51.6674593380291],[-0.178933723981367,51.667426186304],[-0.178935424688752,51.6674194710687],[-0.178937983359597,51.6674091721745],[-0.178938433348202,51.6673979413349],[-0.178936666632867,51.6673884745984],[-0.178935523831314,51.6673812656417],[-0.178932953201329,51.667374033641],[-0.178929547242484,51.6673667886849],[-0.178924812478172,51.6673599727404],[-0.178919189819009,51.6673544918869],[-0.178914329065048,51.6673508204333],[-0.178903683654643,51.6673457112994],[-0.178959668971836,51.6672845499273],[-0.17896478173592,51.6672819314975],[-0.178970674335876,51.6672806749233],[-0.178977162395678,51.6672794266844],[-0.178983054994982,51.6672781701094],[-0.178985716202767,51.6672772222163],[-0.178999155077293,51.667272126912],[-0.179052109103859,51.6672509230333],[-0.179076516441312,51.6672369172831],[-0.179102588433835,51.6672170949723],[-0.179117617659885,51.6672020454366],[-0.1791214951796,51.6671975203367],[-0.179124535180808,51.667193073072],[-0.179129076493048,51.6671868506065],[-0.179133755757528,51.6671801806594],[-0.179136777790589,51.6671761818372],[-0.179139102450338,51.6671717225797],[-0.179151632967169,51.667147644572],[-0.179156064747416,51.6671292842414],[-0.179155145368368,51.6671135377533],[-0.179150770519875,51.6670977376796],[-0.179148162422467,51.6670914043422],[-0.179144738448042,51.6670846087317],[-0.179140327602353,51.6670697073408],[-0.179134385509722,51.667054332583],[-0.179132341916194,51.6670488164174],[-0.179196712484503,51.6669420270461],[-0.17922621589794,51.6669645096787],[-0.179295565001123,51.6669655850447],[-0.179668068946418,51.666970910977],[-0.180234285730791,51.6669801373403],[-0.180227197390879,51.6669040631606],[-0.180215801446253,51.6667896253217],[-0.180200322510656,51.6666729669186],[-0.180169797015357,51.6664854156054],[-0.180127326555642,51.6662597419368],[-0.180125996586484,51.6662572034469],[-0.180026043712238,51.6660646202227],[-0.179948701235791,51.6659148190016],[-0.180108231124491,51.6658671284404],[-0.180243475523495,51.6658274224308],[-0.180373047783351,51.665789425948],[-0.180482028783729,51.665756503888],[-0.180501618814875,51.6657853943497],[-0.18087819444647,51.6656738224237],[-0.181061353062315,51.6656195742875],[-0.181368395602163,51.6655323640583],[-0.181609950559004,51.6654638268564],[-0.18202106010964,51.6653472116964],[-0.182229478084829,51.6652843631229],[-0.182202491563434,51.6652615614097],[-0.181958491920328,51.6650514661474],[-0.181764806546332,51.6648861107349],[-0.18159997873539,51.6647415184751],[-0.181556582300196,51.6647056959356],[-0.181541455350817,51.6646874822222],[-0.181605753483259,51.6646687000922],[-0.181678940121345,51.6646482579925],[-0.181698642808341,51.6646445174223],[-0.18171602359135,51.6646600700914],[-0.181721004273135,51.6646637423897],[-0.181763615716649,51.6647012612714],[-0.181802433089442,51.6647353042672],[-0.181829965576749,51.6647593743683],[-0.181873968370353,51.66479790302],[-0.182029045665202,51.664932903682],[-0.182160366536141,51.6650478492408],[-0.182400022250869,51.6649849453435],[-0.182681350955791,51.6649115371691],[-0.182936889969405,51.6649761737432],[-0.182941143202161,51.6649771388053],[-0.183218154681182,51.6650475007061],[-0.183246124772514,51.6650546759973],[-0.18348794826334,51.6651164913443],[-0.183797845077841,51.6651963503386],[-0.184034742372204,51.665256200844],[-0.184039096205144,51.6652576170425],[-0.184212297943291,51.6653003002049],[-0.184184903747735,51.665335386704],[-0.184155031068151,51.6653758285164],[-0.184126597717578,51.6654190793297],[-0.183979554206741,51.6656437988598],[-0.183855759030682,51.6658267150749],[-0.183718163068447,51.6660327916583]]]},"properties":{"objectid":18,"layerreference":"lpd_enf_mgh00000003","sitereference":"LP465","sitename":"Land between Camlet Way and Crescent West, Hadley","address":"Cockfosters","uprn":null,"borough":"Enfield","planningauthority":"Enfield","firstaddeddate":null,"lastupdateddate":null,"removeddate":null,"status":null,"hectares":"11.056","easting":"525881","northing":"198067","designation":"Medium Growth Housing","boroughdesignation":"Medium Growth Housing","classification":null,"notes":"Green Belt","source":null,"extrainfo1":"Place Making Policy ","extrainfo2":"SHLAA Outcome: Potentially developable","extrainfo3":null,"missing":null,"Shape__Area":110518.4278793335,"Shape__Length":1869.1659097469567}},{"type":"Feature","id":19,"geometry":{"type":"MultiPolygon","coordinates":[[[[-0.13246452059219,51.6161238523952],[-0.132466151175252,51.6161189334398],[-0.132590046020387,51.6161267479523],[-0.132791054599554,51.6161389355601],[-0.132814087936301,51.6161406508409],[-0.132843546152601,51.6163223533298],[-0.132872074387363,51.6164715884766],[-0.132888532168785,51.6165609394056],[-0.132635478099146,51.616569049718],[-0.132642308239858,51.6165970266127],[-0.132653957727417,51.6166120448536],[-0.13270217068865,51.616667650015],[-0.13273855744986,51.6167154253045],[-0.132741925790686,51.6167204228915],[-0.132744653367977,51.6167236127114],[-0.132746647954478,51.6167272404884],[-0.132749420126455,51.6167322285907],[-0.132819288441184,51.616857939148],[-0.132880541640284,51.616967240035],[-0.132941573734941,51.6170819318848],[-0.132958599871765,51.61711393676],[-0.132965015844511,51.6171259051371],[-0.133004779393787,51.6171958489726],[-0.133015568027484,51.6172144495336],[-0.133024946002489,51.6172325789362],[-0.132724795263801,51.6172071271981],[-0.132430382949842,51.6171840140882],[-0.132397964481566,51.6171817006851],[-0.132350486273742,51.6171777987866],[-0.132334556682062,51.6171770956934],[-0.132343979429624,51.6170897751257],[-0.13234668591783,51.6170644669256],[-0.132357328800154,51.6169764463858],[-0.132364380860005,51.6169091347684],[-0.132373330904811,51.6168333133048],[-0.132379943769043,51.6167766929102],[-0.132402955659592,51.6165846782744],[-0.13240856584577,51.6165408974037],[-0.132414717086406,51.6164926298598],[-0.132418021621891,51.6164643645921],[-0.132424195527949,51.616421312079],[-0.132431131650249,51.6163742260295],[-0.132436326505596,51.6163347530836],[-0.132446427169654,51.6162656923921],[-0.13246452059219,51.6161238523952]]],[[[-0.134086900896897,51.6172625004112],[-0.134070388957717,51.61740068074],[-0.134055399345492,51.6175191982854],[-0.13404462885089,51.6176219599398],[-0.133997280874089,51.6180528064381],[-0.133982262483824,51.6180327907727],[-0.133972771800081,51.6180173573687],[-0.133940258056524,51.6179651487584],[-0.133899498378806,51.6179020217999],[-0.13386228093476,51.6178425471903],[-0.133818945118279,51.6177725468457],[-0.133783493492868,51.6177193922409],[-0.133733561529983,51.6176534225719],[-0.133671348603028,51.6175674797999],[-0.133637954922231,51.6175193027713],[-0.133636499689311,51.6175170324399],[-0.133634468174536,51.6175143033267],[-0.133630478966272,51.6175070478015],[-0.133629838199405,51.6175052400391],[-0.13362848436261,51.6175034200388],[-0.133625730622718,51.6174979826315],[-0.133623021469547,51.6174943435065],[-0.133610956155366,51.6174720367331],[-0.133445288247872,51.617266233303],[-0.133423827846068,51.6172088066962],[-0.133404310141555,51.6171562659627],[-0.133390232428761,51.617113340065],[-0.133381517783154,51.617079040399],[-0.133372217698807,51.617041584995],[-0.133362843876381,51.6170059259898],[-0.133357941840284,51.6169860711334],[-0.133347753690477,51.616918035673],[-0.133335620760488,51.6168422385495],[-0.133323922078314,51.6167732807248],[-0.13343906628747,51.6167651330914],[-0.133536133980148,51.6167592157526],[-0.13355116753281,51.616758555581],[-0.133558570385637,51.6166884627558],[-0.133557860448645,51.6166709217606],[-0.133558339874464,51.6166592429138],[-0.133559220381328,51.616655211253],[-0.133560137741349,51.6166502818415],[-0.133561888043416,51.6166453647761],[-0.133563500051817,51.6166408960288],[-0.133564417447978,51.6166359657185],[-0.133569144317845,51.61662525365],[-0.133584348338154,51.6165711069324],[-0.133585871128101,51.6165630407214],[-0.133587255698475,51.6165554210312],[-0.133588502012508,51.6165482487604],[-0.133590024800931,51.6165401825493],[-0.13359472307767,51.6165127487321],[-0.133640687077118,51.61650134264],[-0.133678545136151,51.616492954964],[-0.133680442897193,51.6164844450963],[-0.133681673712875,51.6164718789609],[-0.133689673469369,51.6164162697208],[-0.133693469089699,51.6163934058519],[-0.133694483196978,51.6163687001817],[-0.133677977552531,51.6163675384906],[-0.133681885243172,51.6163419795952],[-0.133698510689567,51.6163431431908],[-0.133705408665748,51.6162969557099],[-0.133716037672189,51.6162323977128],[-0.133724238700251,51.6161718476701],[-0.134019771745273,51.6161820300086],[-0.134211844783957,51.6161884996517],[-0.134201593274916,51.6162554907246],[-0.134200973170875,51.6162589860886],[-0.134178507566251,51.6164204455561],[-0.13418705776618,51.6164210310939],[-0.134176985767287,51.6164923395505],[-0.134169556186001,51.6165660280249],[-0.134132732908944,51.6168828710972],[-0.134130586297251,51.6169003675745],[-0.134111253359863,51.6170551343496],[-0.134106469468808,51.6171165480423],[-0.134096887350938,51.617175908042],[-0.134086900896897,51.6172625004112]]]]},"properties":{"objectid":19,"layerreference":"lpd_enf_mgh00000009","sitereference":"LP608_2","sitename":"Arnos Grove Station Car Park","address":"Southgate Green","uprn":null,"borough":"Enfield","planningauthority":"Enfield","firstaddeddate":null,"lastupdateddate":null,"removeddate":null,"status":null,"hectares":"1.082","easting":"529326","northing":"192545","designation":"Medium Growth Housing","boroughdesignation":"Medium Growth Housing","classification":null,"notes":null,"source":null,"extrainfo1":"Place Making Policy PL7","extrainfo2":"SHLAA Outcome: Deliverable","extrainfo3":null,"missing":null,"Shape__Area":10817.401496887207,"Shape__Length":815.09572708145038}},{"type":"Feature","id":20,"geometry":{"type":"Polygon","coordinates":[[[-0.149492793523473,51.6518691709753],[-0.149561285833334,51.6519580817834],[-0.149323495301572,51.6520020700714],[-0.149254127118482,51.6519874015194],[-0.149071391707954,51.6520199411081],[-0.148801518108332,51.6520760983022],[-0.148212027555592,51.6521981438256],[-0.147531955642681,51.6523317027105],[-0.147435618237761,51.6521451706067],[-0.147310871213092,51.651907037325],[-0.147247341079799,51.6517870985409],[-0.147183989767897,51.6516657237458],[-0.14711233818267,51.6515286654355],[-0.147037249328857,51.6513823841024],[-0.146948272052317,51.651164502166],[-0.147594780439176,51.6512342188814],[-0.148448083212147,51.651526456099],[-0.148585503361057,51.6515734831366],[-0.148714446945933,51.6516179483788],[-0.148875381857554,51.6516728968509],[-0.148962435772248,51.6517040264268],[-0.149076936518752,51.6517431396393],[-0.149227902935803,51.6517941554228],[-0.149232530091744,51.6517888337861],[-0.149427985351589,51.6518507984641],[-0.149492793523473,51.6518691709753]]]},"properties":{"objectid":20,"layerreference":"lpd_enf_mgh00000011","sitereference":"LP608_1","sitename":"Cockfosters Station Car Park (Parcel a) Cockfosters Road, Barnet","address":"Cockfosters","uprn":null,"borough":"Enfield","planningauthority":"Enfield","firstaddeddate":null,"lastupdateddate":null,"removeddate":null,"status":null,"hectares":"1.152","easting":"528217","northing":"196398","designation":"Medium Growth Housing","boroughdesignation":"Medium Growth Housing","classification":null,"notes":null,"source":null,"extrainfo1":"Place Making Policy ","extrainfo2":"SHLAA Outcome: Developable","extrainfo3":null,"missing":null,"Shape__Area":11520.007125854492,"Shape__Length":489.62743495757161}},{"type":"Feature","id":21,"geometry":{"type":"Polygon","coordinates":[[[-0.13747489123686,51.6118086274404],[-0.136826457496329,51.6115126410568],[-0.137438851491657,51.6113336642602],[-0.13756526436785,51.6110442203358],[-0.137766768422426,51.6110030985076],[-0.138528914538492,51.6111131755384],[-0.139085146131174,51.6111947228157],[-0.139319603218615,51.6114337923283],[-0.139387577118995,51.6115013045211],[-0.139463333994332,51.6115764918286],[-0.139099258773214,51.6117025107565],[-0.139178019574443,51.6117887129579],[-0.139219518560576,51.6118338695574],[-0.139229036234961,51.611915557812],[-0.139222426488566,51.6119199483133],[-0.139218017551074,51.6119229349247],[-0.139214076130889,51.6119261087946],[-0.139210136153513,51.6119292826872],[-0.139206545336287,51.6119326419623],[-0.139203069198567,51.6119360929788],[-0.139199951018759,51.6119395496699],[-0.139197063678744,51.6119431889685],[-0.13919429465872,51.6119468310419],[-0.139191763796121,51.6119504768908],[-0.139189314518584,51.6119550232695],[-0.139187371010651,51.6119588573777],[-0.13918566706692,51.6119626961829],[-0.139184314517601,51.6119666304824],[-0.139183196448823,51.6119706584228],[-0.139182321695211,51.6119745993975],[-0.139181679942125,51.6119786348888],[-0.139181276346975,51.6119826741557],[-0.139181232944374,51.6119866292092],[-0.139181305702074,51.6119906751285],[-0.139184333276768,51.6120069048859],[-0.139185592988274,51.6120285002379],[-0.139187258488436,51.6120402140181],[-0.139189801051492,51.612047895138],[-0.139194514912936,51.6120578587706],[-0.139201038481556,51.6120759415229],[-0.139206475687124,51.6120827701936],[-0.13921063099179,51.6120859824954],[-0.139224598586368,51.6120996888709],[-0.139232196169294,51.6121061021698],[-0.139240608202983,51.6121129779977],[-0.139295835156385,51.612122393522],[-0.139313078314499,51.6121259032129],[-0.139281147832237,51.612120452147],[-0.138983660082179,51.6121062067232],[-0.138514715763839,51.6120797132759],[-0.137764382054289,51.611925053248],[-0.13747489123686,51.6118086274404]]]},"properties":{"objectid":21,"layerreference":"lpd_enf_mgh00000012","sitereference":"17100370","sitename":"Station Road, New  Southgate","address":"Southgate Green","uprn":null,"borough":"Enfield","planningauthority":"Enfield","firstaddeddate":null,"lastupdateddate":null,"removeddate":null,"status":null,"hectares":"1.371","easting":"529005","northing":"191944","designation":"Medium Growth Housing","boroughdesignation":"Medium Growth Housing","classification":null,"notes":null,"source":null,"extrainfo1":"Place Making Policy PL7","extrainfo2":"SHLAA Outcome: Potentially Developable","extrainfo3":null,"missing":null,"Shape__Area":13704.998046875,"Shape__Length":512.28299103479776}},{"type":"Feature","id":22,"geometry":{"type":"Polygon","coordinates":[[[-0.060191613246016,51.613366183905],[-0.060233685783142,51.6133738023993],[-0.0604178963430015,51.6134078650283],[-0.0604646901444973,51.61341088626],[-0.0609730109674977,51.6134406888857],[-0.0610097811785707,51.6134441745367],[-0.0609986997515245,51.6134890308967],[-0.0609402875738806,51.6137056246488],[-0.0609292828285839,51.6137458978266],[-0.0612771932648371,51.6137840147719],[-0.061427360772927,51.6138009710098],[-0.0614182614471965,51.6138440625438],[-0.0614999593497302,51.6138496387513],[-0.0624861205609283,51.613937317541],[-0.0644229907376793,51.6141429015494],[-0.0643495916475881,51.6144406092836],[-0.0643093487137059,51.6144655667882],[-0.0642676857168636,51.6144790829052],[-0.0642274758948271,51.6144808462572],[-0.0638824852397459,51.614438291849],[-0.0637009228158753,51.6144174041034],[-0.0636581623056916,51.614411932842],[-0.0634328558541083,51.6143583176014],[-0.0633427976360078,51.614344873723],[-0.0632163262856122,51.6143279516344],[-0.0630655329803424,51.614328427677],[-0.0628571574556181,51.6143163554354],[-0.0625893767013029,51.614278577944],[-0.0615357350426878,51.6141532853609],[-0.0612438800032828,51.614074022181],[-0.0608277696683229,51.6139957610595],[-0.0605424120024716,51.6139429447684],[-0.0604694660981871,51.6139304111689],[-0.0600766675797601,51.6138864252537],[-0.0596751755126841,51.6138452608367],[-0.0593573907121273,51.6138156393356],[-0.0590160428753596,51.6137772656002],[-0.058877608330849,51.6137756036157],[-0.0586737677728987,51.6137829268413],[-0.0576196299297994,51.6136223493512],[-0.0577219078151795,51.6133075034623],[-0.0578300764306948,51.613301113538],[-0.0587737191168414,51.613402414244],[-0.0597626276955325,51.6135091306507],[-0.0597892233180538,51.6134691155316],[-0.0598524183251647,51.6134086694837],[-0.0598988710902855,51.6133945138645],[-0.0599147238548888,51.6133383185882],[-0.060191613246016,51.613366183905]]]},"properties":{"objectid":22,"layerreference":"lpd_enf_mgh00000013","sitereference":"17100372","sitename":"Upton Road And Raynham Road","address":"Upper Edmonton","uprn":null,"borough":"Enfield","planningauthority":"Enfield","firstaddeddate":null,"lastupdateddate":null,"removeddate":null,"status":null,"hectares":"1.921","easting":"534354","northing":"192337","designation":"Medium Growth Housing","boroughdesignation":"Medium Growth Housing","classification":null,"notes":null,"source":null,"extrainfo1":"Place Making Policy PL4","extrainfo2":"SHLAA Outcome: Developable","extrainfo3":null,"missing":null,"Shape__Area":19204.551734924316,"Shape__Length":1076.4488862533469}},{"type":"Feature","id":23,"geometry":{"type":"Polygon","coordinates":[[[-0.0679629779898412,51.6133753637616],[-0.0674611188669903,51.6133419219631],[-0.0674546270659216,51.6132704342794],[-0.0648169887923782,51.6133045194286],[-0.0649554612941662,51.612383616416],[-0.0650508673865803,51.6119378454721],[-0.0653190681494902,51.611385516733],[-0.0664197551467575,51.6115402310254],[-0.0677140570565442,51.611496388721],[-0.0677369323053846,51.6111398603021],[-0.0677295905464265,51.6111332664339],[-0.067347721441302,51.6111240065267],[-0.0673555982285637,51.6109384917933],[-0.0667669330397439,51.6107906110719],[-0.066903353823318,51.6102505807333],[-0.0665331646001581,51.610221642336],[-0.0663851707712087,51.6102182136967],[-0.0663979196937367,51.6100947204957],[-0.06618502318494,51.6100969631002],[-0.0665429532662333,51.6095594169598],[-0.0667554977630161,51.6092345152777],[-0.0671235350641016,51.6088456490745],[-0.0677157684961838,51.6084685761311],[-0.0683859285465659,51.6088840730711],[-0.0685929998202079,51.6091789414816],[-0.0686255153051226,51.6093163052095],[-0.0700120803993963,51.6092855576957],[-0.0697501836522857,51.6098284694757],[-0.0679629779898412,51.6133753637616]]]},"properties":{"objectid":23,"layerreference":"lpd_enf_mgh00000017","sitereference":"UPM1","sitename":"Joyce Avenue & Snells Park Estate Regeneration","address":"Upper Edmonton","uprn":null,"borough":"Enfield","planningauthority":"Enfield","firstaddeddate":null,"lastupdateddate":null,"removeddate":null,"status":null,"hectares":"9.943","easting":"533912","northing":"192029","designation":"Medium Growth Housing","boroughdesignation":"Medium Growth Housing","classification":null,"notes":null,"source":null,"extrainfo1":"Place Making Policy PL4","extrainfo2":"SHLAA Outcome: Potentially developable","extrainfo3":null,"missing":null,"Shape__Area":99399.9429473877,"Shape__Length":1769.8383969733866}},{"type":"Feature","id":24,"geometry":{"type":"Polygon","coordinates":[[[-0.0414478806330342,51.6681310511461],[-0.041421072385477,51.6681665635808],[-0.0414002728583953,51.6681954337676],[-0.0413858552931033,51.6681951931301],[-0.0413808330481012,51.6681955589276],[-0.0413756507002648,51.6681968203975],[-0.0413653298417656,51.668201143456],[-0.0413609246167404,51.6682037667623],[-0.041357967953423,51.6682059646242],[-0.0413556066630213,51.6682081724233],[-0.0413470078213411,51.6682251100435],[-0.0412851602248598,51.6682159872326],[-0.0412837504182875,51.6682155140788],[-0.041281625296767,51.6682150289852],[-0.0412802140451712,51.6682145558072],[-0.0411555792721089,51.6681877533718],[-0.0411454909124623,51.6681866857259],[-0.0411396915498186,51.6681856896744],[-0.041134706579868,51.6681851577385],[-0.0411246555359882,51.6681831914694],[-0.0407931548362351,51.6681065477255],[-0.0407414942120664,51.6680962458269],[-0.0405166917717935,51.66804484576],[-0.040433127944339,51.6680223243992],[-0.0403714838528595,51.6680085293074],[-0.0403941705328035,51.6679690823948],[-0.040431363464566,51.6678946381056],[-0.0404622179370827,51.6678344722881],[-0.0404827887675181,51.6677915738009],[-0.0404906235775934,51.6677757924916],[-0.0404968959438497,51.6677630425243],[-0.0405073384913324,51.6677420900383],[-0.040528661618067,51.6677010925233],[-0.0405413820067694,51.6676743356772],[-0.0405673234409322,51.6676257743917],[-0.0406018827833775,51.6675653997447],[-0.0406300710012114,51.6675117511706],[-0.0406809125965,51.6674221621453],[-0.0407124042084697,51.6673638045181],[-0.0407727193656449,51.667372452484],[-0.0409776562068381,51.6674005970143],[-0.0412967302612679,51.6674445793234],[-0.0414635160479166,51.6674671412004],[-0.0414923336211231,51.6674707686387],[-0.0415346558310756,51.6674764190536],[-0.0415641872747754,51.6674800583883],[-0.0415686487653079,51.6674816615648],[-0.0416810092322881,51.6675221035618],[-0.0417841697077836,51.6675602337279],[-0.0418639079906362,51.6675885335851],[-0.0418803365365842,51.6675946519153],[-0.0418385476573073,51.6676402521403],[-0.0417839434728167,51.6676982243122],[-0.0417415575871504,51.6677438145485],[-0.041737790242384,51.6677482469987],[-0.0417332070220166,51.6677522162114],[-0.041730888258851,51.6677562223144],[-0.0417271388405353,51.6677602054416],[-0.0417232322175228,51.6677650842898],[-0.0417201608036121,51.6677699779754],[-0.0416780601048476,51.6678255518633],[-0.0416265448963797,51.6678948133825],[-0.0415905548219074,51.6679414095618],[-0.0415805799342739,51.6679542776302],[-0.0415567658433015,51.6679866936022],[-0.0415406853426593,51.6680084504106],[-0.0415001349150347,51.6680612633696],[-0.0414478806330342,51.6681310511461]]]},"properties":{"objectid":24,"layerreference":"lpd_enf_mgh00000018","sitereference":"CFS207","sitename":"Albany Leisure Centre","address":"Enfield Highway","uprn":null,"borough":"Enfield","planningauthority":"Enfield","firstaddeddate":null,"lastupdateddate":null,"removeddate":null,"status":null,"hectares":"0.631","easting":"535566","northing":"198372","designation":"Medium Growth Housing","boroughdesignation":"Medium Growth Housing","classification":null,"notes":null,"source":null,"extrainfo1":"Place Making Policy ","extrainfo2":"SHLAA Outcome: ","extrainfo3":null,"missing":null,"Shape__Area":6303.3368072509766,"Shape__Length":313.17767991727897}},{"type":"Feature","id":25,"geometry":{"type":"Polygon","coordinates":[[[-0.0942797812771443,51.6313630955504],[-0.0942460190008096,51.6313755825356],[-0.094189306667023,51.6314011817437],[-0.0941672048730016,51.6314111604004],[-0.0941427904466634,51.6314251480785],[-0.0941205188804125,51.6314391696643],[-0.0940847800287927,51.6314646599254],[-0.0940697648612584,51.6314761025573],[-0.0940556016805288,51.6314871103064],[-0.0940397841330578,51.6315034839388],[-0.0940114733328762,51.6315052721028],[-0.0939856327539691,51.6315021545545],[-0.0939776751355919,51.6315015765476],[-0.0939558555732016,51.631499153791],[-0.0939385410413577,51.6314972547444],[-0.0939240766025971,51.6314955809505],[-0.0939078297197769,51.6314937891699],[-0.0938861300139365,51.6314913683474],[-0.0938691721467435,51.6314894750854],[-0.0938503036300069,51.6314877297266],[-0.0938208718058393,51.6314850043127],[-0.093751089685954,51.631478566734],[-0.0936718058633913,51.6314714351717],[-0.0936538851586811,51.6314697951065],[-0.0936481699612218,51.6314697022377],[-0.0934625443648415,51.6314671353918],[-0.0933788292005459,51.6314662245226],[-0.0933287441870899,51.6314645112974],[-0.0932536546726729,51.6314624815831],[-0.0932628685423694,51.6314586764609],[-0.0932719451698688,51.63145531783],[-0.0932815586983888,51.6314505291346],[-0.0932867176320512,51.6314468370566],[-0.0932931456186399,51.6314412780914],[-0.0932971660915056,51.6314363094683],[-0.0933025967234469,51.6314261490497],[-0.0933056641971599,51.6314183781817],[-0.0933348095604672,51.6314193905082],[-0.093342698646354,51.6313591974603],[-0.0933454876954597,51.6313382058829],[-0.0934443586975554,51.6312136847995],[-0.0935899968021096,51.6310308604101],[-0.0936164061398423,51.6310402802013],[-0.0936188508026509,51.6310331277772],[-0.0936205807109346,51.6310259637382],[-0.0936208636853167,51.6310192258084],[-0.0936189661029029,51.6310133516882],[-0.0936183471055937,51.6310110944198],[-0.0936148827433286,51.6310056444612],[-0.0936093562669242,51.6310010593372],[-0.0936008726512726,51.6309959774366],[-0.0935951749372448,51.6309926484702],[-0.0936158601577022,51.6309993674378],[-0.0937883690022002,51.6310561090018],[-0.0938723797479072,51.6310839945076],[-0.0939558145562159,51.6311114209717],[-0.0939768353816876,51.6311186839723],[-0.0939837034785255,51.631116818121],[-0.0939917567310173,51.6311151513728],[-0.0939968755340895,51.6311152345366],[-0.094001983017406,51.6311155872892],[-0.0940047146442515,51.6311158115176],[-0.0940126344638189,51.6311172881535],[-0.0940191073132624,51.6311191918015],[-0.0940319143753061,51.6311234446673],[-0.094043273025076,51.6311281245213],[-0.0940546142930248,51.6311332528141],[-0.094065221904402,51.6311388197076],[-0.0940800586438923,51.631145802373],[-0.0940941631727707,51.6311532236619],[-0.0941266443169233,51.6311712811897],[-0.0941521127882816,51.631186079232],[-0.0941633220669887,51.6311943518217],[-0.0941745313119975,51.6312026253088],[-0.094184757406244,51.6312116013189],[-0.0941877514111394,51.6312140770141],[-0.0941967975674285,51.6312227640819],[-0.0943317862636139,51.6313446119829],[-0.0942797812771443,51.6313630955504]]]},"properties":{"objectid":25,"layerreference":"lpd_enf_mgh00000019","sitereference":"CFS223","sitename":"Fords Grove Car Park","address":"Winchmore","uprn":null,"borough":"Enfield","planningauthority":"Enfield","firstaddeddate":null,"lastupdateddate":null,"removeddate":null,"status":null,"hectares":"0.243","easting":"532028","northing":"194218","designation":"Medium Growth Housing","boroughdesignation":"Medium Growth Housing","classification":null,"notes":null,"source":null,"extrainfo1":"Place Making Policy ","extrainfo2":"SHLAA Outcome: ","extrainfo3":null,"missing":null,"Shape__Area":2430.370735168457,"Shape__Length":212.04743129382214}},{"type":"Feature","id":26,"geometry":{"type":"Polygon","coordinates":[[[-0.126854694443189,51.6306258783318],[-0.12675455234346,51.6306188866281],[-0.126264614155725,51.6306058521993],[-0.126163592080444,51.6306028916064],[-0.126093701845257,51.6306018658054],[-0.126090609798948,51.6305728691396],[-0.126046803944593,51.6302168933683],[-0.126887410783492,51.6302399294949],[-0.12689858380448,51.6303098687131],[-0.126925512487263,51.630592847336],[-0.126927560610624,51.6306298278223],[-0.126854694443189,51.6306258783318]]]},"properties":{"objectid":26,"layerreference":"lpd_enf_mgh00000020","sitereference":"CFS189","sitename":"Minchenden Car Park","address":"Southgate","uprn":null,"borough":"Enfield","planningauthority":"Enfield","firstaddeddate":null,"lastupdateddate":null,"removeddate":null,"status":null,"hectares":"0.248","easting":"529767","northing":"194062","designation":"Medium Growth Housing","boroughdesignation":"Medium Growth Housing","classification":null,"notes":null,"source":null,"extrainfo1":"Place Making Policy PL6","extrainfo2":"SHLAA Outcome: ","extrainfo3":null,"missing":null,"Shape__Area":2478.9816360473633,"Shape__Length":202.50189169963375}},{"type":"Feature","id":27,"geometry":{"type":"Polygon","coordinates":[[[-0.126745798392964,51.6309322205509],[-0.126448738669182,51.6309162417439],[-0.126461932824416,51.6307379153496],[-0.12651885971573,51.6307383743341],[-0.126716657334019,51.630743329612],[-0.126757843547527,51.6307441667401],[-0.126773768376755,51.6307451393662],[-0.126835777101519,51.6307465785307],[-0.126937534291764,51.6307491015555],[-0.126937775121013,51.6307432621638],[-0.127037771762264,51.6307508808544],[-0.127072414581403,51.630754400196],[-0.127095362723147,51.6307583623963],[-0.127122716430241,51.630762394885],[-0.127170121394437,51.6307713315926],[-0.127195849534724,51.6307743489688],[-0.127236746832891,51.6307821935601],[-0.127224834039091,51.6309295258339],[-0.12722254148714,51.6309475585018],[-0.127087385233776,51.6309431548679],[-0.126745798392964,51.6309322205509]]]},"properties":{"objectid":27,"layerreference":"lpd_enf_mgh00000021","sitereference":"CFS150","sitename":"Alan Pullinger Centre","address":"Southgate","uprn":null,"borough":"Enfield","planningauthority":"Enfield","firstaddeddate":null,"lastupdateddate":null,"removeddate":null,"status":null,"hectares":"0.111","easting":"529742","northing":"194109","designation":"Medium Growth Housing","boroughdesignation":"Medium Growth Housing","classification":null,"notes":null,"source":null,"extrainfo1":"Place Making Policy PL6","extrainfo2":"SHLAA Outcome: ","extrainfo3":null,"missing":null,"Shape__Area":1104.9968795776367,"Shape__Length":146.77921249763364}},{"type":"Feature","id":28,"geometry":{"type":"Polygon","coordinates":[[[-0.149301043190791,51.6509751602074],[-0.149385901817251,51.6509518648194],[-0.14941197344272,51.6509848195376],[-0.149489387896712,51.6510887940483],[-0.149697597023931,51.6513850566626],[-0.149768568672461,51.6514891992085],[-0.149688908122798,51.6515136549969],[-0.149530297304536,51.651468903065],[-0.14944387595069,51.6514427279391],[-0.149369636520492,51.6514189038701],[-0.149220260770711,51.6513727683717],[-0.148890182647244,51.6512683153492],[-0.148585305972326,51.6511743285899],[-0.148629193686916,51.6511619852118],[-0.148707925511348,51.6511398526395],[-0.148780272348842,51.6511194178272],[-0.148888497094921,51.651090109287],[-0.14897243920566,51.6510659013978],[-0.149107470267789,51.6510281154568],[-0.149164956577475,51.6510125700304],[-0.14926876363715,51.6509834612693],[-0.149301043190791,51.6509751602074]]]},"properties":{"objectid":28,"layerreference":"lpd_enf_mgh00000027","sitereference":"LP608_1","sitename":"Cockfosters Station Car Park (Parcel b) Cockfosters Road, Barnet","address":"Cockfosters","uprn":null,"borough":"Enfield","planningauthority":"Enfield","firstaddeddate":null,"lastupdateddate":null,"removeddate":null,"status":null,"hectares":"0.223","easting":"528133","northing":"196336","designation":"Medium Growth Housing","boroughdesignation":"Medium Growth Housing","classification":null,"notes":null,"source":null,"extrainfo1":"Place Making Policy ","extrainfo2":"SHLAA Outcome: ","extrainfo3":null,"missing":null,"Shape__Area":2226.1198654174805,"Shape__Length":217.4026375951006}},{"type":"Feature","id":29,"geometry":{"type":"Polygon","coordinates":[[[-0.0483349359949618,51.6069336998235],[-0.0484129550308588,51.6069498310481],[-0.0484523720048865,51.6069581286829],[-0.0484484933381079,51.6069652563866],[-0.0487724057466322,51.6070369899411],[-0.0487766497210318,51.6070518946268],[-0.0490610826517395,51.6071112839782],[-0.0492885774566398,51.6071600174528],[-0.0495972219506044,51.6072379685687],[-0.0498907704748355,51.6073292421527],[-0.0502058573744242,51.6073569549447],[-0.0515009264731632,51.6078055874894],[-0.0515011569129657,51.607805771168],[-0.0515014373642846,51.6078047866472],[-0.0517240568176685,51.6078923622588],[-0.0520854470716521,51.6079537443858],[-0.052303575813392,51.608012656726],[-0.0524855606755397,51.6080424691824],[-0.0528668713564849,51.6081058882813],[-0.0529114306937861,51.6081387225757],[-0.0529297723966046,51.6083139714663],[-0.0529666382610084,51.6083234835413],[-0.0529705512478327,51.6084324166009],[-0.0529400867826628,51.6084765011031],[-0.0528836804754739,51.6085201548203],[-0.0531351350898475,51.6086046100356],[-0.0529896148026822,51.6087940395644],[-0.0536798865754858,51.6089339678437],[-0.0536571383458032,51.6092655037017],[-0.0533731904912705,51.6092696901419],[-0.0533219013385579,51.6100736308102],[-0.0533234513795742,51.6100986489252],[-0.0532232556046127,51.6100969854702],[-0.0531854294062457,51.6109814305384],[-0.0535348145396167,51.6109872307102],[-0.0535358734634017,51.6110961187214],[-0.0523691669579381,51.6111107284429],[-0.0518628064158744,51.6112806799672],[-0.0512670170731688,51.6114724300198],[-0.0509583174261919,51.6115868695937],[-0.0509284899597085,51.6116131640368],[-0.0508721470814648,51.6116496265459],[-0.050865259559615,51.6116852929896],[-0.0508846740057251,51.6117658966169],[-0.0509407673112945,51.6118632029176],[-0.0507784368575855,51.6119050957969],[-0.0507808783066975,51.6119176325609],[-0.0507140638193503,51.6119344132299],[-0.0507541527034775,51.6121384348213],[-0.050517931652897,51.6121648956387],[-0.0504803782771981,51.6121713739579],[-0.0503642290372174,51.6120748678667],[-0.050369636394414,51.6120125666724],[-0.0502271772659193,51.6118602445749],[-0.0501182550067623,51.6117924468973],[-0.0497732091114031,51.6116849429269],[-0.049685650954729,51.6116549886078],[-0.0496203869830978,51.6116383507264],[-0.0489900118212063,51.6113806410811],[-0.0486314371478002,51.6113110267531],[-0.0486246737097344,51.6113076777847],[-0.0486134579620828,51.6113054237985],[-0.0485649231622999,51.6112958063023],[-0.0485523521026919,51.6112946079846],[-0.048479434053142,51.6112787413899],[-0.0484602617242046,51.611287052697],[-0.0483668605283294,51.6112128587609],[-0.0483444483596674,51.6111967532176],[-0.0483210681846525,51.6111809912712],[-0.0482969504486353,51.6111657566085],[-0.0482723424928981,51.6111508725917],[-0.0482470032016238,51.6111363370073],[-0.0482214156963325,51.611122066168],[-0.0481954601406705,51.611108058979],[-0.0481704133726248,51.6110950560984],[-0.0481447526926775,51.6110824926307],[-0.0481187109548192,51.6110704623765],[-0.0480920644558426,51.6110586918335],[-0.0480650407907748,51.6110473637423],[-0.0480375215665276,51.611036477032],[-0.0480097487496891,51.6110259467011],[-0.0479816079171873,51.6110156791202],[-0.0479532135297756,51.6110057670197],[-0.0479243274358251,51.6109962064364],[-0.0478950617617052,51.6109871781899],[-0.0478654188407114,51.6109785941906],[-0.0478353963379668,51.6109705425275],[-0.0478049980301563,51.6109629351351],[-0.0477744645559209,51.6109556842927],[-0.0477435553137111,51.6109488768218],[-0.0477122741576194,51.6109424228597],[-0.0476810998387025,51.610936239548],[-0.0476496757748286,51.6109303227506],[-0.0476181179459936,51.6109247634251],[-0.0475865510105909,51.6109193828934],[-0.0473161676089169,51.6108872829686],[-0.0469941027980687,51.6108523444993],[-0.0467866398475596,51.6108303698811],[-0.0467355980583115,51.6108320379379],[-0.0464588163841649,51.6107631492692],[-0.0464004300977284,51.6107472535793],[-0.0463783378428994,51.6107264776819],[-0.0464051487887852,51.6106290218667],[-0.0462190544341929,51.6105726112395],[-0.0461782868739928,51.6105651904169],[-0.046173934257929,51.6106027864302],[-0.0461681208987216,51.6106466511858],[-0.0459885481326254,51.610626938205],[-0.0459460904405268,51.6106700126889],[-0.0459133518093661,51.6107057869397],[-0.0458666706288425,51.6107501399422],[-0.0458383384072317,51.6107609951375],[-0.0458394917011179,51.6107896029605],[-0.04583871015876,51.6108161111356],[-0.0458335697451503,51.6108331961145],[-0.0458289955363086,51.6108454371794],[-0.0458013863080476,51.6108810270708],[-0.0457840625599696,51.6108989882053],[-0.0457426694815201,51.6109283260612],[-0.0457129369650324,51.6109495867044],[-0.0456883491043657,51.6109647299036],[-0.0456540817707455,51.6109557085889],[-0.0456539920014961,51.6109633481688],[-0.0456493714534319,51.610976666677],[-0.0456382488643654,51.6109833140047],[-0.0455408097572529,51.6110032667131],[-0.0455385301920299,51.6110036783664],[-0.0455732316906765,51.6110247535353],[-0.0444116226887687,51.6112661072898],[-0.0443838584188721,51.6112443380823],[-0.044462902953377,51.6112367557556],[-0.0444972922167567,51.61121800017],[-0.0445120114674192,51.611210783416],[-0.0445393195449617,51.6111849881114],[-0.0443348573198182,51.610888142209],[-0.0440810901541939,51.6105110918188],[-0.0440864536613315,51.6103863079934],[-0.0415075127460168,51.6102059999109],[-0.0414835189003487,51.610152018172],[-0.0415871696166035,51.6096307941678],[-0.0416615680795037,51.6092330549234],[-0.0414040756930424,51.6092227325123],[-0.0414268628556552,51.6090834061522],[-0.041686730427758,51.6090966449406],[-0.0417285137694856,51.6087345036486],[-0.041820941286073,51.6076935713616],[-0.0418454977004875,51.607679147208],[-0.0418860212674261,51.6076782958344],[-0.0419573217506811,51.6076900036794],[-0.0420638784621349,51.6063786190194],[-0.0421182237654178,51.6061699703925],[-0.0420054292468175,51.6061263740628],[-0.0420684851420572,51.6057706154068],[-0.0448766443767792,51.6062247877353],[-0.0457059631904857,51.6063784015391],[-0.046077604771394,51.6064559725841],[-0.0466316937736206,51.6065663379532],[-0.0465914961902244,51.6065762770641],[-0.0465948001147777,51.6065769606611],[-0.0466277486593431,51.6065833526832],[-0.0466321171237695,51.6065842347561],[-0.0466727226067501,51.6065925527776],[-0.0468188552087109,51.6066224951354],[-0.0470271758127598,51.6066656090148],[-0.0472168736083893,51.6067042777404],[-0.0472318696791448,51.6067072242444],[-0.0472668070796307,51.6067144585247],[-0.0474171815134394,51.6067454599324],[-0.0474329949162707,51.6067487797172],[-0.0475432284439115,51.6067717407139],[-0.0476585589561164,51.6067952360659],[-0.0477866256542122,51.6068216410276],[-0.0479577981551109,51.6068564041378],[-0.048003600143178,51.6068657065296],[-0.0480443259833267,51.6068740251819],[-0.048126662872314,51.6068894200167],[-0.0482447576730734,51.6069151181011],[-0.0483349359949618,51.6069336998235]]]},"properties":{"objectid":29,"layerreference":"lpd_enf_mgh00000029","sitereference":null,"sitename":"Meridian Water","address":"Meridian Water, Upper Edmonton","uprn":null,"borough":"Enfield","planningauthority":"Enfield","firstaddeddate":null,"lastupdateddate":null,"removeddate":null,"status":null,"hectares":"36.955","easting":"535314","northing":"191817","designation":"Medium Growth Housing","boroughdesignation":"Medium Growth Housing","classification":null,"notes":null,"source":null,"extrainfo1":"Place Making Policy PL5","extrainfo2":"SHLAA Outcome: ","extrainfo3":null,"missing":null,"Shape__Area":369428.79789733887,"Shape__Length":2899.689397383187}},{"type":"Feature","id":30,"geometry":{"type":"Polygon","coordinates":[[[-0.147849466644484,51.6498100167183],[-0.148115045718136,51.6495108898126],[-0.148275532493245,51.6494450088415],[-0.148457947288132,51.6497214456207],[-0.148420458613994,51.6497610396252],[-0.148345223315004,51.6497880810772],[-0.148415495556207,51.6498828632735],[-0.14849709208714,51.6498752503708],[-0.148556219956445,51.6498895770405],[-0.148600331520797,51.6499214673361],[-0.1490730764522,51.6505787977147],[-0.149349058881525,51.6509668365228],[-0.148587489311492,51.6511763404655],[-0.147821355928118,51.6509709727116],[-0.147729094074355,51.6508892377107],[-0.147763535880164,51.6508629916395],[-0.147754610726886,51.650848016846],[-0.147419861394142,51.6507326086568],[-0.148135863267085,51.6501729593121],[-0.147671556401245,51.6500109192314],[-0.147849466644484,51.6498100167183]]]},"properties":{"objectid":30,"layerreference":"lpd_enf_mgh00000014","sitereference":"16/04133/FUL","sitename":"Blackhorse Tower, Holbrook House And Churchwood House","address":"116 Cockfosters Road, Cockfosters, EN4 0DY","uprn":null,"borough":"Enfield","planningauthority":"Enfield","firstaddeddate":null,"lastupdateddate":null,"removeddate":null,"status":null,"hectares":"1.252","easting":"528196","northing":"196254","designation":"Medium Growth Housing","boroughdesignation":"Medium Growth Housing","classification":null,"notes":"Redevelopment of site to provide a total of 164 residential units (including 54 affordable units) wi","source":null,"extrainfo1":"Place Making Policy ","extrainfo2":"SHLAA Outcome: Deliverable","extrainfo3":null,"missing":null,"Shape__Area":12510.668930053711,"Shape__Length":549.793256740742}},{"type":"Feature","id":31,"geometry":{"type":"Polygon","coordinates":[[[-0.124237119355276,51.6143820391659],[-0.12379878658826,51.6142396462568],[-0.123785783614812,51.6142632619179],[-0.123171573989697,51.6141002554152],[-0.123181706508708,51.6140855836054],[-0.123183779020818,51.6140930786292],[-0.123636050643639,51.6136088366325],[-0.124648005047973,51.613916461067],[-0.124590323041331,51.6139839516266],[-0.124237119355276,51.6143820391659]]]},"properties":{"objectid":31,"layerreference":"lpd_enf_mgh00000015","sitereference":"18/00388/OUT","sitename":"188-200 Bowes Road","address":"188-200 Bowes Road, Southgate Green, N11 2JH","uprn":null,"borough":"Enfield","planningauthority":"Enfield","firstaddeddate":null,"lastupdateddate":null,"removeddate":null,"status":null,"hectares":"0.477","easting":"529992","northing":"192241","designation":"Medium Growth Housing","boroughdesignation":"Medium Growth Housing","classification":null,"notes":"Hybrid planning application for phased residential-led and mixed use development comprising:\r\rPhase","source":null,"extrainfo1":"Place Making Policy ","extrainfo2":"SHLAA Outcome: Developable","extrainfo3":null,"missing":null,"Shape__Area":4771.9564514160156,"Shape__Length":285.2848508429239}}]}