{
    "type":  "FeatureCollection",
    "name":  "security_public_safety_verified_batch_115",
    "generated_at":  "2026-07-06T14:58:44.7631832Z",
    "source":  "C:\\Users\\cagda\\Documents\\GitHub\\AAYS\\england_map_web\\data\\parcel_security_scores_rechecked_0_120m_spatial.geojson",
    "features":  [
                     {
                         "type":  "Feature",
                         "properties":  {
                                            "safety_level":  "Cok Dusuk",
                                            "confidence_flags":  "LOW_EXTERNAL_SOURCE_HEALTH",
                                            "spatial_match_method":  "parcel_centroid_inside_lsoa_polygon",
                                            "confidence_score":  82.97,
                                            "spatial_score":  100.0,
                                            "security_match_status":  "MATCHED",
                                            "security_parcel_id":  "parcel_1",
                                            "security_lsoa_name":  "Barking and Dagenham 020E",
                                            "security_lsoa_code":  "E01000090",
                                            "confidence_label":  "Cok Yuksek",
                                            "safety_score":  12.13,
                                            "security_borough":  "E09000002",
                                            "enhanced_method_version":  "security_accuracy_enhancement_v2",
                                            "weighted_crime_12m":  902.4,
                                            "weighted_monthly_avg":  75.2,
                                            "external_source_health_score":  66.67,
                                            "uplift_evidence_score":  88.75,
                                            "uplift_source_health_score":  75.0,
                                            "uplift_reason":  "PROTECTED_EXISTING_HIGH_CONFIDENCE",
                                            "uplift_method_version":  "disk_safe_low_confidence_uplift_v3_write_to_webapp",
                                            "uplift_checked_at":  "2026-05-01T01:32:47",
                                            "nearest_lsoa_rescue_reason":  "PROTECTED_EXISTING_CONFIDENCE",
                                            "nearest_lsoa_rescue_method_version":  "nearest_lsoa_rescue_strict_no_downgrade_v1",
                                            "nearest_lsoa_rescue_checked_at":  "2026-05-01T01:59:21"
                                        },
                         "geometry":  {
                                          "type":  "Point",
                                          "coordinates":  [
                                                              0.1615694,
                                                              51.528344
                                                          ]
                                      }
                     },
                     {
                         "type":  "Feature",
                         "properties":  {
                                            "safety_level":  "Cok Dusuk",
                                            "confidence_flags":  "LOW_EXTERNAL_SOURCE_HEALTH",
                                            "spatial_match_method":  "parcel_centroid_inside_lsoa_polygon",
                                            "confidence_score":  82.97,
                                            "spatial_score":  100.0,
                                            "security_match_status":  "MATCHED",
                                            "security_parcel_id":  "parcel_2",
                                            "security_lsoa_name":  "Barking and Dagenham 020E",
                                            "security_lsoa_code":  "E01000090",
                                            "confidence_label":  "Cok Yuksek",
                                            "safety_score":  12.13,
                                            "security_borough":  "E09000002",
                                            "enhanced_method_version":  "security_accuracy_enhancement_v2",
                                            "weighted_crime_12m":  902.4,
                                            "weighted_monthly_avg":  75.2,
                                            "external_source_health_score":  66.67,
                                            "uplift_evidence_score":  88.75,
                                            "uplift_source_health_score":  75.0,
                                            "uplift_reason":  "PROTECTED_EXISTING_HIGH_CONFIDENCE",
                                            "uplift_method_version":  "disk_safe_low_confidence_uplift_v3_write_to_webapp",
                                            "uplift_checked_at":  "2026-05-01T01:32:47",
                                            "nearest_lsoa_rescue_reason":  "PROTECTED_EXISTING_CONFIDENCE",
                                            "nearest_lsoa_rescue_method_version":  "nearest_lsoa_rescue_strict_no_downgrade_v1",
                                            "nearest_lsoa_rescue_checked_at":  "2026-05-01T01:59:21"
                                        },
                         "geometry":  {
                                          "type":  "Point",
                                          "coordinates":  [
                                                              0.1603329,
                                                              51.5284149
                                                          ]
                                      }
                     },
                     {
                         "type":  "Feature",
                         "properties":  {
                                            "safety_level":  "Orta",
                                            "confidence_flags":  "LOW_EXTERNAL_SOURCE_HEALTH",
                                            "spatial_match_method":  "parcel_centroid_inside_lsoa_polygon",
                                            "confidence_score":  82.97,
                                            "spatial_score":  100.0,
                                            "security_match_status":  "MATCHED",
                                            "security_parcel_id":  "parcel_3",
                                            "security_lsoa_name":  "Barking and Dagenham 012B",
                                            "security_lsoa_code":  "E01000073",
                                            "confidence_label":  "Cok Yuksek",
                                            "safety_score":  51.31,
                                            "security_borough":  "E09000002",
                                            "enhanced_method_version":  "security_accuracy_enhancement_v2",
                                            "weighted_crime_12m":  384.4,
                                            "weighted_monthly_avg":  32.033333,
                                            "external_source_health_score":  66.67,
                                            "uplift_evidence_score":  88.75,
                                            "uplift_source_health_score":  75.0,
                                            "uplift_reason":  "PROTECTED_EXISTING_HIGH_CONFIDENCE",
                                            "uplift_method_version":  "disk_safe_low_confidence_uplift_v3_write_to_webapp",
                                            "uplift_checked_at":  "2026-05-01T01:32:47",
                                            "nearest_lsoa_rescue_reason":  "PROTECTED_EXISTING_CONFIDENCE",
                                            "nearest_lsoa_rescue_method_version":  "nearest_lsoa_rescue_strict_no_downgrade_v1",
                                            "nearest_lsoa_rescue_checked_at":  "2026-05-01T01:59:21"
                                        },
                         "geometry":  {
                                          "type":  "Point",
                                          "coordinates":  [
                                                              0.1158854,
                                                              51.5455174
                                                          ]
                                      }
                     },
                     {
                         "type":  "Feature",
                         "properties":  {
                                            "safety_level":  "Cok Dusuk",
                                            "confidence_flags":  "LOW_EXTERNAL_SOURCE_HEALTH",
                                            "spatial_match_method":  "parcel_centroid_inside_lsoa_polygon",
                                            "confidence_score":  82.97,
                                            "spatial_score":  100.0,
                                            "security_match_status":  "MATCHED",
                                            "security_parcel_id":  "parcel_4",
                                            "security_lsoa_name":  "Barking and Dagenham 020E",
                                            "security_lsoa_code":  "E01000090",
                                            "confidence_label":  "Cok Yuksek",
                                            "safety_score":  12.13,
                                            "security_borough":  "E09000002",
                                            "enhanced_method_version":  "security_accuracy_enhancement_v2",
                                            "weighted_crime_12m":  902.4,
                                            "weighted_monthly_avg":  75.2,
                                            "external_source_health_score":  66.67,
                                            "uplift_evidence_score":  88.75,
                                            "uplift_source_health_score":  75.0,
                                            "uplift_reason":  "PROTECTED_EXISTING_HIGH_CONFIDENCE",
                                            "uplift_method_version":  "disk_safe_low_confidence_uplift_v3_write_to_webapp",
                                            "uplift_checked_at":  "2026-05-01T01:32:47",
                                            "nearest_lsoa_rescue_reason":  "PROTECTED_EXISTING_CONFIDENCE",
                                            "nearest_lsoa_rescue_method_version":  "nearest_lsoa_rescue_strict_no_downgrade_v1",
                                            "nearest_lsoa_rescue_checked_at":  "2026-05-01T01:59:21"
                                        },
                         "geometry":  {
                                          "type":  "Point",
                                          "coordinates":  [
                                                              0.1597885,
                                                              51.5276594
                                                          ]
                                      }
                     },
                     {
                         "type":  "Feature",
                         "properties":  {
                                            "safety_level":  "Cok Dusuk",
                                            "confidence_flags":  "LOW_EXTERNAL_SOURCE_HEALTH",
                                            "spatial_match_method":  "parcel_centroid_inside_lsoa_polygon",
                                            "confidence_score":  82.97,
                                            "spatial_score":  100.0,
                                            "security_match_status":  "MATCHED",
                                            "security_parcel_id":  "parcel_5",
                                            "security_lsoa_name":  "Barking and Dagenham 020E",
                                            "security_lsoa_code":  "E01000090",
                                            "confidence_label":  "Cok Yuksek",
                                            "safety_score":  12.13,
                                            "security_borough":  "E09000002",
                                            "enhanced_method_version":  "security_accuracy_enhancement_v2",
                                            "weighted_crime_12m":  902.4,
                                            "weighted_monthly_avg":  75.2,
                                            "external_source_health_score":  66.67,
                                            "uplift_evidence_score":  88.75,
                                            "uplift_source_health_score":  75.0,
                                            "uplift_reason":  "PROTECTED_EXISTING_HIGH_CONFIDENCE",
                                            "uplift_method_version":  "disk_safe_low_confidence_uplift_v3_write_to_webapp",
                                            "uplift_checked_at":  "2026-05-01T01:32:47",
                                            "nearest_lsoa_rescue_reason":  "PROTECTED_EXISTING_CONFIDENCE",
                                            "nearest_lsoa_rescue_method_version":  "nearest_lsoa_rescue_strict_no_downgrade_v1",
                                            "nearest_lsoa_rescue_checked_at":  "2026-05-01T01:59:21"
                                        },
                         "geometry":  {
                                          "type":  "Point",
                                          "coordinates":  [
                                                              0.163272,
                                                              51.5274369
                                                          ]
                                      }
                     },
                     {
                         "type":  "Feature",
                         "properties":  {
                                            "safety_level":  "Cok Dusuk",
                                            "confidence_flags":  "LOW_EXTERNAL_SOURCE_HEALTH",
                                            "spatial_match_method":  "parcel_centroid_inside_lsoa_polygon",
                                            "confidence_score":  82.97,
                                            "spatial_score":  100.0,
                                            "security_match_status":  "MATCHED",
                                            "security_parcel_id":  "parcel_6",
                                            "security_lsoa_name":  "Barking and Dagenham 020E",
                                            "security_lsoa_code":  "E01000090",
                                            "confidence_label":  "Cok Yuksek",
                                            "safety_score":  12.13,
                                            "security_borough":  "E09000002",
                                            "enhanced_method_version":  "security_accuracy_enhancement_v2",
                                            "weighted_crime_12m":  902.4,
                                            "weighted_monthly_avg":  75.2,
                                            "external_source_health_score":  66.67,
                                            "uplift_evidence_score":  88.75,
                                            "uplift_source_health_score":  75.0,
                                            "uplift_reason":  "PROTECTED_EXISTING_HIGH_CONFIDENCE",
                                            "uplift_method_version":  "disk_safe_low_confidence_uplift_v3_write_to_webapp",
                                            "uplift_checked_at":  "2026-05-01T01:32:47",
                                            "nearest_lsoa_rescue_reason":  "PROTECTED_EXISTING_CONFIDENCE",
                                            "nearest_lsoa_rescue_method_version":  "nearest_lsoa_rescue_strict_no_downgrade_v1",
                                            "nearest_lsoa_rescue_checked_at":  "2026-05-01T01:59:21"
                                        },
                         "geometry":  {
                                          "type":  "Point",
                                          "coordinates":  [
                                                              0.1636388,
                                                              51.5279283
                                                          ]
                                      }
                     },
                     {
                         "type":  "Feature",
                         "properties":  {
                                            "safety_level":  "Cok Dusuk",
                                            "confidence_flags":  "LOW_EXTERNAL_SOURCE_HEALTH",
                                            "spatial_match_method":  "parcel_centroid_inside_lsoa_polygon",
                                            "confidence_score":  82.97,
                                            "spatial_score":  100.0,
                                            "security_match_status":  "MATCHED",
                                            "security_parcel_id":  "parcel_7",
                                            "security_lsoa_name":  "Barking and Dagenham 018E",
                                            "security_lsoa_code":  "E01000095",
                                            "confidence_label":  "Cok Yuksek",
                                            "safety_score":  2.53,
                                            "security_borough":  "E09000002",
                                            "enhanced_method_version":  "security_accuracy_enhancement_v2",
                                            "weighted_crime_12m":  2010.8,
                                            "weighted_monthly_avg":  167.566667,
                                            "external_source_health_score":  66.67,
                                            "uplift_evidence_score":  88.75,
                                            "uplift_source_health_score":  75.0,
                                            "uplift_reason":  "PROTECTED_EXISTING_HIGH_CONFIDENCE",
                                            "uplift_method_version":  "disk_safe_low_confidence_uplift_v3_write_to_webapp",
                                            "uplift_checked_at":  "2026-05-01T01:32:47",
                                            "nearest_lsoa_rescue_reason":  "PROTECTED_EXISTING_CONFIDENCE",
                                            "nearest_lsoa_rescue_method_version":  "nearest_lsoa_rescue_strict_no_downgrade_v1",
                                            "nearest_lsoa_rescue_checked_at":  "2026-05-01T01:59:21"
                                        },
                         "geometry":  {
                                          "type":  "Point",
                                          "coordinates":  [
                                                              0.1308999,
                                                              51.530872
                                                          ]
                                      }
                     },
                     {
                         "type":  "Feature",
                         "properties":  {
                                            "safety_level":  "Cok Dusuk",
                                            "confidence_flags":  "LOW_EXTERNAL_SOURCE_HEALTH",
                                            "spatial_match_method":  "parcel_centroid_inside_lsoa_polygon",
                                            "confidence_score":  82.97,
                                            "spatial_score":  100.0,
                                            "security_match_status":  "MATCHED",
                                            "security_parcel_id":  "parcel_8",
                                            "security_lsoa_name":  "Barking and Dagenham 020E",
                                            "security_lsoa_code":  "E01000090",
                                            "confidence_label":  "Cok Yuksek",
                                            "safety_score":  12.13,
                                            "security_borough":  "E09000002",
                                            "enhanced_method_version":  "security_accuracy_enhancement_v2",
                                            "weighted_crime_12m":  902.4,
                                            "weighted_monthly_avg":  75.2,
                                            "external_source_health_score":  66.67,
                                            "uplift_evidence_score":  88.75,
                                            "uplift_source_health_score":  75.0,
                                            "uplift_reason":  "PROTECTED_EXISTING_HIGH_CONFIDENCE",
                                            "uplift_method_version":  "disk_safe_low_confidence_uplift_v3_write_to_webapp",
                                            "uplift_checked_at":  "2026-05-01T01:32:47",
                                            "nearest_lsoa_rescue_reason":  "PROTECTED_EXISTING_CONFIDENCE",
                                            "nearest_lsoa_rescue_method_version":  "nearest_lsoa_rescue_strict_no_downgrade_v1",
                                            "nearest_lsoa_rescue_checked_at":  "2026-05-01T01:59:21"
                                        },
                         "geometry":  {
                                          "type":  "Point",
                                          "coordinates":  [
                                                              0.1623974,
                                                              51.5271138
                                                          ]
                                      }
                     },
                     {
                         "type":  "Feature",
                         "properties":  {
                                            "safety_level":  "Cok Dusuk",
                                            "confidence_flags":  "LOW_EXTERNAL_SOURCE_HEALTH",
                                            "spatial_match_method":  "parcel_centroid_inside_lsoa_polygon",
                                            "confidence_score":  82.97,
                                            "spatial_score":  100.0,
                                            "security_match_status":  "MATCHED",
                                            "security_parcel_id":  "parcel_9",
                                            "security_lsoa_name":  "Barking and Dagenham 020E",
                                            "security_lsoa_code":  "E01000090",
                                            "confidence_label":  "Cok Yuksek",
                                            "safety_score":  12.13,
                                            "security_borough":  "E09000002",
                                            "enhanced_method_version":  "security_accuracy_enhancement_v2",
                                            "weighted_crime_12m":  902.4,
                                            "weighted_monthly_avg":  75.2,
                                            "external_source_health_score":  66.67,
                                            "uplift_evidence_score":  88.75,
                                            "uplift_source_health_score":  75.0,
                                            "uplift_reason":  "PROTECTED_EXISTING_HIGH_CONFIDENCE",
                                            "uplift_method_version":  "disk_safe_low_confidence_uplift_v3_write_to_webapp",
                                            "uplift_checked_at":  "2026-05-01T01:32:47",
                                            "nearest_lsoa_rescue_reason":  "PROTECTED_EXISTING_CONFIDENCE",
                                            "nearest_lsoa_rescue_method_version":  "nearest_lsoa_rescue_strict_no_downgrade_v1",
                                            "nearest_lsoa_rescue_checked_at":  "2026-05-01T01:59:21"
                                        },
                         "geometry":  {
                                          "type":  "Point",
                                          "coordinates":  [
                                                              0.1582239,
                                                              51.5283026
                                                          ]
                                      }
                     },
                     {
                         "type":  "Feature",
                         "properties":  {
                                            "safety_level":  "Cok Dusuk",
                                            "confidence_flags":  "LOW_EXTERNAL_SOURCE_HEALTH",
                                            "spatial_match_method":  "parcel_centroid_inside_lsoa_polygon",
                                            "confidence_score":  82.97,
                                            "spatial_score":  100.0,
                                            "security_match_status":  "MATCHED",
                                            "security_parcel_id":  "parcel_10",
                                            "security_lsoa_name":  "Barking and Dagenham 020E",
                                            "security_lsoa_code":  "E01000090",
                                            "confidence_label":  "Cok Yuksek",
                                            "safety_score":  12.13,
                                            "security_borough":  "E09000002",
                                            "enhanced_method_version":  "security_accuracy_enhancement_v2",
                                            "weighted_crime_12m":  902.4,
                                            "weighted_monthly_avg":  75.2,
                                            "external_source_health_score":  66.67,
                                            "uplift_evidence_score":  88.75,
                                            "uplift_source_health_score":  75.0,
                                            "uplift_reason":  "PROTECTED_EXISTING_HIGH_CONFIDENCE",
                                            "uplift_method_version":  "disk_safe_low_confidence_uplift_v3_write_to_webapp",
                                            "uplift_checked_at":  "2026-05-01T01:32:47",
                                            "nearest_lsoa_rescue_reason":  "PROTECTED_EXISTING_CONFIDENCE",
                                            "nearest_lsoa_rescue_method_version":  "nearest_lsoa_rescue_strict_no_downgrade_v1",
                                            "nearest_lsoa_rescue_checked_at":  "2026-05-01T01:59:21"
                                        },
                         "geometry":  {
                                          "type":  "Point",
                                          "coordinates":  [
                                                              0.1606593,
                                                              51.5260167
                                                          ]
                                      }
                     },
                     {
                         "type":  "Feature",
                         "properties":  {
                                            "safety_level":  "Cok Dusuk",
                                            "confidence_flags":  "LOW_EXTERNAL_SOURCE_HEALTH",
                                            "spatial_match_method":  "parcel_centroid_inside_lsoa_polygon",
                                            "confidence_score":  82.97,
                                            "spatial_score":  100.0,
                                            "security_match_status":  "MATCHED",
                                            "security_parcel_id":  "parcel_11",
                                            "security_lsoa_name":  "Barking and Dagenham 020E",
                                            "security_lsoa_code":  "E01000090",
                                            "confidence_label":  "Cok Yuksek",
                                            "safety_score":  12.13,
                                            "security_borough":  "E09000002",
                                            "enhanced_method_version":  "security_accuracy_enhancement_v2",
                                            "weighted_crime_12m":  902.4,
                                            "weighted_monthly_avg":  75.2,
                                            "external_source_health_score":  66.67,
                                            "uplift_evidence_score":  88.75,
                                            "uplift_source_health_score":  75.0,
                                            "uplift_reason":  "PROTECTED_EXISTING_HIGH_CONFIDENCE",
                                            "uplift_method_version":  "disk_safe_low_confidence_uplift_v3_write_to_webapp",
                                            "uplift_checked_at":  "2026-05-01T01:32:47",
                                            "nearest_lsoa_rescue_reason":  "PROTECTED_EXISTING_CONFIDENCE",
                                            "nearest_lsoa_rescue_method_version":  "nearest_lsoa_rescue_strict_no_downgrade_v1",
                                            "nearest_lsoa_rescue_checked_at":  "2026-05-01T01:59:21"
                                        },
                         "geometry":  {
                                          "type":  "Point",
                                          "coordinates":  [
                                                              0.1618283,
                                                              51.5257705
                                                          ]
                                      }
                     },
                     {
                         "type":  "Feature",
                         "properties":  {
                                            "safety_level":  "Cok Dusuk",
                                            "confidence_flags":  "LOW_EXTERNAL_SOURCE_HEALTH",
                                            "spatial_match_method":  "parcel_centroid_inside_lsoa_polygon",
                                            "confidence_score":  82.97,
                                            "spatial_score":  100.0,
                                            "security_match_status":  "MATCHED",
                                            "security_parcel_id":  "parcel_12",
                                            "security_lsoa_name":  "Barking and Dagenham 020B",
                                            "security_lsoa_code":  "E01000087",
                                            "confidence_label":  "Cok Yuksek",
                                            "safety_score":  13.15,
                                            "security_borough":  "E09000002",
                                            "enhanced_method_version":  "security_accuracy_enhancement_v2",
                                            "weighted_crime_12m":  860.2,
                                            "weighted_monthly_avg":  71.683333,
                                            "external_source_health_score":  66.67,
                                            "uplift_evidence_score":  88.75,
                                            "uplift_source_health_score":  75.0,
                                            "uplift_reason":  "PROTECTED_EXISTING_HIGH_CONFIDENCE",
                                            "uplift_method_version":  "disk_safe_low_confidence_uplift_v3_write_to_webapp",
                                            "uplift_checked_at":  "2026-05-01T01:32:47",
                                            "nearest_lsoa_rescue_reason":  "PROTECTED_EXISTING_CONFIDENCE",
                                            "nearest_lsoa_rescue_method_version":  "nearest_lsoa_rescue_strict_no_downgrade_v1",
                                            "nearest_lsoa_rescue_checked_at":  "2026-05-01T01:59:21"
                                        },
                         "geometry":  {
                                          "type":  "Point",
                                          "coordinates":  [
                                                              0.1479347,
                                                              51.5257891
                                                          ]
                                      }
                     },
                     {
                         "type":  "Feature",
                         "properties":  {
                                            "safety_level":  "Cok Dusuk",
                                            "confidence_flags":  "LOW_EXTERNAL_SOURCE_HEALTH",
                                            "spatial_match_method":  "parcel_centroid_inside_lsoa_polygon",
                                            "confidence_score":  82.97,
                                            "spatial_score":  100.0,
                                            "security_match_status":  "MATCHED",
                                            "security_parcel_id":  "parcel_13",
                                            "security_lsoa_name":  "Barking and Dagenham 020E",
                                            "security_lsoa_code":  "E01000090",
                                            "confidence_label":  "Cok Yuksek",
                                            "safety_score":  12.13,
                                            "security_borough":  "E09000002",
                                            "enhanced_method_version":  "security_accuracy_enhancement_v2",
                                            "weighted_crime_12m":  902.4,
                                            "weighted_monthly_avg":  75.2,
                                            "external_source_health_score":  66.67,
                                            "uplift_evidence_score":  88.75,
                                            "uplift_source_health_score":  75.0,
                                            "uplift_reason":  "PROTECTED_EXISTING_HIGH_CONFIDENCE",
                                            "uplift_method_version":  "disk_safe_low_confidence_uplift_v3_write_to_webapp",
                                            "uplift_checked_at":  "2026-05-01T01:32:47",
                                            "nearest_lsoa_rescue_reason":  "PROTECTED_EXISTING_CONFIDENCE",
                                            "nearest_lsoa_rescue_method_version":  "nearest_lsoa_rescue_strict_no_downgrade_v1",
                                            "nearest_lsoa_rescue_checked_at":  "2026-05-01T01:59:21"
                                        },
                         "geometry":  {
                                          "type":  "Point",
                                          "coordinates":  [
                                                              0.1494051,
                                                              51.5162341
                                                          ]
                                      }
                     },
                     {
                         "type":  "Feature",
                         "properties":  {
                                            "safety_level":  "Cok Dusuk",
                                            "confidence_flags":  "LOW_EXTERNAL_SOURCE_HEALTH",
                                            "spatial_match_method":  "parcel_centroid_inside_lsoa_polygon",
                                            "confidence_score":  82.97,
                                            "spatial_score":  100.0,
                                            "security_match_status":  "MATCHED",
                                            "security_parcel_id":  "parcel_14",
                                            "security_lsoa_name":  "Barking and Dagenham 020E",
                                            "security_lsoa_code":  "E01000090",
                                            "confidence_label":  "Cok Yuksek",
                                            "safety_score":  12.13,
                                            "security_borough":  "E09000002",
                                            "enhanced_method_version":  "security_accuracy_enhancement_v2",
                                            "weighted_crime_12m":  902.4,
                                            "weighted_monthly_avg":  75.2,
                                            "external_source_health_score":  66.67,
                                            "uplift_evidence_score":  88.75,
                                            "uplift_source_health_score":  75.0,
                                            "uplift_reason":  "PROTECTED_EXISTING_HIGH_CONFIDENCE",
                                            "uplift_method_version":  "disk_safe_low_confidence_uplift_v3_write_to_webapp",
                                            "uplift_checked_at":  "2026-05-01T01:32:47",
                                            "nearest_lsoa_rescue_reason":  "PROTECTED_EXISTING_CONFIDENCE",
                                            "nearest_lsoa_rescue_method_version":  "nearest_lsoa_rescue_strict_no_downgrade_v1",
                                            "nearest_lsoa_rescue_checked_at":  "2026-05-01T01:59:21"
                                        },
                         "geometry":  {
                                          "type":  "Point",
                                          "coordinates":  [
                                                              0.1478099,
                                                              51.5155055
                                                          ]
                                      }
                     },
                     {
                         "type":  "Feature",
                         "properties":  {
                                            "safety_level":  "Cok Dusuk",
                                            "confidence_flags":  "LOW_EXTERNAL_SOURCE_HEALTH",
                                            "spatial_match_method":  "parcel_centroid_inside_lsoa_polygon",
                                            "confidence_score":  82.97,
                                            "spatial_score":  100.0,
                                            "security_match_status":  "MATCHED",
                                            "security_parcel_id":  "parcel_15",
                                            "security_lsoa_name":  "Barking and Dagenham 020E",
                                            "security_lsoa_code":  "E01000090",
                                            "confidence_label":  "Cok Yuksek",
                                            "safety_score":  12.13,
                                            "security_borough":  "E09000002",
                                            "enhanced_method_version":  "security_accuracy_enhancement_v2",
                                            "weighted_crime_12m":  902.4,
                                            "weighted_monthly_avg":  75.2,
                                            "external_source_health_score":  66.67,
                                            "uplift_evidence_score":  88.75,
                                            "uplift_source_health_score":  75.0,
                                            "uplift_reason":  "PROTECTED_EXISTING_HIGH_CONFIDENCE",
                                            "uplift_method_version":  "disk_safe_low_confidence_uplift_v3_write_to_webapp",
                                            "uplift_checked_at":  "2026-05-01T01:32:47",
                                            "nearest_lsoa_rescue_reason":  "PROTECTED_EXISTING_CONFIDENCE",
                                            "nearest_lsoa_rescue_method_version":  "nearest_lsoa_rescue_strict_no_downgrade_v1",
                                            "nearest_lsoa_rescue_checked_at":  "2026-05-01T01:59:21"
                                        },
                         "geometry":  {
                                          "type":  "Point",
                                          "coordinates":  [
                                                              0.1549905,
                                                              51.5234766
                                                          ]
                                      }
                     },
                     {
                         "type":  "Feature",
                         "properties":  {
                                            "safety_level":  "Iyi",
                                            "confidence_flags":  "LOW_EXTERNAL_SOURCE_HEALTH",
                                            "spatial_match_method":  "parcel_centroid_inside_lsoa_polygon",
                                            "confidence_score":  82.97,
                                            "spatial_score":  100.0,
                                            "security_match_status":  "MATCHED",
                                            "security_parcel_id":  "parcel_16",
                                            "security_lsoa_name":  "Barking and Dagenham 003D",
                                            "security_lsoa_code":  "E01000039",
                                            "confidence_label":  "Cok Yuksek",
                                            "safety_score":  72.03,
                                            "security_borough":  "E09000002",
                                            "enhanced_method_version":  "security_accuracy_enhancement_v2",
                                            "weighted_crime_12m":  279.1,
                                            "weighted_monthly_avg":  23.258333,
                                            "external_source_health_score":  66.67,
                                            "uplift_evidence_score":  88.75,
                                            "uplift_source_health_score":  75.0,
                                            "uplift_reason":  "PROTECTED_EXISTING_HIGH_CONFIDENCE",
                                            "uplift_method_version":  "disk_safe_low_confidence_uplift_v3_write_to_webapp",
                                            "uplift_checked_at":  "2026-05-01T01:32:47",
                                            "nearest_lsoa_rescue_reason":  "PROTECTED_EXISTING_CONFIDENCE",
                                            "nearest_lsoa_rescue_method_version":  "nearest_lsoa_rescue_strict_no_downgrade_v1",
                                            "nearest_lsoa_rescue_checked_at":  "2026-05-01T01:59:21"
                                        },
                         "geometry":  {
                                          "type":  "Point",
                                          "coordinates":  [
                                                              0.1826971,
                                                              51.5597861
                                                          ]
                                      }
                     },
                     {
                         "type":  "Feature",
                         "properties":  {
                                            "safety_level":  "Iyi",
                                            "confidence_flags":  "LOW_EXTERNAL_SOURCE_HEALTH",
                                            "spatial_match_method":  "parcel_centroid_inside_lsoa_polygon",
                                            "confidence_score":  82.97,
                                            "spatial_score":  100.0,
                                            "security_match_status":  "MATCHED",
                                            "security_parcel_id":  "parcel_17",
                                            "security_lsoa_name":  "Barking and Dagenham 003B",
                                            "security_lsoa_code":  "E01000037",
                                            "confidence_label":  "Cok Yuksek",
                                            "safety_score":  66.95,
                                            "security_borough":  "E09000002",
                                            "enhanced_method_version":  "security_accuracy_enhancement_v2",
                                            "weighted_crime_12m":  303.2,
                                            "weighted_monthly_avg":  25.266667,
                                            "external_source_health_score":  66.67,
                                            "uplift_evidence_score":  88.75,
                                            "uplift_source_health_score":  75.0,
                                            "uplift_reason":  "PROTECTED_EXISTING_HIGH_CONFIDENCE",
                                            "uplift_method_version":  "disk_safe_low_confidence_uplift_v3_write_to_webapp",
                                            "uplift_checked_at":  "2026-05-01T01:32:47",
                                            "nearest_lsoa_rescue_reason":  "PROTECTED_EXISTING_CONFIDENCE",
                                            "nearest_lsoa_rescue_method_version":  "nearest_lsoa_rescue_strict_no_downgrade_v1",
                                            "nearest_lsoa_rescue_checked_at":  "2026-05-01T01:59:21"
                                        },
                         "geometry":  {
                                          "type":  "Point",
                                          "coordinates":  [
                                                              0.1835788,
                                                              51.5642841
                                                          ]
                                      }
                     },
                     {
                         "type":  "Feature",
                         "properties":  {
                                            "safety_level":  "Iyi",
                                            "confidence_flags":  "LOW_EXTERNAL_SOURCE_HEALTH",
                                            "spatial_match_method":  "parcel_centroid_inside_lsoa_polygon",
                                            "confidence_score":  82.97,
                                            "spatial_score":  100.0,
                                            "security_match_status":  "MATCHED",
                                            "security_parcel_id":  "parcel_18",
                                            "security_lsoa_name":  "Barking and Dagenham 003B",
                                            "security_lsoa_code":  "E01000037",
                                            "confidence_label":  "Cok Yuksek",
                                            "safety_score":  66.95,
                                            "security_borough":  "E09000002",
                                            "enhanced_method_version":  "security_accuracy_enhancement_v2",
                                            "weighted_crime_12m":  303.2,
                                            "weighted_monthly_avg":  25.266667,
                                            "external_source_health_score":  66.67,
                                            "uplift_evidence_score":  88.75,
                                            "uplift_source_health_score":  75.0,
                                            "uplift_reason":  "PROTECTED_EXISTING_HIGH_CONFIDENCE",
                                            "uplift_method_version":  "disk_safe_low_confidence_uplift_v3_write_to_webapp",
                                            "uplift_checked_at":  "2026-05-01T01:32:47",
                                            "nearest_lsoa_rescue_reason":  "PROTECTED_EXISTING_CONFIDENCE",
                                            "nearest_lsoa_rescue_method_version":  "nearest_lsoa_rescue_strict_no_downgrade_v1",
                                            "nearest_lsoa_rescue_checked_at":  "2026-05-01T01:59:21"
                                        },
                         "geometry":  {
                                          "type":  "Point",
                                          "coordinates":  [
                                                              0.1827913,
                                                              51.5629168
                                                          ]
                                      }
                     },
                     {
                         "type":  "Feature",
                         "properties":  {
                                            "safety_level":  "Iyi",
                                            "confidence_flags":  "LOW_EXTERNAL_SOURCE_HEALTH",
                                            "spatial_match_method":  "parcel_centroid_inside_lsoa_polygon",
                                            "confidence_score":  82.97,
                                            "spatial_score":  100.0,
                                            "security_match_status":  "MATCHED",
                                            "security_parcel_id":  "parcel_19",
                                            "security_lsoa_name":  "Barking and Dagenham 003D",
                                            "security_lsoa_code":  "E01000039",
                                            "confidence_label":  "Cok Yuksek",
                                            "safety_score":  72.03,
                                            "security_borough":  "E09000002",
                                            "enhanced_method_version":  "security_accuracy_enhancement_v2",
                                            "weighted_crime_12m":  279.1,
                                            "weighted_monthly_avg":  23.258333,
                                            "external_source_health_score":  66.67,
                                            "uplift_evidence_score":  88.75,
                                            "uplift_source_health_score":  75.0,
                                            "uplift_reason":  "PROTECTED_EXISTING_HIGH_CONFIDENCE",
                                            "uplift_method_version":  "disk_safe_low_confidence_uplift_v3_write_to_webapp",
                                            "uplift_checked_at":  "2026-05-01T01:32:47",
                                            "nearest_lsoa_rescue_reason":  "PROTECTED_EXISTING_CONFIDENCE",
                                            "nearest_lsoa_rescue_method_version":  "nearest_lsoa_rescue_strict_no_downgrade_v1",
                                            "nearest_lsoa_rescue_checked_at":  "2026-05-01T01:59:21"
                                        },
                         "geometry":  {
                                          "type":  "Point",
                                          "coordinates":  [
                                                              0.1820991,
                                                              51.5606374
                                                          ]
                                      }
                     },
                     {
                         "type":  "Feature",
                         "properties":  {
                                            "safety_level":  "Iyi",
                                            "confidence_flags":  "LOW_EXTERNAL_SOURCE_HEALTH",
                                            "spatial_match_method":  "parcel_centroid_inside_lsoa_polygon",
                                            "confidence_score":  82.97,
                                            "spatial_score":  100.0,
                                            "security_match_status":  "MATCHED",
                                            "security_parcel_id":  "parcel_20",
                                            "security_lsoa_name":  "Barking and Dagenham 003D",
                                            "security_lsoa_code":  "E01000039",
                                            "confidence_label":  "Cok Yuksek",
                                            "safety_score":  72.03,
                                            "security_borough":  "E09000002",
                                            "enhanced_method_version":  "security_accuracy_enhancement_v2",
                                            "weighted_crime_12m":  279.1,
                                            "weighted_monthly_avg":  23.258333,
                                            "external_source_health_score":  66.67,
                                            "uplift_evidence_score":  88.75,
                                            "uplift_source_health_score":  75.0,
                                            "uplift_reason":  "PROTECTED_EXISTING_HIGH_CONFIDENCE",
                                            "uplift_method_version":  "disk_safe_low_confidence_uplift_v3_write_to_webapp",
                                            "uplift_checked_at":  "2026-05-01T01:32:47",
                                            "nearest_lsoa_rescue_reason":  "PROTECTED_EXISTING_CONFIDENCE",
                                            "nearest_lsoa_rescue_method_version":  "nearest_lsoa_rescue_strict_no_downgrade_v1",
                                            "nearest_lsoa_rescue_checked_at":  "2026-05-01T01:59:21"
                                        },
                         "geometry":  {
                                          "type":  "Point",
                                          "coordinates":  [
                                                              0.182755,
                                                              51.5590396
                                                          ]
                                      }
                     },
                     {
                         "type":  "Feature",
                         "properties":  {
                                            "safety_level":  "Iyi",
                                            "confidence_flags":  "LOW_EXTERNAL_SOURCE_HEALTH",
                                            "spatial_match_method":  "parcel_centroid_inside_lsoa_polygon",
                                            "confidence_score":  82.97,
                                            "spatial_score":  100.0,
                                            "security_match_status":  "MATCHED",
                                            "security_parcel_id":  "parcel_21",
                                            "security_lsoa_name":  "Barking and Dagenham 003D",
                                            "security_lsoa_code":  "E01000039",
                                            "confidence_label":  "Cok Yuksek",
                                            "safety_score":  72.03,
                                            "security_borough":  "E09000002",
                                            "enhanced_method_version":  "security_accuracy_enhancement_v2",
                                            "weighted_crime_12m":  279.1,
                                            "weighted_monthly_avg":  23.258333,
                                            "external_source_health_score":  66.67,
                                            "uplift_evidence_score":  88.75,
                                            "uplift_source_health_score":  75.0,
                                            "uplift_reason":  "PROTECTED_EXISTING_HIGH_CONFIDENCE",
                                            "uplift_method_version":  "disk_safe_low_confidence_uplift_v3_write_to_webapp",
                                            "uplift_checked_at":  "2026-05-01T01:32:47",
                                            "nearest_lsoa_rescue_reason":  "PROTECTED_EXISTING_CONFIDENCE",
                                            "nearest_lsoa_rescue_method_version":  "nearest_lsoa_rescue_strict_no_downgrade_v1",
                                            "nearest_lsoa_rescue_checked_at":  "2026-05-01T01:59:21"
                                        },
                         "geometry":  {
                                          "type":  "Point",
                                          "coordinates":  [
                                                              0.1818468,
                                                              51.5593707
                                                          ]
                                      }
                     },
                     {
                         "type":  "Feature",
                         "properties":  {
                                            "safety_level":  "Iyi",
                                            "confidence_flags":  "LOW_EXTERNAL_SOURCE_HEALTH",
                                            "spatial_match_method":  "parcel_centroid_inside_lsoa_polygon",
                                            "confidence_score":  82.97,
                                            "spatial_score":  100.0,
                                            "security_match_status":  "MATCHED",
                                            "security_parcel_id":  "parcel_22",
                                            "security_lsoa_name":  "Barking and Dagenham 003D",
                                            "security_lsoa_code":  "E01000039",
                                            "confidence_label":  "Cok Yuksek",
                                            "safety_score":  72.03,
                                            "security_borough":  "E09000002",
                                            "enhanced_method_version":  "security_accuracy_enhancement_v2",
                                            "weighted_crime_12m":  279.1,
                                            "weighted_monthly_avg":  23.258333,
                                            "external_source_health_score":  66.67,
                                            "uplift_evidence_score":  88.75,
                                            "uplift_source_health_score":  75.0,
                                            "uplift_reason":  "PROTECTED_EXISTING_HIGH_CONFIDENCE",
                                            "uplift_method_version":  "disk_safe_low_confidence_uplift_v3_write_to_webapp",
                                            "uplift_checked_at":  "2026-05-01T01:32:47",
                                            "nearest_lsoa_rescue_reason":  "PROTECTED_EXISTING_CONFIDENCE",
                                            "nearest_lsoa_rescue_method_version":  "nearest_lsoa_rescue_strict_no_downgrade_v1",
                                            "nearest_lsoa_rescue_checked_at":  "2026-05-01T01:59:21"
                                        },
                         "geometry":  {
                                          "type":  "Point",
                                          "coordinates":  [
                                                              0.1818729,
                                                              51.559611
                                                          ]
                                      }
                     },
                     {
                         "type":  "Feature",
                         "properties":  {
                                            "safety_level":  "Iyi",
                                            "confidence_flags":  "LOW_EXTERNAL_SOURCE_HEALTH",
                                            "spatial_match_method":  "parcel_centroid_inside_lsoa_polygon",
                                            "confidence_score":  82.97,
                                            "spatial_score":  100.0,
                                            "security_match_status":  "MATCHED",
                                            "security_parcel_id":  "parcel_23",
                                            "security_lsoa_name":  "Barking and Dagenham 003D",
                                            "security_lsoa_code":  "E01000039",
                                            "confidence_label":  "Cok Yuksek",
                                            "safety_score":  72.03,
                                            "security_borough":  "E09000002",
                                            "enhanced_method_version":  "security_accuracy_enhancement_v2",
                                            "weighted_crime_12m":  279.1,
                                            "weighted_monthly_avg":  23.258333,
                                            "external_source_health_score":  66.67,
                                            "uplift_evidence_score":  88.75,
                                            "uplift_source_health_score":  75.0,
                                            "uplift_reason":  "PROTECTED_EXISTING_HIGH_CONFIDENCE",
                                            "uplift_method_version":  "disk_safe_low_confidence_uplift_v3_write_to_webapp",
                                            "uplift_checked_at":  "2026-05-01T01:32:47",
                                            "nearest_lsoa_rescue_reason":  "PROTECTED_EXISTING_CONFIDENCE",
                                            "nearest_lsoa_rescue_method_version":  "nearest_lsoa_rescue_strict_no_downgrade_v1",
                                            "nearest_lsoa_rescue_checked_at":  "2026-05-01T01:59:21"
                                        },
                         "geometry":  {
                                          "type":  "Point",
                                          "coordinates":  [
                                                              0.1813802,
                                                              51.5602905
                                                          ]
                                      }
                     },
                     {
                         "type":  "Feature",
                         "properties":  {
                                            "safety_level":  "Iyi",
                                            "confidence_flags":  "LOW_EXTERNAL_SOURCE_HEALTH",
                                            "spatial_match_method":  "parcel_centroid_inside_lsoa_polygon",
                                            "confidence_score":  82.97,
                                            "spatial_score":  100.0,
                                            "security_match_status":  "MATCHED",
                                            "security_parcel_id":  "parcel_24",
                                            "security_lsoa_name":  "Barking and Dagenham 003B",
                                            "security_lsoa_code":  "E01000037",
                                            "confidence_label":  "Cok Yuksek",
                                            "safety_score":  66.95,
                                            "security_borough":  "E09000002",
                                            "enhanced_method_version":  "security_accuracy_enhancement_v2",
                                            "weighted_crime_12m":  303.2,
                                            "weighted_monthly_avg":  25.266667,
                                            "external_source_health_score":  66.67,
                                            "uplift_evidence_score":  88.75,
                                            "uplift_source_health_score":  75.0,
                                            "uplift_reason":  "PROTECTED_EXISTING_HIGH_CONFIDENCE",
                                            "uplift_method_version":  "disk_safe_low_confidence_uplift_v3_write_to_webapp",
                                            "uplift_checked_at":  "2026-05-01T01:32:47",
                                            "nearest_lsoa_rescue_reason":  "PROTECTED_EXISTING_CONFIDENCE",
                                            "nearest_lsoa_rescue_method_version":  "nearest_lsoa_rescue_strict_no_downgrade_v1",
                                            "nearest_lsoa_rescue_checked_at":  "2026-05-01T01:59:21"
                                        },
                         "geometry":  {
                                          "type":  "Point",
                                          "coordinates":  [
                                                              0.1822391,
                                                              51.5639698
                                                          ]
                                      }
                     },
                     {
                         "type":  "Feature",
                         "properties":  {
                                            "safety_level":  "Iyi",
                                            "confidence_flags":  "LOW_EXTERNAL_SOURCE_HEALTH",
                                            "spatial_match_method":  "parcel_centroid_inside_lsoa_polygon",
                                            "confidence_score":  82.97,
                                            "spatial_score":  100.0,
                                            "security_match_status":  "MATCHED",
                                            "security_parcel_id":  "parcel_25",
                                            "security_lsoa_name":  "Barking and Dagenham 003B",
                                            "security_lsoa_code":  "E01000037",
                                            "confidence_label":  "Cok Yuksek",
                                            "safety_score":  66.95,
                                            "security_borough":  "E09000002",
                                            "enhanced_method_version":  "security_accuracy_enhancement_v2",
                                            "weighted_crime_12m":  303.2,
                                            "weighted_monthly_avg":  25.266667,
                                            "external_source_health_score":  66.67,
                                            "uplift_evidence_score":  88.75,
                                            "uplift_source_health_score":  75.0,
                                            "uplift_reason":  "PROTECTED_EXISTING_HIGH_CONFIDENCE",
                                            "uplift_method_version":  "disk_safe_low_confidence_uplift_v3_write_to_webapp",
                                            "uplift_checked_at":  "2026-05-01T01:32:47",
                                            "nearest_lsoa_rescue_reason":  "PROTECTED_EXISTING_CONFIDENCE",
                                            "nearest_lsoa_rescue_method_version":  "nearest_lsoa_rescue_strict_no_downgrade_v1",
                                            "nearest_lsoa_rescue_checked_at":  "2026-05-01T01:59:21"
                                        },
                         "geometry":  {
                                          "type":  "Point",
                                          "coordinates":  [
                                                              0.1822055,
                                                              51.5617887
                                                          ]
                                      }
                     },
                     {
                         "type":  "Feature",
                         "properties":  {
                                            "safety_level":  "Iyi",
                                            "confidence_flags":  "LOW_EXTERNAL_SOURCE_HEALTH",
                                            "spatial_match_method":  "parcel_centroid_inside_lsoa_polygon",
                                            "confidence_score":  82.97,
                                            "spatial_score":  100.0,
                                            "security_match_status":  "MATCHED",
                                            "security_parcel_id":  "parcel_26",
                                            "security_lsoa_name":  "Barking and Dagenham 003B",
                                            "security_lsoa_code":  "E01000037",
                                            "confidence_label":  "Cok Yuksek",
                                            "safety_score":  66.95,
                                            "security_borough":  "E09000002",
                                            "enhanced_method_version":  "security_accuracy_enhancement_v2",
                                            "weighted_crime_12m":  303.2,
                                            "weighted_monthly_avg":  25.266667,
                                            "external_source_health_score":  66.67,
                                            "uplift_evidence_score":  88.75,
                                            "uplift_source_health_score":  75.0,
                                            "uplift_reason":  "PROTECTED_EXISTING_HIGH_CONFIDENCE",
                                            "uplift_method_version":  "disk_safe_low_confidence_uplift_v3_write_to_webapp",
                                            "uplift_checked_at":  "2026-05-01T01:32:47",
                                            "nearest_lsoa_rescue_reason":  "PROTECTED_EXISTING_CONFIDENCE",
                                            "nearest_lsoa_rescue_method_version":  "nearest_lsoa_rescue_strict_no_downgrade_v1",
                                            "nearest_lsoa_rescue_checked_at":  "2026-05-01T01:59:21"
                                        },
                         "geometry":  {
                                          "type":  "Point",
                                          "coordinates":  [
                                                              0.1801964,
                                                              51.5620853
                                                          ]
                                      }
                     },
                     {
                         "type":  "Feature",
                         "properties":  {
                                            "safety_level":  "Iyi",
                                            "confidence_flags":  "LOW_EXTERNAL_SOURCE_HEALTH",
                                            "spatial_match_method":  "parcel_centroid_inside_lsoa_polygon",
                                            "confidence_score":  82.97,
                                            "spatial_score":  100.0,
                                            "security_match_status":  "MATCHED",
                                            "security_parcel_id":  "parcel_27",
                                            "security_lsoa_name":  "Barking and Dagenham 003B",
                                            "security_lsoa_code":  "E01000037",
                                            "confidence_label":  "Cok Yuksek",
                                            "safety_score":  66.95,
                                            "security_borough":  "E09000002",
                                            "enhanced_method_version":  "security_accuracy_enhancement_v2",
                                            "weighted_crime_12m":  303.2,
                                            "weighted_monthly_avg":  25.266667,
                                            "external_source_health_score":  66.67,
                                            "uplift_evidence_score":  88.75,
                                            "uplift_source_health_score":  75.0,
                                            "uplift_reason":  "PROTECTED_EXISTING_HIGH_CONFIDENCE",
                                            "uplift_method_version":  "disk_safe_low_confidence_uplift_v3_write_to_webapp",
                                            "uplift_checked_at":  "2026-05-01T01:32:47",
                                            "nearest_lsoa_rescue_reason":  "PROTECTED_EXISTING_CONFIDENCE",
                                            "nearest_lsoa_rescue_method_version":  "nearest_lsoa_rescue_strict_no_downgrade_v1",
                                            "nearest_lsoa_rescue_checked_at":  "2026-05-01T01:59:21"
                                        },
                         "geometry":  {
                                          "type":  "Point",
                                          "coordinates":  [
                                                              0.1803936,
                                                              51.5612404
                                                          ]
                                      }
                     },
                     {
                         "type":  "Feature",
                         "properties":  {
                                            "safety_level":  "Iyi",
                                            "confidence_flags":  "LOW_EXTERNAL_SOURCE_HEALTH",
                                            "spatial_match_method":  "parcel_centroid_inside_lsoa_polygon",
                                            "confidence_score":  82.97,
                                            "spatial_score":  100.0,
                                            "security_match_status":  "MATCHED",
                                            "security_parcel_id":  "parcel_28",
                                            "security_lsoa_name":  "Barking and Dagenham 003D",
                                            "security_lsoa_code":  "E01000039",
                                            "confidence_label":  "Cok Yuksek",
                                            "safety_score":  72.03,
                                            "security_borough":  "E09000002",
                                            "enhanced_method_version":  "security_accuracy_enhancement_v2",
                                            "weighted_crime_12m":  279.1,
                                            "weighted_monthly_avg":  23.258333,
                                            "external_source_health_score":  66.67,
                                            "uplift_evidence_score":  88.75,
                                            "uplift_source_health_score":  75.0,
                                            "uplift_reason":  "PROTECTED_EXISTING_HIGH_CONFIDENCE",
                                            "uplift_method_version":  "disk_safe_low_confidence_uplift_v3_write_to_webapp",
                                            "uplift_checked_at":  "2026-05-01T01:32:47",
                                            "nearest_lsoa_rescue_reason":  "PROTECTED_EXISTING_CONFIDENCE",
                                            "nearest_lsoa_rescue_method_version":  "nearest_lsoa_rescue_strict_no_downgrade_v1",
                                            "nearest_lsoa_rescue_checked_at":  "2026-05-01T01:59:21"
                                        },
                         "geometry":  {
                                          "type":  "Point",
                                          "coordinates":  [
                                                              0.1802787,
                                                              51.5605031
                                                          ]
                                      }
                     },
                     {
                         "type":  "Feature",
                         "properties":  {
                                            "safety_level":  "Iyi",
                                            "confidence_flags":  "LOW_EXTERNAL_SOURCE_HEALTH",
                                            "spatial_match_method":  "parcel_centroid_inside_lsoa_polygon",
                                            "confidence_score":  82.97,
                                            "spatial_score":  100.0,
                                            "security_match_status":  "MATCHED",
                                            "security_parcel_id":  "parcel_29",
                                            "security_lsoa_name":  "Barking and Dagenham 003B",
                                            "security_lsoa_code":  "E01000037",
                                            "confidence_label":  "Cok Yuksek",
                                            "safety_score":  66.95,
                                            "security_borough":  "E09000002",
                                            "enhanced_method_version":  "security_accuracy_enhancement_v2",
                                            "weighted_crime_12m":  303.2,
                                            "weighted_monthly_avg":  25.266667,
                                            "external_source_health_score":  66.67,
                                            "uplift_evidence_score":  88.75,
                                            "uplift_source_health_score":  75.0,
                                            "uplift_reason":  "PROTECTED_EXISTING_HIGH_CONFIDENCE",
                                            "uplift_method_version":  "disk_safe_low_confidence_uplift_v3_write_to_webapp",
                                            "uplift_checked_at":  "2026-05-01T01:32:47",
                                            "nearest_lsoa_rescue_reason":  "PROTECTED_EXISTING_CONFIDENCE",
                                            "nearest_lsoa_rescue_method_version":  "nearest_lsoa_rescue_strict_no_downgrade_v1",
                                            "nearest_lsoa_rescue_checked_at":  "2026-05-01T01:59:21"
                                        },
                         "geometry":  {
                                          "type":  "Point",
                                          "coordinates":  [
                                                              0.1802651,
                                                              51.5644702
                                                          ]
                                      }
                     },
                     {
                         "type":  "Feature",
                         "properties":  {
                                            "safety_level":  "Iyi",
                                            "confidence_flags":  "LOW_EXTERNAL_SOURCE_HEALTH",
                                            "spatial_match_method":  "parcel_centroid_inside_lsoa_polygon",
                                            "confidence_score":  82.97,
                                            "spatial_score":  100.0,
                                            "security_match_status":  "MATCHED",
                                            "security_parcel_id":  "parcel_30",
                                            "security_lsoa_name":  "Barking and Dagenham 003B",
                                            "security_lsoa_code":  "E01000037",
                                            "confidence_label":  "Cok Yuksek",
                                            "safety_score":  66.95,
                                            "security_borough":  "E09000002",
                                            "enhanced_method_version":  "security_accuracy_enhancement_v2",
                                            "weighted_crime_12m":  303.2,
                                            "weighted_monthly_avg":  25.266667,
                                            "external_source_health_score":  66.67,
                                            "uplift_evidence_score":  88.75,
                                            "uplift_source_health_score":  75.0,
                                            "uplift_reason":  "PROTECTED_EXISTING_HIGH_CONFIDENCE",
                                            "uplift_method_version":  "disk_safe_low_confidence_uplift_v3_write_to_webapp",
                                            "uplift_checked_at":  "2026-05-01T01:32:47",
                                            "nearest_lsoa_rescue_reason":  "PROTECTED_EXISTING_CONFIDENCE",
                                            "nearest_lsoa_rescue_method_version":  "nearest_lsoa_rescue_strict_no_downgrade_v1",
                                            "nearest_lsoa_rescue_checked_at":  "2026-05-01T01:59:21"
                                        },
                         "geometry":  {
                                          "type":  "Point",
                                          "coordinates":  [
                                                              0.1814206,
                                                              51.5629825
                                                          ]
                                      }
                     },
                     {
                         "type":  "Feature",
                         "properties":  {
                                            "safety_level":  "Orta",
                                            "confidence_flags":  "LOW_EXTERNAL_SOURCE_HEALTH",
                                            "spatial_match_method":  "parcel_centroid_inside_lsoa_polygon",
                                            "confidence_score":  82.97,
                                            "spatial_score":  100.0,
                                            "security_match_status":  "MATCHED",
                                            "security_parcel_id":  "parcel_31",
                                            "security_lsoa_name":  "Havering 017I",
                                            "security_lsoa_code":  "E01033788",
                                            "confidence_label":  "Cok Yuksek",
                                            "safety_score":  46.72,
                                            "security_borough":  "E09000016",
                                            "enhanced_method_version":  "security_accuracy_enhancement_v2",
                                            "weighted_crime_12m":  412.1,
                                            "weighted_monthly_avg":  34.341667,
                                            "external_source_health_score":  66.67,
                                            "uplift_evidence_score":  88.75,
                                            "uplift_source_health_score":  75.0,
                                            "uplift_reason":  "PROTECTED_EXISTING_HIGH_CONFIDENCE",
                                            "uplift_method_version":  "disk_safe_low_confidence_uplift_v3_write_to_webapp",
                                            "uplift_checked_at":  "2026-05-01T01:32:47",
                                            "nearest_lsoa_rescue_reason":  "PROTECTED_EXISTING_CONFIDENCE",
                                            "nearest_lsoa_rescue_method_version":  "nearest_lsoa_rescue_strict_no_downgrade_v1",
                                            "nearest_lsoa_rescue_checked_at":  "2026-05-01T01:59:21"
                                        },
                         "geometry":  {
                                          "type":  "Point",
                                          "coordinates":  [
                                                              0.1801992,
                                                              51.5650351
                                                          ]
                                      }
                     },
                     {
                         "type":  "Feature",
                         "properties":  {
                                            "safety_level":  "Iyi",
                                            "confidence_flags":  "LOW_EXTERNAL_SOURCE_HEALTH",
                                            "spatial_match_method":  "parcel_centroid_inside_lsoa_polygon",
                                            "confidence_score":  82.97,
                                            "spatial_score":  100.0,
                                            "security_match_status":  "MATCHED",
                                            "security_parcel_id":  "parcel_32",
                                            "security_lsoa_name":  "Barking and Dagenham 003D",
                                            "security_lsoa_code":  "E01000039",
                                            "confidence_label":  "Cok Yuksek",
                                            "safety_score":  72.03,
                                            "security_borough":  "E09000002",
                                            "enhanced_method_version":  "security_accuracy_enhancement_v2",
                                            "weighted_crime_12m":  279.1,
                                            "weighted_monthly_avg":  23.258333,
                                            "external_source_health_score":  66.67,
                                            "uplift_evidence_score":  88.75,
                                            "uplift_source_health_score":  75.0,
                                            "uplift_reason":  "PROTECTED_EXISTING_HIGH_CONFIDENCE",
                                            "uplift_method_version":  "disk_safe_low_confidence_uplift_v3_write_to_webapp",
                                            "uplift_checked_at":  "2026-05-01T01:32:47",
                                            "nearest_lsoa_rescue_reason":  "PROTECTED_EXISTING_CONFIDENCE",
                                            "nearest_lsoa_rescue_method_version":  "nearest_lsoa_rescue_strict_no_downgrade_v1",
                                            "nearest_lsoa_rescue_checked_at":  "2026-05-01T01:59:21"
                                        },
                         "geometry":  {
                                          "type":  "Point",
                                          "coordinates":  [
                                                              0.180552,
                                                              51.5602624
                                                          ]
                                      }
                     },
                     {
                         "type":  "Feature",
                         "properties":  {
                                            "safety_level":  "Iyi",
                                            "confidence_flags":  "LOW_EXTERNAL_SOURCE_HEALTH",
                                            "spatial_match_method":  "parcel_centroid_inside_lsoa_polygon",
                                            "confidence_score":  82.97,
                                            "spatial_score":  100.0,
                                            "security_match_status":  "MATCHED",
                                            "security_parcel_id":  "parcel_33",
                                            "security_lsoa_name":  "Barking and Dagenham 003B",
                                            "security_lsoa_code":  "E01000037",
                                            "confidence_label":  "Cok Yuksek",
                                            "safety_score":  66.95,
                                            "security_borough":  "E09000002",
                                            "enhanced_method_version":  "security_accuracy_enhancement_v2",
                                            "weighted_crime_12m":  303.2,
                                            "weighted_monthly_avg":  25.266667,
                                            "external_source_health_score":  66.67,
                                            "uplift_evidence_score":  88.75,
                                            "uplift_source_health_score":  75.0,
                                            "uplift_reason":  "PROTECTED_EXISTING_HIGH_CONFIDENCE",
                                            "uplift_method_version":  "disk_safe_low_confidence_uplift_v3_write_to_webapp",
                                            "uplift_checked_at":  "2026-05-01T01:32:47",
                                            "nearest_lsoa_rescue_reason":  "PROTECTED_EXISTING_CONFIDENCE",
                                            "nearest_lsoa_rescue_method_version":  "nearest_lsoa_rescue_strict_no_downgrade_v1",
                                            "nearest_lsoa_rescue_checked_at":  "2026-05-01T01:59:21"
                                        },
                         "geometry":  {
                                          "type":  "Point",
                                          "coordinates":  [
                                                              0.1783672,
                                                              51.5640339
                                                          ]
                                      }
                     },
                     {
                         "type":  "Feature",
                         "properties":  {
                                            "safety_level":  "Orta",
                                            "confidence_flags":  "LOW_EXTERNAL_SOURCE_HEALTH",
                                            "spatial_match_method":  "parcel_centroid_inside_lsoa_polygon",
                                            "confidence_score":  82.97,
                                            "spatial_score":  100.0,
                                            "security_match_status":  "MATCHED",
                                            "security_parcel_id":  "parcel_34",
                                            "security_lsoa_name":  "Barking and Dagenham 003A",
                                            "security_lsoa_code":  "E01000034",
                                            "confidence_label":  "Cok Yuksek",
                                            "safety_score":  56.21,
                                            "security_borough":  "E09000002",
                                            "enhanced_method_version":  "security_accuracy_enhancement_v2",
                                            "weighted_crime_12m":  357.1,
                                            "weighted_monthly_avg":  29.758333,
                                            "external_source_health_score":  66.67,
                                            "uplift_evidence_score":  88.75,
                                            "uplift_source_health_score":  75.0,
                                            "uplift_reason":  "PROTECTED_EXISTING_HIGH_CONFIDENCE",
                                            "uplift_method_version":  "disk_safe_low_confidence_uplift_v3_write_to_webapp",
                                            "uplift_checked_at":  "2026-05-01T01:32:47",
                                            "nearest_lsoa_rescue_reason":  "PROTECTED_EXISTING_CONFIDENCE",
                                            "nearest_lsoa_rescue_method_version":  "nearest_lsoa_rescue_strict_no_downgrade_v1",
                                            "nearest_lsoa_rescue_checked_at":  "2026-05-01T01:59:21"
                                        },
                         "geometry":  {
                                          "type":  "Point",
                                          "coordinates":  [
                                                              0.1785553,
                                                              51.5607032
                                                          ]
                                      }
                     },
                     {
                         "type":  "Feature",
                         "properties":  {
                                            "safety_level":  "Iyi",
                                            "confidence_flags":  "LOW_EXTERNAL_SOURCE_HEALTH",
                                            "spatial_match_method":  "parcel_centroid_inside_lsoa_polygon",
                                            "confidence_score":  82.97,
                                            "spatial_score":  100.0,
                                            "security_match_status":  "MATCHED",
                                            "security_parcel_id":  "parcel_35",
                                            "security_lsoa_name":  "Barking and Dagenham 003B",
                                            "security_lsoa_code":  "E01000037",
                                            "confidence_label":  "Cok Yuksek",
                                            "safety_score":  66.95,
                                            "security_borough":  "E09000002",
                                            "enhanced_method_version":  "security_accuracy_enhancement_v2",
                                            "weighted_crime_12m":  303.2,
                                            "weighted_monthly_avg":  25.266667,
                                            "external_source_health_score":  66.67,
                                            "uplift_evidence_score":  88.75,
                                            "uplift_source_health_score":  75.0,
                                            "uplift_reason":  "PROTECTED_EXISTING_HIGH_CONFIDENCE",
                                            "uplift_method_version":  "disk_safe_low_confidence_uplift_v3_write_to_webapp",
                                            "uplift_checked_at":  "2026-05-01T01:32:47",
                                            "nearest_lsoa_rescue_reason":  "PROTECTED_EXISTING_CONFIDENCE",
                                            "nearest_lsoa_rescue_method_version":  "nearest_lsoa_rescue_strict_no_downgrade_v1",
                                            "nearest_lsoa_rescue_checked_at":  "2026-05-01T01:59:21"
                                        },
                         "geometry":  {
                                          "type":  "Point",
                                          "coordinates":  [
                                                              0.1790092,
                                                              51.5630494
                                                          ]
                                      }
                     },
                     {
                         "type":  "Feature",
                         "properties":  {
                                            "safety_level":  "Iyi",
                                            "confidence_flags":  "LOW_EXTERNAL_SOURCE_HEALTH",
                                            "spatial_match_method":  "parcel_centroid_inside_lsoa_polygon",
                                            "confidence_score":  82.97,
                                            "spatial_score":  100.0,
                                            "security_match_status":  "MATCHED",
                                            "security_parcel_id":  "parcel_36",
                                            "security_lsoa_name":  "Barking and Dagenham 003B",
                                            "security_lsoa_code":  "E01000037",
                                            "confidence_label":  "Cok Yuksek",
                                            "safety_score":  66.95,
                                            "security_borough":  "E09000002",
                                            "enhanced_method_version":  "security_accuracy_enhancement_v2",
                                            "weighted_crime_12m":  303.2,
                                            "weighted_monthly_avg":  25.266667,
                                            "external_source_health_score":  66.67,
                                            "uplift_evidence_score":  88.75,
                                            "uplift_source_health_score":  75.0,
                                            "uplift_reason":  "PROTECTED_EXISTING_HIGH_CONFIDENCE",
                                            "uplift_method_version":  "disk_safe_low_confidence_uplift_v3_write_to_webapp",
                                            "uplift_checked_at":  "2026-05-01T01:32:47",
                                            "nearest_lsoa_rescue_reason":  "PROTECTED_EXISTING_CONFIDENCE",
                                            "nearest_lsoa_rescue_method_version":  "nearest_lsoa_rescue_strict_no_downgrade_v1",
                                            "nearest_lsoa_rescue_checked_at":  "2026-05-01T01:59:21"
                                        },
                         "geometry":  {
                                          "type":  "Point",
                                          "coordinates":  [
                                                              0.1794109,
                                                              51.5644704
                                                          ]
                                      }
                     },
                     {
                         "type":  "Feature",
                         "properties":  {
                                            "safety_level":  "Orta",
                                            "confidence_flags":  "LOW_EXTERNAL_SOURCE_HEALTH",
                                            "spatial_match_method":  "parcel_centroid_inside_lsoa_polygon",
                                            "confidence_score":  82.97,
                                            "spatial_score":  100.0,
                                            "security_match_status":  "MATCHED",
                                            "security_parcel_id":  "parcel_37",
                                            "security_lsoa_name":  "Barking and Dagenham 003A",
                                            "security_lsoa_code":  "E01000034",
                                            "confidence_label":  "Cok Yuksek",
                                            "safety_score":  56.21,
                                            "security_borough":  "E09000002",
                                            "enhanced_method_version":  "security_accuracy_enhancement_v2",
                                            "weighted_crime_12m":  357.1,
                                            "weighted_monthly_avg":  29.758333,
                                            "external_source_health_score":  66.67,
                                            "uplift_evidence_score":  88.75,
                                            "uplift_source_health_score":  75.0,
                                            "uplift_reason":  "PROTECTED_EXISTING_HIGH_CONFIDENCE",
                                            "uplift_method_version":  "disk_safe_low_confidence_uplift_v3_write_to_webapp",
                                            "uplift_checked_at":  "2026-05-01T01:32:47",
                                            "nearest_lsoa_rescue_reason":  "PROTECTED_EXISTING_CONFIDENCE",
                                            "nearest_lsoa_rescue_method_version":  "nearest_lsoa_rescue_strict_no_downgrade_v1",
                                            "nearest_lsoa_rescue_checked_at":  "2026-05-01T01:59:21"
                                        },
                         "geometry":  {
                                          "type":  "Point",
                                          "coordinates":  [
                                                              0.1784109,
                                                              51.5600289
                                                          ]
                                      }
                     },
                     {
                         "type":  "Feature",
                         "properties":  {
                                            "safety_level":  "Iyi",
                                            "confidence_flags":  "LOW_EXTERNAL_SOURCE_HEALTH",
                                            "spatial_match_method":  "parcel_centroid_inside_lsoa_polygon",
                                            "confidence_score":  82.97,
                                            "spatial_score":  100.0,
                                            "security_match_status":  "MATCHED",
                                            "security_parcel_id":  "parcel_38",
                                            "security_lsoa_name":  "Barking and Dagenham 003B",
                                            "security_lsoa_code":  "E01000037",
                                            "confidence_label":  "Cok Yuksek",
                                            "safety_score":  66.95,
                                            "security_borough":  "E09000002",
                                            "enhanced_method_version":  "security_accuracy_enhancement_v2",
                                            "weighted_crime_12m":  303.2,
                                            "weighted_monthly_avg":  25.266667,
                                            "external_source_health_score":  66.67,
                                            "uplift_evidence_score":  88.75,
                                            "uplift_source_health_score":  75.0,
                                            "uplift_reason":  "PROTECTED_EXISTING_HIGH_CONFIDENCE",
                                            "uplift_method_version":  "disk_safe_low_confidence_uplift_v3_write_to_webapp",
                                            "uplift_checked_at":  "2026-05-01T01:32:47",
                                            "nearest_lsoa_rescue_reason":  "PROTECTED_EXISTING_CONFIDENCE",
                                            "nearest_lsoa_rescue_method_version":  "nearest_lsoa_rescue_strict_no_downgrade_v1",
                                            "nearest_lsoa_rescue_checked_at":  "2026-05-01T01:59:21"
                                        },
                         "geometry":  {
                                          "type":  "Point",
                                          "coordinates":  [
                                                              0.1797387,
                                                              51.5625084
                                                          ]
                                      }
                     },
                     {
                         "type":  "Feature",
                         "properties":  {
                                            "safety_level":  "Iyi",
                                            "confidence_flags":  "LOW_EXTERNAL_SOURCE_HEALTH",
                                            "spatial_match_method":  "parcel_centroid_inside_lsoa_polygon",
                                            "confidence_score":  82.97,
                                            "spatial_score":  100.0,
                                            "security_match_status":  "MATCHED",
                                            "security_parcel_id":  "parcel_39",
                                            "security_lsoa_name":  "Barking and Dagenham 003B",
                                            "security_lsoa_code":  "E01000037",
                                            "confidence_label":  "Cok Yuksek",
                                            "safety_score":  66.95,
                                            "security_borough":  "E09000002",
                                            "enhanced_method_version":  "security_accuracy_enhancement_v2",
                                            "weighted_crime_12m":  303.2,
                                            "weighted_monthly_avg":  25.266667,
                                            "external_source_health_score":  66.67,
                                            "uplift_evidence_score":  88.75,
                                            "uplift_source_health_score":  75.0,
                                            "uplift_reason":  "PROTECTED_EXISTING_HIGH_CONFIDENCE",
                                            "uplift_method_version":  "disk_safe_low_confidence_uplift_v3_write_to_webapp",
                                            "uplift_checked_at":  "2026-05-01T01:32:47",
                                            "nearest_lsoa_rescue_reason":  "PROTECTED_EXISTING_CONFIDENCE",
                                            "nearest_lsoa_rescue_method_version":  "nearest_lsoa_rescue_strict_no_downgrade_v1",
                                            "nearest_lsoa_rescue_checked_at":  "2026-05-01T01:59:21"
                                        },
                         "geometry":  {
                                          "type":  "Point",
                                          "coordinates":  [
                                                              0.1771177,
                                                              51.5616836
                                                          ]
                                      }
                     },
                     {
                         "type":  "Feature",
                         "properties":  {
                                            "safety_level":  "Iyi",
                                            "confidence_flags":  "LOW_EXTERNAL_SOURCE_HEALTH",
                                            "spatial_match_method":  "parcel_centroid_inside_lsoa_polygon",
                                            "confidence_score":  82.97,
                                            "spatial_score":  100.0,
                                            "security_match_status":  "MATCHED",
                                            "security_parcel_id":  "parcel_40",
                                            "security_lsoa_name":  "Barking and Dagenham 003B",
                                            "security_lsoa_code":  "E01000037",
                                            "confidence_label":  "Cok Yuksek",
                                            "safety_score":  66.95,
                                            "security_borough":  "E09000002",
                                            "enhanced_method_version":  "security_accuracy_enhancement_v2",
                                            "weighted_crime_12m":  303.2,
                                            "weighted_monthly_avg":  25.266667,
                                            "external_source_health_score":  66.67,
                                            "uplift_evidence_score":  88.75,
                                            "uplift_source_health_score":  75.0,
                                            "uplift_reason":  "PROTECTED_EXISTING_HIGH_CONFIDENCE",
                                            "uplift_method_version":  "disk_safe_low_confidence_uplift_v3_write_to_webapp",
                                            "uplift_checked_at":  "2026-05-01T01:32:47",
                                            "nearest_lsoa_rescue_reason":  "PROTECTED_EXISTING_CONFIDENCE",
                                            "nearest_lsoa_rescue_method_version":  "nearest_lsoa_rescue_strict_no_downgrade_v1",
                                            "nearest_lsoa_rescue_checked_at":  "2026-05-01T01:59:21"
                                        },
                         "geometry":  {
                                          "type":  "Point",
                                          "coordinates":  [
                                                              0.1766113,
                                                              51.560275
                                                          ]
                                      }
                     },
                     {
                         "type":  "Feature",
                         "properties":  {
                                            "safety_level":  "Iyi",
                                            "confidence_flags":  "LOW_EXTERNAL_SOURCE_HEALTH",
                                            "spatial_match_method":  "parcel_centroid_inside_lsoa_polygon",
                                            "confidence_score":  82.97,
                                            "spatial_score":  100.0,
                                            "security_match_status":  "MATCHED",
                                            "security_parcel_id":  "parcel_41",
                                            "security_lsoa_name":  "Barking and Dagenham 003D",
                                            "security_lsoa_code":  "E01000039",
                                            "confidence_label":  "Cok Yuksek",
                                            "safety_score":  72.03,
                                            "security_borough":  "E09000002",
                                            "enhanced_method_version":  "security_accuracy_enhancement_v2",
                                            "weighted_crime_12m":  279.1,
                                            "weighted_monthly_avg":  23.258333,
                                            "external_source_health_score":  66.67,
                                            "uplift_evidence_score":  88.75,
                                            "uplift_source_health_score":  75.0,
                                            "uplift_reason":  "PROTECTED_EXISTING_HIGH_CONFIDENCE",
                                            "uplift_method_version":  "disk_safe_low_confidence_uplift_v3_write_to_webapp",
                                            "uplift_checked_at":  "2026-05-01T01:32:47",
                                            "nearest_lsoa_rescue_reason":  "PROTECTED_EXISTING_CONFIDENCE",
                                            "nearest_lsoa_rescue_method_version":  "nearest_lsoa_rescue_strict_no_downgrade_v1",
                                            "nearest_lsoa_rescue_checked_at":  "2026-05-01T01:59:21"
                                        },
                         "geometry":  {
                                          "type":  "Point",
                                          "coordinates":  [
                                                              0.1788068,
                                                              51.5598384
                                                          ]
                                      }
                     },
                     {
                         "type":  "Feature",
                         "properties":  {
                                            "safety_level":  "Iyi",
                                            "confidence_flags":  "LOW_EXTERNAL_SOURCE_HEALTH",
                                            "spatial_match_method":  "parcel_centroid_inside_lsoa_polygon",
                                            "confidence_score":  82.97,
                                            "spatial_score":  100.0,
                                            "security_match_status":  "MATCHED",
                                            "security_parcel_id":  "parcel_42",
                                            "security_lsoa_name":  "Barking and Dagenham 003B",
                                            "security_lsoa_code":  "E01000037",
                                            "confidence_label":  "Cok Yuksek",
                                            "safety_score":  66.95,
                                            "security_borough":  "E09000002",
                                            "enhanced_method_version":  "security_accuracy_enhancement_v2",
                                            "weighted_crime_12m":  303.2,
                                            "weighted_monthly_avg":  25.266667,
                                            "external_source_health_score":  66.67,
                                            "uplift_evidence_score":  88.75,
                                            "uplift_source_health_score":  75.0,
                                            "uplift_reason":  "PROTECTED_EXISTING_HIGH_CONFIDENCE",
                                            "uplift_method_version":  "disk_safe_low_confidence_uplift_v3_write_to_webapp",
                                            "uplift_checked_at":  "2026-05-01T01:32:47",
                                            "nearest_lsoa_rescue_reason":  "PROTECTED_EXISTING_CONFIDENCE",
                                            "nearest_lsoa_rescue_method_version":  "nearest_lsoa_rescue_strict_no_downgrade_v1",
                                            "nearest_lsoa_rescue_checked_at":  "2026-05-01T01:59:21"
                                        },
                         "geometry":  {
                                          "type":  "Point",
                                          "coordinates":  [
                                                              0.1766493,
                                                              51.5609962
                                                          ]
                                      }
                     },
                     {
                         "type":  "Feature",
                         "properties":  {
                                            "safety_level":  "Iyi",
                                            "confidence_flags":  "LOW_EXTERNAL_SOURCE_HEALTH",
                                            "spatial_match_method":  "parcel_centroid_inside_lsoa_polygon",
                                            "confidence_score":  82.97,
                                            "spatial_score":  100.0,
                                            "security_match_status":  "MATCHED",
                                            "security_parcel_id":  "parcel_43",
                                            "security_lsoa_name":  "Barking and Dagenham 003B",
                                            "security_lsoa_code":  "E01000037",
                                            "confidence_label":  "Cok Yuksek",
                                            "safety_score":  66.95,
                                            "security_borough":  "E09000002",
                                            "enhanced_method_version":  "security_accuracy_enhancement_v2",
                                            "weighted_crime_12m":  303.2,
                                            "weighted_monthly_avg":  25.266667,
                                            "external_source_health_score":  66.67,
                                            "uplift_evidence_score":  88.75,
                                            "uplift_source_health_score":  75.0,
                                            "uplift_reason":  "PROTECTED_EXISTING_HIGH_CONFIDENCE",
                                            "uplift_method_version":  "disk_safe_low_confidence_uplift_v3_write_to_webapp",
                                            "uplift_checked_at":  "2026-05-01T01:32:47",
                                            "nearest_lsoa_rescue_reason":  "PROTECTED_EXISTING_CONFIDENCE",
                                            "nearest_lsoa_rescue_method_version":  "nearest_lsoa_rescue_strict_no_downgrade_v1",
                                            "nearest_lsoa_rescue_checked_at":  "2026-05-01T01:59:21"
                                        },
                         "geometry":  {
                                          "type":  "Point",
                                          "coordinates":  [
                                                              0.1781254,
                                                              51.5611772
                                                          ]
                                      }
                     },
                     {
                         "type":  "Feature",
                         "properties":  {
                                            "safety_level":  "Iyi",
                                            "confidence_flags":  "LOW_EXTERNAL_SOURCE_HEALTH",
                                            "spatial_match_method":  "parcel_centroid_inside_lsoa_polygon",
                                            "confidence_score":  82.97,
                                            "spatial_score":  100.0,
                                            "security_match_status":  "MATCHED",
                                            "security_parcel_id":  "parcel_44",
                                            "security_lsoa_name":  "Barking and Dagenham 003D",
                                            "security_lsoa_code":  "E01000039",
                                            "confidence_label":  "Cok Yuksek",
                                            "safety_score":  72.03,
                                            "security_borough":  "E09000002",
                                            "enhanced_method_version":  "security_accuracy_enhancement_v2",
                                            "weighted_crime_12m":  279.1,
                                            "weighted_monthly_avg":  23.258333,
                                            "external_source_health_score":  66.67,
                                            "uplift_evidence_score":  88.75,
                                            "uplift_source_health_score":  75.0,
                                            "uplift_reason":  "PROTECTED_EXISTING_HIGH_CONFIDENCE",
                                            "uplift_method_version":  "disk_safe_low_confidence_uplift_v3_write_to_webapp",
                                            "uplift_checked_at":  "2026-05-01T01:32:47",
                                            "nearest_lsoa_rescue_reason":  "PROTECTED_EXISTING_CONFIDENCE",
                                            "nearest_lsoa_rescue_method_version":  "nearest_lsoa_rescue_strict_no_downgrade_v1",
                                            "nearest_lsoa_rescue_checked_at":  "2026-05-01T01:59:21"
                                        },
                         "geometry":  {
                                          "type":  "Point",
                                          "coordinates":  [
                                                              0.1807765,
                                                              51.5592744
                                                          ]
                                      }
                     },
                     {
                         "type":  "Feature",
                         "properties":  {
                                            "safety_level":  "Iyi",
                                            "confidence_flags":  "LOW_EXTERNAL_SOURCE_HEALTH",
                                            "spatial_match_method":  "parcel_centroid_inside_lsoa_polygon",
                                            "confidence_score":  82.97,
                                            "spatial_score":  100.0,
                                            "security_match_status":  "MATCHED",
                                            "security_parcel_id":  "parcel_45",
                                            "security_lsoa_name":  "Barking and Dagenham 003D",
                                            "security_lsoa_code":  "E01000039",
                                            "confidence_label":  "Cok Yuksek",
                                            "safety_score":  72.03,
                                            "security_borough":  "E09000002",
                                            "enhanced_method_version":  "security_accuracy_enhancement_v2",
                                            "weighted_crime_12m":  279.1,
                                            "weighted_monthly_avg":  23.258333,
                                            "external_source_health_score":  66.67,
                                            "uplift_evidence_score":  88.75,
                                            "uplift_source_health_score":  75.0,
                                            "uplift_reason":  "PROTECTED_EXISTING_HIGH_CONFIDENCE",
                                            "uplift_method_version":  "disk_safe_low_confidence_uplift_v3_write_to_webapp",
                                            "uplift_checked_at":  "2026-05-01T01:32:47",
                                            "nearest_lsoa_rescue_reason":  "PROTECTED_EXISTING_CONFIDENCE",
                                            "nearest_lsoa_rescue_method_version":  "nearest_lsoa_rescue_strict_no_downgrade_v1",
                                            "nearest_lsoa_rescue_checked_at":  "2026-05-01T01:59:21"
                                        },
                         "geometry":  {
                                          "type":  "Point",
                                          "coordinates":  [
                                                              0.1811585,
                                                              51.5587592
                                                          ]
                                      }
                     },
                     {
                         "type":  "Feature",
                         "properties":  {
                                            "safety_level":  "Iyi",
                                            "confidence_flags":  "LOW_EXTERNAL_SOURCE_HEALTH",
                                            "spatial_match_method":  "parcel_centroid_inside_lsoa_polygon",
                                            "confidence_score":  82.97,
                                            "spatial_score":  100.0,
                                            "security_match_status":  "MATCHED",
                                            "security_parcel_id":  "parcel_46",
                                            "security_lsoa_name":  "Barking and Dagenham 003D",
                                            "security_lsoa_code":  "E01000039",
                                            "confidence_label":  "Cok Yuksek",
                                            "safety_score":  72.03,
                                            "security_borough":  "E09000002",
                                            "enhanced_method_version":  "security_accuracy_enhancement_v2",
                                            "weighted_crime_12m":  279.1,
                                            "weighted_monthly_avg":  23.258333,
                                            "external_source_health_score":  66.67,
                                            "uplift_evidence_score":  88.75,
                                            "uplift_source_health_score":  75.0,
                                            "uplift_reason":  "PROTECTED_EXISTING_HIGH_CONFIDENCE",
                                            "uplift_method_version":  "disk_safe_low_confidence_uplift_v3_write_to_webapp",
                                            "uplift_checked_at":  "2026-05-01T01:32:47",
                                            "nearest_lsoa_rescue_reason":  "PROTECTED_EXISTING_CONFIDENCE",
                                            "nearest_lsoa_rescue_method_version":  "nearest_lsoa_rescue_strict_no_downgrade_v1",
                                            "nearest_lsoa_rescue_checked_at":  "2026-05-01T01:59:21"
                                        },
                         "geometry":  {
                                          "type":  "Point",
                                          "coordinates":  [
                                                              0.180123,
                                                              51.5588886
                                                          ]
                                      }
                     },
                     {
                         "type":  "Feature",
                         "properties":  {
                                            "safety_level":  "Iyi",
                                            "confidence_flags":  "LOW_EXTERNAL_SOURCE_HEALTH",
                                            "spatial_match_method":  "parcel_centroid_inside_lsoa_polygon",
                                            "confidence_score":  82.97,
                                            "spatial_score":  100.0,
                                            "security_match_status":  "MATCHED",
                                            "security_parcel_id":  "parcel_47",
                                            "security_lsoa_name":  "Barking and Dagenham 003D",
                                            "security_lsoa_code":  "E01000039",
                                            "confidence_label":  "Cok Yuksek",
                                            "safety_score":  72.03,
                                            "security_borough":  "E09000002",
                                            "enhanced_method_version":  "security_accuracy_enhancement_v2",
                                            "weighted_crime_12m":  279.1,
                                            "weighted_monthly_avg":  23.258333,
                                            "external_source_health_score":  66.67,
                                            "uplift_evidence_score":  88.75,
                                            "uplift_source_health_score":  75.0,
                                            "uplift_reason":  "PROTECTED_EXISTING_HIGH_CONFIDENCE",
                                            "uplift_method_version":  "disk_safe_low_confidence_uplift_v3_write_to_webapp",
                                            "uplift_checked_at":  "2026-05-01T01:32:47",
                                            "nearest_lsoa_rescue_reason":  "PROTECTED_EXISTING_CONFIDENCE",
                                            "nearest_lsoa_rescue_method_version":  "nearest_lsoa_rescue_strict_no_downgrade_v1",
                                            "nearest_lsoa_rescue_checked_at":  "2026-05-01T01:59:21"
                                        },
                         "geometry":  {
                                          "type":  "Point",
                                          "coordinates":  [
                                                              0.1801606,
                                                              51.5592597
                                                          ]
                                      }
                     },
                     {
                         "type":  "Feature",
                         "properties":  {
                                            "safety_level":  "Iyi",
                                            "confidence_flags":  "LOW_EXTERNAL_SOURCE_HEALTH",
                                            "spatial_match_method":  "parcel_centroid_inside_lsoa_polygon",
                                            "confidence_score":  82.97,
                                            "spatial_score":  100.0,
                                            "security_match_status":  "MATCHED",
                                            "security_parcel_id":  "parcel_48",
                                            "security_lsoa_name":  "Barking and Dagenham 003D",
                                            "security_lsoa_code":  "E01000039",
                                            "confidence_label":  "Cok Yuksek",
                                            "safety_score":  72.03,
                                            "security_borough":  "E09000002",
                                            "enhanced_method_version":  "security_accuracy_enhancement_v2",
                                            "weighted_crime_12m":  279.1,
                                            "weighted_monthly_avg":  23.258333,
                                            "external_source_health_score":  66.67,
                                            "uplift_evidence_score":  88.75,
                                            "uplift_source_health_score":  75.0,
                                            "uplift_reason":  "PROTECTED_EXISTING_HIGH_CONFIDENCE",
                                            "uplift_method_version":  "disk_safe_low_confidence_uplift_v3_write_to_webapp",
                                            "uplift_checked_at":  "2026-05-01T01:32:47",
                                            "nearest_lsoa_rescue_reason":  "PROTECTED_EXISTING_CONFIDENCE",
                                            "nearest_lsoa_rescue_method_version":  "nearest_lsoa_rescue_strict_no_downgrade_v1",
                                            "nearest_lsoa_rescue_checked_at":  "2026-05-01T01:59:21"
                                        },
                         "geometry":  {
                                          "type":  "Point",
                                          "coordinates":  [
                                                              0.1820382,
                                                              51.5587086
                                                          ]
                                      }
                     },
                     {
                         "type":  "Feature",
                         "properties":  {
                                            "safety_level":  "Orta",
                                            "confidence_flags":  "LOW_EXTERNAL_SOURCE_HEALTH",
                                            "spatial_match_method":  "parcel_centroid_inside_lsoa_polygon",
                                            "confidence_score":  82.97,
                                            "spatial_score":  100.0,
                                            "security_match_status":  "MATCHED",
                                            "security_parcel_id":  "parcel_49",
                                            "security_lsoa_name":  "Barking and Dagenham 003A",
                                            "security_lsoa_code":  "E01000034",
                                            "confidence_label":  "Cok Yuksek",
                                            "safety_score":  56.21,
                                            "security_borough":  "E09000002",
                                            "enhanced_method_version":  "security_accuracy_enhancement_v2",
                                            "weighted_crime_12m":  357.1,
                                            "weighted_monthly_avg":  29.758333,
                                            "external_source_health_score":  66.67,
                                            "uplift_evidence_score":  88.75,
                                            "uplift_source_health_score":  75.0,
                                            "uplift_reason":  "PROTECTED_EXISTING_HIGH_CONFIDENCE",
                                            "uplift_method_version":  "disk_safe_low_confidence_uplift_v3_write_to_webapp",
                                            "uplift_checked_at":  "2026-05-01T01:32:47",
                                            "nearest_lsoa_rescue_reason":  "PROTECTED_EXISTING_CONFIDENCE",
                                            "nearest_lsoa_rescue_method_version":  "nearest_lsoa_rescue_strict_no_downgrade_v1",
                                            "nearest_lsoa_rescue_checked_at":  "2026-05-01T01:59:21"
                                        },
                         "geometry":  {
                                          "type":  "Point",
                                          "coordinates":  [
                                                              0.1788216,
                                                              51.558665
                                                          ]
                                      }
                     },
                     {
                         "type":  "Feature",
                         "properties":  {
                                            "safety_level":  "Iyi",
                                            "confidence_flags":  "LOW_EXTERNAL_SOURCE_HEALTH",
                                            "spatial_match_method":  "parcel_centroid_inside_lsoa_polygon",
                                            "confidence_score":  82.97,
                                            "spatial_score":  100.0,
                                            "security_match_status":  "MATCHED",
                                            "security_parcel_id":  "parcel_50",
                                            "security_lsoa_name":  "Barking and Dagenham 003D",
                                            "security_lsoa_code":  "E01000039",
                                            "confidence_label":  "Cok Yuksek",
                                            "safety_score":  72.03,
                                            "security_borough":  "E09000002",
                                            "enhanced_method_version":  "security_accuracy_enhancement_v2",
                                            "weighted_crime_12m":  279.1,
                                            "weighted_monthly_avg":  23.258333,
                                            "external_source_health_score":  66.67,
                                            "uplift_evidence_score":  88.75,
                                            "uplift_source_health_score":  75.0,
                                            "uplift_reason":  "PROTECTED_EXISTING_HIGH_CONFIDENCE",
                                            "uplift_method_version":  "disk_safe_low_confidence_uplift_v3_write_to_webapp",
                                            "uplift_checked_at":  "2026-05-01T01:32:47",
                                            "nearest_lsoa_rescue_reason":  "PROTECTED_EXISTING_CONFIDENCE",
                                            "nearest_lsoa_rescue_method_version":  "nearest_lsoa_rescue_strict_no_downgrade_v1",
                                            "nearest_lsoa_rescue_checked_at":  "2026-05-01T01:59:21"
                                        },
                         "geometry":  {
                                          "type":  "Point",
                                          "coordinates":  [
                                                              0.1813147,
                                                              51.5586756
                                                          ]
                                      }
                     },
                     {
                         "type":  "Feature",
                         "properties":  {
                                            "safety_level":  "Orta",
                                            "confidence_flags":  "LOW_EXTERNAL_SOURCE_HEALTH",
                                            "spatial_match_method":  "parcel_centroid_inside_lsoa_polygon",
                                            "confidence_score":  82.97,
                                            "spatial_score":  100.0,
                                            "security_match_status":  "MATCHED",
                                            "security_parcel_id":  "parcel_51",
                                            "security_lsoa_name":  "Barking and Dagenham 003A",
                                            "security_lsoa_code":  "E01000034",
                                            "confidence_label":  "Cok Yuksek",
                                            "safety_score":  56.21,
                                            "security_borough":  "E09000002",
                                            "enhanced_method_version":  "security_accuracy_enhancement_v2",
                                            "weighted_crime_12m":  357.1,
                                            "weighted_monthly_avg":  29.758333,
                                            "external_source_health_score":  66.67,
                                            "uplift_evidence_score":  88.75,
                                            "uplift_source_health_score":  75.0,
                                            "uplift_reason":  "PROTECTED_EXISTING_HIGH_CONFIDENCE",
                                            "uplift_method_version":  "disk_safe_low_confidence_uplift_v3_write_to_webapp",
                                            "uplift_checked_at":  "2026-05-01T01:32:47",
                                            "nearest_lsoa_rescue_reason":  "PROTECTED_EXISTING_CONFIDENCE",
                                            "nearest_lsoa_rescue_method_version":  "nearest_lsoa_rescue_strict_no_downgrade_v1",
                                            "nearest_lsoa_rescue_checked_at":  "2026-05-01T01:59:21"
                                        },
                         "geometry":  {
                                          "type":  "Point",
                                          "coordinates":  [
                                                              0.1766115,
                                                              51.5582455
                                                          ]
                                      }
                     },
                     {
                         "type":  "Feature",
                         "properties":  {
                                            "safety_level":  "Orta",
                                            "confidence_flags":  "LOW_EXTERNAL_SOURCE_HEALTH",
                                            "spatial_match_method":  "parcel_centroid_inside_lsoa_polygon",
                                            "confidence_score":  82.97,
                                            "spatial_score":  100.0,
                                            "security_match_status":  "MATCHED",
                                            "security_parcel_id":  "parcel_52",
                                            "security_lsoa_name":  "Barking and Dagenham 003A",
                                            "security_lsoa_code":  "E01000034",
                                            "confidence_label":  "Cok Yuksek",
                                            "safety_score":  56.21,
                                            "security_borough":  "E09000002",
                                            "enhanced_method_version":  "security_accuracy_enhancement_v2",
                                            "weighted_crime_12m":  357.1,
                                            "weighted_monthly_avg":  29.758333,
                                            "external_source_health_score":  66.67,
                                            "uplift_evidence_score":  88.75,
                                            "uplift_source_health_score":  75.0,
                                            "uplift_reason":  "PROTECTED_EXISTING_HIGH_CONFIDENCE",
                                            "uplift_method_version":  "disk_safe_low_confidence_uplift_v3_write_to_webapp",
                                            "uplift_checked_at":  "2026-05-01T01:32:47",
                                            "nearest_lsoa_rescue_reason":  "PROTECTED_EXISTING_CONFIDENCE",
                                            "nearest_lsoa_rescue_method_version":  "nearest_lsoa_rescue_strict_no_downgrade_v1",
                                            "nearest_lsoa_rescue_checked_at":  "2026-05-01T01:59:21"
                                        },
                         "geometry":  {
                                          "type":  "Point",
                                          "coordinates":  [
                                                              0.1785133,
                                                              51.5584849
                                                          ]
                                      }
                     },
                     {
                         "type":  "Feature",
                         "properties":  {
                                            "safety_level":  "Iyi",
                                            "confidence_flags":  "LOW_EXTERNAL_SOURCE_HEALTH",
                                            "spatial_match_method":  "parcel_centroid_inside_lsoa_polygon",
                                            "confidence_score":  82.97,
                                            "spatial_score":  100.0,
                                            "security_match_status":  "MATCHED",
                                            "security_parcel_id":  "parcel_53",
                                            "security_lsoa_name":  "Barking and Dagenham 003D",
                                            "security_lsoa_code":  "E01000039",
                                            "confidence_label":  "Cok Yuksek",
                                            "safety_score":  72.03,
                                            "security_borough":  "E09000002",
                                            "enhanced_method_version":  "security_accuracy_enhancement_v2",
                                            "weighted_crime_12m":  279.1,
                                            "weighted_monthly_avg":  23.258333,
                                            "external_source_health_score":  66.67,
                                            "uplift_evidence_score":  88.75,
                                            "uplift_source_health_score":  75.0,
                                            "uplift_reason":  "PROTECTED_EXISTING_HIGH_CONFIDENCE",
                                            "uplift_method_version":  "disk_safe_low_confidence_uplift_v3_write_to_webapp",
                                            "uplift_checked_at":  "2026-05-01T01:32:47",
                                            "nearest_lsoa_rescue_reason":  "PROTECTED_EXISTING_CONFIDENCE",
                                            "nearest_lsoa_rescue_method_version":  "nearest_lsoa_rescue_strict_no_downgrade_v1",
                                            "nearest_lsoa_rescue_checked_at":  "2026-05-01T01:59:21"
                                        },
                         "geometry":  {
                                          "type":  "Point",
                                          "coordinates":  [
                                                              0.1785868,
                                                              51.5590102
                                                          ]
                                      }
                     },
                     {
                         "type":  "Feature",
                         "properties":  {
                                            "safety_level":  "Orta",
                                            "confidence_flags":  "LOW_EXTERNAL_SOURCE_HEALTH",
                                            "spatial_match_method":  "parcel_centroid_inside_lsoa_polygon",
                                            "confidence_score":  82.97,
                                            "spatial_score":  100.0,
                                            "security_match_status":  "MATCHED",
                                            "security_parcel_id":  "parcel_54",
                                            "security_lsoa_name":  "Barking and Dagenham 003A",
                                            "security_lsoa_code":  "E01000034",
                                            "confidence_label":  "Cok Yuksek",
                                            "safety_score":  56.21,
                                            "security_borough":  "E09000002",
                                            "enhanced_method_version":  "security_accuracy_enhancement_v2",
                                            "weighted_crime_12m":  357.1,
                                            "weighted_monthly_avg":  29.758333,
                                            "external_source_health_score":  66.67,
                                            "uplift_evidence_score":  88.75,
                                            "uplift_source_health_score":  75.0,
                                            "uplift_reason":  "PROTECTED_EXISTING_HIGH_CONFIDENCE",
                                            "uplift_method_version":  "disk_safe_low_confidence_uplift_v3_write_to_webapp",
                                            "uplift_checked_at":  "2026-05-01T01:32:47",
                                            "nearest_lsoa_rescue_reason":  "PROTECTED_EXISTING_CONFIDENCE",
                                            "nearest_lsoa_rescue_method_version":  "nearest_lsoa_rescue_strict_no_downgrade_v1",
                                            "nearest_lsoa_rescue_checked_at":  "2026-05-01T01:59:21"
                                        },
                         "geometry":  {
                                          "type":  "Point",
                                          "coordinates":  [
                                                              0.1770117,
                                                              51.5591584
                                                          ]
                                      }
                     },
                     {
                         "type":  "Feature",
                         "properties":  {
                                            "safety_level":  "Iyi",
                                            "confidence_flags":  "LOW_EXTERNAL_SOURCE_HEALTH",
                                            "spatial_match_method":  "parcel_centroid_inside_lsoa_polygon",
                                            "confidence_score":  82.97,
                                            "spatial_score":  100.0,
                                            "security_match_status":  "MATCHED",
                                            "security_parcel_id":  "parcel_55",
                                            "security_lsoa_name":  "Barking and Dagenham 003D",
                                            "security_lsoa_code":  "E01000039",
                                            "confidence_label":  "Cok Yuksek",
                                            "safety_score":  72.03,
                                            "security_borough":  "E09000002",
                                            "enhanced_method_version":  "security_accuracy_enhancement_v2",
                                            "weighted_crime_12m":  279.1,
                                            "weighted_monthly_avg":  23.258333,
                                            "external_source_health_score":  66.67,
                                            "uplift_evidence_score":  88.75,
                                            "uplift_source_health_score":  75.0,
                                            "uplift_reason":  "PROTECTED_EXISTING_HIGH_CONFIDENCE",
                                            "uplift_method_version":  "disk_safe_low_confidence_uplift_v3_write_to_webapp",
                                            "uplift_checked_at":  "2026-05-01T01:32:47",
                                            "nearest_lsoa_rescue_reason":  "PROTECTED_EXISTING_CONFIDENCE",
                                            "nearest_lsoa_rescue_method_version":  "nearest_lsoa_rescue_strict_no_downgrade_v1",
                                            "nearest_lsoa_rescue_checked_at":  "2026-05-01T01:59:21"
                                        },
                         "geometry":  {
                                          "type":  "Point",
                                          "coordinates":  [
                                                              0.1818658,
                                                              51.5575676
                                                          ]
                                      }
                     },
                     {
                         "type":  "Feature",
                         "properties":  {
                                            "safety_level":  "Iyi",
                                            "confidence_flags":  "LOW_EXTERNAL_SOURCE_HEALTH",
                                            "spatial_match_method":  "parcel_centroid_inside_lsoa_polygon",
                                            "confidence_score":  82.97,
                                            "spatial_score":  100.0,
                                            "security_match_status":  "MATCHED",
                                            "security_parcel_id":  "parcel_56",
                                            "security_lsoa_name":  "Barking and Dagenham 003D",
                                            "security_lsoa_code":  "E01000039",
                                            "confidence_label":  "Cok Yuksek",
                                            "safety_score":  72.03,
                                            "security_borough":  "E09000002",
                                            "enhanced_method_version":  "security_accuracy_enhancement_v2",
                                            "weighted_crime_12m":  279.1,
                                            "weighted_monthly_avg":  23.258333,
                                            "external_source_health_score":  66.67,
                                            "uplift_evidence_score":  88.75,
                                            "uplift_source_health_score":  75.0,
                                            "uplift_reason":  "PROTECTED_EXISTING_HIGH_CONFIDENCE",
                                            "uplift_method_version":  "disk_safe_low_confidence_uplift_v3_write_to_webapp",
                                            "uplift_checked_at":  "2026-05-01T01:32:47",
                                            "nearest_lsoa_rescue_reason":  "PROTECTED_EXISTING_CONFIDENCE",
                                            "nearest_lsoa_rescue_method_version":  "nearest_lsoa_rescue_strict_no_downgrade_v1",
                                            "nearest_lsoa_rescue_checked_at":  "2026-05-01T01:59:21"
                                        },
                         "geometry":  {
                                          "type":  "Point",
                                          "coordinates":  [
                                                              0.1779171,
                                                              51.557946
                                                          ]
                                      }
                     },
                     {
                         "type":  "Feature",
                         "properties":  {
                                            "safety_level":  "Iyi",
                                            "confidence_flags":  "LOW_EXTERNAL_SOURCE_HEALTH",
                                            "spatial_match_method":  "parcel_centroid_inside_lsoa_polygon",
                                            "confidence_score":  82.97,
                                            "spatial_score":  100.0,
                                            "security_match_status":  "MATCHED",
                                            "security_parcel_id":  "parcel_57",
                                            "security_lsoa_name":  "Barking and Dagenham 003D",
                                            "security_lsoa_code":  "E01000039",
                                            "confidence_label":  "Cok Yuksek",
                                            "safety_score":  72.03,
                                            "security_borough":  "E09000002",
                                            "enhanced_method_version":  "security_accuracy_enhancement_v2",
                                            "weighted_crime_12m":  279.1,
                                            "weighted_monthly_avg":  23.258333,
                                            "external_source_health_score":  66.67,
                                            "uplift_evidence_score":  88.75,
                                            "uplift_source_health_score":  75.0,
                                            "uplift_reason":  "PROTECTED_EXISTING_HIGH_CONFIDENCE",
                                            "uplift_method_version":  "disk_safe_low_confidence_uplift_v3_write_to_webapp",
                                            "uplift_checked_at":  "2026-05-01T01:32:47",
                                            "nearest_lsoa_rescue_reason":  "PROTECTED_EXISTING_CONFIDENCE",
                                            "nearest_lsoa_rescue_method_version":  "nearest_lsoa_rescue_strict_no_downgrade_v1",
                                            "nearest_lsoa_rescue_checked_at":  "2026-05-01T01:59:21"
                                        },
                         "geometry":  {
                                          "type":  "Point",
                                          "coordinates":  [
                                                              0.1801763,
                                                              51.5576673
                                                          ]
                                      }
                     },
                     {
                         "type":  "Feature",
                         "properties":  {
                                            "safety_level":  "Iyi",
                                            "confidence_flags":  "LOW_EXTERNAL_SOURCE_HEALTH",
                                            "spatial_match_method":  "parcel_centroid_inside_lsoa_polygon",
                                            "confidence_score":  82.97,
                                            "spatial_score":  100.0,
                                            "security_match_status":  "MATCHED",
                                            "security_parcel_id":  "parcel_58",
                                            "security_lsoa_name":  "Barking and Dagenham 003D",
                                            "security_lsoa_code":  "E01000039",
                                            "confidence_label":  "Cok Yuksek",
                                            "safety_score":  72.03,
                                            "security_borough":  "E09000002",
                                            "enhanced_method_version":  "security_accuracy_enhancement_v2",
                                            "weighted_crime_12m":  279.1,
                                            "weighted_monthly_avg":  23.258333,
                                            "external_source_health_score":  66.67,
                                            "uplift_evidence_score":  88.75,
                                            "uplift_source_health_score":  75.0,
                                            "uplift_reason":  "PROTECTED_EXISTING_HIGH_CONFIDENCE",
                                            "uplift_method_version":  "disk_safe_low_confidence_uplift_v3_write_to_webapp",
                                            "uplift_checked_at":  "2026-05-01T01:32:47",
                                            "nearest_lsoa_rescue_reason":  "PROTECTED_EXISTING_CONFIDENCE",
                                            "nearest_lsoa_rescue_method_version":  "nearest_lsoa_rescue_strict_no_downgrade_v1",
                                            "nearest_lsoa_rescue_checked_at":  "2026-05-01T01:59:21"
                                        },
                         "geometry":  {
                                          "type":  "Point",
                                          "coordinates":  [
                                                              0.1813319,
                                                              51.5571332
                                                          ]
                                      }
                     },
                     {
                         "type":  "Feature",
                         "properties":  {
                                            "safety_level":  "Iyi",
                                            "confidence_flags":  "LOW_EXTERNAL_SOURCE_HEALTH",
                                            "spatial_match_method":  "parcel_centroid_inside_lsoa_polygon",
                                            "confidence_score":  82.97,
                                            "spatial_score":  100.0,
                                            "security_match_status":  "MATCHED",
                                            "security_parcel_id":  "parcel_59",
                                            "security_lsoa_name":  "Barking and Dagenham 003D",
                                            "security_lsoa_code":  "E01000039",
                                            "confidence_label":  "Cok Yuksek",
                                            "safety_score":  72.03,
                                            "security_borough":  "E09000002",
                                            "enhanced_method_version":  "security_accuracy_enhancement_v2",
                                            "weighted_crime_12m":  279.1,
                                            "weighted_monthly_avg":  23.258333,
                                            "external_source_health_score":  66.67,
                                            "uplift_evidence_score":  88.75,
                                            "uplift_source_health_score":  75.0,
                                            "uplift_reason":  "PROTECTED_EXISTING_HIGH_CONFIDENCE",
                                            "uplift_method_version":  "disk_safe_low_confidence_uplift_v3_write_to_webapp",
                                            "uplift_checked_at":  "2026-05-01T01:32:47",
                                            "nearest_lsoa_rescue_reason":  "PROTECTED_EXISTING_CONFIDENCE",
                                            "nearest_lsoa_rescue_method_version":  "nearest_lsoa_rescue_strict_no_downgrade_v1",
                                            "nearest_lsoa_rescue_checked_at":  "2026-05-01T01:59:21"
                                        },
                         "geometry":  {
                                          "type":  "Point",
                                          "coordinates":  [
                                                              0.1790166,
                                                              51.55687
                                                          ]
                                      }
                     },
                     {
                         "type":  "Feature",
                         "properties":  {
                                            "safety_level":  "Iyi",
                                            "confidence_flags":  "LOW_EXTERNAL_SOURCE_HEALTH",
                                            "spatial_match_method":  "parcel_centroid_inside_lsoa_polygon",
                                            "confidence_score":  82.97,
                                            "spatial_score":  100.0,
                                            "security_match_status":  "MATCHED",
                                            "security_parcel_id":  "parcel_60",
                                            "security_lsoa_name":  "Barking and Dagenham 003D",
                                            "security_lsoa_code":  "E01000039",
                                            "confidence_label":  "Cok Yuksek",
                                            "safety_score":  72.03,
                                            "security_borough":  "E09000002",
                                            "enhanced_method_version":  "security_accuracy_enhancement_v2",
                                            "weighted_crime_12m":  279.1,
                                            "weighted_monthly_avg":  23.258333,
                                            "external_source_health_score":  66.67,
                                            "uplift_evidence_score":  88.75,
                                            "uplift_source_health_score":  75.0,
                                            "uplift_reason":  "PROTECTED_EXISTING_HIGH_CONFIDENCE",
                                            "uplift_method_version":  "disk_safe_low_confidence_uplift_v3_write_to_webapp",
                                            "uplift_checked_at":  "2026-05-01T01:32:47",
                                            "nearest_lsoa_rescue_reason":  "PROTECTED_EXISTING_CONFIDENCE",
                                            "nearest_lsoa_rescue_method_version":  "nearest_lsoa_rescue_strict_no_downgrade_v1",
                                            "nearest_lsoa_rescue_checked_at":  "2026-05-01T01:59:21"
                                        },
                         "geometry":  {
                                          "type":  "Point",
                                          "coordinates":  [
                                                              0.1784023,
                                                              51.5567
                                                          ]
                                      }
                     },
                     {
                         "type":  "Feature",
                         "properties":  {
                                            "safety_level":  "Iyi",
                                            "confidence_flags":  "LOW_EXTERNAL_SOURCE_HEALTH",
                                            "spatial_match_method":  "parcel_centroid_inside_lsoa_polygon",
                                            "confidence_score":  82.97,
                                            "spatial_score":  100.0,
                                            "security_match_status":  "MATCHED",
                                            "security_parcel_id":  "parcel_61",
                                            "security_lsoa_name":  "Barking and Dagenham 010C",
                                            "security_lsoa_code":  "E01000107",
                                            "confidence_label":  "Cok Yuksek",
                                            "safety_score":  66.81,
                                            "security_borough":  "E09000002",
                                            "enhanced_method_version":  "security_accuracy_enhancement_v2",
                                            "weighted_crime_12m":  304.4,
                                            "weighted_monthly_avg":  25.366667,
                                            "external_source_health_score":  66.67,
                                            "uplift_evidence_score":  88.75,
                                            "uplift_source_health_score":  75.0,
                                            "uplift_reason":  "PROTECTED_EXISTING_HIGH_CONFIDENCE",
                                            "uplift_method_version":  "disk_safe_low_confidence_uplift_v3_write_to_webapp",
                                            "uplift_checked_at":  "2026-05-01T01:32:47",
                                            "nearest_lsoa_rescue_reason":  "PROTECTED_EXISTING_CONFIDENCE",
                                            "nearest_lsoa_rescue_method_version":  "nearest_lsoa_rescue_strict_no_downgrade_v1",
                                            "nearest_lsoa_rescue_checked_at":  "2026-05-01T01:59:21"
                                        },
                         "geometry":  {
                                          "type":  "Point",
                                          "coordinates":  [
                                                              0.1709723,
                                                              51.5396175
                                                          ]
                                      }
                     },
                     {
                         "type":  "Feature",
                         "properties":  {
                                            "safety_level":  "Iyi",
                                            "confidence_flags":  "LOW_EXTERNAL_SOURCE_HEALTH",
                                            "spatial_match_method":  "parcel_centroid_inside_lsoa_polygon",
                                            "confidence_score":  82.97,
                                            "spatial_score":  100.0,
                                            "security_match_status":  "MATCHED",
                                            "security_parcel_id":  "parcel_62",
                                            "security_lsoa_name":  "Barking and Dagenham 010C",
                                            "security_lsoa_code":  "E01000107",
                                            "confidence_label":  "Cok Yuksek",
                                            "safety_score":  66.81,
                                            "security_borough":  "E09000002",
                                            "enhanced_method_version":  "security_accuracy_enhancement_v2",
                                            "weighted_crime_12m":  304.4,
                                            "weighted_monthly_avg":  25.366667,
                                            "external_source_health_score":  66.67,
                                            "uplift_evidence_score":  88.75,
                                            "uplift_source_health_score":  75.0,
                                            "uplift_reason":  "PROTECTED_EXISTING_HIGH_CONFIDENCE",
                                            "uplift_method_version":  "disk_safe_low_confidence_uplift_v3_write_to_webapp",
                                            "uplift_checked_at":  "2026-05-01T01:32:47",
                                            "nearest_lsoa_rescue_reason":  "PROTECTED_EXISTING_CONFIDENCE",
                                            "nearest_lsoa_rescue_method_version":  "nearest_lsoa_rescue_strict_no_downgrade_v1",
                                            "nearest_lsoa_rescue_checked_at":  "2026-05-01T01:59:21"
                                        },
                         "geometry":  {
                                          "type":  "Point",
                                          "coordinates":  [
                                                              0.1777461,
                                                              51.5429844
                                                          ]
                                      }
                     },
                     {
                         "type":  "Feature",
                         "properties":  {
                                            "safety_level":  "Dusuk",
                                            "confidence_flags":  "LOW_EXTERNAL_SOURCE_HEALTH",
                                            "spatial_match_method":  "parcel_centroid_inside_lsoa_polygon",
                                            "confidence_score":  82.97,
                                            "spatial_score":  100.0,
                                            "security_match_status":  "MATCHED",
                                            "security_parcel_id":  "parcel_63",
                                            "security_lsoa_name":  "Barking and Dagenham 017C",
                                            "security_lsoa_code":  "E01000045",
                                            "confidence_label":  "Cok Yuksek",
                                            "safety_score":  31.56,
                                            "security_borough":  "E09000002",
                                            "enhanced_method_version":  "security_accuracy_enhancement_v2",
                                            "weighted_crime_12m":  530.1,
                                            "weighted_monthly_avg":  44.175,
                                            "external_source_health_score":  66.67,
                                            "uplift_evidence_score":  88.75,
                                            "uplift_source_health_score":  75.0,
                                            "uplift_reason":  "PROTECTED_EXISTING_HIGH_CONFIDENCE",
                                            "uplift_method_version":  "disk_safe_low_confidence_uplift_v3_write_to_webapp",
                                            "uplift_checked_at":  "2026-05-01T01:32:47",
                                            "nearest_lsoa_rescue_reason":  "PROTECTED_EXISTING_CONFIDENCE",
                                            "nearest_lsoa_rescue_method_version":  "nearest_lsoa_rescue_strict_no_downgrade_v1",
                                            "nearest_lsoa_rescue_checked_at":  "2026-05-01T01:59:21"
                                        },
                         "geometry":  {
                                          "type":  "Point",
                                          "coordinates":  [
                                                              0.1162832,
                                                              51.5345788
                                                          ]
                                      }
                     },
                     {
                         "type":  "Feature",
                         "properties":  {
                                            "safety_level":  "Iyi",
                                            "confidence_flags":  "LOW_EXTERNAL_SOURCE_HEALTH",
                                            "spatial_match_method":  "parcel_centroid_inside_lsoa_polygon",
                                            "confidence_score":  82.97,
                                            "spatial_score":  100.0,
                                            "security_match_status":  "MATCHED",
                                            "security_parcel_id":  "parcel_64",
                                            "security_lsoa_name":  "Barking and Dagenham 010C",
                                            "security_lsoa_code":  "E01000107",
                                            "confidence_label":  "Cok Yuksek",
                                            "safety_score":  66.81,
                                            "security_borough":  "E09000002",
                                            "enhanced_method_version":  "security_accuracy_enhancement_v2",
                                            "weighted_crime_12m":  304.4,
                                            "weighted_monthly_avg":  25.366667,
                                            "external_source_health_score":  66.67,
                                            "uplift_evidence_score":  88.75,
                                            "uplift_source_health_score":  75.0,
                                            "uplift_reason":  "PROTECTED_EXISTING_HIGH_CONFIDENCE",
                                            "uplift_method_version":  "disk_safe_low_confidence_uplift_v3_write_to_webapp",
                                            "uplift_checked_at":  "2026-05-01T01:32:47",
                                            "nearest_lsoa_rescue_reason":  "PROTECTED_EXISTING_CONFIDENCE",
                                            "nearest_lsoa_rescue_method_version":  "nearest_lsoa_rescue_strict_no_downgrade_v1",
                                            "nearest_lsoa_rescue_checked_at":  "2026-05-01T01:59:21"
                                        },
                         "geometry":  {
                                          "type":  "Point",
                                          "coordinates":  [
                                                              0.1759913,
                                                              51.5417097
                                                          ]
                                      }
                     },
                     {
                         "type":  "Feature",
                         "properties":  {
                                            "safety_level":  "Iyi",
                                            "confidence_flags":  "LOW_EXTERNAL_SOURCE_HEALTH",
                                            "spatial_match_method":  "parcel_centroid_inside_lsoa_polygon",
                                            "confidence_score":  82.97,
                                            "spatial_score":  100.0,
                                            "security_match_status":  "MATCHED",
                                            "security_parcel_id":  "parcel_65",
                                            "security_lsoa_name":  "Barking and Dagenham 010C",
                                            "security_lsoa_code":  "E01000107",
                                            "confidence_label":  "Cok Yuksek",
                                            "safety_score":  66.81,
                                            "security_borough":  "E09000002",
                                            "enhanced_method_version":  "security_accuracy_enhancement_v2",
                                            "weighted_crime_12m":  304.4,
                                            "weighted_monthly_avg":  25.366667,
                                            "external_source_health_score":  66.67,
                                            "uplift_evidence_score":  88.75,
                                            "uplift_source_health_score":  75.0,
                                            "uplift_reason":  "PROTECTED_EXISTING_HIGH_CONFIDENCE",
                                            "uplift_method_version":  "disk_safe_low_confidence_uplift_v3_write_to_webapp",
                                            "uplift_checked_at":  "2026-05-01T01:32:47",
                                            "nearest_lsoa_rescue_reason":  "PROTECTED_EXISTING_CONFIDENCE",
                                            "nearest_lsoa_rescue_method_version":  "nearest_lsoa_rescue_strict_no_downgrade_v1",
                                            "nearest_lsoa_rescue_checked_at":  "2026-05-01T01:59:21"
                                        },
                         "geometry":  {
                                          "type":  "Point",
                                          "coordinates":  [
                                                              0.1752354,
                                                              51.5422544
                                                          ]
                                      }
                     },
                     {
                         "type":  "Feature",
                         "properties":  {
                                            "safety_level":  "Iyi",
                                            "confidence_flags":  "LOW_EXTERNAL_SOURCE_HEALTH",
                                            "spatial_match_method":  "parcel_centroid_inside_lsoa_polygon",
                                            "confidence_score":  82.97,
                                            "spatial_score":  100.0,
                                            "security_match_status":  "MATCHED",
                                            "security_parcel_id":  "parcel_66",
                                            "security_lsoa_name":  "Barking and Dagenham 010C",
                                            "security_lsoa_code":  "E01000107",
                                            "confidence_label":  "Cok Yuksek",
                                            "safety_score":  66.81,
                                            "security_borough":  "E09000002",
                                            "enhanced_method_version":  "security_accuracy_enhancement_v2",
                                            "weighted_crime_12m":  304.4,
                                            "weighted_monthly_avg":  25.366667,
                                            "external_source_health_score":  66.67,
                                            "uplift_evidence_score":  88.75,
                                            "uplift_source_health_score":  75.0,
                                            "uplift_reason":  "PROTECTED_EXISTING_HIGH_CONFIDENCE",
                                            "uplift_method_version":  "disk_safe_low_confidence_uplift_v3_write_to_webapp",
                                            "uplift_checked_at":  "2026-05-01T01:32:47",
                                            "nearest_lsoa_rescue_reason":  "PROTECTED_EXISTING_CONFIDENCE",
                                            "nearest_lsoa_rescue_method_version":  "nearest_lsoa_rescue_strict_no_downgrade_v1",
                                            "nearest_lsoa_rescue_checked_at":  "2026-05-01T01:59:21"
                                        },
                         "geometry":  {
                                          "type":  "Point",
                                          "coordinates":  [
                                                              0.173149,
                                                              51.542305
                                                          ]
                                      }
                     },
                     {
                         "type":  "Feature",
                         "properties":  {
                                            "safety_level":  "Iyi",
                                            "confidence_flags":  "LOW_EXTERNAL_SOURCE_HEALTH",
                                            "spatial_match_method":  "parcel_centroid_inside_lsoa_polygon",
                                            "confidence_score":  82.97,
                                            "spatial_score":  100.0,
                                            "security_match_status":  "MATCHED",
                                            "security_parcel_id":  "parcel_67",
                                            "security_lsoa_name":  "Barking and Dagenham 010C",
                                            "security_lsoa_code":  "E01000107",
                                            "confidence_label":  "Cok Yuksek",
                                            "safety_score":  66.81,
                                            "security_borough":  "E09000002",
                                            "enhanced_method_version":  "security_accuracy_enhancement_v2",
                                            "weighted_crime_12m":  304.4,
                                            "weighted_monthly_avg":  25.366667,
                                            "external_source_health_score":  66.67,
                                            "uplift_evidence_score":  88.75,
                                            "uplift_source_health_score":  75.0,
                                            "uplift_reason":  "PROTECTED_EXISTING_HIGH_CONFIDENCE",
                                            "uplift_method_version":  "disk_safe_low_confidence_uplift_v3_write_to_webapp",
                                            "uplift_checked_at":  "2026-05-01T01:32:47",
                                            "nearest_lsoa_rescue_reason":  "PROTECTED_EXISTING_CONFIDENCE",
                                            "nearest_lsoa_rescue_method_version":  "nearest_lsoa_rescue_strict_no_downgrade_v1",
                                            "nearest_lsoa_rescue_checked_at":  "2026-05-01T01:59:21"
                                        },
                         "geometry":  {
                                          "type":  "Point",
                                          "coordinates":  [
                                                              0.174171,
                                                              51.5408841
                                                          ]
                                      }
                     },
                     {
                         "type":  "Feature",
                         "properties":  {
                                            "safety_level":  "Iyi",
                                            "confidence_flags":  "LOW_EXTERNAL_SOURCE_HEALTH",
                                            "spatial_match_method":  "parcel_centroid_inside_lsoa_polygon",
                                            "confidence_score":  82.97,
                                            "spatial_score":  100.0,
                                            "security_match_status":  "MATCHED",
                                            "security_parcel_id":  "parcel_68",
                                            "security_lsoa_name":  "Barking and Dagenham 010C",
                                            "security_lsoa_code":  "E01000107",
                                            "confidence_label":  "Cok Yuksek",
                                            "safety_score":  66.81,
                                            "security_borough":  "E09000002",
                                            "enhanced_method_version":  "security_accuracy_enhancement_v2",
                                            "weighted_crime_12m":  304.4,
                                            "weighted_monthly_avg":  25.366667,
                                            "external_source_health_score":  66.67,
                                            "uplift_evidence_score":  88.75,
                                            "uplift_source_health_score":  75.0,
                                            "uplift_reason":  "PROTECTED_EXISTING_HIGH_CONFIDENCE",
                                            "uplift_method_version":  "disk_safe_low_confidence_uplift_v3_write_to_webapp",
                                            "uplift_checked_at":  "2026-05-01T01:32:47",
                                            "nearest_lsoa_rescue_reason":  "PROTECTED_EXISTING_CONFIDENCE",
                                            "nearest_lsoa_rescue_method_version":  "nearest_lsoa_rescue_strict_no_downgrade_v1",
                                            "nearest_lsoa_rescue_checked_at":  "2026-05-01T01:59:21"
                                        },
                         "geometry":  {
                                          "type":  "Point",
                                          "coordinates":  [
                                                              0.1740799,
                                                              51.5393558
                                                          ]
                                      }
                     },
                     {
                         "type":  "Feature",
                         "properties":  {
                                            "safety_level":  "Iyi",
                                            "confidence_flags":  "LOW_EXTERNAL_SOURCE_HEALTH",
                                            "spatial_match_method":  "parcel_centroid_inside_lsoa_polygon",
                                            "confidence_score":  82.97,
                                            "spatial_score":  100.0,
                                            "security_match_status":  "MATCHED",
                                            "security_parcel_id":  "parcel_69",
                                            "security_lsoa_name":  "Barking and Dagenham 010C",
                                            "security_lsoa_code":  "E01000107",
                                            "confidence_label":  "Cok Yuksek",
                                            "safety_score":  66.81,
                                            "security_borough":  "E09000002",
                                            "enhanced_method_version":  "security_accuracy_enhancement_v2",
                                            "weighted_crime_12m":  304.4,
                                            "weighted_monthly_avg":  25.366667,
                                            "external_source_health_score":  66.67,
                                            "uplift_evidence_score":  88.75,
                                            "uplift_source_health_score":  75.0,
                                            "uplift_reason":  "PROTECTED_EXISTING_HIGH_CONFIDENCE",
                                            "uplift_method_version":  "disk_safe_low_confidence_uplift_v3_write_to_webapp",
                                            "uplift_checked_at":  "2026-05-01T01:32:47",
                                            "nearest_lsoa_rescue_reason":  "PROTECTED_EXISTING_CONFIDENCE",
                                            "nearest_lsoa_rescue_method_version":  "nearest_lsoa_rescue_strict_no_downgrade_v1",
                                            "nearest_lsoa_rescue_checked_at":  "2026-05-01T01:59:21"
                                        },
                         "geometry":  {
                                          "type":  "Point",
                                          "coordinates":  [
                                                              0.173821,
                                                              51.5415019
                                                          ]
                                      }
                     },
                     {
                         "type":  "Feature",
                         "properties":  {
                                            "safety_level":  "Iyi",
                                            "confidence_flags":  "LOW_EXTERNAL_SOURCE_HEALTH",
                                            "spatial_match_method":  "parcel_centroid_inside_lsoa_polygon",
                                            "confidence_score":  82.97,
                                            "spatial_score":  100.0,
                                            "security_match_status":  "MATCHED",
                                            "security_parcel_id":  "parcel_70",
                                            "security_lsoa_name":  "Barking and Dagenham 010C",
                                            "security_lsoa_code":  "E01000107",
                                            "confidence_label":  "Cok Yuksek",
                                            "safety_score":  66.81,
                                            "security_borough":  "E09000002",
                                            "enhanced_method_version":  "security_accuracy_enhancement_v2",
                                            "weighted_crime_12m":  304.4,
                                            "weighted_monthly_avg":  25.366667,
                                            "external_source_health_score":  66.67,
                                            "uplift_evidence_score":  88.75,
                                            "uplift_source_health_score":  75.0,
                                            "uplift_reason":  "PROTECTED_EXISTING_HIGH_CONFIDENCE",
                                            "uplift_method_version":  "disk_safe_low_confidence_uplift_v3_write_to_webapp",
                                            "uplift_checked_at":  "2026-05-01T01:32:47",
                                            "nearest_lsoa_rescue_reason":  "PROTECTED_EXISTING_CONFIDENCE",
                                            "nearest_lsoa_rescue_method_version":  "nearest_lsoa_rescue_strict_no_downgrade_v1",
                                            "nearest_lsoa_rescue_checked_at":  "2026-05-01T01:59:21"
                                        },
                         "geometry":  {
                                          "type":  "Point",
                                          "coordinates":  [
                                                              0.1751195,
                                                              51.5402539
                                                          ]
                                      }
                     },
                     {
                         "type":  "Feature",
                         "properties":  {
                                            "safety_level":  "Dusuk",
                                            "confidence_flags":  "LOW_EXTERNAL_SOURCE_HEALTH",
                                            "spatial_match_method":  "parcel_centroid_inside_lsoa_polygon",
                                            "confidence_score":  82.97,
                                            "spatial_score":  100.0,
                                            "security_match_status":  "MATCHED",
                                            "security_parcel_id":  "parcel_71",
                                            "security_lsoa_name":  "Barking and Dagenham 014B",
                                            "security_lsoa_code":  "E01000104",
                                            "confidence_label":  "Cok Yuksek",
                                            "safety_score":  28.88,
                                            "security_borough":  "E09000002",
                                            "enhanced_method_version":  "security_accuracy_enhancement_v2",
                                            "weighted_crime_12m":  557.5,
                                            "weighted_monthly_avg":  46.458333,
                                            "external_source_health_score":  66.67,
                                            "uplift_evidence_score":  88.75,
                                            "uplift_source_health_score":  75.0,
                                            "uplift_reason":  "PROTECTED_EXISTING_HIGH_CONFIDENCE",
                                            "uplift_method_version":  "disk_safe_low_confidence_uplift_v3_write_to_webapp",
                                            "uplift_checked_at":  "2026-05-01T01:32:47",
                                            "nearest_lsoa_rescue_reason":  "PROTECTED_EXISTING_CONFIDENCE",
                                            "nearest_lsoa_rescue_method_version":  "nearest_lsoa_rescue_strict_no_downgrade_v1",
                                            "nearest_lsoa_rescue_checked_at":  "2026-05-01T01:59:21"
                                        },
                         "geometry":  {
                                          "type":  "Point",
                                          "coordinates":  [
                                                              0.1718367,
                                                              51.5381485
                                                          ]
                                      }
                     },
                     {
                         "type":  "Feature",
                         "properties":  {
                                            "safety_level":  "Dusuk",
                                            "confidence_flags":  "LOW_EXTERNAL_SOURCE_HEALTH",
                                            "spatial_match_method":  "parcel_centroid_inside_lsoa_polygon",
                                            "confidence_score":  82.97,
                                            "spatial_score":  100.0,
                                            "security_match_status":  "MATCHED",
                                            "security_parcel_id":  "parcel_72",
                                            "security_lsoa_name":  "Barking and Dagenham 010D",
                                            "security_lsoa_code":  "E01000108",
                                            "confidence_label":  "Cok Yuksek",
                                            "safety_score":  31.06,
                                            "security_borough":  "E09000002",
                                            "enhanced_method_version":  "security_accuracy_enhancement_v2",
                                            "weighted_crime_12m":  535.5,
                                            "weighted_monthly_avg":  44.625,
                                            "external_source_health_score":  66.67,
                                            "uplift_evidence_score":  88.75,
                                            "uplift_source_health_score":  75.0,
                                            "uplift_reason":  "PROTECTED_EXISTING_HIGH_CONFIDENCE",
                                            "uplift_method_version":  "disk_safe_low_confidence_uplift_v3_write_to_webapp",
                                            "uplift_checked_at":  "2026-05-01T01:32:47",
                                            "nearest_lsoa_rescue_reason":  "PROTECTED_EXISTING_CONFIDENCE",
                                            "nearest_lsoa_rescue_method_version":  "nearest_lsoa_rescue_strict_no_downgrade_v1",
                                            "nearest_lsoa_rescue_checked_at":  "2026-05-01T01:59:21"
                                        },
                         "geometry":  {
                                          "type":  "Point",
                                          "coordinates":  [
                                                              0.1717531,
                                                              51.5425422
                                                          ]
                                      }
                     },
                     {
                         "type":  "Feature",
                         "properties":  {
                                            "safety_level":  "Iyi",
                                            "confidence_flags":  "LOW_EXTERNAL_SOURCE_HEALTH",
                                            "spatial_match_method":  "parcel_centroid_inside_lsoa_polygon",
                                            "confidence_score":  82.97,
                                            "spatial_score":  100.0,
                                            "security_match_status":  "MATCHED",
                                            "security_parcel_id":  "parcel_73",
                                            "security_lsoa_name":  "Barking and Dagenham 010C",
                                            "security_lsoa_code":  "E01000107",
                                            "confidence_label":  "Cok Yuksek",
                                            "safety_score":  66.81,
                                            "security_borough":  "E09000002",
                                            "enhanced_method_version":  "security_accuracy_enhancement_v2",
                                            "weighted_crime_12m":  304.4,
                                            "weighted_monthly_avg":  25.366667,
                                            "external_source_health_score":  66.67,
                                            "uplift_evidence_score":  88.75,
                                            "uplift_source_health_score":  75.0,
                                            "uplift_reason":  "PROTECTED_EXISTING_HIGH_CONFIDENCE",
                                            "uplift_method_version":  "disk_safe_low_confidence_uplift_v3_write_to_webapp",
                                            "uplift_checked_at":  "2026-05-01T01:32:47",
                                            "nearest_lsoa_rescue_reason":  "PROTECTED_EXISTING_CONFIDENCE",
                                            "nearest_lsoa_rescue_method_version":  "nearest_lsoa_rescue_strict_no_downgrade_v1",
                                            "nearest_lsoa_rescue_checked_at":  "2026-05-01T01:59:21"
                                        },
                         "geometry":  {
                                          "type":  "Point",
                                          "coordinates":  [
                                                              0.1718073,
                                                              51.5404681
                                                          ]
                                      }
                     },
                     {
                         "type":  "Feature",
                         "properties":  {
                                            "safety_level":  "Iyi",
                                            "confidence_flags":  "LOW_EXTERNAL_SOURCE_HEALTH",
                                            "spatial_match_method":  "parcel_centroid_inside_lsoa_polygon",
                                            "confidence_score":  82.97,
                                            "spatial_score":  100.0,
                                            "security_match_status":  "MATCHED",
                                            "security_parcel_id":  "parcel_74",
                                            "security_lsoa_name":  "Barking and Dagenham 010C",
                                            "security_lsoa_code":  "E01000107",
                                            "confidence_label":  "Cok Yuksek",
                                            "safety_score":  66.81,
                                            "security_borough":  "E09000002",
                                            "enhanced_method_version":  "security_accuracy_enhancement_v2",
                                            "weighted_crime_12m":  304.4,
                                            "weighted_monthly_avg":  25.366667,
                                            "external_source_health_score":  66.67,
                                            "uplift_evidence_score":  88.75,
                                            "uplift_source_health_score":  75.0,
                                            "uplift_reason":  "PROTECTED_EXISTING_HIGH_CONFIDENCE",
                                            "uplift_method_version":  "disk_safe_low_confidence_uplift_v3_write_to_webapp",
                                            "uplift_checked_at":  "2026-05-01T01:32:47",
                                            "nearest_lsoa_rescue_reason":  "PROTECTED_EXISTING_CONFIDENCE",
                                            "nearest_lsoa_rescue_method_version":  "nearest_lsoa_rescue_strict_no_downgrade_v1",
                                            "nearest_lsoa_rescue_checked_at":  "2026-05-01T01:59:21"
                                        },
                         "geometry":  {
                                          "type":  "Point",
                                          "coordinates":  [
                                                              0.1754357,
                                                              51.5430191
                                                          ]
                                      }
                     },
                     {
                         "type":  "Feature",
                         "properties":  {
                                            "safety_level":  "Iyi",
                                            "confidence_flags":  "LOW_EXTERNAL_SOURCE_HEALTH",
                                            "spatial_match_method":  "parcel_centroid_inside_lsoa_polygon",
                                            "confidence_score":  82.97,
                                            "spatial_score":  100.0,
                                            "security_match_status":  "MATCHED",
                                            "security_parcel_id":  "parcel_75",
                                            "security_lsoa_name":  "Barking and Dagenham 010C",
                                            "security_lsoa_code":  "E01000107",
                                            "confidence_label":  "Cok Yuksek",
                                            "safety_score":  66.81,
                                            "security_borough":  "E09000002",
                                            "enhanced_method_version":  "security_accuracy_enhancement_v2",
                                            "weighted_crime_12m":  304.4,
                                            "weighted_monthly_avg":  25.366667,
                                            "external_source_health_score":  66.67,
                                            "uplift_evidence_score":  88.75,
                                            "uplift_source_health_score":  75.0,
                                            "uplift_reason":  "PROTECTED_EXISTING_HIGH_CONFIDENCE",
                                            "uplift_method_version":  "disk_safe_low_confidence_uplift_v3_write_to_webapp",
                                            "uplift_checked_at":  "2026-05-01T01:32:47",
                                            "nearest_lsoa_rescue_reason":  "PROTECTED_EXISTING_CONFIDENCE",
                                            "nearest_lsoa_rescue_method_version":  "nearest_lsoa_rescue_strict_no_downgrade_v1",
                                            "nearest_lsoa_rescue_checked_at":  "2026-05-01T01:59:21"
                                        },
                         "geometry":  {
                                          "type":  "Point",
                                          "coordinates":  [
                                                              0.1726671,
                                                              51.5414391
                                                          ]
                                      }
                     },
                     {
                         "type":  "Feature",
                         "properties":  {
                                            "safety_level":  "Iyi",
                                            "confidence_flags":  "LOW_EXTERNAL_SOURCE_HEALTH",
                                            "spatial_match_method":  "parcel_centroid_inside_lsoa_polygon",
                                            "confidence_score":  82.97,
                                            "spatial_score":  100.0,
                                            "security_match_status":  "MATCHED",
                                            "security_parcel_id":  "parcel_76",
                                            "security_lsoa_name":  "Barking and Dagenham 010C",
                                            "security_lsoa_code":  "E01000107",
                                            "confidence_label":  "Cok Yuksek",
                                            "safety_score":  66.81,
                                            "security_borough":  "E09000002",
                                            "enhanced_method_version":  "security_accuracy_enhancement_v2",
                                            "weighted_crime_12m":  304.4,
                                            "weighted_monthly_avg":  25.366667,
                                            "external_source_health_score":  66.67,
                                            "uplift_evidence_score":  88.75,
                                            "uplift_source_health_score":  75.0,
                                            "uplift_reason":  "PROTECTED_EXISTING_HIGH_CONFIDENCE",
                                            "uplift_method_version":  "disk_safe_low_confidence_uplift_v3_write_to_webapp",
                                            "uplift_checked_at":  "2026-05-01T01:32:47",
                                            "nearest_lsoa_rescue_reason":  "PROTECTED_EXISTING_CONFIDENCE",
                                            "nearest_lsoa_rescue_method_version":  "nearest_lsoa_rescue_strict_no_downgrade_v1",
                                            "nearest_lsoa_rescue_checked_at":  "2026-05-01T01:59:21"
                                        },
                         "geometry":  {
                                          "type":  "Point",
                                          "coordinates":  [
                                                              0.170279,
                                                              51.5407138
                                                          ]
                                      }
                     },
                     {
                         "type":  "Feature",
                         "properties":  {
                                            "safety_level":  "Dusuk",
                                            "confidence_flags":  "LOW_EXTERNAL_SOURCE_HEALTH",
                                            "spatial_match_method":  "parcel_centroid_inside_lsoa_polygon",
                                            "confidence_score":  82.97,
                                            "spatial_score":  100.0,
                                            "security_match_status":  "MATCHED",
                                            "security_parcel_id":  "parcel_77",
                                            "security_lsoa_name":  "Barking and Dagenham 014B",
                                            "security_lsoa_code":  "E01000104",
                                            "confidence_label":  "Cok Yuksek",
                                            "safety_score":  28.88,
                                            "security_borough":  "E09000002",
                                            "enhanced_method_version":  "security_accuracy_enhancement_v2",
                                            "weighted_crime_12m":  557.5,
                                            "weighted_monthly_avg":  46.458333,
                                            "external_source_health_score":  66.67,
                                            "uplift_evidence_score":  88.75,
                                            "uplift_source_health_score":  75.0,
                                            "uplift_reason":  "PROTECTED_EXISTING_HIGH_CONFIDENCE",
                                            "uplift_method_version":  "disk_safe_low_confidence_uplift_v3_write_to_webapp",
                                            "uplift_checked_at":  "2026-05-01T01:32:47",
                                            "nearest_lsoa_rescue_reason":  "PROTECTED_EXISTING_CONFIDENCE",
                                            "nearest_lsoa_rescue_method_version":  "nearest_lsoa_rescue_strict_no_downgrade_v1",
                                            "nearest_lsoa_rescue_checked_at":  "2026-05-01T01:59:21"
                                        },
                         "geometry":  {
                                          "type":  "Point",
                                          "coordinates":  [
                                                              0.1706227,
                                                              51.5378953
                                                          ]
                                      }
                     },
                     {
                         "type":  "Feature",
                         "properties":  {
                                            "safety_level":  "Orta",
                                            "confidence_flags":  "LOW_EXTERNAL_SOURCE_HEALTH",
                                            "spatial_match_method":  "parcel_centroid_inside_lsoa_polygon",
                                            "confidence_score":  82.97,
                                            "spatial_score":  100.0,
                                            "security_match_status":  "MATCHED",
                                            "security_parcel_id":  "parcel_78",
                                            "security_lsoa_name":  "Barking and Dagenham 014A",
                                            "security_lsoa_code":  "E01000103",
                                            "confidence_label":  "Cok Yuksek",
                                            "safety_score":  52.1,
                                            "security_borough":  "E09000002",
                                            "enhanced_method_version":  "security_accuracy_enhancement_v2",
                                            "weighted_crime_12m":  380.8,
                                            "weighted_monthly_avg":  31.733333,
                                            "external_source_health_score":  66.67,
                                            "uplift_evidence_score":  88.75,
                                            "uplift_source_health_score":  75.0,
                                            "uplift_reason":  "PROTECTED_EXISTING_HIGH_CONFIDENCE",
                                            "uplift_method_version":  "disk_safe_low_confidence_uplift_v3_write_to_webapp",
                                            "uplift_checked_at":  "2026-05-01T01:32:47",
                                            "nearest_lsoa_rescue_reason":  "PROTECTED_EXISTING_CONFIDENCE",
                                            "nearest_lsoa_rescue_method_version":  "nearest_lsoa_rescue_strict_no_downgrade_v1",
                                            "nearest_lsoa_rescue_checked_at":  "2026-05-01T01:59:21"
                                        },
                         "geometry":  {
                                          "type":  "Point",
                                          "coordinates":  [
                                                              0.1704584,
                                                              51.5368378
                                                          ]
                                      }
                     },
                     {
                         "type":  "Feature",
                         "properties":  {
                                            "safety_level":  "Dusuk",
                                            "confidence_flags":  "LOW_EXTERNAL_SOURCE_HEALTH",
                                            "spatial_match_method":  "parcel_centroid_inside_lsoa_polygon",
                                            "confidence_score":  82.97,
                                            "spatial_score":  100.0,
                                            "security_match_status":  "MATCHED",
                                            "security_parcel_id":  "parcel_79",
                                            "security_lsoa_name":  "Barking and Dagenham 014B",
                                            "security_lsoa_code":  "E01000104",
                                            "confidence_label":  "Cok Yuksek",
                                            "safety_score":  28.88,
                                            "security_borough":  "E09000002",
                                            "enhanced_method_version":  "security_accuracy_enhancement_v2",
                                            "weighted_crime_12m":  557.5,
                                            "weighted_monthly_avg":  46.458333,
                                            "external_source_health_score":  66.67,
                                            "uplift_evidence_score":  88.75,
                                            "uplift_source_health_score":  75.0,
                                            "uplift_reason":  "PROTECTED_EXISTING_HIGH_CONFIDENCE",
                                            "uplift_method_version":  "disk_safe_low_confidence_uplift_v3_write_to_webapp",
                                            "uplift_checked_at":  "2026-05-01T01:32:47",
                                            "nearest_lsoa_rescue_reason":  "PROTECTED_EXISTING_CONFIDENCE",
                                            "nearest_lsoa_rescue_method_version":  "nearest_lsoa_rescue_strict_no_downgrade_v1",
                                            "nearest_lsoa_rescue_checked_at":  "2026-05-01T01:59:21"
                                        },
                         "geometry":  {
                                          "type":  "Point",
                                          "coordinates":  [
                                                              0.1699009,
                                                              51.5375667
                                                          ]
                                      }
                     },
                     {
                         "type":  "Feature",
                         "properties":  {
                                            "safety_level":  "Dusuk",
                                            "confidence_flags":  "LOW_EXTERNAL_SOURCE_HEALTH",
                                            "spatial_match_method":  "parcel_centroid_inside_lsoa_polygon",
                                            "confidence_score":  82.97,
                                            "spatial_score":  100.0,
                                            "security_match_status":  "MATCHED",
                                            "security_parcel_id":  "parcel_80",
                                            "security_lsoa_name":  "Barking and Dagenham 014B",
                                            "security_lsoa_code":  "E01000104",
                                            "confidence_label":  "Cok Yuksek",
                                            "safety_score":  28.88,
                                            "security_borough":  "E09000002",
                                            "enhanced_method_version":  "security_accuracy_enhancement_v2",
                                            "weighted_crime_12m":  557.5,
                                            "weighted_monthly_avg":  46.458333,
                                            "external_source_health_score":  66.67,
                                            "uplift_evidence_score":  88.75,
                                            "uplift_source_health_score":  75.0,
                                            "uplift_reason":  "PROTECTED_EXISTING_HIGH_CONFIDENCE",
                                            "uplift_method_version":  "disk_safe_low_confidence_uplift_v3_write_to_webapp",
                                            "uplift_checked_at":  "2026-05-01T01:32:47",
                                            "nearest_lsoa_rescue_reason":  "PROTECTED_EXISTING_CONFIDENCE",
                                            "nearest_lsoa_rescue_method_version":  "nearest_lsoa_rescue_strict_no_downgrade_v1",
                                            "nearest_lsoa_rescue_checked_at":  "2026-05-01T01:59:21"
                                        },
                         "geometry":  {
                                          "type":  "Point",
                                          "coordinates":  [
                                                              0.1700455,
                                                              51.5384691
                                                          ]
                                      }
                     },
                     {
                         "type":  "Feature",
                         "properties":  {
                                            "safety_level":  "Dusuk",
                                            "confidence_flags":  "LOW_EXTERNAL_SOURCE_HEALTH",
                                            "spatial_match_method":  "parcel_centroid_inside_lsoa_polygon",
                                            "confidence_score":  82.97,
                                            "spatial_score":  100.0,
                                            "security_match_status":  "MATCHED",
                                            "security_parcel_id":  "parcel_81",
                                            "security_lsoa_name":  "Barking and Dagenham 010D",
                                            "security_lsoa_code":  "E01000108",
                                            "confidence_label":  "Cok Yuksek",
                                            "safety_score":  31.06,
                                            "security_borough":  "E09000002",
                                            "enhanced_method_version":  "security_accuracy_enhancement_v2",
                                            "weighted_crime_12m":  535.5,
                                            "weighted_monthly_avg":  44.625,
                                            "external_source_health_score":  66.67,
                                            "uplift_evidence_score":  88.75,
                                            "uplift_source_health_score":  75.0,
                                            "uplift_reason":  "PROTECTED_EXISTING_HIGH_CONFIDENCE",
                                            "uplift_method_version":  "disk_safe_low_confidence_uplift_v3_write_to_webapp",
                                            "uplift_checked_at":  "2026-05-01T01:32:47",
                                            "nearest_lsoa_rescue_reason":  "PROTECTED_EXISTING_CONFIDENCE",
                                            "nearest_lsoa_rescue_method_version":  "nearest_lsoa_rescue_strict_no_downgrade_v1",
                                            "nearest_lsoa_rescue_checked_at":  "2026-05-01T01:59:21"
                                        },
                         "geometry":  {
                                          "type":  "Point",
                                          "coordinates":  [
                                                              0.1712198,
                                                              51.5430071
                                                          ]
                                      }
                     },
                     {
                         "type":  "Feature",
                         "properties":  {
                                            "safety_level":  "Dusuk",
                                            "confidence_flags":  "LOW_EXTERNAL_SOURCE_HEALTH",
                                            "spatial_match_method":  "parcel_centroid_inside_lsoa_polygon",
                                            "confidence_score":  82.97,
                                            "spatial_score":  100.0,
                                            "security_match_status":  "MATCHED",
                                            "security_parcel_id":  "parcel_82",
                                            "security_lsoa_name":  "Barking and Dagenham 010B",
                                            "security_lsoa_code":  "E01000036",
                                            "confidence_label":  "Cok Yuksek",
                                            "safety_score":  22.8,
                                            "security_borough":  "E09000002",
                                            "enhanced_method_version":  "security_accuracy_enhancement_v2",
                                            "weighted_crime_12m":  643.3,
                                            "weighted_monthly_avg":  53.608333,
                                            "external_source_health_score":  66.67,
                                            "uplift_evidence_score":  88.75,
                                            "uplift_source_health_score":  75.0,
                                            "uplift_reason":  "PROTECTED_EXISTING_HIGH_CONFIDENCE",
                                            "uplift_method_version":  "disk_safe_low_confidence_uplift_v3_write_to_webapp",
                                            "uplift_checked_at":  "2026-05-01T01:32:47",
                                            "nearest_lsoa_rescue_reason":  "PROTECTED_EXISTING_CONFIDENCE",
                                            "nearest_lsoa_rescue_method_version":  "nearest_lsoa_rescue_strict_no_downgrade_v1",
                                            "nearest_lsoa_rescue_checked_at":  "2026-05-01T01:59:21"
                                        },
                         "geometry":  {
                                          "type":  "Point",
                                          "coordinates":  [
                                                              0.1717507,
                                                              51.5458507
                                                          ]
                                      }
                     },
                     {
                         "type":  "Feature",
                         "properties":  {
                                            "safety_level":  "Iyi",
                                            "confidence_flags":  "LOW_EXTERNAL_SOURCE_HEALTH",
                                            "spatial_match_method":  "parcel_centroid_inside_lsoa_polygon",
                                            "confidence_score":  82.97,
                                            "spatial_score":  100.0,
                                            "security_match_status":  "MATCHED",
                                            "security_parcel_id":  "parcel_83",
                                            "security_lsoa_name":  "Barking and Dagenham 010C",
                                            "security_lsoa_code":  "E01000107",
                                            "confidence_label":  "Cok Yuksek",
                                            "safety_score":  66.81,
                                            "security_borough":  "E09000002",
                                            "enhanced_method_version":  "security_accuracy_enhancement_v2",
                                            "weighted_crime_12m":  304.4,
                                            "weighted_monthly_avg":  25.366667,
                                            "external_source_health_score":  66.67,
                                            "uplift_evidence_score":  88.75,
                                            "uplift_source_health_score":  75.0,
                                            "uplift_reason":  "PROTECTED_EXISTING_HIGH_CONFIDENCE",
                                            "uplift_method_version":  "disk_safe_low_confidence_uplift_v3_write_to_webapp",
                                            "uplift_checked_at":  "2026-05-01T01:32:47",
                                            "nearest_lsoa_rescue_reason":  "PROTECTED_EXISTING_CONFIDENCE",
                                            "nearest_lsoa_rescue_method_version":  "nearest_lsoa_rescue_strict_no_downgrade_v1",
                                            "nearest_lsoa_rescue_checked_at":  "2026-05-01T01:59:21"
                                        },
                         "geometry":  {
                                          "type":  "Point",
                                          "coordinates":  [
                                                              0.1730469,
                                                              51.5430454
                                                          ]
                                      }
                     },
                     {
                         "type":  "Feature",
                         "properties":  {
                                            "safety_level":  "Orta",
                                            "confidence_flags":  "LOW_EXTERNAL_SOURCE_HEALTH",
                                            "spatial_match_method":  "parcel_centroid_inside_lsoa_polygon",
                                            "confidence_score":  82.97,
                                            "spatial_score":  100.0,
                                            "security_match_status":  "MATCHED",
                                            "security_parcel_id":  "parcel_84",
                                            "security_lsoa_name":  "Barking and Dagenham 014A",
                                            "security_lsoa_code":  "E01000103",
                                            "confidence_label":  "Cok Yuksek",
                                            "safety_score":  52.1,
                                            "security_borough":  "E09000002",
                                            "enhanced_method_version":  "security_accuracy_enhancement_v2",
                                            "weighted_crime_12m":  380.8,
                                            "weighted_monthly_avg":  31.733333,
                                            "external_source_health_score":  66.67,
                                            "uplift_evidence_score":  88.75,
                                            "uplift_source_health_score":  75.0,
                                            "uplift_reason":  "PROTECTED_EXISTING_HIGH_CONFIDENCE",
                                            "uplift_method_version":  "disk_safe_low_confidence_uplift_v3_write_to_webapp",
                                            "uplift_checked_at":  "2026-05-01T01:32:47",
                                            "nearest_lsoa_rescue_reason":  "PROTECTED_EXISTING_CONFIDENCE",
                                            "nearest_lsoa_rescue_method_version":  "nearest_lsoa_rescue_strict_no_downgrade_v1",
                                            "nearest_lsoa_rescue_checked_at":  "2026-05-01T01:59:21"
                                        },
                         "geometry":  {
                                          "type":  "Point",
                                          "coordinates":  [
                                                              0.1706549,
                                                              51.535038
                                                          ]
                                      }
                     },
                     {
                         "type":  "Feature",
                         "properties":  {
                                            "safety_level":  "Orta",
                                            "confidence_flags":  "LOW_EXTERNAL_SOURCE_HEALTH",
                                            "spatial_match_method":  "parcel_centroid_inside_lsoa_polygon",
                                            "confidence_score":  82.97,
                                            "spatial_score":  100.0,
                                            "security_match_status":  "MATCHED",
                                            "security_parcel_id":  "parcel_85",
                                            "security_lsoa_name":  "Barking and Dagenham 014A",
                                            "security_lsoa_code":  "E01000103",
                                            "confidence_label":  "Cok Yuksek",
                                            "safety_score":  52.1,
                                            "security_borough":  "E09000002",
                                            "enhanced_method_version":  "security_accuracy_enhancement_v2",
                                            "weighted_crime_12m":  380.8,
                                            "weighted_monthly_avg":  31.733333,
                                            "external_source_health_score":  66.67,
                                            "uplift_evidence_score":  88.75,
                                            "uplift_source_health_score":  75.0,
                                            "uplift_reason":  "PROTECTED_EXISTING_HIGH_CONFIDENCE",
                                            "uplift_method_version":  "disk_safe_low_confidence_uplift_v3_write_to_webapp",
                                            "uplift_checked_at":  "2026-05-01T01:32:47",
                                            "nearest_lsoa_rescue_reason":  "PROTECTED_EXISTING_CONFIDENCE",
                                            "nearest_lsoa_rescue_method_version":  "nearest_lsoa_rescue_strict_no_downgrade_v1",
                                            "nearest_lsoa_rescue_checked_at":  "2026-05-01T01:59:21"
                                        },
                         "geometry":  {
                                          "type":  "Point",
                                          "coordinates":  [
                                                              0.1695834,
                                                              51.5349472
                                                          ]
                                      }
                     },
                     {
                         "type":  "Feature",
                         "properties":  {
                                            "safety_level":  "Orta",
                                            "confidence_flags":  "LOW_EXTERNAL_SOURCE_HEALTH",
                                            "spatial_match_method":  "parcel_centroid_inside_lsoa_polygon",
                                            "confidence_score":  82.97,
                                            "spatial_score":  100.0,
                                            "security_match_status":  "MATCHED",
                                            "security_parcel_id":  "parcel_86",
                                            "security_lsoa_name":  "Barking and Dagenham 014A",
                                            "security_lsoa_code":  "E01000103",
                                            "confidence_label":  "Cok Yuksek",
                                            "safety_score":  52.1,
                                            "security_borough":  "E09000002",
                                            "enhanced_method_version":  "security_accuracy_enhancement_v2",
                                            "weighted_crime_12m":  380.8,
                                            "weighted_monthly_avg":  31.733333,
                                            "external_source_health_score":  66.67,
                                            "uplift_evidence_score":  88.75,
                                            "uplift_source_health_score":  75.0,
                                            "uplift_reason":  "PROTECTED_EXISTING_HIGH_CONFIDENCE",
                                            "uplift_method_version":  "disk_safe_low_confidence_uplift_v3_write_to_webapp",
                                            "uplift_checked_at":  "2026-05-01T01:32:47",
                                            "nearest_lsoa_rescue_reason":  "PROTECTED_EXISTING_CONFIDENCE",
                                            "nearest_lsoa_rescue_method_version":  "nearest_lsoa_rescue_strict_no_downgrade_v1",
                                            "nearest_lsoa_rescue_checked_at":  "2026-05-01T01:59:21"
                                        },
                         "geometry":  {
                                          "type":  "Point",
                                          "coordinates":  [
                                                              0.1691969,
                                                              51.5340844
                                                          ]
                                      }
                     },
                     {
                         "type":  "Feature",
                         "properties":  {
                                            "safety_level":  "Orta",
                                            "confidence_flags":  "LOW_EXTERNAL_SOURCE_HEALTH",
                                            "spatial_match_method":  "parcel_centroid_inside_lsoa_polygon",
                                            "confidence_score":  82.97,
                                            "spatial_score":  100.0,
                                            "security_match_status":  "MATCHED",
                                            "security_parcel_id":  "parcel_87",
                                            "security_lsoa_name":  "Barking and Dagenham 014A",
                                            "security_lsoa_code":  "E01000103",
                                            "confidence_label":  "Cok Yuksek",
                                            "safety_score":  52.1,
                                            "security_borough":  "E09000002",
                                            "enhanced_method_version":  "security_accuracy_enhancement_v2",
                                            "weighted_crime_12m":  380.8,
                                            "weighted_monthly_avg":  31.733333,
                                            "external_source_health_score":  66.67,
                                            "uplift_evidence_score":  88.75,
                                            "uplift_source_health_score":  75.0,
                                            "uplift_reason":  "PROTECTED_EXISTING_HIGH_CONFIDENCE",
                                            "uplift_method_version":  "disk_safe_low_confidence_uplift_v3_write_to_webapp",
                                            "uplift_checked_at":  "2026-05-01T01:32:47",
                                            "nearest_lsoa_rescue_reason":  "PROTECTED_EXISTING_CONFIDENCE",
                                            "nearest_lsoa_rescue_method_version":  "nearest_lsoa_rescue_strict_no_downgrade_v1",
                                            "nearest_lsoa_rescue_checked_at":  "2026-05-01T01:59:21"
                                        },
                         "geometry":  {
                                          "type":  "Point",
                                          "coordinates":  [
                                                              0.1696667,
                                                              51.5343904
                                                          ]
                                      }
                     },
                     {
                         "type":  "Feature",
                         "properties":  {
                                            "safety_level":  "Orta",
                                            "confidence_flags":  "LOW_EXTERNAL_SOURCE_HEALTH",
                                            "spatial_match_method":  "parcel_centroid_inside_lsoa_polygon",
                                            "confidence_score":  82.97,
                                            "spatial_score":  100.0,
                                            "security_match_status":  "MATCHED",
                                            "security_parcel_id":  "parcel_88",
                                            "security_lsoa_name":  "Barking and Dagenham 014A",
                                            "security_lsoa_code":  "E01000103",
                                            "confidence_label":  "Cok Yuksek",
                                            "safety_score":  52.1,
                                            "security_borough":  "E09000002",
                                            "enhanced_method_version":  "security_accuracy_enhancement_v2",
                                            "weighted_crime_12m":  380.8,
                                            "weighted_monthly_avg":  31.733333,
                                            "external_source_health_score":  66.67,
                                            "uplift_evidence_score":  88.75,
                                            "uplift_source_health_score":  75.0,
                                            "uplift_reason":  "PROTECTED_EXISTING_HIGH_CONFIDENCE",
                                            "uplift_method_version":  "disk_safe_low_confidence_uplift_v3_write_to_webapp",
                                            "uplift_checked_at":  "2026-05-01T01:32:47",
                                            "nearest_lsoa_rescue_reason":  "PROTECTED_EXISTING_CONFIDENCE",
                                            "nearest_lsoa_rescue_method_version":  "nearest_lsoa_rescue_strict_no_downgrade_v1",
                                            "nearest_lsoa_rescue_checked_at":  "2026-05-01T01:59:21"
                                        },
                         "geometry":  {
                                          "type":  "Point",
                                          "coordinates":  [
                                                              0.1685891,
                                                              51.5362493
                                                          ]
                                      }
                     },
                     {
                         "type":  "Feature",
                         "properties":  {
                                            "safety_level":  "Orta",
                                            "confidence_flags":  "LOW_EXTERNAL_SOURCE_HEALTH",
                                            "spatial_match_method":  "parcel_centroid_inside_lsoa_polygon",
                                            "confidence_score":  82.97,
                                            "spatial_score":  100.0,
                                            "security_match_status":  "MATCHED",
                                            "security_parcel_id":  "parcel_89",
                                            "security_lsoa_name":  "Barking and Dagenham 014A",
                                            "security_lsoa_code":  "E01000103",
                                            "confidence_label":  "Cok Yuksek",
                                            "safety_score":  52.1,
                                            "security_borough":  "E09000002",
                                            "enhanced_method_version":  "security_accuracy_enhancement_v2",
                                            "weighted_crime_12m":  380.8,
                                            "weighted_monthly_avg":  31.733333,
                                            "external_source_health_score":  66.67,
                                            "uplift_evidence_score":  88.75,
                                            "uplift_source_health_score":  75.0,
                                            "uplift_reason":  "PROTECTED_EXISTING_HIGH_CONFIDENCE",
                                            "uplift_method_version":  "disk_safe_low_confidence_uplift_v3_write_to_webapp",
                                            "uplift_checked_at":  "2026-05-01T01:32:47",
                                            "nearest_lsoa_rescue_reason":  "PROTECTED_EXISTING_CONFIDENCE",
                                            "nearest_lsoa_rescue_method_version":  "nearest_lsoa_rescue_strict_no_downgrade_v1",
                                            "nearest_lsoa_rescue_checked_at":  "2026-05-01T01:59:21"
                                        },
                         "geometry":  {
                                          "type":  "Point",
                                          "coordinates":  [
                                                              0.1677469,
                                                              51.5359317
                                                          ]
                                      }
                     },
                     {
                         "type":  "Feature",
                         "properties":  {
                                            "safety_level":  "Orta",
                                            "confidence_flags":  "LOW_EXTERNAL_SOURCE_HEALTH",
                                            "spatial_match_method":  "parcel_centroid_inside_lsoa_polygon",
                                            "confidence_score":  82.97,
                                            "spatial_score":  100.0,
                                            "security_match_status":  "MATCHED",
                                            "security_parcel_id":  "parcel_90",
                                            "security_lsoa_name":  "Barking and Dagenham 014A",
                                            "security_lsoa_code":  "E01000103",
                                            "confidence_label":  "Cok Yuksek",
                                            "safety_score":  52.1,
                                            "security_borough":  "E09000002",
                                            "enhanced_method_version":  "security_accuracy_enhancement_v2",
                                            "weighted_crime_12m":  380.8,
                                            "weighted_monthly_avg":  31.733333,
                                            "external_source_health_score":  66.67,
                                            "uplift_evidence_score":  88.75,
                                            "uplift_source_health_score":  75.0,
                                            "uplift_reason":  "PROTECTED_EXISTING_HIGH_CONFIDENCE",
                                            "uplift_method_version":  "disk_safe_low_confidence_uplift_v3_write_to_webapp",
                                            "uplift_checked_at":  "2026-05-01T01:32:47",
                                            "nearest_lsoa_rescue_reason":  "PROTECTED_EXISTING_CONFIDENCE",
                                            "nearest_lsoa_rescue_method_version":  "nearest_lsoa_rescue_strict_no_downgrade_v1",
                                            "nearest_lsoa_rescue_checked_at":  "2026-05-01T01:59:21"
                                        },
                         "geometry":  {
                                          "type":  "Point",
                                          "coordinates":  [
                                                              0.1685149,
                                                              51.5354728
                                                          ]
                                      }
                     },
                     {
                         "type":  "Feature",
                         "properties":  {
                                            "safety_level":  "Orta",
                                            "confidence_flags":  "LOW_EXTERNAL_SOURCE_HEALTH",
                                            "spatial_match_method":  "parcel_centroid_inside_lsoa_polygon",
                                            "confidence_score":  82.97,
                                            "spatial_score":  100.0,
                                            "security_match_status":  "MATCHED",
                                            "security_parcel_id":  "parcel_91",
                                            "security_lsoa_name":  "Barking and Dagenham 020D",
                                            "security_lsoa_code":  "E01000089",
                                            "confidence_label":  "Cok Yuksek",
                                            "safety_score":  48.17,
                                            "security_borough":  "E09000002",
                                            "enhanced_method_version":  "security_accuracy_enhancement_v2",
                                            "weighted_crime_12m":  403.8,
                                            "weighted_monthly_avg":  33.65,
                                            "external_source_health_score":  66.67,
                                            "uplift_evidence_score":  88.75,
                                            "uplift_source_health_score":  75.0,
                                            "uplift_reason":  "PROTECTED_EXISTING_HIGH_CONFIDENCE",
                                            "uplift_method_version":  "disk_safe_low_confidence_uplift_v3_write_to_webapp",
                                            "uplift_checked_at":  "2026-05-01T01:32:47",
                                            "nearest_lsoa_rescue_reason":  "PROTECTED_EXISTING_CONFIDENCE",
                                            "nearest_lsoa_rescue_method_version":  "nearest_lsoa_rescue_strict_no_downgrade_v1",
                                            "nearest_lsoa_rescue_checked_at":  "2026-05-01T01:59:21"
                                        },
                         "geometry":  {
                                          "type":  "Point",
                                          "coordinates":  [
                                                              0.1634299,
                                                              51.5294241
                                                          ]
                                      }
                     },
                     {
                         "type":  "Feature",
                         "properties":  {
                                            "safety_level":  "Orta",
                                            "confidence_flags":  "LOW_EXTERNAL_SOURCE_HEALTH",
                                            "spatial_match_method":  "parcel_centroid_inside_lsoa_polygon",
                                            "confidence_score":  82.97,
                                            "spatial_score":  100.0,
                                            "security_match_status":  "MATCHED",
                                            "security_parcel_id":  "parcel_92",
                                            "security_lsoa_name":  "Barking and Dagenham 020D",
                                            "security_lsoa_code":  "E01000089",
                                            "confidence_label":  "Cok Yuksek",
                                            "safety_score":  48.17,
                                            "security_borough":  "E09000002",
                                            "enhanced_method_version":  "security_accuracy_enhancement_v2",
                                            "weighted_crime_12m":  403.8,
                                            "weighted_monthly_avg":  33.65,
                                            "external_source_health_score":  66.67,
                                            "uplift_evidence_score":  88.75,
                                            "uplift_source_health_score":  75.0,
                                            "uplift_reason":  "PROTECTED_EXISTING_HIGH_CONFIDENCE",
                                            "uplift_method_version":  "disk_safe_low_confidence_uplift_v3_write_to_webapp",
                                            "uplift_checked_at":  "2026-05-01T01:32:47",
                                            "nearest_lsoa_rescue_reason":  "PROTECTED_EXISTING_CONFIDENCE",
                                            "nearest_lsoa_rescue_method_version":  "nearest_lsoa_rescue_strict_no_downgrade_v1",
                                            "nearest_lsoa_rescue_checked_at":  "2026-05-01T01:59:21"
                                        },
                         "geometry":  {
                                          "type":  "Point",
                                          "coordinates":  [
                                                              0.1624423,
                                                              51.5289992
                                                          ]
                                      }
                     },
                     {
                         "type":  "Feature",
                         "properties":  {
                                            "safety_level":  "Orta",
                                            "confidence_flags":  "LOW_EXTERNAL_SOURCE_HEALTH",
                                            "spatial_match_method":  "parcel_centroid_inside_lsoa_polygon",
                                            "confidence_score":  82.97,
                                            "spatial_score":  100.0,
                                            "security_match_status":  "MATCHED",
                                            "security_parcel_id":  "parcel_93",
                                            "security_lsoa_name":  "Barking and Dagenham 020D",
                                            "security_lsoa_code":  "E01000089",
                                            "confidence_label":  "Cok Yuksek",
                                            "safety_score":  48.17,
                                            "security_borough":  "E09000002",
                                            "enhanced_method_version":  "security_accuracy_enhancement_v2",
                                            "weighted_crime_12m":  403.8,
                                            "weighted_monthly_avg":  33.65,
                                            "external_source_health_score":  66.67,
                                            "uplift_evidence_score":  88.75,
                                            "uplift_source_health_score":  75.0,
                                            "uplift_reason":  "PROTECTED_EXISTING_HIGH_CONFIDENCE",
                                            "uplift_method_version":  "disk_safe_low_confidence_uplift_v3_write_to_webapp",
                                            "uplift_checked_at":  "2026-05-01T01:32:47",
                                            "nearest_lsoa_rescue_reason":  "PROTECTED_EXISTING_CONFIDENCE",
                                            "nearest_lsoa_rescue_method_version":  "nearest_lsoa_rescue_strict_no_downgrade_v1",
                                            "nearest_lsoa_rescue_checked_at":  "2026-05-01T01:59:21"
                                        },
                         "geometry":  {
                                          "type":  "Point",
                                          "coordinates":  [
                                                              0.1628958,
                                                              51.528425
                                                          ]
                                      }
                     },
                     {
                         "type":  "Feature",
                         "properties":  {
                                            "safety_level":  "Orta",
                                            "confidence_flags":  "LOW_EXTERNAL_SOURCE_HEALTH",
                                            "spatial_match_method":  "parcel_centroid_inside_lsoa_polygon",
                                            "confidence_score":  82.97,
                                            "spatial_score":  100.0,
                                            "security_match_status":  "MATCHED",
                                            "security_parcel_id":  "parcel_94",
                                            "security_lsoa_name":  "Barking and Dagenham 020D",
                                            "security_lsoa_code":  "E01000089",
                                            "confidence_label":  "Cok Yuksek",
                                            "safety_score":  48.17,
                                            "security_borough":  "E09000002",
                                            "enhanced_method_version":  "security_accuracy_enhancement_v2",
                                            "weighted_crime_12m":  403.8,
                                            "weighted_monthly_avg":  33.65,
                                            "external_source_health_score":  66.67,
                                            "uplift_evidence_score":  88.75,
                                            "uplift_source_health_score":  75.0,
                                            "uplift_reason":  "PROTECTED_EXISTING_HIGH_CONFIDENCE",
                                            "uplift_method_version":  "disk_safe_low_confidence_uplift_v3_write_to_webapp",
                                            "uplift_checked_at":  "2026-05-01T01:32:47",
                                            "nearest_lsoa_rescue_reason":  "PROTECTED_EXISTING_CONFIDENCE",
                                            "nearest_lsoa_rescue_method_version":  "nearest_lsoa_rescue_strict_no_downgrade_v1",
                                            "nearest_lsoa_rescue_checked_at":  "2026-05-01T01:59:21"
                                        },
                         "geometry":  {
                                          "type":  "Point",
                                          "coordinates":  [
                                                              0.1629609,
                                                              51.5299971
                                                          ]
                                      }
                     },
                     {
                         "type":  "Feature",
                         "properties":  {
                                            "safety_level":  "Orta",
                                            "confidence_flags":  "LOW_EXTERNAL_SOURCE_HEALTH",
                                            "spatial_match_method":  "parcel_centroid_inside_lsoa_polygon",
                                            "confidence_score":  82.97,
                                            "spatial_score":  100.0,
                                            "security_match_status":  "MATCHED",
                                            "security_parcel_id":  "parcel_95",
                                            "security_lsoa_name":  "Barking and Dagenham 020D",
                                            "security_lsoa_code":  "E01000089",
                                            "confidence_label":  "Cok Yuksek",
                                            "safety_score":  48.17,
                                            "security_borough":  "E09000002",
                                            "enhanced_method_version":  "security_accuracy_enhancement_v2",
                                            "weighted_crime_12m":  403.8,
                                            "weighted_monthly_avg":  33.65,
                                            "external_source_health_score":  66.67,
                                            "uplift_evidence_score":  88.75,
                                            "uplift_source_health_score":  75.0,
                                            "uplift_reason":  "PROTECTED_EXISTING_HIGH_CONFIDENCE",
                                            "uplift_method_version":  "disk_safe_low_confidence_uplift_v3_write_to_webapp",
                                            "uplift_checked_at":  "2026-05-01T01:32:47",
                                            "nearest_lsoa_rescue_reason":  "PROTECTED_EXISTING_CONFIDENCE",
                                            "nearest_lsoa_rescue_method_version":  "nearest_lsoa_rescue_strict_no_downgrade_v1",
                                            "nearest_lsoa_rescue_checked_at":  "2026-05-01T01:59:21"
                                        },
                         "geometry":  {
                                          "type":  "Point",
                                          "coordinates":  [
                                                              0.1620482,
                                                              51.5295467
                                                          ]
                                      }
                     },
                     {
                         "type":  "Feature",
                         "properties":  {
                                            "safety_level":  "Orta",
                                            "confidence_flags":  "LOW_EXTERNAL_SOURCE_HEALTH",
                                            "spatial_match_method":  "parcel_centroid_inside_lsoa_polygon",
                                            "confidence_score":  82.97,
                                            "spatial_score":  100.0,
                                            "security_match_status":  "MATCHED",
                                            "security_parcel_id":  "parcel_96",
                                            "security_lsoa_name":  "Barking and Dagenham 020D",
                                            "security_lsoa_code":  "E01000089",
                                            "confidence_label":  "Cok Yuksek",
                                            "safety_score":  48.17,
                                            "security_borough":  "E09000002",
                                            "enhanced_method_version":  "security_accuracy_enhancement_v2",
                                            "weighted_crime_12m":  403.8,
                                            "weighted_monthly_avg":  33.65,
                                            "external_source_health_score":  66.67,
                                            "uplift_evidence_score":  88.75,
                                            "uplift_source_health_score":  75.0,
                                            "uplift_reason":  "PROTECTED_EXISTING_HIGH_CONFIDENCE",
                                            "uplift_method_version":  "disk_safe_low_confidence_uplift_v3_write_to_webapp",
                                            "uplift_checked_at":  "2026-05-01T01:32:47",
                                            "nearest_lsoa_rescue_reason":  "PROTECTED_EXISTING_CONFIDENCE",
                                            "nearest_lsoa_rescue_method_version":  "nearest_lsoa_rescue_strict_no_downgrade_v1",
                                            "nearest_lsoa_rescue_checked_at":  "2026-05-01T01:59:21"
                                        },
                         "geometry":  {
                                          "type":  "Point",
                                          "coordinates":  [
                                                              0.1617705,
                                                              51.5305354
                                                          ]
                                      }
                     },
                     {
                         "type":  "Feature",
                         "properties":  {
                                            "safety_level":  "Cok Dusuk",
                                            "confidence_flags":  "LOW_EXTERNAL_SOURCE_HEALTH",
                                            "spatial_match_method":  "parcel_centroid_inside_lsoa_polygon",
                                            "confidence_score":  82.97,
                                            "spatial_score":  100.0,
                                            "security_match_status":  "MATCHED",
                                            "security_parcel_id":  "parcel_97",
                                            "security_lsoa_name":  "Barking and Dagenham 020E",
                                            "security_lsoa_code":  "E01000090",
                                            "confidence_label":  "Cok Yuksek",
                                            "safety_score":  12.13,
                                            "security_borough":  "E09000002",
                                            "enhanced_method_version":  "security_accuracy_enhancement_v2",
                                            "weighted_crime_12m":  902.4,
                                            "weighted_monthly_avg":  75.2,
                                            "external_source_health_score":  66.67,
                                            "uplift_evidence_score":  88.75,
                                            "uplift_source_health_score":  75.0,
                                            "uplift_reason":  "PROTECTED_EXISTING_HIGH_CONFIDENCE",
                                            "uplift_method_version":  "disk_safe_low_confidence_uplift_v3_write_to_webapp",
                                            "uplift_checked_at":  "2026-05-01T01:32:47",
                                            "nearest_lsoa_rescue_reason":  "PROTECTED_EXISTING_CONFIDENCE",
                                            "nearest_lsoa_rescue_method_version":  "nearest_lsoa_rescue_strict_no_downgrade_v1",
                                            "nearest_lsoa_rescue_checked_at":  "2026-05-01T01:59:21"
                                        },
                         "geometry":  {
                                          "type":  "Point",
                                          "coordinates":  [
                                                              0.1607459,
                                                              51.5288119
                                                          ]
                                      }
                     },
                     {
                         "type":  "Feature",
                         "properties":  {
                                            "safety_level":  "Cok Dusuk",
                                            "confidence_flags":  "LOW_EXTERNAL_SOURCE_HEALTH",
                                            "spatial_match_method":  "parcel_centroid_inside_lsoa_polygon",
                                            "confidence_score":  82.97,
                                            "spatial_score":  100.0,
                                            "security_match_status":  "MATCHED",
                                            "security_parcel_id":  "parcel_98",
                                            "security_lsoa_name":  "Barking and Dagenham 020E",
                                            "security_lsoa_code":  "E01000090",
                                            "confidence_label":  "Cok Yuksek",
                                            "safety_score":  12.13,
                                            "security_borough":  "E09000002",
                                            "enhanced_method_version":  "security_accuracy_enhancement_v2",
                                            "weighted_crime_12m":  902.4,
                                            "weighted_monthly_avg":  75.2,
                                            "external_source_health_score":  66.67,
                                            "uplift_evidence_score":  88.75,
                                            "uplift_source_health_score":  75.0,
                                            "uplift_reason":  "PROTECTED_EXISTING_HIGH_CONFIDENCE",
                                            "uplift_method_version":  "disk_safe_low_confidence_uplift_v3_write_to_webapp",
                                            "uplift_checked_at":  "2026-05-01T01:32:47",
                                            "nearest_lsoa_rescue_reason":  "PROTECTED_EXISTING_CONFIDENCE",
                                            "nearest_lsoa_rescue_method_version":  "nearest_lsoa_rescue_strict_no_downgrade_v1",
                                            "nearest_lsoa_rescue_checked_at":  "2026-05-01T01:59:21"
                                        },
                         "geometry":  {
                                          "type":  "Point",
                                          "coordinates":  [
                                                              0.1607204,
                                                              51.5295181
                                                          ]
                                      }
                     },
                     {
                         "type":  "Feature",
                         "properties":  {
                                            "safety_level":  "Orta",
                                            "confidence_flags":  "LOW_EXTERNAL_SOURCE_HEALTH",
                                            "spatial_match_method":  "parcel_centroid_inside_lsoa_polygon",
                                            "confidence_score":  82.97,
                                            "spatial_score":  100.0,
                                            "security_match_status":  "MATCHED",
                                            "security_parcel_id":  "parcel_99",
                                            "security_lsoa_name":  "Barking and Dagenham 020D",
                                            "security_lsoa_code":  "E01000089",
                                            "confidence_label":  "Cok Yuksek",
                                            "safety_score":  48.17,
                                            "security_borough":  "E09000002",
                                            "enhanced_method_version":  "security_accuracy_enhancement_v2",
                                            "weighted_crime_12m":  403.8,
                                            "weighted_monthly_avg":  33.65,
                                            "external_source_health_score":  66.67,
                                            "uplift_evidence_score":  88.75,
                                            "uplift_source_health_score":  75.0,
                                            "uplift_reason":  "PROTECTED_EXISTING_HIGH_CONFIDENCE",
                                            "uplift_method_version":  "disk_safe_low_confidence_uplift_v3_write_to_webapp",
                                            "uplift_checked_at":  "2026-05-01T01:32:47",
                                            "nearest_lsoa_rescue_reason":  "PROTECTED_EXISTING_CONFIDENCE",
                                            "nearest_lsoa_rescue_method_version":  "nearest_lsoa_rescue_strict_no_downgrade_v1",
                                            "nearest_lsoa_rescue_checked_at":  "2026-05-01T01:59:21"
                                        },
                         "geometry":  {
                                          "type":  "Point",
                                          "coordinates":  [
                                                              0.1612236,
                                                              51.5309
                                                          ]
                                      }
                     },
                     {
                         "type":  "Feature",
                         "properties":  {
                                            "safety_level":  "Dusuk",
                                            "confidence_flags":  "LOW_EXTERNAL_SOURCE_HEALTH",
                                            "spatial_match_method":  "parcel_centroid_inside_lsoa_polygon",
                                            "confidence_score":  82.97,
                                            "spatial_score":  100.0,
                                            "security_match_status":  "MATCHED",
                                            "security_parcel_id":  "parcel_100",
                                            "security_lsoa_name":  "Barking and Dagenham 010D",
                                            "security_lsoa_code":  "E01000108",
                                            "confidence_label":  "Cok Yuksek",
                                            "safety_score":  31.06,
                                            "security_borough":  "E09000002",
                                            "enhanced_method_version":  "security_accuracy_enhancement_v2",
                                            "weighted_crime_12m":  535.5,
                                            "weighted_monthly_avg":  44.625,
                                            "external_source_health_score":  66.67,
                                            "uplift_evidence_score":  88.75,
                                            "uplift_source_health_score":  75.0,
                                            "uplift_reason":  "PROTECTED_EXISTING_HIGH_CONFIDENCE",
                                            "uplift_method_version":  "disk_safe_low_confidence_uplift_v3_write_to_webapp",
                                            "uplift_checked_at":  "2026-05-01T01:32:47",
                                            "nearest_lsoa_rescue_reason":  "PROTECTED_EXISTING_CONFIDENCE",
                                            "nearest_lsoa_rescue_method_version":  "nearest_lsoa_rescue_strict_no_downgrade_v1",
                                            "nearest_lsoa_rescue_checked_at":  "2026-05-01T01:59:21"
                                        },
                         "geometry":  {
                                          "type":  "Point",
                                          "coordinates":  [
                                                              0.1687362,
                                                              51.5424683
                                                          ]
                                      }
                     },
                     {
                         "type":  "Feature",
                         "properties":  {
                                            "safety_level":  "Dusuk",
                                            "confidence_flags":  "LOW_EXTERNAL_SOURCE_HEALTH",
                                            "spatial_match_method":  "parcel_centroid_inside_lsoa_polygon",
                                            "confidence_score":  82.97,
                                            "spatial_score":  100.0,
                                            "security_match_status":  "MATCHED",
                                            "security_parcel_id":  "parcel_101",
                                            "security_lsoa_name":  "Barking and Dagenham 014B",
                                            "security_lsoa_code":  "E01000104",
                                            "confidence_label":  "Cok Yuksek",
                                            "safety_score":  28.88,
                                            "security_borough":  "E09000002",
                                            "enhanced_method_version":  "security_accuracy_enhancement_v2",
                                            "weighted_crime_12m":  557.5,
                                            "weighted_monthly_avg":  46.458333,
                                            "external_source_health_score":  66.67,
                                            "uplift_evidence_score":  88.75,
                                            "uplift_source_health_score":  75.0,
                                            "uplift_reason":  "PROTECTED_EXISTING_HIGH_CONFIDENCE",
                                            "uplift_method_version":  "disk_safe_low_confidence_uplift_v3_write_to_webapp",
                                            "uplift_checked_at":  "2026-05-01T01:32:47",
                                            "nearest_lsoa_rescue_reason":  "PROTECTED_EXISTING_CONFIDENCE",
                                            "nearest_lsoa_rescue_method_version":  "nearest_lsoa_rescue_strict_no_downgrade_v1",
                                            "nearest_lsoa_rescue_checked_at":  "2026-05-01T01:59:21"
                                        },
                         "geometry":  {
                                          "type":  "Point",
                                          "coordinates":  [
                                                              0.1683626,
                                                              51.5408976
                                                          ]
                                      }
                     },
                     {
                         "type":  "Feature",
                         "properties":  {
                                            "safety_level":  "Orta",
                                            "confidence_flags":  "LOW_EXTERNAL_SOURCE_HEALTH",
                                            "spatial_match_method":  "parcel_centroid_inside_lsoa_polygon",
                                            "confidence_score":  82.97,
                                            "spatial_score":  100.0,
                                            "security_match_status":  "MATCHED",
                                            "security_parcel_id":  "parcel_102",
                                            "security_lsoa_name":  "Barking and Dagenham 014A",
                                            "security_lsoa_code":  "E01000103",
                                            "confidence_label":  "Cok Yuksek",
                                            "safety_score":  52.1,
                                            "security_borough":  "E09000002",
                                            "enhanced_method_version":  "security_accuracy_enhancement_v2",
                                            "weighted_crime_12m":  380.8,
                                            "weighted_monthly_avg":  31.733333,
                                            "external_source_health_score":  66.67,
                                            "uplift_evidence_score":  88.75,
                                            "uplift_source_health_score":  75.0,
                                            "uplift_reason":  "PROTECTED_EXISTING_HIGH_CONFIDENCE",
                                            "uplift_method_version":  "disk_safe_low_confidence_uplift_v3_write_to_webapp",
                                            "uplift_checked_at":  "2026-05-01T01:32:47",
                                            "nearest_lsoa_rescue_reason":  "PROTECTED_EXISTING_CONFIDENCE",
                                            "nearest_lsoa_rescue_method_version":  "nearest_lsoa_rescue_strict_no_downgrade_v1",
                                            "nearest_lsoa_rescue_checked_at":  "2026-05-01T01:59:21"
                                        },
                         "geometry":  {
                                          "type":  "Point",
                                          "coordinates":  [
                                                              0.1692187,
                                                              51.537038
                                                          ]
                                      }
                     },
                     {
                         "type":  "Feature",
                         "properties":  {
                                            "safety_level":  "Dusuk",
                                            "confidence_flags":  "LOW_EXTERNAL_SOURCE_HEALTH",
                                            "spatial_match_method":  "parcel_centroid_inside_lsoa_polygon",
                                            "confidence_score":  82.97,
                                            "spatial_score":  100.0,
                                            "security_match_status":  "MATCHED",
                                            "security_parcel_id":  "parcel_103",
                                            "security_lsoa_name":  "Barking and Dagenham 010A",
                                            "security_lsoa_code":  "E01000035",
                                            "confidence_label":  "Cok Yuksek",
                                            "safety_score":  20.81,
                                            "security_borough":  "E09000002",
                                            "enhanced_method_version":  "security_accuracy_enhancement_v2",
                                            "weighted_crime_12m":  675.4,
                                            "weighted_monthly_avg":  56.283333,
                                            "external_source_health_score":  66.67,
                                            "uplift_evidence_score":  88.75,
                                            "uplift_source_health_score":  75.0,
                                            "uplift_reason":  "PROTECTED_EXISTING_HIGH_CONFIDENCE",
                                            "uplift_method_version":  "disk_safe_low_confidence_uplift_v3_write_to_webapp",
                                            "uplift_checked_at":  "2026-05-01T01:32:47",
                                            "nearest_lsoa_rescue_reason":  "PROTECTED_EXISTING_CONFIDENCE",
                                            "nearest_lsoa_rescue_method_version":  "nearest_lsoa_rescue_strict_no_downgrade_v1",
                                            "nearest_lsoa_rescue_checked_at":  "2026-05-01T01:59:21"
                                        },
                         "geometry":  {
                                          "type":  "Point",
                                          "coordinates":  [
                                                              0.1620354,
                                                              51.5522741
                                                          ]
                                      }
                     },
                     {
                         "type":  "Feature",
                         "properties":  {
                                            "safety_level":  "Iyi",
                                            "confidence_flags":  "LOW_EXTERNAL_SOURCE_HEALTH",
                                            "spatial_match_method":  "parcel_centroid_inside_lsoa_polygon",
                                            "confidence_score":  82.97,
                                            "spatial_score":  100.0,
                                            "security_match_status":  "MATCHED",
                                            "security_parcel_id":  "parcel_104",
                                            "security_lsoa_name":  "Barking and Dagenham 010C",
                                            "security_lsoa_code":  "E01000107",
                                            "confidence_label":  "Cok Yuksek",
                                            "safety_score":  66.81,
                                            "security_borough":  "E09000002",
                                            "enhanced_method_version":  "security_accuracy_enhancement_v2",
                                            "weighted_crime_12m":  304.4,
                                            "weighted_monthly_avg":  25.366667,
                                            "external_source_health_score":  66.67,
                                            "uplift_evidence_score":  88.75,
                                            "uplift_source_health_score":  75.0,
                                            "uplift_reason":  "PROTECTED_EXISTING_HIGH_CONFIDENCE",
                                            "uplift_method_version":  "disk_safe_low_confidence_uplift_v3_write_to_webapp",
                                            "uplift_checked_at":  "2026-05-01T01:32:47",
                                            "nearest_lsoa_rescue_reason":  "PROTECTED_EXISTING_CONFIDENCE",
                                            "nearest_lsoa_rescue_method_version":  "nearest_lsoa_rescue_strict_no_downgrade_v1",
                                            "nearest_lsoa_rescue_checked_at":  "2026-05-01T01:59:21"
                                        },
                         "geometry":  {
                                          "type":  "Point",
                                          "coordinates":  [
                                                              0.1686574,
                                                              51.5411976
                                                          ]
                                      }
                     },
                     {
                         "type":  "Feature",
                         "properties":  {
                                            "safety_level":  "Dusuk",
                                            "confidence_flags":  "LOW_EXTERNAL_SOURCE_HEALTH",
                                            "spatial_match_method":  "parcel_centroid_inside_lsoa_polygon",
                                            "confidence_score":  82.97,
                                            "spatial_score":  100.0,
                                            "security_match_status":  "MATCHED",
                                            "security_parcel_id":  "parcel_105",
                                            "security_lsoa_name":  "Barking and Dagenham 014B",
                                            "security_lsoa_code":  "E01000104",
                                            "confidence_label":  "Cok Yuksek",
                                            "safety_score":  28.88,
                                            "security_borough":  "E09000002",
                                            "enhanced_method_version":  "security_accuracy_enhancement_v2",
                                            "weighted_crime_12m":  557.5,
                                            "weighted_monthly_avg":  46.458333,
                                            "external_source_health_score":  66.67,
                                            "uplift_evidence_score":  88.75,
                                            "uplift_source_health_score":  75.0,
                                            "uplift_reason":  "PROTECTED_EXISTING_HIGH_CONFIDENCE",
                                            "uplift_method_version":  "disk_safe_low_confidence_uplift_v3_write_to_webapp",
                                            "uplift_checked_at":  "2026-05-01T01:32:47",
                                            "nearest_lsoa_rescue_reason":  "PROTECTED_EXISTING_CONFIDENCE",
                                            "nearest_lsoa_rescue_method_version":  "nearest_lsoa_rescue_strict_no_downgrade_v1",
                                            "nearest_lsoa_rescue_checked_at":  "2026-05-01T01:59:21"
                                        },
                         "geometry":  {
                                          "type":  "Point",
                                          "coordinates":  [
                                                              0.167124,
                                                              51.5378133
                                                          ]
                                      }
                     },
                     {
                         "type":  "Feature",
                         "properties":  {
                                            "safety_level":  "Orta",
                                            "confidence_flags":  "LOW_EXTERNAL_SOURCE_HEALTH",
                                            "spatial_match_method":  "parcel_centroid_inside_lsoa_polygon",
                                            "confidence_score":  82.97,
                                            "spatial_score":  100.0,
                                            "security_match_status":  "MATCHED",
                                            "security_parcel_id":  "parcel_106",
                                            "security_lsoa_name":  "Barking and Dagenham 014A",
                                            "security_lsoa_code":  "E01000103",
                                            "confidence_label":  "Cok Yuksek",
                                            "safety_score":  52.1,
                                            "security_borough":  "E09000002",
                                            "enhanced_method_version":  "security_accuracy_enhancement_v2",
                                            "weighted_crime_12m":  380.8,
                                            "weighted_monthly_avg":  31.733333,
                                            "external_source_health_score":  66.67,
                                            "uplift_evidence_score":  88.75,
                                            "uplift_source_health_score":  75.0,
                                            "uplift_reason":  "PROTECTED_EXISTING_HIGH_CONFIDENCE",
                                            "uplift_method_version":  "disk_safe_low_confidence_uplift_v3_write_to_webapp",
                                            "uplift_checked_at":  "2026-05-01T01:32:47",
                                            "nearest_lsoa_rescue_reason":  "PROTECTED_EXISTING_CONFIDENCE",
                                            "nearest_lsoa_rescue_method_version":  "nearest_lsoa_rescue_strict_no_downgrade_v1",
                                            "nearest_lsoa_rescue_checked_at":  "2026-05-01T01:59:21"
                                        },
                         "geometry":  {
                                          "type":  "Point",
                                          "coordinates":  [
                                                              0.1681131,
                                                              51.5379504
                                                          ]
                                      }
                     },
                     {
                         "type":  "Feature",
                         "properties":  {
                                            "safety_level":  "Orta",
                                            "confidence_flags":  "LOW_EXTERNAL_SOURCE_HEALTH",
                                            "spatial_match_method":  "parcel_centroid_inside_lsoa_polygon",
                                            "confidence_score":  82.97,
                                            "spatial_score":  100.0,
                                            "security_match_status":  "MATCHED",
                                            "security_parcel_id":  "parcel_107",
                                            "security_lsoa_name":  "Barking and Dagenham 014A",
                                            "security_lsoa_code":  "E01000103",
                                            "confidence_label":  "Cok Yuksek",
                                            "safety_score":  52.1,
                                            "security_borough":  "E09000002",
                                            "enhanced_method_version":  "security_accuracy_enhancement_v2",
                                            "weighted_crime_12m":  380.8,
                                            "weighted_monthly_avg":  31.733333,
                                            "external_source_health_score":  66.67,
                                            "uplift_evidence_score":  88.75,
                                            "uplift_source_health_score":  75.0,
                                            "uplift_reason":  "PROTECTED_EXISTING_HIGH_CONFIDENCE",
                                            "uplift_method_version":  "disk_safe_low_confidence_uplift_v3_write_to_webapp",
                                            "uplift_checked_at":  "2026-05-01T01:32:47",
                                            "nearest_lsoa_rescue_reason":  "PROTECTED_EXISTING_CONFIDENCE",
                                            "nearest_lsoa_rescue_method_version":  "nearest_lsoa_rescue_strict_no_downgrade_v1",
                                            "nearest_lsoa_rescue_checked_at":  "2026-05-01T01:59:21"
                                        },
                         "geometry":  {
                                          "type":  "Point",
                                          "coordinates":  [
                                                              0.1680899,
                                                              51.5377304
                                                          ]
                                      }
                     },
                     {
                         "type":  "Feature",
                         "properties":  {
                                            "safety_level":  "Dusuk",
                                            "confidence_flags":  "LOW_EXTERNAL_SOURCE_HEALTH",
                                            "spatial_match_method":  "parcel_centroid_inside_lsoa_polygon",
                                            "confidence_score":  82.97,
                                            "spatial_score":  100.0,
                                            "security_match_status":  "MATCHED",
                                            "security_parcel_id":  "parcel_108",
                                            "security_lsoa_name":  "Barking and Dagenham 014B",
                                            "security_lsoa_code":  "E01000104",
                                            "confidence_label":  "Cok Yuksek",
                                            "safety_score":  28.88,
                                            "security_borough":  "E09000002",
                                            "enhanced_method_version":  "security_accuracy_enhancement_v2",
                                            "weighted_crime_12m":  557.5,
                                            "weighted_monthly_avg":  46.458333,
                                            "external_source_health_score":  66.67,
                                            "uplift_evidence_score":  88.75,
                                            "uplift_source_health_score":  75.0,
                                            "uplift_reason":  "PROTECTED_EXISTING_HIGH_CONFIDENCE",
                                            "uplift_method_version":  "disk_safe_low_confidence_uplift_v3_write_to_webapp",
                                            "uplift_checked_at":  "2026-05-01T01:32:47",
                                            "nearest_lsoa_rescue_reason":  "PROTECTED_EXISTING_CONFIDENCE",
                                            "nearest_lsoa_rescue_method_version":  "nearest_lsoa_rescue_strict_no_downgrade_v1",
                                            "nearest_lsoa_rescue_checked_at":  "2026-05-01T01:59:21"
                                        },
                         "geometry":  {
                                          "type":  "Point",
                                          "coordinates":  [
                                                              0.1675316,
                                                              51.5390645
                                                          ]
                                      }
                     },
                     {
                         "type":  "Feature",
                         "properties":  {
                                            "safety_level":  "Dusuk",
                                            "confidence_flags":  "LOW_EXTERNAL_SOURCE_HEALTH",
                                            "spatial_match_method":  "parcel_centroid_inside_lsoa_polygon",
                                            "confidence_score":  82.97,
                                            "spatial_score":  100.0,
                                            "security_match_status":  "MATCHED",
                                            "security_parcel_id":  "parcel_109",
                                            "security_lsoa_name":  "Barking and Dagenham 014B",
                                            "security_lsoa_code":  "E01000104",
                                            "confidence_label":  "Cok Yuksek",
                                            "safety_score":  28.88,
                                            "security_borough":  "E09000002",
                                            "enhanced_method_version":  "security_accuracy_enhancement_v2",
                                            "weighted_crime_12m":  557.5,
                                            "weighted_monthly_avg":  46.458333,
                                            "external_source_health_score":  66.67,
                                            "uplift_evidence_score":  88.75,
                                            "uplift_source_health_score":  75.0,
                                            "uplift_reason":  "PROTECTED_EXISTING_HIGH_CONFIDENCE",
                                            "uplift_method_version":  "disk_safe_low_confidence_uplift_v3_write_to_webapp",
                                            "uplift_checked_at":  "2026-05-01T01:32:47",
                                            "nearest_lsoa_rescue_reason":  "PROTECTED_EXISTING_CONFIDENCE",
                                            "nearest_lsoa_rescue_method_version":  "nearest_lsoa_rescue_strict_no_downgrade_v1",
                                            "nearest_lsoa_rescue_checked_at":  "2026-05-01T01:59:21"
                                        },
                         "geometry":  {
                                          "type":  "Point",
                                          "coordinates":  [
                                                              0.1672453,
                                                              51.5403317
                                                          ]
                                      }
                     },
                     {
                         "type":  "Feature",
                         "properties":  {
                                            "safety_level":  "Dusuk",
                                            "confidence_flags":  "LOW_EXTERNAL_SOURCE_HEALTH",
                                            "spatial_match_method":  "parcel_centroid_inside_lsoa_polygon",
                                            "confidence_score":  82.97,
                                            "spatial_score":  100.0,
                                            "security_match_status":  "MATCHED",
                                            "security_parcel_id":  "parcel_110",
                                            "security_lsoa_name":  "Barking and Dagenham 010D",
                                            "security_lsoa_code":  "E01000108",
                                            "confidence_label":  "Cok Yuksek",
                                            "safety_score":  31.06,
                                            "security_borough":  "E09000002",
                                            "enhanced_method_version":  "security_accuracy_enhancement_v2",
                                            "weighted_crime_12m":  535.5,
                                            "weighted_monthly_avg":  44.625,
                                            "external_source_health_score":  66.67,
                                            "uplift_evidence_score":  88.75,
                                            "uplift_source_health_score":  75.0,
                                            "uplift_reason":  "PROTECTED_EXISTING_HIGH_CONFIDENCE",
                                            "uplift_method_version":  "disk_safe_low_confidence_uplift_v3_write_to_webapp",
                                            "uplift_checked_at":  "2026-05-01T01:32:47",
                                            "nearest_lsoa_rescue_reason":  "PROTECTED_EXISTING_CONFIDENCE",
                                            "nearest_lsoa_rescue_method_version":  "nearest_lsoa_rescue_strict_no_downgrade_v1",
                                            "nearest_lsoa_rescue_checked_at":  "2026-05-01T01:59:21"
                                        },
                         "geometry":  {
                                          "type":  "Point",
                                          "coordinates":  [
                                                              0.169748,
                                                              51.5420116
                                                          ]
                                      }
                     },
                     {
                         "type":  "Feature",
                         "properties":  {
                                            "safety_level":  "Dusuk",
                                            "confidence_flags":  "LOW_EXTERNAL_SOURCE_HEALTH",
                                            "spatial_match_method":  "parcel_centroid_inside_lsoa_polygon",
                                            "confidence_score":  82.97,
                                            "spatial_score":  100.0,
                                            "security_match_status":  "MATCHED",
                                            "security_parcel_id":  "parcel_111",
                                            "security_lsoa_name":  "Barking and Dagenham 010D",
                                            "security_lsoa_code":  "E01000108",
                                            "confidence_label":  "Cok Yuksek",
                                            "safety_score":  31.06,
                                            "security_borough":  "E09000002",
                                            "enhanced_method_version":  "security_accuracy_enhancement_v2",
                                            "weighted_crime_12m":  535.5,
                                            "weighted_monthly_avg":  44.625,
                                            "external_source_health_score":  66.67,
                                            "uplift_evidence_score":  88.75,
                                            "uplift_source_health_score":  75.0,
                                            "uplift_reason":  "PROTECTED_EXISTING_HIGH_CONFIDENCE",
                                            "uplift_method_version":  "disk_safe_low_confidence_uplift_v3_write_to_webapp",
                                            "uplift_checked_at":  "2026-05-01T01:32:47",
                                            "nearest_lsoa_rescue_reason":  "PROTECTED_EXISTING_CONFIDENCE",
                                            "nearest_lsoa_rescue_method_version":  "nearest_lsoa_rescue_strict_no_downgrade_v1",
                                            "nearest_lsoa_rescue_checked_at":  "2026-05-01T01:59:21"
                                        },
                         "geometry":  {
                                          "type":  "Point",
                                          "coordinates":  [
                                                              0.1675947,
                                                              51.5424705
                                                          ]
                                      }
                     },
                     {
                         "type":  "Feature",
                         "properties":  {
                                            "safety_level":  "Dusuk",
                                            "confidence_flags":  "LOW_EXTERNAL_SOURCE_HEALTH",
                                            "spatial_match_method":  "parcel_centroid_inside_lsoa_polygon",
                                            "confidence_score":  82.97,
                                            "spatial_score":  100.0,
                                            "security_match_status":  "MATCHED",
                                            "security_parcel_id":  "parcel_112",
                                            "security_lsoa_name":  "Barking and Dagenham 010D",
                                            "security_lsoa_code":  "E01000108",
                                            "confidence_label":  "Cok Yuksek",
                                            "safety_score":  31.06,
                                            "security_borough":  "E09000002",
                                            "enhanced_method_version":  "security_accuracy_enhancement_v2",
                                            "weighted_crime_12m":  535.5,
                                            "weighted_monthly_avg":  44.625,
                                            "external_source_health_score":  66.67,
                                            "uplift_evidence_score":  88.75,
                                            "uplift_source_health_score":  75.0,
                                            "uplift_reason":  "PROTECTED_EXISTING_HIGH_CONFIDENCE",
                                            "uplift_method_version":  "disk_safe_low_confidence_uplift_v3_write_to_webapp",
                                            "uplift_checked_at":  "2026-05-01T01:32:47",
                                            "nearest_lsoa_rescue_reason":  "PROTECTED_EXISTING_CONFIDENCE",
                                            "nearest_lsoa_rescue_method_version":  "nearest_lsoa_rescue_strict_no_downgrade_v1",
                                            "nearest_lsoa_rescue_checked_at":  "2026-05-01T01:59:21"
                                        },
                         "geometry":  {
                                          "type":  "Point",
                                          "coordinates":  [
                                                              0.1672516,
                                                              51.5433404
                                                          ]
                                      }
                     },
                     {
                         "type":  "Feature",
                         "properties":  {
                                            "safety_level":  "Dusuk",
                                            "confidence_flags":  "LOW_EXTERNAL_SOURCE_HEALTH",
                                            "spatial_match_method":  "parcel_centroid_inside_lsoa_polygon",
                                            "confidence_score":  82.97,
                                            "spatial_score":  100.0,
                                            "security_match_status":  "MATCHED",
                                            "security_parcel_id":  "parcel_113",
                                            "security_lsoa_name":  "Barking and Dagenham 010D",
                                            "security_lsoa_code":  "E01000108",
                                            "confidence_label":  "Cok Yuksek",
                                            "safety_score":  31.06,
                                            "security_borough":  "E09000002",
                                            "enhanced_method_version":  "security_accuracy_enhancement_v2",
                                            "weighted_crime_12m":  535.5,
                                            "weighted_monthly_avg":  44.625,
                                            "external_source_health_score":  66.67,
                                            "uplift_evidence_score":  88.75,
                                            "uplift_source_health_score":  75.0,
                                            "uplift_reason":  "PROTECTED_EXISTING_HIGH_CONFIDENCE",
                                            "uplift_method_version":  "disk_safe_low_confidence_uplift_v3_write_to_webapp",
                                            "uplift_checked_at":  "2026-05-01T01:32:47",
                                            "nearest_lsoa_rescue_reason":  "PROTECTED_EXISTING_CONFIDENCE",
                                            "nearest_lsoa_rescue_method_version":  "nearest_lsoa_rescue_strict_no_downgrade_v1",
                                            "nearest_lsoa_rescue_checked_at":  "2026-05-01T01:59:21"
                                        },
                         "geometry":  {
                                          "type":  "Point",
                                          "coordinates":  [
                                                              0.166074,
                                                              51.5426976
                                                          ]
                                      }
                     },
                     {
                         "type":  "Feature",
                         "properties":  {
                                            "safety_level":  "Dusuk",
                                            "confidence_flags":  "LOW_EXTERNAL_SOURCE_HEALTH",
                                            "spatial_match_method":  "parcel_centroid_inside_lsoa_polygon",
                                            "confidence_score":  82.97,
                                            "spatial_score":  100.0,
                                            "security_match_status":  "MATCHED",
                                            "security_parcel_id":  "parcel_114",
                                            "security_lsoa_name":  "Barking and Dagenham 010D",
                                            "security_lsoa_code":  "E01000108",
                                            "confidence_label":  "Cok Yuksek",
                                            "safety_score":  31.06,
                                            "security_borough":  "E09000002",
                                            "enhanced_method_version":  "security_accuracy_enhancement_v2",
                                            "weighted_crime_12m":  535.5,
                                            "weighted_monthly_avg":  44.625,
                                            "external_source_health_score":  66.67,
                                            "uplift_evidence_score":  88.75,
                                            "uplift_source_health_score":  75.0,
                                            "uplift_reason":  "PROTECTED_EXISTING_HIGH_CONFIDENCE",
                                            "uplift_method_version":  "disk_safe_low_confidence_uplift_v3_write_to_webapp",
                                            "uplift_checked_at":  "2026-05-01T01:32:47",
                                            "nearest_lsoa_rescue_reason":  "PROTECTED_EXISTING_CONFIDENCE",
                                            "nearest_lsoa_rescue_method_version":  "nearest_lsoa_rescue_strict_no_downgrade_v1",
                                            "nearest_lsoa_rescue_checked_at":  "2026-05-01T01:59:21"
                                        },
                         "geometry":  {
                                          "type":  "Point",
                                          "coordinates":  [
                                                              0.1671424,
                                                              51.5426189
                                                          ]
                                      }
                     },
                     {
                         "type":  "Feature",
                         "properties":  {
                                            "safety_level":  "Dusuk",
                                            "confidence_flags":  "LOW_EXTERNAL_SOURCE_HEALTH",
                                            "spatial_match_method":  "parcel_centroid_inside_lsoa_polygon",
                                            "confidence_score":  82.97,
                                            "spatial_score":  100.0,
                                            "security_match_status":  "MATCHED",
                                            "security_parcel_id":  "parcel_115",
                                            "security_lsoa_name":  "Barking and Dagenham 014B",
                                            "security_lsoa_code":  "E01000104",
                                            "confidence_label":  "Cok Yuksek",
                                            "safety_score":  28.88,
                                            "security_borough":  "E09000002",
                                            "enhanced_method_version":  "security_accuracy_enhancement_v2",
                                            "weighted_crime_12m":  557.5,
                                            "weighted_monthly_avg":  46.458333,
                                            "external_source_health_score":  66.67,
                                            "uplift_evidence_score":  88.75,
                                            "uplift_source_health_score":  75.0,
                                            "uplift_reason":  "PROTECTED_EXISTING_HIGH_CONFIDENCE",
                                            "uplift_method_version":  "disk_safe_low_confidence_uplift_v3_write_to_webapp",
                                            "uplift_checked_at":  "2026-05-01T01:32:47",
                                            "nearest_lsoa_rescue_reason":  "PROTECTED_EXISTING_CONFIDENCE",
                                            "nearest_lsoa_rescue_method_version":  "nearest_lsoa_rescue_strict_no_downgrade_v1",
                                            "nearest_lsoa_rescue_checked_at":  "2026-05-01T01:59:21"
                                        },
                         "geometry":  {
                                          "type":  "Point",
                                          "coordinates":  [
                                                              0.1658769,
                                                              51.5374768
                                                          ]
                                      }
                     },
                     {
                         "type":  "Feature",
                         "properties":  {
                                            "safety_level":  "Dusuk",
                                            "confidence_flags":  "LOW_EXTERNAL_SOURCE_HEALTH",
                                            "spatial_match_method":  "parcel_centroid_inside_lsoa_polygon",
                                            "confidence_score":  82.97,
                                            "spatial_score":  100.0,
                                            "security_match_status":  "MATCHED",
                                            "security_parcel_id":  "parcel_116",
                                            "security_lsoa_name":  "Barking and Dagenham 014B",
                                            "security_lsoa_code":  "E01000104",
                                            "confidence_label":  "Cok Yuksek",
                                            "safety_score":  28.88,
                                            "security_borough":  "E09000002",
                                            "enhanced_method_version":  "security_accuracy_enhancement_v2",
                                            "weighted_crime_12m":  557.5,
                                            "weighted_monthly_avg":  46.458333,
                                            "external_source_health_score":  66.67,
                                            "uplift_evidence_score":  88.75,
                                            "uplift_source_health_score":  75.0,
                                            "uplift_reason":  "PROTECTED_EXISTING_HIGH_CONFIDENCE",
                                            "uplift_method_version":  "disk_safe_low_confidence_uplift_v3_write_to_webapp",
                                            "uplift_checked_at":  "2026-05-01T01:32:47",
                                            "nearest_lsoa_rescue_reason":  "PROTECTED_EXISTING_CONFIDENCE",
                                            "nearest_lsoa_rescue_method_version":  "nearest_lsoa_rescue_strict_no_downgrade_v1",
                                            "nearest_lsoa_rescue_checked_at":  "2026-05-01T01:59:21"
                                        },
                         "geometry":  {
                                          "type":  "Point",
                                          "coordinates":  [
                                                              0.1662942,
                                                              51.5380282
                                                          ]
                                      }
                     },
                     {
                         "type":  "Feature",
                         "properties":  {
                                            "safety_level":  "Orta",
                                            "confidence_flags":  "LOW_EXTERNAL_SOURCE_HEALTH",
                                            "spatial_match_method":  "parcel_centroid_inside_lsoa_polygon",
                                            "confidence_score":  82.97,
                                            "spatial_score":  100.0,
                                            "security_match_status":  "MATCHED",
                                            "security_parcel_id":  "parcel_117",
                                            "security_lsoa_name":  "Barking and Dagenham 014A",
                                            "security_lsoa_code":  "E01000103",
                                            "confidence_label":  "Cok Yuksek",
                                            "safety_score":  52.1,
                                            "security_borough":  "E09000002",
                                            "enhanced_method_version":  "security_accuracy_enhancement_v2",
                                            "weighted_crime_12m":  380.8,
                                            "weighted_monthly_avg":  31.733333,
                                            "external_source_health_score":  66.67,
                                            "uplift_evidence_score":  88.75,
                                            "uplift_source_health_score":  75.0,
                                            "uplift_reason":  "PROTECTED_EXISTING_HIGH_CONFIDENCE",
                                            "uplift_method_version":  "disk_safe_low_confidence_uplift_v3_write_to_webapp",
                                            "uplift_checked_at":  "2026-05-01T01:32:47",
                                            "nearest_lsoa_rescue_reason":  "PROTECTED_EXISTING_CONFIDENCE",
                                            "nearest_lsoa_rescue_method_version":  "nearest_lsoa_rescue_strict_no_downgrade_v1",
                                            "nearest_lsoa_rescue_checked_at":  "2026-05-01T01:59:21"
                                        },
                         "geometry":  {
                                          "type":  "Point",
                                          "coordinates":  [
                                                              0.1660801,
                                                              51.5370454
                                                          ]
                                      }
                     },
                     {
                         "type":  "Feature",
                         "properties":  {
                                            "safety_level":  "Dusuk",
                                            "confidence_flags":  "LOW_EXTERNAL_SOURCE_HEALTH",
                                            "spatial_match_method":  "parcel_centroid_inside_lsoa_polygon",
                                            "confidence_score":  82.97,
                                            "spatial_score":  100.0,
                                            "security_match_status":  "MATCHED",
                                            "security_parcel_id":  "parcel_118",
                                            "security_lsoa_name":  "Barking and Dagenham 010D",
                                            "security_lsoa_code":  "E01000108",
                                            "confidence_label":  "Cok Yuksek",
                                            "safety_score":  31.06,
                                            "security_borough":  "E09000002",
                                            "enhanced_method_version":  "security_accuracy_enhancement_v2",
                                            "weighted_crime_12m":  535.5,
                                            "weighted_monthly_avg":  44.625,
                                            "external_source_health_score":  66.67,
                                            "uplift_evidence_score":  88.75,
                                            "uplift_source_health_score":  75.0,
                                            "uplift_reason":  "PROTECTED_EXISTING_HIGH_CONFIDENCE",
                                            "uplift_method_version":  "disk_safe_low_confidence_uplift_v3_write_to_webapp",
                                            "uplift_checked_at":  "2026-05-01T01:32:47",
                                            "nearest_lsoa_rescue_reason":  "PROTECTED_EXISTING_CONFIDENCE",
                                            "nearest_lsoa_rescue_method_version":  "nearest_lsoa_rescue_strict_no_downgrade_v1",
                                            "nearest_lsoa_rescue_checked_at":  "2026-05-01T01:59:21"
                                        },
                         "geometry":  {
                                          "type":  "Point",
                                          "coordinates":  [
                                                              0.1685064,
                                                              51.5434593
                                                          ]
                                      }
                     },
                     {
                         "type":  "Feature",
                         "properties":  {
                                            "safety_level":  "Dusuk",
                                            "confidence_flags":  "LOW_EXTERNAL_SOURCE_HEALTH",
                                            "spatial_match_method":  "parcel_centroid_inside_lsoa_polygon",
                                            "confidence_score":  82.97,
                                            "spatial_score":  100.0,
                                            "security_match_status":  "MATCHED",
                                            "security_parcel_id":  "parcel_119",
                                            "security_lsoa_name":  "Barking and Dagenham 010B",
                                            "security_lsoa_code":  "E01000036",
                                            "confidence_label":  "Cok Yuksek",
                                            "safety_score":  22.8,
                                            "security_borough":  "E09000002",
                                            "enhanced_method_version":  "security_accuracy_enhancement_v2",
                                            "weighted_crime_12m":  643.3,
                                            "weighted_monthly_avg":  53.608333,
                                            "external_source_health_score":  66.67,
                                            "uplift_evidence_score":  88.75,
                                            "uplift_source_health_score":  75.0,
                                            "uplift_reason":  "PROTECTED_EXISTING_HIGH_CONFIDENCE",
                                            "uplift_method_version":  "disk_safe_low_confidence_uplift_v3_write_to_webapp",
                                            "uplift_checked_at":  "2026-05-01T01:32:47",
                                            "nearest_lsoa_rescue_reason":  "PROTECTED_EXISTING_CONFIDENCE",
                                            "nearest_lsoa_rescue_method_version":  "nearest_lsoa_rescue_strict_no_downgrade_v1",
                                            "nearest_lsoa_rescue_checked_at":  "2026-05-01T01:59:21"
                                        },
                         "geometry":  {
                                          "type":  "Point",
                                          "coordinates":  [
                                                              0.1671045,
                                                              51.5443765
                                                          ]
                                      }
                     },
                     {
                         "type":  "Feature",
                         "properties":  {
                                            "safety_level":  "Dusuk",
                                            "confidence_flags":  "LOW_EXTERNAL_SOURCE_HEALTH",
                                            "spatial_match_method":  "parcel_centroid_inside_lsoa_polygon",
                                            "confidence_score":  82.97,
                                            "spatial_score":  100.0,
                                            "security_match_status":  "MATCHED",
                                            "security_parcel_id":  "parcel_120",
                                            "security_lsoa_name":  "Barking and Dagenham 010B",
                                            "security_lsoa_code":  "E01000036",
                                            "confidence_label":  "Cok Yuksek",
                                            "safety_score":  22.8,
                                            "security_borough":  "E09000002",
                                            "enhanced_method_version":  "security_accuracy_enhancement_v2",
                                            "weighted_crime_12m":  643.3,
                                            "weighted_monthly_avg":  53.608333,
                                            "external_source_health_score":  66.67,
                                            "uplift_evidence_score":  88.75,
                                            "uplift_source_health_score":  75.0,
                                            "uplift_reason":  "PROTECTED_EXISTING_HIGH_CONFIDENCE",
                                            "uplift_method_version":  "disk_safe_low_confidence_uplift_v3_write_to_webapp",
                                            "uplift_checked_at":  "2026-05-01T01:32:47",
                                            "nearest_lsoa_rescue_reason":  "PROTECTED_EXISTING_CONFIDENCE",
                                            "nearest_lsoa_rescue_method_version":  "nearest_lsoa_rescue_strict_no_downgrade_v1",
                                            "nearest_lsoa_rescue_checked_at":  "2026-05-01T01:59:21"
                                        },
                         "geometry":  {
                                          "type":  "Point",
                                          "coordinates":  [
                                                              0.167822,
                                                              51.5452777
                                                          ]
                                      }
                     },
                     {
                         "type":  "Feature",
                         "properties":  {
                                            "safety_level":  "Dusuk",
                                            "confidence_flags":  "LOW_EXTERNAL_SOURCE_HEALTH",
                                            "spatial_match_method":  "parcel_centroid_inside_lsoa_polygon",
                                            "confidence_score":  82.97,
                                            "spatial_score":  100.0,
                                            "security_match_status":  "MATCHED",
                                            "security_parcel_id":  "parcel_121",
                                            "security_lsoa_name":  "Barking and Dagenham 010A",
                                            "security_lsoa_code":  "E01000035",
                                            "confidence_label":  "Cok Yuksek",
                                            "safety_score":  20.81,
                                            "security_borough":  "E09000002",
                                            "enhanced_method_version":  "security_accuracy_enhancement_v2",
                                            "weighted_crime_12m":  675.4,
                                            "weighted_monthly_avg":  56.283333,
                                            "external_source_health_score":  66.67,
                                            "uplift_evidence_score":  88.75,
                                            "uplift_source_health_score":  75.0,
                                            "uplift_reason":  "PROTECTED_EXISTING_HIGH_CONFIDENCE",
                                            "uplift_method_version":  "disk_safe_low_confidence_uplift_v3_write_to_webapp",
                                            "uplift_checked_at":  "2026-05-01T01:32:47",
                                            "nearest_lsoa_rescue_reason":  "PROTECTED_EXISTING_CONFIDENCE",
                                            "nearest_lsoa_rescue_method_version":  "nearest_lsoa_rescue_strict_no_downgrade_v1",
                                            "nearest_lsoa_rescue_checked_at":  "2026-05-01T01:59:21"
                                        },
                         "geometry":  {
                                          "type":  "Point",
                                          "coordinates":  [
                                                              0.1660067,
                                                              51.5458495
                                                          ]
                                      }
                     },
                     {
                         "type":  "Feature",
                         "properties":  {
                                            "safety_level":  "Dusuk",
                                            "confidence_flags":  "LOW_EXTERNAL_SOURCE_HEALTH",
                                            "spatial_match_method":  "parcel_centroid_inside_lsoa_polygon",
                                            "confidence_score":  82.97,
                                            "spatial_score":  100.0,
                                            "security_match_status":  "MATCHED",
                                            "security_parcel_id":  "parcel_122",
                                            "security_lsoa_name":  "Barking and Dagenham 010B",
                                            "security_lsoa_code":  "E01000036",
                                            "confidence_label":  "Cok Yuksek",
                                            "safety_score":  22.8,
                                            "security_borough":  "E09000002",
                                            "enhanced_method_version":  "security_accuracy_enhancement_v2",
                                            "weighted_crime_12m":  643.3,
                                            "weighted_monthly_avg":  53.608333,
                                            "external_source_health_score":  66.67,
                                            "uplift_evidence_score":  88.75,
                                            "uplift_source_health_score":  75.0,
                                            "uplift_reason":  "PROTECTED_EXISTING_HIGH_CONFIDENCE",
                                            "uplift_method_version":  "disk_safe_low_confidence_uplift_v3_write_to_webapp",
                                            "uplift_checked_at":  "2026-05-01T01:32:47",
                                            "nearest_lsoa_rescue_reason":  "PROTECTED_EXISTING_CONFIDENCE",
                                            "nearest_lsoa_rescue_method_version":  "nearest_lsoa_rescue_strict_no_downgrade_v1",
                                            "nearest_lsoa_rescue_checked_at":  "2026-05-01T01:59:21"
                                        },
                         "geometry":  {
                                          "type":  "Point",
                                          "coordinates":  [
                                                              0.165455,
                                                              51.5450001
                                                          ]
                                      }
                     },
                     {
                         "type":  "Feature",
                         "properties":  {
                                            "safety_level":  "Dusuk",
                                            "confidence_flags":  "LOW_EXTERNAL_SOURCE_HEALTH",
                                            "spatial_match_method":  "parcel_centroid_inside_lsoa_polygon",
                                            "confidence_score":  82.97,
                                            "spatial_score":  100.0,
                                            "security_match_status":  "MATCHED",
                                            "security_parcel_id":  "parcel_123",
                                            "security_lsoa_name":  "Barking and Dagenham 010B",
                                            "security_lsoa_code":  "E01000036",
                                            "confidence_label":  "Cok Yuksek",
                                            "safety_score":  22.8,
                                            "security_borough":  "E09000002",
                                            "enhanced_method_version":  "security_accuracy_enhancement_v2",
                                            "weighted_crime_12m":  643.3,
                                            "weighted_monthly_avg":  53.608333,
                                            "external_source_health_score":  66.67,
                                            "uplift_evidence_score":  88.75,
                                            "uplift_source_health_score":  75.0,
                                            "uplift_reason":  "PROTECTED_EXISTING_HIGH_CONFIDENCE",
                                            "uplift_method_version":  "disk_safe_low_confidence_uplift_v3_write_to_webapp",
                                            "uplift_checked_at":  "2026-05-01T01:32:47",
                                            "nearest_lsoa_rescue_reason":  "PROTECTED_EXISTING_CONFIDENCE",
                                            "nearest_lsoa_rescue_method_version":  "nearest_lsoa_rescue_strict_no_downgrade_v1",
                                            "nearest_lsoa_rescue_checked_at":  "2026-05-01T01:59:21"
                                        },
                         "geometry":  {
                                          "type":  "Point",
                                          "coordinates":  [
                                                              0.1666999,
                                                              51.5462208
                                                          ]
                                      }
                     },
                     {
                         "type":  "Feature",
                         "properties":  {
                                            "safety_level":  "Dusuk",
                                            "confidence_flags":  "LOW_EXTERNAL_SOURCE_HEALTH",
                                            "spatial_match_method":  "parcel_centroid_inside_lsoa_polygon",
                                            "confidence_score":  82.97,
                                            "spatial_score":  100.0,
                                            "security_match_status":  "MATCHED",
                                            "security_parcel_id":  "parcel_124",
                                            "security_lsoa_name":  "Barking and Dagenham 010D",
                                            "security_lsoa_code":  "E01000108",
                                            "confidence_label":  "Cok Yuksek",
                                            "safety_score":  31.06,
                                            "security_borough":  "E09000002",
                                            "enhanced_method_version":  "security_accuracy_enhancement_v2",
                                            "weighted_crime_12m":  535.5,
                                            "weighted_monthly_avg":  44.625,
                                            "external_source_health_score":  66.67,
                                            "uplift_evidence_score":  88.75,
                                            "uplift_source_health_score":  75.0,
                                            "uplift_reason":  "PROTECTED_EXISTING_HIGH_CONFIDENCE",
                                            "uplift_method_version":  "disk_safe_low_confidence_uplift_v3_write_to_webapp",
                                            "uplift_checked_at":  "2026-05-01T01:32:47",
                                            "nearest_lsoa_rescue_reason":  "PROTECTED_EXISTING_CONFIDENCE",
                                            "nearest_lsoa_rescue_method_version":  "nearest_lsoa_rescue_strict_no_downgrade_v1",
                                            "nearest_lsoa_rescue_checked_at":  "2026-05-01T01:59:21"
                                        },
                         "geometry":  {
                                          "type":  "Point",
                                          "coordinates":  [
                                                              0.1663958,
                                                              51.5421177
                                                          ]
                                      }
                     },
                     {
                         "type":  "Feature",
                         "properties":  {
                                            "safety_level":  "Dusuk",
                                            "confidence_flags":  "LOW_EXTERNAL_SOURCE_HEALTH",
                                            "spatial_match_method":  "parcel_centroid_inside_lsoa_polygon",
                                            "confidence_score":  82.97,
                                            "spatial_score":  100.0,
                                            "security_match_status":  "MATCHED",
                                            "security_parcel_id":  "parcel_125",
                                            "security_lsoa_name":  "Barking and Dagenham 014B",
                                            "security_lsoa_code":  "E01000104",
                                            "confidence_label":  "Cok Yuksek",
                                            "safety_score":  28.88,
                                            "security_borough":  "E09000002",
                                            "enhanced_method_version":  "security_accuracy_enhancement_v2",
                                            "weighted_crime_12m":  557.5,
                                            "weighted_monthly_avg":  46.458333,
                                            "external_source_health_score":  66.67,
                                            "uplift_evidence_score":  88.75,
                                            "uplift_source_health_score":  75.0,
                                            "uplift_reason":  "PROTECTED_EXISTING_HIGH_CONFIDENCE",
                                            "uplift_method_version":  "disk_safe_low_confidence_uplift_v3_write_to_webapp",
                                            "uplift_checked_at":  "2026-05-01T01:32:47",
                                            "nearest_lsoa_rescue_reason":  "PROTECTED_EXISTING_CONFIDENCE",
                                            "nearest_lsoa_rescue_method_version":  "nearest_lsoa_rescue_strict_no_downgrade_v1",
                                            "nearest_lsoa_rescue_checked_at":  "2026-05-01T01:59:21"
                                        },
                         "geometry":  {
                                          "type":  "Point",
                                          "coordinates":  [
                                                              0.1658935,
                                                              51.5409929
                                                          ]
                                      }
                     },
                     {
                         "type":  "Feature",
                         "properties":  {
                                            "safety_level":  "Dusuk",
                                            "confidence_flags":  "LOW_EXTERNAL_SOURCE_HEALTH",
                                            "spatial_match_method":  "parcel_centroid_inside_lsoa_polygon",
                                            "confidence_score":  82.97,
                                            "spatial_score":  100.0,
                                            "security_match_status":  "MATCHED",
                                            "security_parcel_id":  "parcel_126",
                                            "security_lsoa_name":  "Barking and Dagenham 010D",
                                            "security_lsoa_code":  "E01000108",
                                            "confidence_label":  "Cok Yuksek",
                                            "safety_score":  31.06,
                                            "security_borough":  "E09000002",
                                            "enhanced_method_version":  "security_accuracy_enhancement_v2",
                                            "weighted_crime_12m":  535.5,
                                            "weighted_monthly_avg":  44.625,
                                            "external_source_health_score":  66.67,
                                            "uplift_evidence_score":  88.75,
                                            "uplift_source_health_score":  75.0,
                                            "uplift_reason":  "PROTECTED_EXISTING_HIGH_CONFIDENCE",
                                            "uplift_method_version":  "disk_safe_low_confidence_uplift_v3_write_to_webapp",
                                            "uplift_checked_at":  "2026-05-01T01:32:47",
                                            "nearest_lsoa_rescue_reason":  "PROTECTED_EXISTING_CONFIDENCE",
                                            "nearest_lsoa_rescue_method_version":  "nearest_lsoa_rescue_strict_no_downgrade_v1",
                                            "nearest_lsoa_rescue_checked_at":  "2026-05-01T01:59:21"
                                        },
                         "geometry":  {
                                          "type":  "Point",
                                          "coordinates":  [
                                                              0.1649197,
                                                              51.5408569
                                                          ]
                                      }
                     },
                     {
                         "type":  "Feature",
                         "properties":  {
                                            "safety_level":  "Dusuk",
                                            "confidence_flags":  "LOW_EXTERNAL_SOURCE_HEALTH",
                                            "spatial_match_method":  "parcel_centroid_inside_lsoa_polygon",
                                            "confidence_score":  82.97,
                                            "spatial_score":  100.0,
                                            "security_match_status":  "MATCHED",
                                            "security_parcel_id":  "parcel_127",
                                            "security_lsoa_name":  "Barking and Dagenham 014B",
                                            "security_lsoa_code":  "E01000104",
                                            "confidence_label":  "Cok Yuksek",
                                            "safety_score":  28.88,
                                            "security_borough":  "E09000002",
                                            "enhanced_method_version":  "security_accuracy_enhancement_v2",
                                            "weighted_crime_12m":  557.5,
                                            "weighted_monthly_avg":  46.458333,
                                            "external_source_health_score":  66.67,
                                            "uplift_evidence_score":  88.75,
                                            "uplift_source_health_score":  75.0,
                                            "uplift_reason":  "PROTECTED_EXISTING_HIGH_CONFIDENCE",
                                            "uplift_method_version":  "disk_safe_low_confidence_uplift_v3_write_to_webapp",
                                            "uplift_checked_at":  "2026-05-01T01:32:47",
                                            "nearest_lsoa_rescue_reason":  "PROTECTED_EXISTING_CONFIDENCE",
                                            "nearest_lsoa_rescue_method_version":  "nearest_lsoa_rescue_strict_no_downgrade_v1",
                                            "nearest_lsoa_rescue_checked_at":  "2026-05-01T01:59:21"
                                        },
                         "geometry":  {
                                          "type":  "Point",
                                          "coordinates":  [
                                                              0.1669698,
                                                              51.5409946
                                                          ]
                                      }
                     },
                     {
                         "type":  "Feature",
                         "properties":  {
                                            "safety_level":  "Dusuk",
                                            "confidence_flags":  "LOW_EXTERNAL_SOURCE_HEALTH",
                                            "spatial_match_method":  "parcel_centroid_inside_lsoa_polygon",
                                            "confidence_score":  82.97,
                                            "spatial_score":  100.0,
                                            "security_match_status":  "MATCHED",
                                            "security_parcel_id":  "parcel_128",
                                            "security_lsoa_name":  "Barking and Dagenham 010D",
                                            "security_lsoa_code":  "E01000108",
                                            "confidence_label":  "Cok Yuksek",
                                            "safety_score":  31.06,
                                            "security_borough":  "E09000002",
                                            "enhanced_method_version":  "security_accuracy_enhancement_v2",
                                            "weighted_crime_12m":  535.5,
                                            "weighted_monthly_avg":  44.625,
                                            "external_source_health_score":  66.67,
                                            "uplift_evidence_score":  88.75,
                                            "uplift_source_health_score":  75.0,
                                            "uplift_reason":  "PROTECTED_EXISTING_HIGH_CONFIDENCE",
                                            "uplift_method_version":  "disk_safe_low_confidence_uplift_v3_write_to_webapp",
                                            "uplift_checked_at":  "2026-05-01T01:32:47",
                                            "nearest_lsoa_rescue_reason":  "PROTECTED_EXISTING_CONFIDENCE",
                                            "nearest_lsoa_rescue_method_version":  "nearest_lsoa_rescue_strict_no_downgrade_v1",
                                            "nearest_lsoa_rescue_checked_at":  "2026-05-01T01:59:21"
                                        },
                         "geometry":  {
                                          "type":  "Point",
                                          "coordinates":  [
                                                              0.1650003,
                                                              51.5417084
                                                          ]
                                      }
                     },
                     {
                         "type":  "Feature",
                         "properties":  {
                                            "safety_level":  "Dusuk",
                                            "confidence_flags":  "LOW_EXTERNAL_SOURCE_HEALTH",
                                            "spatial_match_method":  "parcel_centroid_inside_lsoa_polygon",
                                            "confidence_score":  82.97,
                                            "spatial_score":  100.0,
                                            "security_match_status":  "MATCHED",
                                            "security_parcel_id":  "parcel_129",
                                            "security_lsoa_name":  "Barking and Dagenham 010A",
                                            "security_lsoa_code":  "E01000035",
                                            "confidence_label":  "Cok Yuksek",
                                            "safety_score":  20.81,
                                            "security_borough":  "E09000002",
                                            "enhanced_method_version":  "security_accuracy_enhancement_v2",
                                            "weighted_crime_12m":  675.4,
                                            "weighted_monthly_avg":  56.283333,
                                            "external_source_health_score":  66.67,
                                            "uplift_evidence_score":  88.75,
                                            "uplift_source_health_score":  75.0,
                                            "uplift_reason":  "PROTECTED_EXISTING_HIGH_CONFIDENCE",
                                            "uplift_method_version":  "disk_safe_low_confidence_uplift_v3_write_to_webapp",
                                            "uplift_checked_at":  "2026-05-01T01:32:47",
                                            "nearest_lsoa_rescue_reason":  "PROTECTED_EXISTING_CONFIDENCE",
                                            "nearest_lsoa_rescue_method_version":  "nearest_lsoa_rescue_strict_no_downgrade_v1",
                                            "nearest_lsoa_rescue_checked_at":  "2026-05-01T01:59:21"
                                        },
                         "geometry":  {
                                          "type":  "Point",
                                          "coordinates":  [
                                                              0.1659396,
                                                              51.5462673
                                                          ]
                                      }
                     },
                     {
                         "type":  "Feature",
                         "properties":  {
                                            "safety_level":  "Dusuk",
                                            "confidence_flags":  "LOW_EXTERNAL_SOURCE_HEALTH",
                                            "spatial_match_method":  "parcel_centroid_inside_lsoa_polygon",
                                            "confidence_score":  82.97,
                                            "spatial_score":  100.0,
                                            "security_match_status":  "MATCHED",
                                            "security_parcel_id":  "parcel_130",
                                            "security_lsoa_name":  "Barking and Dagenham 010B",
                                            "security_lsoa_code":  "E01000036",
                                            "confidence_label":  "Cok Yuksek",
                                            "safety_score":  22.8,
                                            "security_borough":  "E09000002",
                                            "enhanced_method_version":  "security_accuracy_enhancement_v2",
                                            "weighted_crime_12m":  643.3,
                                            "weighted_monthly_avg":  53.608333,
                                            "external_source_health_score":  66.67,
                                            "uplift_evidence_score":  88.75,
                                            "uplift_source_health_score":  75.0,
                                            "uplift_reason":  "PROTECTED_EXISTING_HIGH_CONFIDENCE",
                                            "uplift_method_version":  "disk_safe_low_confidence_uplift_v3_write_to_webapp",
                                            "uplift_checked_at":  "2026-05-01T01:32:47",
                                            "nearest_lsoa_rescue_reason":  "PROTECTED_EXISTING_CONFIDENCE",
                                            "nearest_lsoa_rescue_method_version":  "nearest_lsoa_rescue_strict_no_downgrade_v1",
                                            "nearest_lsoa_rescue_checked_at":  "2026-05-01T01:59:21"
                                        },
                         "geometry":  {
                                          "type":  "Point",
                                          "coordinates":  [
                                                              0.1643856,
                                                              51.5456318
                                                          ]
                                      }
                     },
                     {
                         "type":  "Feature",
                         "properties":  {
                                            "safety_level":  "Dusuk",
                                            "confidence_flags":  "LOW_EXTERNAL_SOURCE_HEALTH",
                                            "spatial_match_method":  "parcel_centroid_inside_lsoa_polygon",
                                            "confidence_score":  82.97,
                                            "spatial_score":  100.0,
                                            "security_match_status":  "MATCHED",
                                            "security_parcel_id":  "parcel_131",
                                            "security_lsoa_name":  "Barking and Dagenham 010D",
                                            "security_lsoa_code":  "E01000108",
                                            "confidence_label":  "Cok Yuksek",
                                            "safety_score":  31.06,
                                            "security_borough":  "E09000002",
                                            "enhanced_method_version":  "security_accuracy_enhancement_v2",
                                            "weighted_crime_12m":  535.5,
                                            "weighted_monthly_avg":  44.625,
                                            "external_source_health_score":  66.67,
                                            "uplift_evidence_score":  88.75,
                                            "uplift_source_health_score":  75.0,
                                            "uplift_reason":  "PROTECTED_EXISTING_HIGH_CONFIDENCE",
                                            "uplift_method_version":  "disk_safe_low_confidence_uplift_v3_write_to_webapp",
                                            "uplift_checked_at":  "2026-05-01T01:32:47",
                                            "nearest_lsoa_rescue_reason":  "PROTECTED_EXISTING_CONFIDENCE",
                                            "nearest_lsoa_rescue_method_version":  "nearest_lsoa_rescue_strict_no_downgrade_v1",
                                            "nearest_lsoa_rescue_checked_at":  "2026-05-01T01:59:21"
                                        },
                         "geometry":  {
                                          "type":  "Point",
                                          "coordinates":  [
                                                              0.1647785,
                                                              51.5428364
                                                          ]
                                      }
                     },
                     {
                         "type":  "Feature",
                         "properties":  {
                                            "safety_level":  "Dusuk",
                                            "confidence_flags":  "LOW_EXTERNAL_SOURCE_HEALTH",
                                            "spatial_match_method":  "parcel_centroid_inside_lsoa_polygon",
                                            "confidence_score":  82.97,
                                            "spatial_score":  100.0,
                                            "security_match_status":  "MATCHED",
                                            "security_parcel_id":  "parcel_132",
                                            "security_lsoa_name":  "Barking and Dagenham 010D",
                                            "security_lsoa_code":  "E01000108",
                                            "confidence_label":  "Cok Yuksek",
                                            "safety_score":  31.06,
                                            "security_borough":  "E09000002",
                                            "enhanced_method_version":  "security_accuracy_enhancement_v2",
                                            "weighted_crime_12m":  535.5,
                                            "weighted_monthly_avg":  44.625,
                                            "external_source_health_score":  66.67,
                                            "uplift_evidence_score":  88.75,
                                            "uplift_source_health_score":  75.0,
                                            "uplift_reason":  "PROTECTED_EXISTING_HIGH_CONFIDENCE",
                                            "uplift_method_version":  "disk_safe_low_confidence_uplift_v3_write_to_webapp",
                                            "uplift_checked_at":  "2026-05-01T01:32:47",
                                            "nearest_lsoa_rescue_reason":  "PROTECTED_EXISTING_CONFIDENCE",
                                            "nearest_lsoa_rescue_method_version":  "nearest_lsoa_rescue_strict_no_downgrade_v1",
                                            "nearest_lsoa_rescue_checked_at":  "2026-05-01T01:59:21"
                                        },
                         "geometry":  {
                                          "type":  "Point",
                                          "coordinates":  [
                                                              0.1640245,
                                                              51.5423761
                                                          ]
                                      }
                     },
                     {
                         "type":  "Feature",
                         "properties":  {
                                            "safety_level":  "Dusuk",
                                            "confidence_flags":  "LOW_EXTERNAL_SOURCE_HEALTH",
                                            "spatial_match_method":  "parcel_centroid_inside_lsoa_polygon",
                                            "confidence_score":  82.97,
                                            "spatial_score":  100.0,
                                            "security_match_status":  "MATCHED",
                                            "security_parcel_id":  "parcel_133",
                                            "security_lsoa_name":  "Barking and Dagenham 010B",
                                            "security_lsoa_code":  "E01000036",
                                            "confidence_label":  "Cok Yuksek",
                                            "safety_score":  22.8,
                                            "security_borough":  "E09000002",
                                            "enhanced_method_version":  "security_accuracy_enhancement_v2",
                                            "weighted_crime_12m":  643.3,
                                            "weighted_monthly_avg":  53.608333,
                                            "external_source_health_score":  66.67,
                                            "uplift_evidence_score":  88.75,
                                            "uplift_source_health_score":  75.0,
                                            "uplift_reason":  "PROTECTED_EXISTING_HIGH_CONFIDENCE",
                                            "uplift_method_version":  "disk_safe_low_confidence_uplift_v3_write_to_webapp",
                                            "uplift_checked_at":  "2026-05-01T01:32:47",
                                            "nearest_lsoa_rescue_reason":  "PROTECTED_EXISTING_CONFIDENCE",
                                            "nearest_lsoa_rescue_method_version":  "nearest_lsoa_rescue_strict_no_downgrade_v1",
                                            "nearest_lsoa_rescue_checked_at":  "2026-05-01T01:59:21"
                                        },
                         "geometry":  {
                                          "type":  "Point",
                                          "coordinates":  [
                                                              0.1648476,
                                                              51.5447861
                                                          ]
                                      }
                     },
                     {
                         "type":  "Feature",
                         "properties":  {
                                            "safety_level":  "Dusuk",
                                            "confidence_flags":  "LOW_EXTERNAL_SOURCE_HEALTH",
                                            "spatial_match_method":  "parcel_centroid_inside_lsoa_polygon",
                                            "confidence_score":  82.97,
                                            "spatial_score":  100.0,
                                            "security_match_status":  "MATCHED",
                                            "security_parcel_id":  "parcel_134",
                                            "security_lsoa_name":  "Barking and Dagenham 010D",
                                            "security_lsoa_code":  "E01000108",
                                            "confidence_label":  "Cok Yuksek",
                                            "safety_score":  31.06,
                                            "security_borough":  "E09000002",
                                            "enhanced_method_version":  "security_accuracy_enhancement_v2",
                                            "weighted_crime_12m":  535.5,
                                            "weighted_monthly_avg":  44.625,
                                            "external_source_health_score":  66.67,
                                            "uplift_evidence_score":  88.75,
                                            "uplift_source_health_score":  75.0,
                                            "uplift_reason":  "PROTECTED_EXISTING_HIGH_CONFIDENCE",
                                            "uplift_method_version":  "disk_safe_low_confidence_uplift_v3_write_to_webapp",
                                            "uplift_checked_at":  "2026-05-01T01:32:47",
                                            "nearest_lsoa_rescue_reason":  "PROTECTED_EXISTING_CONFIDENCE",
                                            "nearest_lsoa_rescue_method_version":  "nearest_lsoa_rescue_strict_no_downgrade_v1",
                                            "nearest_lsoa_rescue_checked_at":  "2026-05-01T01:59:21"
                                        },
                         "geometry":  {
                                          "type":  "Point",
                                          "coordinates":  [
                                                              0.1633531,
                                                              51.5415728
                                                          ]
                                      }
                     },
                     {
                         "type":  "Feature",
                         "properties":  {
                                            "safety_level":  "Dusuk",
                                            "confidence_flags":  "LOW_EXTERNAL_SOURCE_HEALTH",
                                            "spatial_match_method":  "parcel_centroid_inside_lsoa_polygon",
                                            "confidence_score":  82.97,
                                            "spatial_score":  100.0,
                                            "security_match_status":  "MATCHED",
                                            "security_parcel_id":  "parcel_135",
                                            "security_lsoa_name":  "Barking and Dagenham 010B",
                                            "security_lsoa_code":  "E01000036",
                                            "confidence_label":  "Cok Yuksek",
                                            "safety_score":  22.8,
                                            "security_borough":  "E09000002",
                                            "enhanced_method_version":  "security_accuracy_enhancement_v2",
                                            "weighted_crime_12m":  643.3,
                                            "weighted_monthly_avg":  53.608333,
                                            "external_source_health_score":  66.67,
                                            "uplift_evidence_score":  88.75,
                                            "uplift_source_health_score":  75.0,
                                            "uplift_reason":  "PROTECTED_EXISTING_HIGH_CONFIDENCE",
                                            "uplift_method_version":  "disk_safe_low_confidence_uplift_v3_write_to_webapp",
                                            "uplift_checked_at":  "2026-05-01T01:32:47",
                                            "nearest_lsoa_rescue_reason":  "PROTECTED_EXISTING_CONFIDENCE",
                                            "nearest_lsoa_rescue_method_version":  "nearest_lsoa_rescue_strict_no_downgrade_v1",
                                            "nearest_lsoa_rescue_checked_at":  "2026-05-01T01:59:21"
                                        },
                         "geometry":  {
                                          "type":  "Point",
                                          "coordinates":  [
                                                              0.1641152,
                                                              51.5452881
                                                          ]
                                      }
                     },
                     {
                         "type":  "Feature",
                         "properties":  {
                                            "safety_level":  "Dusuk",
                                            "confidence_flags":  "LOW_EXTERNAL_SOURCE_HEALTH",
                                            "spatial_match_method":  "parcel_centroid_inside_lsoa_polygon",
                                            "confidence_score":  82.97,
                                            "spatial_score":  100.0,
                                            "security_match_status":  "MATCHED",
                                            "security_parcel_id":  "parcel_136",
                                            "security_lsoa_name":  "Barking and Dagenham 014B",
                                            "security_lsoa_code":  "E01000104",
                                            "confidence_label":  "Cok Yuksek",
                                            "safety_score":  28.88,
                                            "security_borough":  "E09000002",
                                            "enhanced_method_version":  "security_accuracy_enhancement_v2",
                                            "weighted_crime_12m":  557.5,
                                            "weighted_monthly_avg":  46.458333,
                                            "external_source_health_score":  66.67,
                                            "uplift_evidence_score":  88.75,
                                            "uplift_source_health_score":  75.0,
                                            "uplift_reason":  "PROTECTED_EXISTING_HIGH_CONFIDENCE",
                                            "uplift_method_version":  "disk_safe_low_confidence_uplift_v3_write_to_webapp",
                                            "uplift_checked_at":  "2026-05-01T01:32:47",
                                            "nearest_lsoa_rescue_reason":  "PROTECTED_EXISTING_CONFIDENCE",
                                            "nearest_lsoa_rescue_method_version":  "nearest_lsoa_rescue_strict_no_downgrade_v1",
                                            "nearest_lsoa_rescue_checked_at":  "2026-05-01T01:59:21"
                                        },
                         "geometry":  {
                                          "type":  "Point",
                                          "coordinates":  [
                                                              0.1645222,
                                                              51.5392693
                                                          ]
                                      }
                     },
                     {
                         "type":  "Feature",
                         "properties":  {
                                            "safety_level":  "Dusuk",
                                            "confidence_flags":  "LOW_EXTERNAL_SOURCE_HEALTH",
                                            "spatial_match_method":  "parcel_centroid_inside_lsoa_polygon",
                                            "confidence_score":  82.97,
                                            "spatial_score":  100.0,
                                            "security_match_status":  "MATCHED",
                                            "security_parcel_id":  "parcel_137",
                                            "security_lsoa_name":  "Barking and Dagenham 014B",
                                            "security_lsoa_code":  "E01000104",
                                            "confidence_label":  "Cok Yuksek",
                                            "safety_score":  28.88,
                                            "security_borough":  "E09000002",
                                            "enhanced_method_version":  "security_accuracy_enhancement_v2",
                                            "weighted_crime_12m":  557.5,
                                            "weighted_monthly_avg":  46.458333,
                                            "external_source_health_score":  66.67,
                                            "uplift_evidence_score":  88.75,
                                            "uplift_source_health_score":  75.0,
                                            "uplift_reason":  "PROTECTED_EXISTING_HIGH_CONFIDENCE",
                                            "uplift_method_version":  "disk_safe_low_confidence_uplift_v3_write_to_webapp",
                                            "uplift_checked_at":  "2026-05-01T01:32:47",
                                            "nearest_lsoa_rescue_reason":  "PROTECTED_EXISTING_CONFIDENCE",
                                            "nearest_lsoa_rescue_method_version":  "nearest_lsoa_rescue_strict_no_downgrade_v1",
                                            "nearest_lsoa_rescue_checked_at":  "2026-05-01T01:59:21"
                                        },
                         "geometry":  {
                                          "type":  "Point",
                                          "coordinates":  [
                                                              0.1657481,
                                                              51.5395846
                                                          ]
                                      }
                     },
                     {
                         "type":  "Feature",
                         "properties":  {
                                            "safety_level":  "Dusuk",
                                            "confidence_flags":  "LOW_EXTERNAL_SOURCE_HEALTH",
                                            "spatial_match_method":  "parcel_centroid_inside_lsoa_polygon",
                                            "confidence_score":  82.97,
                                            "spatial_score":  100.0,
                                            "security_match_status":  "MATCHED",
                                            "security_parcel_id":  "parcel_138",
                                            "security_lsoa_name":  "Barking and Dagenham 014B",
                                            "security_lsoa_code":  "E01000104",
                                            "confidence_label":  "Cok Yuksek",
                                            "safety_score":  28.88,
                                            "security_borough":  "E09000002",
                                            "enhanced_method_version":  "security_accuracy_enhancement_v2",
                                            "weighted_crime_12m":  557.5,
                                            "weighted_monthly_avg":  46.458333,
                                            "external_source_health_score":  66.67,
                                            "uplift_evidence_score":  88.75,
                                            "uplift_source_health_score":  75.0,
                                            "uplift_reason":  "PROTECTED_EXISTING_HIGH_CONFIDENCE",
                                            "uplift_method_version":  "disk_safe_low_confidence_uplift_v3_write_to_webapp",
                                            "uplift_checked_at":  "2026-05-01T01:32:47",
                                            "nearest_lsoa_rescue_reason":  "PROTECTED_EXISTING_CONFIDENCE",
                                            "nearest_lsoa_rescue_method_version":  "nearest_lsoa_rescue_strict_no_downgrade_v1",
                                            "nearest_lsoa_rescue_checked_at":  "2026-05-01T01:59:21"
                                        },
                         "geometry":  {
                                          "type":  "Point",
                                          "coordinates":  [
                                                              0.1636067,
                                                              51.540023
                                                          ]
                                      }
                     },
                     {
                         "type":  "Feature",
                         "properties":  {
                                            "safety_level":  "Dusuk",
                                            "confidence_flags":  "LOW_EXTERNAL_SOURCE_HEALTH",
                                            "spatial_match_method":  "parcel_centroid_inside_lsoa_polygon",
                                            "confidence_score":  82.97,
                                            "spatial_score":  100.0,
                                            "security_match_status":  "MATCHED",
                                            "security_parcel_id":  "parcel_139",
                                            "security_lsoa_name":  "Barking and Dagenham 014B",
                                            "security_lsoa_code":  "E01000104",
                                            "confidence_label":  "Cok Yuksek",
                                            "safety_score":  28.88,
                                            "security_borough":  "E09000002",
                                            "enhanced_method_version":  "security_accuracy_enhancement_v2",
                                            "weighted_crime_12m":  557.5,
                                            "weighted_monthly_avg":  46.458333,
                                            "external_source_health_score":  66.67,
                                            "uplift_evidence_score":  88.75,
                                            "uplift_source_health_score":  75.0,
                                            "uplift_reason":  "PROTECTED_EXISTING_HIGH_CONFIDENCE",
                                            "uplift_method_version":  "disk_safe_low_confidence_uplift_v3_write_to_webapp",
                                            "uplift_checked_at":  "2026-05-01T01:32:47",
                                            "nearest_lsoa_rescue_reason":  "PROTECTED_EXISTING_CONFIDENCE",
                                            "nearest_lsoa_rescue_method_version":  "nearest_lsoa_rescue_strict_no_downgrade_v1",
                                            "nearest_lsoa_rescue_checked_at":  "2026-05-01T01:59:21"
                                        },
                         "geometry":  {
                                          "type":  "Point",
                                          "coordinates":  [
                                                              0.1647441,
                                                              51.5399065
                                                          ]
                                      }
                     },
                     {
                         "type":  "Feature",
                         "properties":  {
                                            "safety_level":  "Dusuk",
                                            "confidence_flags":  "LOW_EXTERNAL_SOURCE_HEALTH",
                                            "spatial_match_method":  "parcel_centroid_inside_lsoa_polygon",
                                            "confidence_score":  82.97,
                                            "spatial_score":  100.0,
                                            "security_match_status":  "MATCHED",
                                            "security_parcel_id":  "parcel_140",
                                            "security_lsoa_name":  "Barking and Dagenham 010D",
                                            "security_lsoa_code":  "E01000108",
                                            "confidence_label":  "Cok Yuksek",
                                            "safety_score":  31.06,
                                            "security_borough":  "E09000002",
                                            "enhanced_method_version":  "security_accuracy_enhancement_v2",
                                            "weighted_crime_12m":  535.5,
                                            "weighted_monthly_avg":  44.625,
                                            "external_source_health_score":  66.67,
                                            "uplift_evidence_score":  88.75,
                                            "uplift_source_health_score":  75.0,
                                            "uplift_reason":  "PROTECTED_EXISTING_HIGH_CONFIDENCE",
                                            "uplift_method_version":  "disk_safe_low_confidence_uplift_v3_write_to_webapp",
                                            "uplift_checked_at":  "2026-05-01T01:32:47",
                                            "nearest_lsoa_rescue_reason":  "PROTECTED_EXISTING_CONFIDENCE",
                                            "nearest_lsoa_rescue_method_version":  "nearest_lsoa_rescue_strict_no_downgrade_v1",
                                            "nearest_lsoa_rescue_checked_at":  "2026-05-01T01:59:21"
                                        },
                         "geometry":  {
                                          "type":  "Point",
                                          "coordinates":  [
                                                              0.1640196,
                                                              51.5407225
                                                          ]
                                      }
                     },
                     {
                         "type":  "Feature",
                         "properties":  {
                                            "safety_level":  "Orta",
                                            "confidence_flags":  "LOW_EXTERNAL_SOURCE_HEALTH",
                                            "spatial_match_method":  "parcel_centroid_inside_lsoa_polygon",
                                            "confidence_score":  82.97,
                                            "spatial_score":  100.0,
                                            "security_match_status":  "MATCHED",
                                            "security_parcel_id":  "parcel_141",
                                            "security_lsoa_name":  "Barking and Dagenham 014A",
                                            "security_lsoa_code":  "E01000103",
                                            "confidence_label":  "Cok Yuksek",
                                            "safety_score":  52.1,
                                            "security_borough":  "E09000002",
                                            "enhanced_method_version":  "security_accuracy_enhancement_v2",
                                            "weighted_crime_12m":  380.8,
                                            "weighted_monthly_avg":  31.733333,
                                            "external_source_health_score":  66.67,
                                            "uplift_evidence_score":  88.75,
                                            "uplift_source_health_score":  75.0,
                                            "uplift_reason":  "PROTECTED_EXISTING_HIGH_CONFIDENCE",
                                            "uplift_method_version":  "disk_safe_low_confidence_uplift_v3_write_to_webapp",
                                            "uplift_checked_at":  "2026-05-01T01:32:47",
                                            "nearest_lsoa_rescue_reason":  "PROTECTED_EXISTING_CONFIDENCE",
                                            "nearest_lsoa_rescue_method_version":  "nearest_lsoa_rescue_strict_no_downgrade_v1",
                                            "nearest_lsoa_rescue_checked_at":  "2026-05-01T01:59:21"
                                        },
                         "geometry":  {
                                          "type":  "Point",
                                          "coordinates":  [
                                                              0.1634638,
                                                              51.5370553
                                                          ]
                                      }
                     },
                     {
                         "type":  "Feature",
                         "properties":  {
                                            "safety_level":  "Dusuk",
                                            "confidence_flags":  "LOW_EXTERNAL_SOURCE_HEALTH",
                                            "spatial_match_method":  "parcel_centroid_inside_lsoa_polygon",
                                            "confidence_score":  82.97,
                                            "spatial_score":  100.0,
                                            "security_match_status":  "MATCHED",
                                            "security_parcel_id":  "parcel_142",
                                            "security_lsoa_name":  "Barking and Dagenham 014B",
                                            "security_lsoa_code":  "E01000104",
                                            "confidence_label":  "Cok Yuksek",
                                            "safety_score":  28.88,
                                            "security_borough":  "E09000002",
                                            "enhanced_method_version":  "security_accuracy_enhancement_v2",
                                            "weighted_crime_12m":  557.5,
                                            "weighted_monthly_avg":  46.458333,
                                            "external_source_health_score":  66.67,
                                            "uplift_evidence_score":  88.75,
                                            "uplift_source_health_score":  75.0,
                                            "uplift_reason":  "PROTECTED_EXISTING_HIGH_CONFIDENCE",
                                            "uplift_method_version":  "disk_safe_low_confidence_uplift_v3_write_to_webapp",
                                            "uplift_checked_at":  "2026-05-01T01:32:47",
                                            "nearest_lsoa_rescue_reason":  "PROTECTED_EXISTING_CONFIDENCE",
                                            "nearest_lsoa_rescue_method_version":  "nearest_lsoa_rescue_strict_no_downgrade_v1",
                                            "nearest_lsoa_rescue_checked_at":  "2026-05-01T01:59:21"
                                        },
                         "geometry":  {
                                          "type":  "Point",
                                          "coordinates":  [
                                                              0.163722,
                                                              51.5389945
                                                          ]
                                      }
                     },
                     {
                         "type":  "Feature",
                         "properties":  {
                                            "safety_level":  "Dusuk",
                                            "confidence_flags":  "LOW_EXTERNAL_SOURCE_HEALTH",
                                            "spatial_match_method":  "parcel_centroid_inside_lsoa_polygon",
                                            "confidence_score":  82.97,
                                            "spatial_score":  100.0,
                                            "security_match_status":  "MATCHED",
                                            "security_parcel_id":  "parcel_143",
                                            "security_lsoa_name":  "Barking and Dagenham 014B",
                                            "security_lsoa_code":  "E01000104",
                                            "confidence_label":  "Cok Yuksek",
                                            "safety_score":  28.88,
                                            "security_borough":  "E09000002",
                                            "enhanced_method_version":  "security_accuracy_enhancement_v2",
                                            "weighted_crime_12m":  557.5,
                                            "weighted_monthly_avg":  46.458333,
                                            "external_source_health_score":  66.67,
                                            "uplift_evidence_score":  88.75,
                                            "uplift_source_health_score":  75.0,
                                            "uplift_reason":  "PROTECTED_EXISTING_HIGH_CONFIDENCE",
                                            "uplift_method_version":  "disk_safe_low_confidence_uplift_v3_write_to_webapp",
                                            "uplift_checked_at":  "2026-05-01T01:32:47",
                                            "nearest_lsoa_rescue_reason":  "PROTECTED_EXISTING_CONFIDENCE",
                                            "nearest_lsoa_rescue_method_version":  "nearest_lsoa_rescue_strict_no_downgrade_v1",
                                            "nearest_lsoa_rescue_checked_at":  "2026-05-01T01:59:21"
                                        },
                         "geometry":  {
                                          "type":  "Point",
                                          "coordinates":  [
                                                              0.163973,
                                                              51.5384112
                                                          ]
                                      }
                     },
                     {
                         "type":  "Feature",
                         "properties":  {
                                            "safety_level":  "Dusuk",
                                            "confidence_flags":  "LOW_EXTERNAL_SOURCE_HEALTH",
                                            "spatial_match_method":  "parcel_centroid_inside_lsoa_polygon",
                                            "confidence_score":  82.97,
                                            "spatial_score":  100.0,
                                            "security_match_status":  "MATCHED",
                                            "security_parcel_id":  "parcel_144",
                                            "security_lsoa_name":  "Barking and Dagenham 014B",
                                            "security_lsoa_code":  "E01000104",
                                            "confidence_label":  "Cok Yuksek",
                                            "safety_score":  28.88,
                                            "security_borough":  "E09000002",
                                            "enhanced_method_version":  "security_accuracy_enhancement_v2",
                                            "weighted_crime_12m":  557.5,
                                            "weighted_monthly_avg":  46.458333,
                                            "external_source_health_score":  66.67,
                                            "uplift_evidence_score":  88.75,
                                            "uplift_source_health_score":  75.0,
                                            "uplift_reason":  "PROTECTED_EXISTING_HIGH_CONFIDENCE",
                                            "uplift_method_version":  "disk_safe_low_confidence_uplift_v3_write_to_webapp",
                                            "uplift_checked_at":  "2026-05-01T01:32:47",
                                            "nearest_lsoa_rescue_reason":  "PROTECTED_EXISTING_CONFIDENCE",
                                            "nearest_lsoa_rescue_method_version":  "nearest_lsoa_rescue_strict_no_downgrade_v1",
                                            "nearest_lsoa_rescue_checked_at":  "2026-05-01T01:59:21"
                                        },
                         "geometry":  {
                                          "type":  "Point",
                                          "coordinates":  [
                                                              0.165064,
                                                              51.5380152
                                                          ]
                                      }
                     },
                     {
                         "type":  "Feature",
                         "properties":  {
                                            "safety_level":  "Orta",
                                            "confidence_flags":  "LOW_EXTERNAL_SOURCE_HEALTH",
                                            "spatial_match_method":  "parcel_centroid_inside_lsoa_polygon",
                                            "confidence_score":  82.97,
                                            "spatial_score":  100.0,
                                            "security_match_status":  "MATCHED",
                                            "security_parcel_id":  "parcel_145",
                                            "security_lsoa_name":  "Barking and Dagenham 014A",
                                            "security_lsoa_code":  "E01000103",
                                            "confidence_label":  "Cok Yuksek",
                                            "safety_score":  52.1,
                                            "security_borough":  "E09000002",
                                            "enhanced_method_version":  "security_accuracy_enhancement_v2",
                                            "weighted_crime_12m":  380.8,
                                            "weighted_monthly_avg":  31.733333,
                                            "external_source_health_score":  66.67,
                                            "uplift_evidence_score":  88.75,
                                            "uplift_source_health_score":  75.0,
                                            "uplift_reason":  "PROTECTED_EXISTING_HIGH_CONFIDENCE",
                                            "uplift_method_version":  "disk_safe_low_confidence_uplift_v3_write_to_webapp",
                                            "uplift_checked_at":  "2026-05-01T01:32:47",
                                            "nearest_lsoa_rescue_reason":  "PROTECTED_EXISTING_CONFIDENCE",
                                            "nearest_lsoa_rescue_method_version":  "nearest_lsoa_rescue_strict_no_downgrade_v1",
                                            "nearest_lsoa_rescue_checked_at":  "2026-05-01T01:59:21"
                                        },
                         "geometry":  {
                                          "type":  "Point",
                                          "coordinates":  [
                                                              0.1647457,
                                                              51.5374925
                                                          ]
                                      }
                     },
                     {
                         "type":  "Feature",
                         "properties":  {
                                            "safety_level":  "Dusuk",
                                            "confidence_flags":  "LOW_EXTERNAL_SOURCE_HEALTH",
                                            "spatial_match_method":  "parcel_centroid_inside_lsoa_polygon",
                                            "confidence_score":  82.97,
                                            "spatial_score":  100.0,
                                            "security_match_status":  "MATCHED",
                                            "security_parcel_id":  "parcel_146",
                                            "security_lsoa_name":  "Barking and Dagenham 014B",
                                            "security_lsoa_code":  "E01000104",
                                            "confidence_label":  "Cok Yuksek",
                                            "safety_score":  28.88,
                                            "security_borough":  "E09000002",
                                            "enhanced_method_version":  "security_accuracy_enhancement_v2",
                                            "weighted_crime_12m":  557.5,
                                            "weighted_monthly_avg":  46.458333,
                                            "external_source_health_score":  66.67,
                                            "uplift_evidence_score":  88.75,
                                            "uplift_source_health_score":  75.0,
                                            "uplift_reason":  "PROTECTED_EXISTING_HIGH_CONFIDENCE",
                                            "uplift_method_version":  "disk_safe_low_confidence_uplift_v3_write_to_webapp",
                                            "uplift_checked_at":  "2026-05-01T01:32:47",
                                            "nearest_lsoa_rescue_reason":  "PROTECTED_EXISTING_CONFIDENCE",
                                            "nearest_lsoa_rescue_method_version":  "nearest_lsoa_rescue_strict_no_downgrade_v1",
                                            "nearest_lsoa_rescue_checked_at":  "2026-05-01T01:59:21"
                                        },
                         "geometry":  {
                                          "type":  "Point",
                                          "coordinates":  [
                                                              0.1651042,
                                                              51.5390594
                                                          ]
                                      }
                     },
                     {
                         "type":  "Feature",
                         "properties":  {
                                            "safety_level":  "Orta",
                                            "confidence_flags":  "LOW_EXTERNAL_SOURCE_HEALTH",
                                            "spatial_match_method":  "parcel_centroid_inside_lsoa_polygon",
                                            "confidence_score":  82.97,
                                            "spatial_score":  100.0,
                                            "security_match_status":  "MATCHED",
                                            "security_parcel_id":  "parcel_147",
                                            "security_lsoa_name":  "Barking and Dagenham 014A",
                                            "security_lsoa_code":  "E01000103",
                                            "confidence_label":  "Cok Yuksek",
                                            "safety_score":  52.1,
                                            "security_borough":  "E09000002",
                                            "enhanced_method_version":  "security_accuracy_enhancement_v2",
                                            "weighted_crime_12m":  380.8,
                                            "weighted_monthly_avg":  31.733333,
                                            "external_source_health_score":  66.67,
                                            "uplift_evidence_score":  88.75,
                                            "uplift_source_health_score":  75.0,
                                            "uplift_reason":  "PROTECTED_EXISTING_HIGH_CONFIDENCE",
                                            "uplift_method_version":  "disk_safe_low_confidence_uplift_v3_write_to_webapp",
                                            "uplift_checked_at":  "2026-05-01T01:32:47",
                                            "nearest_lsoa_rescue_reason":  "PROTECTED_EXISTING_CONFIDENCE",
                                            "nearest_lsoa_rescue_method_version":  "nearest_lsoa_rescue_strict_no_downgrade_v1",
                                            "nearest_lsoa_rescue_checked_at":  "2026-05-01T01:59:21"
                                        },
                         "geometry":  {
                                          "type":  "Point",
                                          "coordinates":  [
                                                              0.1655848,
                                                              51.5367439
                                                          ]
                                      }
                     },
                     {
                         "type":  "Feature",
                         "properties":  {
                                            "safety_level":  "Cok Dusuk",
                                            "confidence_flags":  "LOW_EXTERNAL_SOURCE_HEALTH",
                                            "spatial_match_method":  "parcel_centroid_inside_lsoa_polygon",
                                            "confidence_score":  82.97,
                                            "spatial_score":  100.0,
                                            "security_match_status":  "MATCHED",
                                            "security_parcel_id":  "parcel_148",
                                            "security_lsoa_name":  "Barking and Dagenham 014D",
                                            "security_lsoa_code":  "E01000106",
                                            "confidence_label":  "Cok Yuksek",
                                            "safety_score":  15.44,
                                            "security_borough":  "E09000002",
                                            "enhanced_method_version":  "security_accuracy_enhancement_v2",
                                            "weighted_crime_12m":  796.2,
                                            "weighted_monthly_avg":  66.35,
                                            "external_source_health_score":  66.67,
                                            "uplift_evidence_score":  88.75,
                                            "uplift_source_health_score":  75.0,
                                            "uplift_reason":  "PROTECTED_EXISTING_HIGH_CONFIDENCE",
                                            "uplift_method_version":  "disk_safe_low_confidence_uplift_v3_write_to_webapp",
                                            "uplift_checked_at":  "2026-05-01T01:32:47",
                                            "nearest_lsoa_rescue_reason":  "PROTECTED_EXISTING_CONFIDENCE",
                                            "nearest_lsoa_rescue_method_version":  "nearest_lsoa_rescue_strict_no_downgrade_v1",
                                            "nearest_lsoa_rescue_checked_at":  "2026-05-01T01:59:21"
                                        },
                         "geometry":  {
                                          "type":  "Point",
                                          "coordinates":  [
                                                              0.1628308,
                                                              51.540806
                                                          ]
                                      }
                     },
                     {
                         "type":  "Feature",
                         "properties":  {
                                            "safety_level":  "Dusuk",
                                            "confidence_flags":  "LOW_EXTERNAL_SOURCE_HEALTH",
                                            "spatial_match_method":  "parcel_centroid_inside_lsoa_polygon",
                                            "confidence_score":  82.97,
                                            "spatial_score":  100.0,
                                            "security_match_status":  "MATCHED",
                                            "security_parcel_id":  "parcel_149",
                                            "security_lsoa_name":  "Barking and Dagenham 010D",
                                            "security_lsoa_code":  "E01000108",
                                            "confidence_label":  "Cok Yuksek",
                                            "safety_score":  31.06,
                                            "security_borough":  "E09000002",
                                            "enhanced_method_version":  "security_accuracy_enhancement_v2",
                                            "weighted_crime_12m":  535.5,
                                            "weighted_monthly_avg":  44.625,
                                            "external_source_health_score":  66.67,
                                            "uplift_evidence_score":  88.75,
                                            "uplift_source_health_score":  75.0,
                                            "uplift_reason":  "PROTECTED_EXISTING_HIGH_CONFIDENCE",
                                            "uplift_method_version":  "disk_safe_low_confidence_uplift_v3_write_to_webapp",
                                            "uplift_checked_at":  "2026-05-01T01:32:47",
                                            "nearest_lsoa_rescue_reason":  "PROTECTED_EXISTING_CONFIDENCE",
                                            "nearest_lsoa_rescue_method_version":  "nearest_lsoa_rescue_strict_no_downgrade_v1",
                                            "nearest_lsoa_rescue_checked_at":  "2026-05-01T01:59:21"
                                        },
                         "geometry":  {
                                          "type":  "Point",
                                          "coordinates":  [
                                                              0.1628553,
                                                              51.5413647
                                                          ]
                                      }
                     },
                     {
                         "type":  "Feature",
                         "properties":  {
                                            "safety_level":  "Cok Dusuk",
                                            "confidence_flags":  "LOW_EXTERNAL_SOURCE_HEALTH",
                                            "spatial_match_method":  "parcel_centroid_inside_lsoa_polygon",
                                            "confidence_score":  82.97,
                                            "spatial_score":  100.0,
                                            "security_match_status":  "MATCHED",
                                            "security_parcel_id":  "parcel_150",
                                            "security_lsoa_name":  "Barking and Dagenham 014D",
                                            "security_lsoa_code":  "E01000106",
                                            "confidence_label":  "Cok Yuksek",
                                            "safety_score":  15.44,
                                            "security_borough":  "E09000002",
                                            "enhanced_method_version":  "security_accuracy_enhancement_v2",
                                            "weighted_crime_12m":  796.2,
                                            "weighted_monthly_avg":  66.35,
                                            "external_source_health_score":  66.67,
                                            "uplift_evidence_score":  88.75,
                                            "uplift_source_health_score":  75.0,
                                            "uplift_reason":  "PROTECTED_EXISTING_HIGH_CONFIDENCE",
                                            "uplift_method_version":  "disk_safe_low_confidence_uplift_v3_write_to_webapp",
                                            "uplift_checked_at":  "2026-05-01T01:32:47",
                                            "nearest_lsoa_rescue_reason":  "PROTECTED_EXISTING_CONFIDENCE",
                                            "nearest_lsoa_rescue_method_version":  "nearest_lsoa_rescue_strict_no_downgrade_v1",
                                            "nearest_lsoa_rescue_checked_at":  "2026-05-01T01:59:21"
                                        },
                         "geometry":  {
                                          "type":  "Point",
                                          "coordinates":  [
                                                              0.1626878,
                                                              51.5400846
                                                          ]
                                      }
                     }
                 ]
}
