{
  "type": "FeatureCollection",
  "features": [
    {
      "type": "Feature",
      "id": "planned-buildings-2-mhclg-BR00101-parcel_10395",
      "geometry": {
        "type": "Point",
        "coordinates": [
          -0.1989673,
          51.5330718
        ]
      },
      "properties": {
        "topic_id": "planned-buildings",
        "slot_id": "planned_buildings_2",
        "parcel_id": "parcel_10395",
        "program_parcel_id": "parcel_10395",
        "official_site_key": "BR00101",
        "source_dataset_id": "mhclg_brownfield_register_official_20260814",
        "planned_project_name": "Peel Precinct, 97-112 Carlton House, Canterbury Terrace, 8-1, Neville Close, NW6",
        "planned_project_type": "large_housing_or_regeneration",
        "planned_project_owner_type": "Owned by a public authority",
        "planned_project_status": "permissioned",
        "planned_building_value": 85,
        "planned_building_probability": 85,
        "planned_building_complete_month": null,
        "planned_building_expected_window": null,
        "planned_complete_month_reason": "Official register enddate is not a completion month; null preserved.",
        "planned_building_capacity_net_dwellings": 170.0,
        "planned_site_geometry": "official_polygon",
        "planned_source_url": "https://www.planning.data.gov.uk/dataset/brownfield-land",
        "source_url": "https://www.planning.data.gov.uk/dataset/brownfield-land",
        "source_accessed_at": "2026-08-15T07:33:16Z",
        "source_sha256": "137fb3d06778b255d855cc2ef87ef8bf9fb8057293419cf47669dc40fed89d6b",
        "source_license": "Open Government Licence v3.0 (verify before production)",
        "source_record_scope": {
          "siterefere": "BR00101",
          "planning_status": "permissioned",
          "net_dwellings": 170
        },
        "evidence_level": 3,
        "demo_only": true,
        "fake_data": false,
        "final_ready": false,
        "production_merge": false,
        "generated_at": "2026-08-15T07:33:16Z"
      }
    },
    {
      "type": "Feature",
      "id": "planned-buildings-2-mhclg-BR00101-parcel_10403",
      "geometry": {
        "type": "Point",
        "coordinates": [
          -0.1985816,
          51.5339568
        ]
      },
      "properties": {
        "topic_id": "planned-buildings",
        "slot_id": "planned_buildings_2",
        "parcel_id": "parcel_10403",
        "program_parcel_id": "parcel_10403",
        "official_site_key": "BR00101",
        "source_dataset_id": "mhclg_brownfield_register_official_20260814",
        "planned_project_name": "Peel Precinct, 97-112 Carlton House, Canterbury Terrace, 8-1, Neville Close, NW6",
        "planned_project_type": "large_housing_or_regeneration",
        "planned_project_owner_type": "Owned by a public authority",
        "planned_project_status": "permissioned",
        "planned_building_value": 85,
        "planned_building_probability": 85,
        "planned_building_complete_month": null,
        "planned_building_expected_window": null,
        "planned_complete_month_reason": "Official register enddate is not a completion month; null preserved.",
        "planned_building_capacity_net_dwellings": 170.0,
        "planned_site_geometry": "official_polygon",
        "planned_source_url": "https://www.planning.data.gov.uk/dataset/brownfield-land",
        "source_url": "https://www.planning.data.gov.uk/dataset/brownfield-land",
        "source_accessed_at": "2026-08-15T07:33:16Z",
        "source_sha256": "137fb3d06778b255d855cc2ef87ef8bf9fb8057293419cf47669dc40fed89d6b",
        "source_license": "Open Government Licence v3.0 (verify before production)",
        "source_record_scope": {
          "siterefere": "BR00101",
          "planning_status": "permissioned",
          "net_dwellings": 170
        },
        "evidence_level": 3,
        "demo_only": true,
        "fake_data": false,
        "final_ready": false,
        "production_merge": false,
        "generated_at": "2026-08-15T07:33:16Z"
      }
    },
    {
      "type": "Feature",
      "id": "planned-buildings-2-mhclg-BR00002-parcel_10497",
      "geometry": {
        "type": "Point",
        "coordinates": [
          -0.2065779,
          51.5378319
        ]
      },
      "properties": {
        "topic_id": "planned-buildings",
        "slot_id": "planned_buildings_2",
        "parcel_id": "parcel_10497",
        "program_parcel_id": "parcel_10497",
        "official_site_key": "BR00002",
        "source_dataset_id": "mhclg_brownfield_register_official_20260814",
        "planned_project_name": "All Units, 117-121 Salusbury Road, London, NW6 6RG",
        "planned_project_type": "large_housing_or_regeneration",
        "planned_project_owner_type": "unknown ownership",
        "planned_project_status": "not permissioned",
        "planned_building_value": 75,
        "planned_building_probability": 85,
        "planned_building_complete_month": null,
        "planned_building_expected_window": null,
        "planned_complete_month_reason": "Official register enddate is not a completion month; null preserved.",
        "planned_building_capacity_net_dwellings": 55.0,
        "planned_site_geometry": "official_polygon",
        "planned_source_url": "https://www.planning.data.gov.uk/dataset/brownfield-land",
        "source_url": "https://www.planning.data.gov.uk/dataset/brownfield-land",
        "source_accessed_at": "2026-08-15T07:33:16Z",
        "source_sha256": "137fb3d06778b255d855cc2ef87ef8bf9fb8057293419cf47669dc40fed89d6b",
        "source_license": "Open Government Licence v3.0 (verify before production)",
        "source_record_scope": {
          "siterefere": "BR00002",
          "planning_status": "not permissioned",
          "net_dwellings": 55
        },
        "evidence_level": 3,
        "demo_only": true,
        "fake_data": false,
        "final_ready": false,
        "production_merge": false,
        "generated_at": "2026-08-15T07:33:16Z"
      }
    },
    {
      "type": "Feature",
      "id": "planned-buildings-2-mhclg-BR00028-parcel_10844",
      "geometry": {
        "type": "Point",
        "coordinates": [
          -0.2274339,
          51.5497884
        ]
      },
      "properties": {
        "topic_id": "planned-buildings",
        "slot_id": "planned_buildings_2",
        "parcel_id": "parcel_10844",
        "program_parcel_id": "parcel_10844",
        "official_site_key": "BR00028",
        "source_dataset_id": "mhclg_brownfield_register_official_20260814",
        "planned_project_name": "Storage Land next to 75, St Pauls Avenue, London, NW2 5TG",
        "planned_project_type": "large_housing_or_regeneration",
        "planned_project_owner_type": "unknown ownership",
        "planned_project_status": "pending decision",
        "planned_building_value": 75,
        "planned_building_probability": 55,
        "planned_building_complete_month": null,
        "planned_building_expected_window": null,
        "planned_complete_month_reason": "Official register enddate is not a completion month; null preserved.",
        "planned_building_capacity_net_dwellings": 64.0,
        "planned_site_geometry": "official_polygon",
        "planned_source_url": "https://www.planning.data.gov.uk/dataset/brownfield-land",
        "source_url": "https://www.planning.data.gov.uk/dataset/brownfield-land",
        "source_accessed_at": "2026-08-15T07:33:16Z",
        "source_sha256": "137fb3d06778b255d855cc2ef87ef8bf9fb8057293419cf47669dc40fed89d6b",
        "source_license": "Open Government Licence v3.0 (verify before production)",
        "source_record_scope": {
          "siterefere": "BR00028",
          "planning_status": "pending decision",
          "net_dwellings": 64
        },
        "evidence_level": 3,
        "demo_only": true,
        "fake_data": false,
        "final_ready": false,
        "production_merge": false,
        "generated_at": "2026-08-15T07:33:16Z"
      }
    },
    {
      "type": "Feature",
      "id": "planned-buildings-2-mhclg-BR00056-parcel_11055",
      "geometry": {
        "type": "Point",
        "coordinates": [
          -0.249128,
          51.5510786
        ]
      },
      "properties": {
        "topic_id": "planned-buildings",
        "slot_id": "planned_buildings_2",
        "parcel_id": "parcel_11055",
        "program_parcel_id": "parcel_11055",
        "official_site_key": "BR00056",
        "source_dataset_id": "mhclg_brownfield_register_official_20260814",
        "planned_project_name": "Chancel House, Neasden Lane, NW10",
        "planned_project_type": "large_housing_or_regeneration",
        "planned_project_owner_type": "owned by a public authority",
        "planned_project_status": "permissioned",
        "planned_building_value": 85,
        "planned_building_probability": 85,
        "planned_building_complete_month": null,
        "planned_building_expected_window": null,
        "planned_complete_month_reason": "Official register enddate is not a completion month; null preserved.",
        "planned_building_capacity_net_dwellings": 400.0,
        "planned_site_geometry": "official_polygon",
        "planned_source_url": "https://www.planning.data.gov.uk/dataset/brownfield-land",
        "source_url": "https://www.planning.data.gov.uk/dataset/brownfield-land",
        "source_accessed_at": "2026-08-15T07:33:16Z",
        "source_sha256": "137fb3d06778b255d855cc2ef87ef8bf9fb8057293419cf47669dc40fed89d6b",
        "source_license": "Open Government Licence v3.0 (verify before production)",
        "source_record_scope": {
          "siterefere": "BR00056",
          "planning_status": "permissioned",
          "net_dwellings": 400
        },
        "evidence_level": 3,
        "demo_only": true,
        "fake_data": false,
        "final_ready": false,
        "production_merge": false,
        "generated_at": "2026-08-15T07:33:16Z"
      }
    },
    {
      "type": "Feature",
      "id": "planned-buildings-2-mhclg-BR00057-parcel_11076",
      "geometry": {
        "type": "Point",
        "coordinates": [
          -0.2467772,
          51.5504682
        ]
      },
      "properties": {
        "topic_id": "planned-buildings",
        "slot_id": "planned_buildings_2",
        "parcel_id": "parcel_11076",
        "program_parcel_id": "parcel_11076",
        "official_site_key": "BR00057",
        "source_dataset_id": "mhclg_brownfield_register_official_20260814",
        "planned_project_name": "Asiatic Carpets, Church End High Road, NW10",
        "planned_project_type": "large_housing_or_regeneration",
        "planned_project_owner_type": "not owned by a public authority",
        "planned_project_status": "not permissioned",
        "planned_building_value": 85,
        "planned_building_probability": 85,
        "planned_building_complete_month": null,
        "planned_building_expected_window": null,
        "planned_complete_month_reason": "Official register enddate is not a completion month; null preserved.",
        "planned_building_capacity_net_dwellings": 885.0,
        "planned_site_geometry": "official_polygon",
        "planned_source_url": "https://www.planning.data.gov.uk/dataset/brownfield-land",
        "source_url": "https://www.planning.data.gov.uk/dataset/brownfield-land",
        "source_accessed_at": "2026-08-15T07:33:16Z",
        "source_sha256": "137fb3d06778b255d855cc2ef87ef8bf9fb8057293419cf47669dc40fed89d6b",
        "source_license": "Open Government Licence v3.0 (verify before production)",
        "source_record_scope": {
          "siterefere": "BR00057",
          "planning_status": "not permissioned",
          "net_dwellings": 885
        },
        "evidence_level": 3,
        "demo_only": true,
        "fake_data": false,
        "final_ready": false,
        "production_merge": false,
        "generated_at": "2026-08-15T07:33:16Z"
      }
    },
    {
      "type": "Feature",
      "id": "planned-buildings-2-mhclg-BR00055-parcel_11090",
      "geometry": {
        "type": "Point",
        "coordinates": [
          -0.2447444,
          51.5485354
        ]
      },
      "properties": {
        "topic_id": "planned-buildings",
        "slot_id": "planned_buildings_2",
        "parcel_id": "parcel_11090",
        "program_parcel_id": "parcel_11090",
        "official_site_key": "BR00055",
        "source_dataset_id": "mhclg_brownfield_register_official_20260814",
        "planned_project_name": "Homebase, Church End High Road, NW10",
        "planned_project_type": "large_housing_or_regeneration",
        "planned_project_owner_type": "not owned by a public authority",
        "planned_project_status": "not permissioned",
        "planned_building_value": 85,
        "planned_building_probability": 85,
        "planned_building_complete_month": null,
        "planned_building_expected_window": null,
        "planned_complete_month_reason": "Official register enddate is not a completion month; null preserved.",
        "planned_building_capacity_net_dwellings": 135.0,
        "planned_site_geometry": "official_polygon",
        "planned_source_url": "https://www.planning.data.gov.uk/dataset/brownfield-land",
        "source_url": "https://www.planning.data.gov.uk/dataset/brownfield-land",
        "source_accessed_at": "2026-08-15T07:33:16Z",
        "source_sha256": "137fb3d06778b255d855cc2ef87ef8bf9fb8057293419cf47669dc40fed89d6b",
        "source_license": "Open Government Licence v3.0 (verify before production)",
        "source_record_scope": {
          "siterefere": "BR00055",
          "planning_status": "not permissioned",
          "net_dwellings": 135
        },
        "evidence_level": 3,
        "demo_only": true,
        "fake_data": false,
        "final_ready": false,
        "production_merge": false,
        "generated_at": "2026-08-15T07:33:16Z"
      }
    },
    {
      "type": "Feature",
      "id": "planned-buildings-2-mhclg-BR00041-parcel_11390",
      "geometry": {
        "type": "Point",
        "coordinates": [
          -0.266639,
          51.5934787
        ]
      },
      "properties": {
        "topic_id": "planned-buildings",
        "slot_id": "planned_buildings_2",
        "parcel_id": "parcel_11390",
        "program_parcel_id": "parcel_11390",
        "official_site_key": "BR00041",
        "source_dataset_id": "mhclg_brownfield_register_official_20260814",
        "planned_project_name": "Capitol Industrial Park, Capitol Way, NW9 0EQ",
        "planned_project_type": "large_housing_or_regeneration",
        "planned_project_owner_type": "Unknown ownership",
        "planned_project_status": "permissioned",
        "planned_building_value": 85,
        "planned_building_probability": 85,
        "planned_building_complete_month": null,
        "planned_building_expected_window": null,
        "planned_complete_month_reason": "Official register enddate is not a completion month; null preserved.",
        "planned_building_capacity_net_dwellings": 414.0,
        "planned_site_geometry": "official_polygon",
        "planned_source_url": "https://www.planning.data.gov.uk/dataset/brownfield-land",
        "source_url": "https://www.planning.data.gov.uk/dataset/brownfield-land",
        "source_accessed_at": "2026-08-15T07:33:16Z",
        "source_sha256": "137fb3d06778b255d855cc2ef87ef8bf9fb8057293419cf47669dc40fed89d6b",
        "source_license": "Open Government Licence v3.0 (verify before production)",
        "source_record_scope": {
          "siterefere": "BR00041",
          "planning_status": "permissioned",
          "net_dwellings": 414
        },
        "evidence_level": 3,
        "demo_only": true,
        "fake_data": false,
        "final_ready": false,
        "production_merge": false,
        "generated_at": "2026-08-15T07:33:16Z"
      }
    },
    {
      "type": "Feature",
      "id": "planned-buildings-2-mhclg-BR00041-parcel_11460",
      "geometry": {
        "type": "Point",
        "coordinates": [
          -0.2662056,
          51.5944864
        ]
      },
      "properties": {
        "topic_id": "planned-buildings",
        "slot_id": "planned_buildings_2",
        "parcel_id": "parcel_11460",
        "program_parcel_id": "parcel_11460",
        "official_site_key": "BR00041",
        "source_dataset_id": "mhclg_brownfield_register_official_20260814",
        "planned_project_name": "Capitol Industrial Park, Capitol Way, NW9 0EQ",
        "planned_project_type": "large_housing_or_regeneration",
        "planned_project_owner_type": "Unknown ownership",
        "planned_project_status": "permissioned",
        "planned_building_value": 85,
        "planned_building_probability": 85,
        "planned_building_complete_month": null,
        "planned_building_expected_window": null,
        "planned_complete_month_reason": "Official register enddate is not a completion month; null preserved.",
        "planned_building_capacity_net_dwellings": 414.0,
        "planned_site_geometry": "official_polygon",
        "planned_source_url": "https://www.planning.data.gov.uk/dataset/brownfield-land",
        "source_url": "https://www.planning.data.gov.uk/dataset/brownfield-land",
        "source_accessed_at": "2026-08-15T07:33:16Z",
        "source_sha256": "137fb3d06778b255d855cc2ef87ef8bf9fb8057293419cf47669dc40fed89d6b",
        "source_license": "Open Government Licence v3.0 (verify before production)",
        "source_record_scope": {
          "siterefere": "BR00041",
          "planning_status": "permissioned",
          "net_dwellings": 414
        },
        "evidence_level": 3,
        "demo_only": true,
        "fake_data": false,
        "final_ready": false,
        "production_merge": false,
        "generated_at": "2026-08-15T07:33:16Z"
      }
    },
    {
      "type": "Feature",
      "id": "planned-buildings-2-mhclg-BR00048-parcel_11974",
      "geometry": {
        "type": "Point",
        "coordinates": [
          -0.2772117,
          51.5648793
        ]
      },
      "properties": {
        "topic_id": "planned-buildings",
        "slot_id": "planned_buildings_2",
        "parcel_id": "parcel_11974",
        "program_parcel_id": "parcel_11974",
        "official_site_key": "BR00048",
        "source_dataset_id": "mhclg_brownfield_register_official_20260814",
        "planned_project_name": "The Torch/Kwik Fit Euro, 1-5 Bridge Road, HA9",
        "planned_project_type": "large_housing_or_regeneration",
        "planned_project_owner_type": "unknown ownership",
        "planned_project_status": "not permissioned",
        "planned_building_value": 85,
        "planned_building_probability": 85,
        "planned_building_complete_month": null,
        "planned_building_expected_window": null,
        "planned_complete_month_reason": "Official register enddate is not a completion month; null preserved.",
        "planned_building_capacity_net_dwellings": 414.0,
        "planned_site_geometry": "official_polygon",
        "planned_source_url": "https://www.planning.data.gov.uk/dataset/brownfield-land",
        "source_url": "https://www.planning.data.gov.uk/dataset/brownfield-land",
        "source_accessed_at": "2026-08-15T07:33:16Z",
        "source_sha256": "137fb3d06778b255d855cc2ef87ef8bf9fb8057293419cf47669dc40fed89d6b",
        "source_license": "Open Government Licence v3.0 (verify before production)",
        "source_record_scope": {
          "siterefere": "BR00048",
          "planning_status": "not permissioned",
          "net_dwellings": 414
        },
        "evidence_level": 3,
        "demo_only": true,
        "fake_data": false,
        "final_ready": false,
        "production_merge": false,
        "generated_at": "2026-08-15T07:33:16Z"
      }
    },
    {
      "type": "Feature",
      "id": "planned-buildings-2-mhclg-BR00099-parcel_12104",
      "geometry": {
        "type": "Point",
        "coordinates": [
          -0.2793111,
          51.5410307
        ]
      },
      "properties": {
        "topic_id": "planned-buildings",
        "slot_id": "planned_buildings_2",
        "parcel_id": "parcel_12104",
        "program_parcel_id": "parcel_12104",
        "official_site_key": "BR00099",
        "source_dataset_id": "mhclg_brownfield_register_official_20260814",
        "planned_project_name": "Northfield Industrial Estate, Beresford Avenue, HA0 1NW",
        "planned_project_type": "large_housing_or_regeneration",
        "planned_project_owner_type": "Unknown ownership",
        "planned_project_status": "permissioned",
        "planned_building_value": 85,
        "planned_building_probability": 85,
        "planned_building_complete_month": null,
        "planned_building_expected_window": null,
        "planned_complete_month_reason": "Official register enddate is not a completion month; null preserved.",
        "planned_building_capacity_net_dwellings": 2900.0,
        "planned_site_geometry": "official_polygon",
        "planned_source_url": "https://www.planning.data.gov.uk/dataset/brownfield-land",
        "source_url": "https://www.planning.data.gov.uk/dataset/brownfield-land",
        "source_accessed_at": "2026-08-15T07:33:16Z",
        "source_sha256": "137fb3d06778b255d855cc2ef87ef8bf9fb8057293419cf47669dc40fed89d6b",
        "source_license": "Open Government Licence v3.0 (verify before production)",
        "source_record_scope": {
          "siterefere": "BR00099",
          "planning_status": "permissioned",
          "net_dwellings": 2900
        },
        "evidence_level": 3,
        "demo_only": true,
        "fake_data": false,
        "final_ready": false,
        "production_merge": false,
        "generated_at": "2026-08-15T07:33:16Z"
      }
    },
    {
      "type": "Feature",
      "id": "planned-buildings-2-mhclg-BR00050-parcel_12196",
      "geometry": {
        "type": "Point",
        "coordinates": [
          -0.273572,
          51.5596193
        ]
      },
      "properties": {
        "topic_id": "planned-buildings",
        "slot_id": "planned_buildings_2",
        "parcel_id": "parcel_12196",
        "program_parcel_id": "parcel_12196",
        "official_site_key": "BR00050",
        "source_dataset_id": "mhclg_brownfield_register_official_20260814",
        "planned_project_name": "Euro Car Parts, Corner of Fulton Road and Fifth Way, HA9",
        "planned_project_type": "large_housing_or_regeneration",
        "planned_project_owner_type": "not owned by a public authority",
        "planned_project_status": "not permissioned",
        "planned_building_value": 85,
        "planned_building_probability": 85,
        "planned_building_complete_month": null,
        "planned_building_expected_window": null,
        "planned_complete_month_reason": "Official register enddate is not a completion month; null preserved.",
        "planned_building_capacity_net_dwellings": 305.0,
        "planned_site_geometry": "official_polygon",
        "planned_source_url": "https://www.planning.data.gov.uk/dataset/brownfield-land",
        "source_url": "https://www.planning.data.gov.uk/dataset/brownfield-land",
        "source_accessed_at": "2026-08-15T07:33:16Z",
        "source_sha256": "137fb3d06778b255d855cc2ef87ef8bf9fb8057293419cf47669dc40fed89d6b",
        "source_license": "Open Government Licence v3.0 (verify before production)",
        "source_record_scope": {
          "siterefere": "BR00050",
          "planning_status": "not permissioned",
          "net_dwellings": 305
        },
        "evidence_level": 3,
        "demo_only": true,
        "fake_data": false,
        "final_ready": false,
        "production_merge": false,
        "generated_at": "2026-08-15T07:33:16Z"
      }
    },
    {
      "type": "Feature",
      "id": "planned-buildings-2-mhclg-BR00047-parcel_12454",
      "geometry": {
        "type": "Point",
        "coordinates": [
          -0.2853807,
          51.5538537
        ]
      },
      "properties": {
        "topic_id": "planned-buildings",
        "slot_id": "planned_buildings_2",
        "parcel_id": "parcel_12454",
        "program_parcel_id": "parcel_12454",
        "official_site_key": "BR00047",
        "source_dataset_id": "mhclg_brownfield_register_official_20260814",
        "planned_project_name": "Land Adjacent To Wembley Stadium Station, South Way, HA9 0HB",
        "planned_project_type": "large_housing_or_regeneration",
        "planned_project_owner_type": "Unknown ownership",
        "planned_project_status": "permissioned",
        "planned_building_value": 85,
        "planned_building_probability": 85,
        "planned_building_complete_month": null,
        "planned_building_expected_window": null,
        "planned_complete_month_reason": "Official register enddate is not a completion month; null preserved.",
        "planned_building_capacity_net_dwellings": 590.0,
        "planned_site_geometry": "official_polygon",
        "planned_source_url": "https://www.planning.data.gov.uk/dataset/brownfield-land",
        "source_url": "https://www.planning.data.gov.uk/dataset/brownfield-land",
        "source_accessed_at": "2026-08-15T07:33:16Z",
        "source_sha256": "137fb3d06778b255d855cc2ef87ef8bf9fb8057293419cf47669dc40fed89d6b",
        "source_license": "Open Government Licence v3.0 (verify before production)",
        "source_record_scope": {
          "siterefere": "BR00047",
          "planning_status": "permissioned",
          "net_dwellings": 590
        },
        "evidence_level": 3,
        "demo_only": true,
        "fake_data": false,
        "final_ready": false,
        "production_merge": false,
        "generated_at": "2026-08-15T07:33:16Z"
      }
    },
    {
      "type": "Feature",
      "id": "planned-buildings-2-mhclg-BR00047-parcel_12456",
      "geometry": {
        "type": "Point",
        "coordinates": [
          -0.2857774,
          51.5546918
        ]
      },
      "properties": {
        "topic_id": "planned-buildings",
        "slot_id": "planned_buildings_2",
        "parcel_id": "parcel_12456",
        "program_parcel_id": "parcel_12456",
        "official_site_key": "BR00047",
        "source_dataset_id": "mhclg_brownfield_register_official_20260814",
        "planned_project_name": "Land Adjacent To Wembley Stadium Station, South Way, HA9 0HB",
        "planned_project_type": "large_housing_or_regeneration",
        "planned_project_owner_type": "Unknown ownership",
        "planned_project_status": "permissioned",
        "planned_building_value": 85,
        "planned_building_probability": 85,
        "planned_building_complete_month": null,
        "planned_building_expected_window": null,
        "planned_complete_month_reason": "Official register enddate is not a completion month; null preserved.",
        "planned_building_capacity_net_dwellings": 590.0,
        "planned_site_geometry": "official_polygon",
        "planned_source_url": "https://www.planning.data.gov.uk/dataset/brownfield-land",
        "source_url": "https://www.planning.data.gov.uk/dataset/brownfield-land",
        "source_accessed_at": "2026-08-15T07:33:16Z",
        "source_sha256": "137fb3d06778b255d855cc2ef87ef8bf9fb8057293419cf47669dc40fed89d6b",
        "source_license": "Open Government Licence v3.0 (verify before production)",
        "source_record_scope": {
          "siterefere": "BR00047",
          "planning_status": "permissioned",
          "net_dwellings": 590
        },
        "evidence_level": 3,
        "demo_only": true,
        "fake_data": false,
        "final_ready": false,
        "production_merge": false,
        "generated_at": "2026-08-15T07:33:16Z"
      }
    },
    {
      "type": "Feature",
      "id": "planned-buildings-2-mhclg-BR00047-parcel_12457",
      "geometry": {
        "type": "Point",
        "coordinates": [
          -0.2847353,
          51.5547534
        ]
      },
      "properties": {
        "topic_id": "planned-buildings",
        "slot_id": "planned_buildings_2",
        "parcel_id": "parcel_12457",
        "program_parcel_id": "parcel_12457",
        "official_site_key": "BR00047",
        "source_dataset_id": "mhclg_brownfield_register_official_20260814",
        "planned_project_name": "Land Adjacent To Wembley Stadium Station, South Way, HA9 0HB",
        "planned_project_type": "large_housing_or_regeneration",
        "planned_project_owner_type": "Unknown ownership",
        "planned_project_status": "permissioned",
        "planned_building_value": 85,
        "planned_building_probability": 85,
        "planned_building_complete_month": null,
        "planned_building_expected_window": null,
        "planned_complete_month_reason": "Official register enddate is not a completion month; null preserved.",
        "planned_building_capacity_net_dwellings": 590.0,
        "planned_site_geometry": "official_polygon",
        "planned_source_url": "https://www.planning.data.gov.uk/dataset/brownfield-land",
        "source_url": "https://www.planning.data.gov.uk/dataset/brownfield-land",
        "source_accessed_at": "2026-08-15T07:33:16Z",
        "source_sha256": "137fb3d06778b255d855cc2ef87ef8bf9fb8057293419cf47669dc40fed89d6b",
        "source_license": "Open Government Licence v3.0 (verify before production)",
        "source_record_scope": {
          "siterefere": "BR00047",
          "planning_status": "permissioned",
          "net_dwellings": 590
        },
        "evidence_level": 3,
        "demo_only": true,
        "fake_data": false,
        "final_ready": false,
        "production_merge": false,
        "generated_at": "2026-08-15T07:33:16Z"
      }
    },
    {
      "type": "Feature",
      "id": "planned-buildings-2-mhclg-BR00027-parcel_12476",
      "geometry": {
        "type": "Point",
        "coordinates": [
          -0.2850895,
          51.5594204
        ]
      },
      "properties": {
        "topic_id": "planned-buildings",
        "slot_id": "planned_buildings_2",
        "parcel_id": "parcel_12476",
        "program_parcel_id": "parcel_12476",
        "official_site_key": "BR00027",
        "source_dataset_id": "mhclg_brownfield_register_official_20260814",
        "planned_project_name": "Raglan Court & Garages, Raglan Court, Empire Way, Wembley, HA9",
        "planned_project_type": "large_housing_or_regeneration",
        "planned_project_owner_type": "unknown ownership",
        "planned_project_status": "permissioned",
        "planned_building_value": 75,
        "planned_building_probability": 85,
        "planned_building_complete_month": null,
        "planned_building_expected_window": null,
        "planned_complete_month_reason": "Official register enddate is not a completion month; null preserved.",
        "planned_building_capacity_net_dwellings": 47.0,
        "planned_site_geometry": "official_polygon",
        "planned_source_url": "https://www.planning.data.gov.uk/dataset/brownfield-land",
        "source_url": "https://www.planning.data.gov.uk/dataset/brownfield-land",
        "source_accessed_at": "2026-08-15T07:33:16Z",
        "source_sha256": "137fb3d06778b255d855cc2ef87ef8bf9fb8057293419cf47669dc40fed89d6b",
        "source_license": "Open Government Licence v3.0 (verify before production)",
        "source_record_scope": {
          "siterefere": "BR00027",
          "planning_status": "permissioned",
          "net_dwellings": 47
        },
        "evidence_level": 3,
        "demo_only": true,
        "fake_data": false,
        "final_ready": false,
        "production_merge": false,
        "generated_at": "2026-08-15T07:33:16Z"
      }
    },
    {
      "type": "Feature",
      "id": "planned-buildings-2-mhclg-BR00027-parcel_12528",
      "geometry": {
        "type": "Point",
        "coordinates": [
          -0.2843844,
          51.5602767
        ]
      },
      "properties": {
        "topic_id": "planned-buildings",
        "slot_id": "planned_buildings_2",
        "parcel_id": "parcel_12528",
        "program_parcel_id": "parcel_12528",
        "official_site_key": "BR00027",
        "source_dataset_id": "mhclg_brownfield_register_official_20260814",
        "planned_project_name": "Raglan Court & Garages, Raglan Court, Empire Way, Wembley, HA9",
        "planned_project_type": "large_housing_or_regeneration",
        "planned_project_owner_type": "unknown ownership",
        "planned_project_status": "permissioned",
        "planned_building_value": 75,
        "planned_building_probability": 85,
        "planned_building_complete_month": null,
        "planned_building_expected_window": null,
        "planned_complete_month_reason": "Official register enddate is not a completion month; null preserved.",
        "planned_building_capacity_net_dwellings": 47.0,
        "planned_site_geometry": "official_polygon",
        "planned_source_url": "https://www.planning.data.gov.uk/dataset/brownfield-land",
        "source_url": "https://www.planning.data.gov.uk/dataset/brownfield-land",
        "source_accessed_at": "2026-08-15T07:33:16Z",
        "source_sha256": "137fb3d06778b255d855cc2ef87ef8bf9fb8057293419cf47669dc40fed89d6b",
        "source_license": "Open Government Licence v3.0 (verify before production)",
        "source_record_scope": {
          "siterefere": "BR00027",
          "planning_status": "permissioned",
          "net_dwellings": 47
        },
        "evidence_level": 3,
        "demo_only": true,
        "fake_data": false,
        "final_ready": false,
        "production_merge": false,
        "generated_at": "2026-08-15T07:33:16Z"
      }
    },
    {
      "type": "Feature",
      "id": "planned-buildings-2-mhclg-BR00027-parcel_12533",
      "geometry": {
        "type": "Point",
        "coordinates": [
          -0.2836284,
          51.5607537
        ]
      },
      "properties": {
        "topic_id": "planned-buildings",
        "slot_id": "planned_buildings_2",
        "parcel_id": "parcel_12533",
        "program_parcel_id": "parcel_12533",
        "official_site_key": "BR00027",
        "source_dataset_id": "mhclg_brownfield_register_official_20260814",
        "planned_project_name": "Raglan Court & Garages, Raglan Court, Empire Way, Wembley, HA9",
        "planned_project_type": "large_housing_or_regeneration",
        "planned_project_owner_type": "unknown ownership",
        "planned_project_status": "permissioned",
        "planned_building_value": 75,
        "planned_building_probability": 85,
        "planned_building_complete_month": null,
        "planned_building_expected_window": null,
        "planned_complete_month_reason": "Official register enddate is not a completion month; null preserved.",
        "planned_building_capacity_net_dwellings": 47.0,
        "planned_site_geometry": "official_polygon",
        "planned_source_url": "https://www.planning.data.gov.uk/dataset/brownfield-land",
        "source_url": "https://www.planning.data.gov.uk/dataset/brownfield-land",
        "source_accessed_at": "2026-08-15T07:33:16Z",
        "source_sha256": "137fb3d06778b255d855cc2ef87ef8bf9fb8057293419cf47669dc40fed89d6b",
        "source_license": "Open Government Licence v3.0 (verify before production)",
        "source_record_scope": {
          "siterefere": "BR00027",
          "planning_status": "permissioned",
          "net_dwellings": 47
        },
        "evidence_level": 3,
        "demo_only": true,
        "fake_data": false,
        "final_ready": false,
        "production_merge": false,
        "generated_at": "2026-08-15T07:33:16Z"
      }
    },
    {
      "type": "Feature",
      "id": "planned-buildings-2-mhclg-BR00054-parcel_12580",
      "geometry": {
        "type": "Point",
        "coordinates": [
          -0.2890128,
          51.5407972
        ]
      },
      "properties": {
        "topic_id": "planned-buildings",
        "slot_id": "planned_buildings_2",
        "parcel_id": "parcel_12580",
        "program_parcel_id": "parcel_12580",
        "official_site_key": "BR00054",
        "source_dataset_id": "mhclg_brownfield_register_official_20260814",
        "planned_project_name": "Beresford Avenue, Alperton, HA0",
        "planned_project_type": "large_housing_or_regeneration",
        "planned_project_owner_type": "mixed ownership",
        "planned_project_status": "not permissioned",
        "planned_building_value": 85,
        "planned_building_probability": 85,
        "planned_building_complete_month": null,
        "planned_building_expected_window": null,
        "planned_complete_month_reason": "Official register enddate is not a completion month; null preserved.",
        "planned_building_capacity_net_dwellings": 590.0,
        "planned_site_geometry": "official_polygon",
        "planned_source_url": "https://www.planning.data.gov.uk/dataset/brownfield-land",
        "source_url": "https://www.planning.data.gov.uk/dataset/brownfield-land",
        "source_accessed_at": "2026-08-15T07:33:16Z",
        "source_sha256": "137fb3d06778b255d855cc2ef87ef8bf9fb8057293419cf47669dc40fed89d6b",
        "source_license": "Open Government Licence v3.0 (verify before production)",
        "source_record_scope": {
          "siterefere": "BR00054",
          "planning_status": "not permissioned",
          "net_dwellings": 590
        },
        "evidence_level": 3,
        "demo_only": true,
        "fake_data": false,
        "final_ready": false,
        "production_merge": false,
        "generated_at": "2026-08-15T07:33:16Z"
      }
    },
    {
      "type": "Feature",
      "id": "planned-buildings-2-mhclg-BR00054-parcel_12582",
      "geometry": {
        "type": "Point",
        "coordinates": [
          -0.2874491,
          51.5409602
        ]
      },
      "properties": {
        "topic_id": "planned-buildings",
        "slot_id": "planned_buildings_2",
        "parcel_id": "parcel_12582",
        "program_parcel_id": "parcel_12582",
        "official_site_key": "BR00054",
        "source_dataset_id": "mhclg_brownfield_register_official_20260814",
        "planned_project_name": "Beresford Avenue, Alperton, HA0",
        "planned_project_type": "large_housing_or_regeneration",
        "planned_project_owner_type": "mixed ownership",
        "planned_project_status": "not permissioned",
        "planned_building_value": 85,
        "planned_building_probability": 85,
        "planned_building_complete_month": null,
        "planned_building_expected_window": null,
        "planned_complete_month_reason": "Official register enddate is not a completion month; null preserved.",
        "planned_building_capacity_net_dwellings": 590.0,
        "planned_site_geometry": "official_polygon",
        "planned_source_url": "https://www.planning.data.gov.uk/dataset/brownfield-land",
        "source_url": "https://www.planning.data.gov.uk/dataset/brownfield-land",
        "source_accessed_at": "2026-08-15T07:33:16Z",
        "source_sha256": "137fb3d06778b255d855cc2ef87ef8bf9fb8057293419cf47669dc40fed89d6b",
        "source_license": "Open Government Licence v3.0 (verify before production)",
        "source_record_scope": {
          "siterefere": "BR00054",
          "planning_status": "not permissioned",
          "net_dwellings": 590
        },
        "evidence_level": 3,
        "demo_only": true,
        "fake_data": false,
        "final_ready": false,
        "production_merge": false,
        "generated_at": "2026-08-15T07:33:16Z"
      }
    },
    {
      "type": "Feature",
      "id": "planned-buildings-2-mhclg-BR00052-parcel_12585",
      "geometry": {
        "type": "Point",
        "coordinates": [
          -0.2924547,
          51.5393534
        ]
      },
      "properties": {
        "topic_id": "planned-buildings",
        "slot_id": "planned_buildings_2",
        "parcel_id": "parcel_12585",
        "program_parcel_id": "parcel_12585",
        "official_site_key": "BR00052",
        "source_dataset_id": "mhclg_brownfield_register_official_20260814",
        "planned_project_name": "Sunleigh Road, Off Mount Pleasant, Alperton, HA0",
        "planned_project_type": "large_housing_or_regeneration",
        "planned_project_owner_type": "not owned by a public authority",
        "planned_project_status": "not permissioned",
        "planned_building_value": 85,
        "planned_building_probability": 85,
        "planned_building_complete_month": null,
        "planned_building_expected_window": null,
        "planned_complete_month_reason": "Official register enddate is not a completion month; null preserved.",
        "planned_building_capacity_net_dwellings": 680.0,
        "planned_site_geometry": "official_polygon",
        "planned_source_url": "https://www.planning.data.gov.uk/dataset/brownfield-land",
        "source_url": "https://www.planning.data.gov.uk/dataset/brownfield-land",
        "source_accessed_at": "2026-08-15T07:33:16Z",
        "source_sha256": "137fb3d06778b255d855cc2ef87ef8bf9fb8057293419cf47669dc40fed89d6b",
        "source_license": "Open Government Licence v3.0 (verify before production)",
        "source_record_scope": {
          "siterefere": "BR00052",
          "planning_status": "not permissioned",
          "net_dwellings": 680
        },
        "evidence_level": 3,
        "demo_only": true,
        "fake_data": false,
        "final_ready": false,
        "production_merge": false,
        "generated_at": "2026-08-15T07:33:16Z"
      }
    },
    {
      "type": "Feature",
      "id": "planned-buildings-2-mhclg-BR00052-parcel_12586",
      "geometry": {
        "type": "Point",
        "coordinates": [
          -0.2938245,
          51.5391419
        ]
      },
      "properties": {
        "topic_id": "planned-buildings",
        "slot_id": "planned_buildings_2",
        "parcel_id": "parcel_12586",
        "program_parcel_id": "parcel_12586",
        "official_site_key": "BR00052",
        "source_dataset_id": "mhclg_brownfield_register_official_20260814",
        "planned_project_name": "Sunleigh Road, Off Mount Pleasant, Alperton, HA0",
        "planned_project_type": "large_housing_or_regeneration",
        "planned_project_owner_type": "not owned by a public authority",
        "planned_project_status": "not permissioned",
        "planned_building_value": 85,
        "planned_building_probability": 85,
        "planned_building_complete_month": null,
        "planned_building_expected_window": null,
        "planned_complete_month_reason": "Official register enddate is not a completion month; null preserved.",
        "planned_building_capacity_net_dwellings": 680.0,
        "planned_site_geometry": "official_polygon",
        "planned_source_url": "https://www.planning.data.gov.uk/dataset/brownfield-land",
        "source_url": "https://www.planning.data.gov.uk/dataset/brownfield-land",
        "source_accessed_at": "2026-08-15T07:33:16Z",
        "source_sha256": "137fb3d06778b255d855cc2ef87ef8bf9fb8057293419cf47669dc40fed89d6b",
        "source_license": "Open Government Licence v3.0 (verify before production)",
        "source_record_scope": {
          "siterefere": "BR00052",
          "planning_status": "not permissioned",
          "net_dwellings": 680
        },
        "evidence_level": 3,
        "demo_only": true,
        "fake_data": false,
        "final_ready": false,
        "production_merge": false,
        "generated_at": "2026-08-15T07:33:16Z"
      }
    },
    {
      "type": "Feature",
      "id": "planned-buildings-2-mhclg-BR00099-parcel_12592",
      "geometry": {
        "type": "Point",
        "coordinates": [
          -0.2827979,
          51.5399938
        ]
      },
      "properties": {
        "topic_id": "planned-buildings",
        "slot_id": "planned_buildings_2",
        "parcel_id": "parcel_12592",
        "program_parcel_id": "parcel_12592",
        "official_site_key": "BR00099",
        "source_dataset_id": "mhclg_brownfield_register_official_20260814",
        "planned_project_name": "Northfield Industrial Estate, Beresford Avenue, HA0 1NW",
        "planned_project_type": "large_housing_or_regeneration",
        "planned_project_owner_type": "Unknown ownership",
        "planned_project_status": "permissioned",
        "planned_building_value": 85,
        "planned_building_probability": 85,
        "planned_building_complete_month": null,
        "planned_building_expected_window": null,
        "planned_complete_month_reason": "Official register enddate is not a completion month; null preserved.",
        "planned_building_capacity_net_dwellings": 2900.0,
        "planned_site_geometry": "official_polygon",
        "planned_source_url": "https://www.planning.data.gov.uk/dataset/brownfield-land",
        "source_url": "https://www.planning.data.gov.uk/dataset/brownfield-land",
        "source_accessed_at": "2026-08-15T07:33:16Z",
        "source_sha256": "137fb3d06778b255d855cc2ef87ef8bf9fb8057293419cf47669dc40fed89d6b",
        "source_license": "Open Government Licence v3.0 (verify before production)",
        "source_record_scope": {
          "siterefere": "BR00099",
          "planning_status": "permissioned",
          "net_dwellings": 2900
        },
        "evidence_level": 3,
        "demo_only": true,
        "fake_data": false,
        "final_ready": false,
        "production_merge": false,
        "generated_at": "2026-08-15T07:33:16Z"
      }
    },
    {
      "type": "Feature",
      "id": "planned-buildings-2-mhclg-BR00099-parcel_12595",
      "geometry": {
        "type": "Point",
        "coordinates": [
          -0.2801974,
          51.5404584
        ]
      },
      "properties": {
        "topic_id": "planned-buildings",
        "slot_id": "planned_buildings_2",
        "parcel_id": "parcel_12595",
        "program_parcel_id": "parcel_12595",
        "official_site_key": "BR00099",
        "source_dataset_id": "mhclg_brownfield_register_official_20260814",
        "planned_project_name": "Northfield Industrial Estate, Beresford Avenue, HA0 1NW",
        "planned_project_type": "large_housing_or_regeneration",
        "planned_project_owner_type": "Unknown ownership",
        "planned_project_status": "permissioned",
        "planned_building_value": 85,
        "planned_building_probability": 85,
        "planned_building_complete_month": null,
        "planned_building_expected_window": null,
        "planned_complete_month_reason": "Official register enddate is not a completion month; null preserved.",
        "planned_building_capacity_net_dwellings": 2900.0,
        "planned_site_geometry": "official_polygon",
        "planned_source_url": "https://www.planning.data.gov.uk/dataset/brownfield-land",
        "source_url": "https://www.planning.data.gov.uk/dataset/brownfield-land",
        "source_accessed_at": "2026-08-15T07:33:16Z",
        "source_sha256": "137fb3d06778b255d855cc2ef87ef8bf9fb8057293419cf47669dc40fed89d6b",
        "source_license": "Open Government Licence v3.0 (verify before production)",
        "source_record_scope": {
          "siterefere": "BR00099",
          "planning_status": "permissioned",
          "net_dwellings": 2900
        },
        "evidence_level": 3,
        "demo_only": true,
        "fake_data": false,
        "final_ready": false,
        "production_merge": false,
        "generated_at": "2026-08-15T07:33:16Z"
      }
    },
    {
      "type": "Feature",
      "id": "planned-buildings-2-mhclg-BR00099-parcel_12596",
      "geometry": {
        "type": "Point",
        "coordinates": [
          -0.2816024,
          51.5410847
        ]
      },
      "properties": {
        "topic_id": "planned-buildings",
        "slot_id": "planned_buildings_2",
        "parcel_id": "parcel_12596",
        "program_parcel_id": "parcel_12596",
        "official_site_key": "BR00099",
        "source_dataset_id": "mhclg_brownfield_register_official_20260814",
        "planned_project_name": "Northfield Industrial Estate, Beresford Avenue, HA0 1NW",
        "planned_project_type": "large_housing_or_regeneration",
        "planned_project_owner_type": "Unknown ownership",
        "planned_project_status": "permissioned",
        "planned_building_value": 85,
        "planned_building_probability": 85,
        "planned_building_complete_month": null,
        "planned_building_expected_window": null,
        "planned_complete_month_reason": "Official register enddate is not a completion month; null preserved.",
        "planned_building_capacity_net_dwellings": 2900.0,
        "planned_site_geometry": "official_polygon",
        "planned_source_url": "https://www.planning.data.gov.uk/dataset/brownfield-land",
        "source_url": "https://www.planning.data.gov.uk/dataset/brownfield-land",
        "source_accessed_at": "2026-08-15T07:33:16Z",
        "source_sha256": "137fb3d06778b255d855cc2ef87ef8bf9fb8057293419cf47669dc40fed89d6b",
        "source_license": "Open Government Licence v3.0 (verify before production)",
        "source_record_scope": {
          "siterefere": "BR00099",
          "planning_status": "permissioned",
          "net_dwellings": 2900
        },
        "evidence_level": 3,
        "demo_only": true,
        "fake_data": false,
        "final_ready": false,
        "production_merge": false,
        "generated_at": "2026-08-15T07:33:16Z"
      }
    },
    {
      "type": "Feature",
      "id": "planned-buildings-2-mhclg-BR00099-parcel_12599",
      "geometry": {
        "type": "Point",
        "coordinates": [
          -0.2793125,
          51.5400444
        ]
      },
      "properties": {
        "topic_id": "planned-buildings",
        "slot_id": "planned_buildings_2",
        "parcel_id": "parcel_12599",
        "program_parcel_id": "parcel_12599",
        "official_site_key": "BR00099",
        "source_dataset_id": "mhclg_brownfield_register_official_20260814",
        "planned_project_name": "Northfield Industrial Estate, Beresford Avenue, HA0 1NW",
        "planned_project_type": "large_housing_or_regeneration",
        "planned_project_owner_type": "Unknown ownership",
        "planned_project_status": "permissioned",
        "planned_building_value": 85,
        "planned_building_probability": 85,
        "planned_building_complete_month": null,
        "planned_building_expected_window": null,
        "planned_complete_month_reason": "Official register enddate is not a completion month; null preserved.",
        "planned_building_capacity_net_dwellings": 2900.0,
        "planned_site_geometry": "official_polygon",
        "planned_source_url": "https://www.planning.data.gov.uk/dataset/brownfield-land",
        "source_url": "https://www.planning.data.gov.uk/dataset/brownfield-land",
        "source_accessed_at": "2026-08-15T07:33:16Z",
        "source_sha256": "137fb3d06778b255d855cc2ef87ef8bf9fb8057293419cf47669dc40fed89d6b",
        "source_license": "Open Government Licence v3.0 (verify before production)",
        "source_record_scope": {
          "siterefere": "BR00099",
          "planning_status": "permissioned",
          "net_dwellings": 2900
        },
        "evidence_level": 3,
        "demo_only": true,
        "fake_data": false,
        "final_ready": false,
        "production_merge": false,
        "generated_at": "2026-08-15T07:33:16Z"
      }
    },
    {
      "type": "Feature",
      "id": "planned-buildings-2-mhclg-BR00054-parcel_12601",
      "geometry": {
        "type": "Point",
        "coordinates": [
          -0.2902674,
          51.5403921
        ]
      },
      "properties": {
        "topic_id": "planned-buildings",
        "slot_id": "planned_buildings_2",
        "parcel_id": "parcel_12601",
        "program_parcel_id": "parcel_12601",
        "official_site_key": "BR00054",
        "source_dataset_id": "mhclg_brownfield_register_official_20260814",
        "planned_project_name": "Beresford Avenue, Alperton, HA0",
        "planned_project_type": "large_housing_or_regeneration",
        "planned_project_owner_type": "mixed ownership",
        "planned_project_status": "not permissioned",
        "planned_building_value": 85,
        "planned_building_probability": 85,
        "planned_building_complete_month": null,
        "planned_building_expected_window": null,
        "planned_complete_month_reason": "Official register enddate is not a completion month; null preserved.",
        "planned_building_capacity_net_dwellings": 590.0,
        "planned_site_geometry": "official_polygon",
        "planned_source_url": "https://www.planning.data.gov.uk/dataset/brownfield-land",
        "source_url": "https://www.planning.data.gov.uk/dataset/brownfield-land",
        "source_accessed_at": "2026-08-15T07:33:16Z",
        "source_sha256": "137fb3d06778b255d855cc2ef87ef8bf9fb8057293419cf47669dc40fed89d6b",
        "source_license": "Open Government Licence v3.0 (verify before production)",
        "source_record_scope": {
          "siterefere": "BR00054",
          "planning_status": "not permissioned",
          "net_dwellings": 590
        },
        "evidence_level": 3,
        "demo_only": true,
        "fake_data": false,
        "final_ready": false,
        "production_merge": false,
        "generated_at": "2026-08-15T07:33:16Z"
      }
    },
    {
      "type": "Feature",
      "id": "planned-buildings-2-mhclg-BR00054-parcel_12602",
      "geometry": {
        "type": "Point",
        "coordinates": [
          -0.2898189,
          51.5405846
        ]
      },
      "properties": {
        "topic_id": "planned-buildings",
        "slot_id": "planned_buildings_2",
        "parcel_id": "parcel_12602",
        "program_parcel_id": "parcel_12602",
        "official_site_key": "BR00054",
        "source_dataset_id": "mhclg_brownfield_register_official_20260814",
        "planned_project_name": "Beresford Avenue, Alperton, HA0",
        "planned_project_type": "large_housing_or_regeneration",
        "planned_project_owner_type": "mixed ownership",
        "planned_project_status": "not permissioned",
        "planned_building_value": 85,
        "planned_building_probability": 85,
        "planned_building_complete_month": null,
        "planned_building_expected_window": null,
        "planned_complete_month_reason": "Official register enddate is not a completion month; null preserved.",
        "planned_building_capacity_net_dwellings": 590.0,
        "planned_site_geometry": "official_polygon",
        "planned_source_url": "https://www.planning.data.gov.uk/dataset/brownfield-land",
        "source_url": "https://www.planning.data.gov.uk/dataset/brownfield-land",
        "source_accessed_at": "2026-08-15T07:33:16Z",
        "source_sha256": "137fb3d06778b255d855cc2ef87ef8bf9fb8057293419cf47669dc40fed89d6b",
        "source_license": "Open Government Licence v3.0 (verify before production)",
        "source_record_scope": {
          "siterefere": "BR00054",
          "planning_status": "not permissioned",
          "net_dwellings": 590
        },
        "evidence_level": 3,
        "demo_only": true,
        "fake_data": false,
        "final_ready": false,
        "production_merge": false,
        "generated_at": "2026-08-15T07:33:16Z"
      }
    },
    {
      "type": "Feature",
      "id": "planned-buildings-2-mhclg-BR00063-parcel_12607",
      "geometry": {
        "type": "Point",
        "coordinates": [
          -0.2850002,
          51.5924566
        ]
      },
      "properties": {
        "topic_id": "planned-buildings",
        "slot_id": "planned_buildings_2",
        "parcel_id": "parcel_12607",
        "program_parcel_id": "parcel_12607",
        "official_site_key": "BR00063",
        "source_dataset_id": "mhclg_brownfield_register_official_20260814",
        "planned_project_name": "Morrison’s supermarket, Honeypot Lane, NW9",
        "planned_project_type": "large_housing_or_regeneration",
        "planned_project_owner_type": "unknown ownership",
        "planned_project_status": "not permissioned",
        "planned_building_value": 75,
        "planned_building_probability": 85,
        "planned_building_complete_month": null,
        "planned_building_expected_window": null,
        "planned_complete_month_reason": "Official register enddate is not a completion month; null preserved.",
        "planned_building_capacity_net_dwellings": 71.0,
        "planned_site_geometry": "official_polygon",
        "planned_source_url": "https://www.planning.data.gov.uk/dataset/brownfield-land",
        "source_url": "https://www.planning.data.gov.uk/dataset/brownfield-land",
        "source_accessed_at": "2026-08-15T07:33:16Z",
        "source_sha256": "137fb3d06778b255d855cc2ef87ef8bf9fb8057293419cf47669dc40fed89d6b",
        "source_license": "Open Government Licence v3.0 (verify before production)",
        "source_record_scope": {
          "siterefere": "BR00063",
          "planning_status": "not permissioned",
          "net_dwellings": 71
        },
        "evidence_level": 3,
        "demo_only": true,
        "fake_data": false,
        "final_ready": false,
        "production_merge": false,
        "generated_at": "2026-08-15T07:33:16Z"
      }
    },
    {
      "type": "Feature",
      "id": "planned-buildings-2-mhclg-BR00063-parcel_12608",
      "geometry": {
        "type": "Point",
        "coordinates": [
          -0.2860224,
          51.5929791
        ]
      },
      "properties": {
        "topic_id": "planned-buildings",
        "slot_id": "planned_buildings_2",
        "parcel_id": "parcel_12608",
        "program_parcel_id": "parcel_12608",
        "official_site_key": "BR00063",
        "source_dataset_id": "mhclg_brownfield_register_official_20260814",
        "planned_project_name": "Morrison’s supermarket, Honeypot Lane, NW9",
        "planned_project_type": "large_housing_or_regeneration",
        "planned_project_owner_type": "unknown ownership",
        "planned_project_status": "not permissioned",
        "planned_building_value": 75,
        "planned_building_probability": 85,
        "planned_building_complete_month": null,
        "planned_building_expected_window": null,
        "planned_complete_month_reason": "Official register enddate is not a completion month; null preserved.",
        "planned_building_capacity_net_dwellings": 71.0,
        "planned_site_geometry": "official_polygon",
        "planned_source_url": "https://www.planning.data.gov.uk/dataset/brownfield-land",
        "source_url": "https://www.planning.data.gov.uk/dataset/brownfield-land",
        "source_accessed_at": "2026-08-15T07:33:16Z",
        "source_sha256": "137fb3d06778b255d855cc2ef87ef8bf9fb8057293419cf47669dc40fed89d6b",
        "source_license": "Open Government Licence v3.0 (verify before production)",
        "source_record_scope": {
          "siterefere": "BR00063",
          "planning_status": "not permissioned",
          "net_dwellings": 71
        },
        "evidence_level": 3,
        "demo_only": true,
        "fake_data": false,
        "final_ready": false,
        "production_merge": false,
        "generated_at": "2026-08-15T07:33:16Z"
      }
    },
    {
      "type": "Feature",
      "id": "planned-buildings-2-mhclg-BR00052-parcel_12922",
      "geometry": {
        "type": "Point",
        "coordinates": [
          -0.294606,
          51.5390189
        ]
      },
      "properties": {
        "topic_id": "planned-buildings",
        "slot_id": "planned_buildings_2",
        "parcel_id": "parcel_12922",
        "program_parcel_id": "parcel_12922",
        "official_site_key": "BR00052",
        "source_dataset_id": "mhclg_brownfield_register_official_20260814",
        "planned_project_name": "Sunleigh Road, Off Mount Pleasant, Alperton, HA0",
        "planned_project_type": "large_housing_or_regeneration",
        "planned_project_owner_type": "not owned by a public authority",
        "planned_project_status": "not permissioned",
        "planned_building_value": 85,
        "planned_building_probability": 85,
        "planned_building_complete_month": null,
        "planned_building_expected_window": null,
        "planned_complete_month_reason": "Official register enddate is not a completion month; null preserved.",
        "planned_building_capacity_net_dwellings": 680.0,
        "planned_site_geometry": "official_polygon",
        "planned_source_url": "https://www.planning.data.gov.uk/dataset/brownfield-land",
        "source_url": "https://www.planning.data.gov.uk/dataset/brownfield-land",
        "source_accessed_at": "2026-08-15T07:33:16Z",
        "source_sha256": "137fb3d06778b255d855cc2ef87ef8bf9fb8057293419cf47669dc40fed89d6b",
        "source_license": "Open Government Licence v3.0 (verify before production)",
        "source_record_scope": {
          "siterefere": "BR00052",
          "planning_status": "not permissioned",
          "net_dwellings": 680
        },
        "evidence_level": 3,
        "demo_only": true,
        "fake_data": false,
        "final_ready": false,
        "production_merge": false,
        "generated_at": "2026-08-15T07:33:16Z"
      }
    },
    {
      "type": "Feature",
      "id": "planned-buildings-2-mhclg-BR00013-parcel_12923",
      "geometry": {
        "type": "Point",
        "coordinates": [
          -0.2960973,
          51.5395035
        ]
      },
      "properties": {
        "topic_id": "planned-buildings",
        "slot_id": "planned_buildings_2",
        "parcel_id": "parcel_12923",
        "program_parcel_id": "parcel_12923",
        "official_site_key": "BR00013",
        "source_dataset_id": "mhclg_brownfield_register_official_20260814",
        "planned_project_name": "2 Atlip Road, Wembley, HA0 4LU",
        "planned_project_type": "large_housing_or_regeneration",
        "planned_project_owner_type": "not owned by a public authority",
        "planned_project_status": "permissioned",
        "planned_building_value": 75,
        "planned_building_probability": 85,
        "planned_building_complete_month": null,
        "planned_building_expected_window": null,
        "planned_complete_month_reason": "Official register enddate is not a completion month; null preserved.",
        "planned_building_capacity_net_dwellings": 72.0,
        "planned_site_geometry": "official_polygon",
        "planned_source_url": "https://www.planning.data.gov.uk/dataset/brownfield-land",
        "source_url": "https://www.planning.data.gov.uk/dataset/brownfield-land",
        "source_accessed_at": "2026-08-15T07:33:16Z",
        "source_sha256": "137fb3d06778b255d855cc2ef87ef8bf9fb8057293419cf47669dc40fed89d6b",
        "source_license": "Open Government Licence v3.0 (verify before production)",
        "source_record_scope": {
          "siterefere": "BR00013",
          "planning_status": "permissioned",
          "net_dwellings": 72
        },
        "evidence_level": 3,
        "demo_only": true,
        "fake_data": false,
        "final_ready": false,
        "production_merge": false,
        "generated_at": "2026-08-15T07:33:16Z"
      }
    },
    {
      "type": "Feature",
      "id": "planned-buildings-2-mhclg-BR00013-parcel_12924",
      "geometry": {
        "type": "Point",
        "coordinates": [
          -0.296097,
          51.5395032
        ]
      },
      "properties": {
        "topic_id": "planned-buildings",
        "slot_id": "planned_buildings_2",
        "parcel_id": "parcel_12924",
        "program_parcel_id": "parcel_12924",
        "official_site_key": "BR00013",
        "source_dataset_id": "mhclg_brownfield_register_official_20260814",
        "planned_project_name": "2 Atlip Road, Wembley, HA0 4LU",
        "planned_project_type": "large_housing_or_regeneration",
        "planned_project_owner_type": "not owned by a public authority",
        "planned_project_status": "permissioned",
        "planned_building_value": 75,
        "planned_building_probability": 85,
        "planned_building_complete_month": null,
        "planned_building_expected_window": null,
        "planned_complete_month_reason": "Official register enddate is not a completion month; null preserved.",
        "planned_building_capacity_net_dwellings": 72.0,
        "planned_site_geometry": "official_polygon",
        "planned_source_url": "https://www.planning.data.gov.uk/dataset/brownfield-land",
        "source_url": "https://www.planning.data.gov.uk/dataset/brownfield-land",
        "source_accessed_at": "2026-08-15T07:33:16Z",
        "source_sha256": "137fb3d06778b255d855cc2ef87ef8bf9fb8057293419cf47669dc40fed89d6b",
        "source_license": "Open Government Licence v3.0 (verify before production)",
        "source_record_scope": {
          "siterefere": "BR00013",
          "planning_status": "permissioned",
          "net_dwellings": 72
        },
        "evidence_level": 3,
        "demo_only": true,
        "fake_data": false,
        "final_ready": false,
        "production_merge": false,
        "generated_at": "2026-08-15T07:33:16Z"
      }
    },
    {
      "type": "Feature",
      "id": "planned-buildings-2-mhclg-BR00052-parcel_12925",
      "geometry": {
        "type": "Point",
        "coordinates": [
          -0.2944539,
          51.5393802
        ]
      },
      "properties": {
        "topic_id": "planned-buildings",
        "slot_id": "planned_buildings_2",
        "parcel_id": "parcel_12925",
        "program_parcel_id": "parcel_12925",
        "official_site_key": "BR00052",
        "source_dataset_id": "mhclg_brownfield_register_official_20260814",
        "planned_project_name": "Sunleigh Road, Off Mount Pleasant, Alperton, HA0",
        "planned_project_type": "large_housing_or_regeneration",
        "planned_project_owner_type": "not owned by a public authority",
        "planned_project_status": "not permissioned",
        "planned_building_value": 85,
        "planned_building_probability": 85,
        "planned_building_complete_month": null,
        "planned_building_expected_window": null,
        "planned_complete_month_reason": "Official register enddate is not a completion month; null preserved.",
        "planned_building_capacity_net_dwellings": 680.0,
        "planned_site_geometry": "official_polygon",
        "planned_source_url": "https://www.planning.data.gov.uk/dataset/brownfield-land",
        "source_url": "https://www.planning.data.gov.uk/dataset/brownfield-land",
        "source_accessed_at": "2026-08-15T07:33:16Z",
        "source_sha256": "137fb3d06778b255d855cc2ef87ef8bf9fb8057293419cf47669dc40fed89d6b",
        "source_license": "Open Government Licence v3.0 (verify before production)",
        "source_record_scope": {
          "siterefere": "BR00052",
          "planning_status": "not permissioned",
          "net_dwellings": 680
        },
        "evidence_level": 3,
        "demo_only": true,
        "fake_data": false,
        "final_ready": false,
        "production_merge": false,
        "generated_at": "2026-08-15T07:33:16Z"
      }
    },
    {
      "type": "Feature",
      "id": "planned-buildings-2-mhclg-BR00013-parcel_12926",
      "geometry": {
        "type": "Point",
        "coordinates": [
          -0.2967909,
          51.539454
        ]
      },
      "properties": {
        "topic_id": "planned-buildings",
        "slot_id": "planned_buildings_2",
        "parcel_id": "parcel_12926",
        "program_parcel_id": "parcel_12926",
        "official_site_key": "BR00013",
        "source_dataset_id": "mhclg_brownfield_register_official_20260814",
        "planned_project_name": "2 Atlip Road, Wembley, HA0 4LU",
        "planned_project_type": "large_housing_or_regeneration",
        "planned_project_owner_type": "not owned by a public authority",
        "planned_project_status": "permissioned",
        "planned_building_value": 75,
        "planned_building_probability": 85,
        "planned_building_complete_month": null,
        "planned_building_expected_window": null,
        "planned_complete_month_reason": "Official register enddate is not a completion month; null preserved.",
        "planned_building_capacity_net_dwellings": 72.0,
        "planned_site_geometry": "official_polygon",
        "planned_source_url": "https://www.planning.data.gov.uk/dataset/brownfield-land",
        "source_url": "https://www.planning.data.gov.uk/dataset/brownfield-land",
        "source_accessed_at": "2026-08-15T07:33:16Z",
        "source_sha256": "137fb3d06778b255d855cc2ef87ef8bf9fb8057293419cf47669dc40fed89d6b",
        "source_license": "Open Government Licence v3.0 (verify before production)",
        "source_record_scope": {
          "siterefere": "BR00013",
          "planning_status": "permissioned",
          "net_dwellings": 72
        },
        "evidence_level": 3,
        "demo_only": true,
        "fake_data": false,
        "final_ready": false,
        "production_merge": false,
        "generated_at": "2026-08-15T07:33:16Z"
      }
    },
    {
      "type": "Feature",
      "id": "planned-buildings-2-mhclg-BR00052-parcel_13011",
      "geometry": {
        "type": "Point",
        "coordinates": [
          -0.2946236,
          51.539759
        ]
      },
      "properties": {
        "topic_id": "planned-buildings",
        "slot_id": "planned_buildings_2",
        "parcel_id": "parcel_13011",
        "program_parcel_id": "parcel_13011",
        "official_site_key": "BR00052",
        "source_dataset_id": "mhclg_brownfield_register_official_20260814",
        "planned_project_name": "Sunleigh Road, Off Mount Pleasant, Alperton, HA0",
        "planned_project_type": "large_housing_or_regeneration",
        "planned_project_owner_type": "not owned by a public authority",
        "planned_project_status": "not permissioned",
        "planned_building_value": 85,
        "planned_building_probability": 85,
        "planned_building_complete_month": null,
        "planned_building_expected_window": null,
        "planned_complete_month_reason": "Official register enddate is not a completion month; null preserved.",
        "planned_building_capacity_net_dwellings": 680.0,
        "planned_site_geometry": "official_polygon",
        "planned_source_url": "https://www.planning.data.gov.uk/dataset/brownfield-land",
        "source_url": "https://www.planning.data.gov.uk/dataset/brownfield-land",
        "source_accessed_at": "2026-08-15T07:33:16Z",
        "source_sha256": "137fb3d06778b255d855cc2ef87ef8bf9fb8057293419cf47669dc40fed89d6b",
        "source_license": "Open Government Licence v3.0 (verify before production)",
        "source_record_scope": {
          "siterefere": "BR00052",
          "planning_status": "not permissioned",
          "net_dwellings": 680
        },
        "evidence_level": 3,
        "demo_only": true,
        "fake_data": false,
        "final_ready": false,
        "production_merge": false,
        "generated_at": "2026-08-15T07:33:16Z"
      }
    },
    {
      "type": "Feature",
      "id": "planned-buildings-2-mhclg-BR00051-parcel_13015",
      "geometry": {
        "type": "Point",
        "coordinates": [
          -0.3017334,
          51.5397989
        ]
      },
      "properties": {
        "topic_id": "planned-buildings",
        "slot_id": "planned_buildings_2",
        "parcel_id": "parcel_13015",
        "program_parcel_id": "parcel_13015",
        "official_site_key": "BR00051",
        "source_dataset_id": "mhclg_brownfield_register_official_20260814",
        "planned_project_name": "Alperton House, Bridgewater Road, Alperton, HA0",
        "planned_project_type": "large_housing_or_regeneration",
        "planned_project_owner_type": "not owned by a public authority",
        "planned_project_status": "pending decision",
        "planned_building_value": 75,
        "planned_building_probability": 55,
        "planned_building_complete_month": null,
        "planned_building_expected_window": null,
        "planned_complete_month_reason": "Official register enddate is not a completion month; null preserved.",
        "planned_building_capacity_net_dwellings": 62.0,
        "planned_site_geometry": "official_polygon",
        "planned_source_url": "https://www.planning.data.gov.uk/dataset/brownfield-land",
        "source_url": "https://www.planning.data.gov.uk/dataset/brownfield-land",
        "source_accessed_at": "2026-08-15T07:33:16Z",
        "source_sha256": "137fb3d06778b255d855cc2ef87ef8bf9fb8057293419cf47669dc40fed89d6b",
        "source_license": "Open Government Licence v3.0 (verify before production)",
        "source_record_scope": {
          "siterefere": "BR00051",
          "planning_status": "pending decision",
          "net_dwellings": 62
        },
        "evidence_level": 3,
        "demo_only": true,
        "fake_data": false,
        "final_ready": false,
        "production_merge": false,
        "generated_at": "2026-08-15T07:33:16Z"
      }
    },
    {
      "type": "Feature",
      "id": "planned-buildings-2-mhclg-BR00034-parcel_13018",
      "geometry": {
        "type": "Point",
        "coordinates": [
          -0.299841,
          51.5398064
        ]
      },
      "properties": {
        "topic_id": "planned-buildings",
        "slot_id": "planned_buildings_2",
        "parcel_id": "parcel_13018",
        "program_parcel_id": "parcel_13018",
        "official_site_key": "BR00034",
        "source_dataset_id": "mhclg_brownfield_register_official_20260814",
        "planned_project_name": "Minavil House, Rosemont Road, Wembley, HA0",
        "planned_project_type": "large_housing_or_regeneration",
        "planned_project_owner_type": "not owned by a public authority",
        "planned_project_status": "pending decision",
        "planned_building_value": 85,
        "planned_building_probability": 55,
        "planned_building_complete_month": null,
        "planned_building_expected_window": null,
        "planned_complete_month_reason": "Official register enddate is not a completion month; null preserved.",
        "planned_building_capacity_net_dwellings": 251.0,
        "planned_site_geometry": "official_polygon",
        "planned_source_url": "https://www.planning.data.gov.uk/dataset/brownfield-land",
        "source_url": "https://www.planning.data.gov.uk/dataset/brownfield-land",
        "source_accessed_at": "2026-08-15T07:33:16Z",
        "source_sha256": "137fb3d06778b255d855cc2ef87ef8bf9fb8057293419cf47669dc40fed89d6b",
        "source_license": "Open Government Licence v3.0 (verify before production)",
        "source_record_scope": {
          "siterefere": "BR00034",
          "planning_status": "pending decision",
          "net_dwellings": 251
        },
        "evidence_level": 3,
        "demo_only": true,
        "fake_data": false,
        "final_ready": false,
        "production_merge": false,
        "generated_at": "2026-08-15T07:33:16Z"
      }
    },
    {
      "type": "Feature",
      "id": "planned-buildings-2-mhclg-BR00013-parcel_13020",
      "geometry": {
        "type": "Point",
        "coordinates": [
          -0.2976055,
          51.5404912
        ]
      },
      "properties": {
        "topic_id": "planned-buildings",
        "slot_id": "planned_buildings_2",
        "parcel_id": "parcel_13020",
        "program_parcel_id": "parcel_13020",
        "official_site_key": "BR00013",
        "source_dataset_id": "mhclg_brownfield_register_official_20260814",
        "planned_project_name": "2 Atlip Road, Wembley, HA0 4LU",
        "planned_project_type": "large_housing_or_regeneration",
        "planned_project_owner_type": "not owned by a public authority",
        "planned_project_status": "permissioned",
        "planned_building_value": 75,
        "planned_building_probability": 85,
        "planned_building_complete_month": null,
        "planned_building_expected_window": null,
        "planned_complete_month_reason": "Official register enddate is not a completion month; null preserved.",
        "planned_building_capacity_net_dwellings": 72.0,
        "planned_site_geometry": "official_polygon",
        "planned_source_url": "https://www.planning.data.gov.uk/dataset/brownfield-land",
        "source_url": "https://www.planning.data.gov.uk/dataset/brownfield-land",
        "source_accessed_at": "2026-08-15T07:33:16Z",
        "source_sha256": "137fb3d06778b255d855cc2ef87ef8bf9fb8057293419cf47669dc40fed89d6b",
        "source_license": "Open Government Licence v3.0 (verify before production)",
        "source_record_scope": {
          "siterefere": "BR00013",
          "planning_status": "permissioned",
          "net_dwellings": 72
        },
        "evidence_level": 3,
        "demo_only": true,
        "fake_data": false,
        "final_ready": false,
        "production_merge": false,
        "generated_at": "2026-08-15T07:33:16Z"
      }
    },
    {
      "type": "Feature",
      "id": "planned-buildings-2-mhclg-BR00013-parcel_13022",
      "geometry": {
        "type": "Point",
        "coordinates": [
          -0.2970882,
          51.5402357
        ]
      },
      "properties": {
        "topic_id": "planned-buildings",
        "slot_id": "planned_buildings_2",
        "parcel_id": "parcel_13022",
        "program_parcel_id": "parcel_13022",
        "official_site_key": "BR00013",
        "source_dataset_id": "mhclg_brownfield_register_official_20260814",
        "planned_project_name": "2 Atlip Road, Wembley, HA0 4LU",
        "planned_project_type": "large_housing_or_regeneration",
        "planned_project_owner_type": "not owned by a public authority",
        "planned_project_status": "permissioned",
        "planned_building_value": 75,
        "planned_building_probability": 85,
        "planned_building_complete_month": null,
        "planned_building_expected_window": null,
        "planned_complete_month_reason": "Official register enddate is not a completion month; null preserved.",
        "planned_building_capacity_net_dwellings": 72.0,
        "planned_site_geometry": "official_polygon",
        "planned_source_url": "https://www.planning.data.gov.uk/dataset/brownfield-land",
        "source_url": "https://www.planning.data.gov.uk/dataset/brownfield-land",
        "source_accessed_at": "2026-08-15T07:33:16Z",
        "source_sha256": "137fb3d06778b255d855cc2ef87ef8bf9fb8057293419cf47669dc40fed89d6b",
        "source_license": "Open Government Licence v3.0 (verify before production)",
        "source_record_scope": {
          "siterefere": "BR00013",
          "planning_status": "permissioned",
          "net_dwellings": 72
        },
        "evidence_level": 3,
        "demo_only": true,
        "fake_data": false,
        "final_ready": false,
        "production_merge": false,
        "generated_at": "2026-08-15T07:33:16Z"
      }
    },
    {
      "type": "Feature",
      "id": "planned-buildings-2-mhclg-BR00013-parcel_13023",
      "geometry": {
        "type": "Point",
        "coordinates": [
          -0.2984667,
          51.5404407
        ]
      },
      "properties": {
        "topic_id": "planned-buildings",
        "slot_id": "planned_buildings_2",
        "parcel_id": "parcel_13023",
        "program_parcel_id": "parcel_13023",
        "official_site_key": "BR00013",
        "source_dataset_id": "mhclg_brownfield_register_official_20260814",
        "planned_project_name": "2 Atlip Road, Wembley, HA0 4LU",
        "planned_project_type": "large_housing_or_regeneration",
        "planned_project_owner_type": "not owned by a public authority",
        "planned_project_status": "permissioned",
        "planned_building_value": 75,
        "planned_building_probability": 85,
        "planned_building_complete_month": null,
        "planned_building_expected_window": null,
        "planned_complete_month_reason": "Official register enddate is not a completion month; null preserved.",
        "planned_building_capacity_net_dwellings": 72.0,
        "planned_site_geometry": "official_polygon",
        "planned_source_url": "https://www.planning.data.gov.uk/dataset/brownfield-land",
        "source_url": "https://www.planning.data.gov.uk/dataset/brownfield-land",
        "source_accessed_at": "2026-08-15T07:33:16Z",
        "source_sha256": "137fb3d06778b255d855cc2ef87ef8bf9fb8057293419cf47669dc40fed89d6b",
        "source_license": "Open Government Licence v3.0 (verify before production)",
        "source_record_scope": {
          "siterefere": "BR00013",
          "planning_status": "permissioned",
          "net_dwellings": 72
        },
        "evidence_level": 3,
        "demo_only": true,
        "fake_data": false,
        "final_ready": false,
        "production_merge": false,
        "generated_at": "2026-08-15T07:33:16Z"
      }
    },
    {
      "type": "Feature",
      "id": "planned-buildings-2-mhclg-BR00090-parcel_13276",
      "geometry": {
        "type": "Point",
        "coordinates": [
          -0.3192888,
          51.5804232
        ]
      },
      "properties": {
        "topic_id": "planned-buildings",
        "slot_id": "planned_buildings_2",
        "parcel_id": "parcel_13276",
        "program_parcel_id": "parcel_13276",
        "official_site_key": "BR00090",
        "source_dataset_id": "mhclg_brownfield_register_official_20260814",
        "planned_project_name": "79-83, Kenton Road, HA3 0AH",
        "planned_project_type": "large_housing_or_regeneration",
        "planned_project_owner_type": "Unknown ownership",
        "planned_project_status": "permissioned",
        "planned_building_value": 75,
        "planned_building_probability": 85,
        "planned_building_complete_month": null,
        "planned_building_expected_window": null,
        "planned_complete_month_reason": "Official register enddate is not a completion month; null preserved.",
        "planned_building_capacity_net_dwellings": 36.0,
        "planned_site_geometry": "official_polygon",
        "planned_source_url": "https://www.planning.data.gov.uk/dataset/brownfield-land",
        "source_url": "https://www.planning.data.gov.uk/dataset/brownfield-land",
        "source_accessed_at": "2026-08-15T07:33:16Z",
        "source_sha256": "137fb3d06778b255d855cc2ef87ef8bf9fb8057293419cf47669dc40fed89d6b",
        "source_license": "Open Government Licence v3.0 (verify before production)",
        "source_record_scope": {
          "siterefere": "BR00090",
          "planning_status": "permissioned",
          "net_dwellings": 36
        },
        "evidence_level": 3,
        "demo_only": true,
        "fake_data": false,
        "final_ready": false,
        "production_merge": false,
        "generated_at": "2026-08-15T07:33:16Z"
      }
    },
    {
      "type": "Feature",
      "id": "planned-buildings-2-mhclg-16/02864/P-parcel_20891",
      "geometry": {
        "type": "Point",
        "coordinates": [
          -0.0894625,
          51.3747656
        ]
      },
      "properties": {
        "topic_id": "planned-buildings",
        "slot_id": "planned_buildings_2",
        "parcel_id": "parcel_20891",
        "program_parcel_id": "parcel_20891",
        "official_site_key": "16/02864/P",
        "source_dataset_id": "mhclg_brownfield_register_official_20260814",
        "planned_project_name": "30-38 Addiscombe Road",
        "planned_project_type": "large_housing_or_regeneration",
        "planned_project_owner_type": "not owned by a public authority",
        "planned_project_status": "permissioned",
        "planned_building_value": 75,
        "planned_building_probability": 85,
        "planned_building_complete_month": null,
        "planned_building_expected_window": null,
        "planned_complete_month_reason": "Official register enddate is not a completion month; null preserved.",
        "planned_building_capacity_net_dwellings": 61.0,
        "planned_site_geometry": "official_polygon",
        "planned_source_url": "https://www.planning.data.gov.uk/dataset/brownfield-land",
        "source_url": "https://www.planning.data.gov.uk/dataset/brownfield-land",
        "source_accessed_at": "2026-08-15T07:33:16Z",
        "source_sha256": "137fb3d06778b255d855cc2ef87ef8bf9fb8057293419cf47669dc40fed89d6b",
        "source_license": "Open Government Licence v3.0 (verify before production)",
        "source_record_scope": {
          "siterefere": "16/02864/P",
          "planning_status": "permissioned",
          "net_dwellings": 61
        },
        "evidence_level": 3,
        "demo_only": true,
        "fake_data": false,
        "final_ready": false,
        "production_merge": false,
        "generated_at": "2026-08-15T07:33:16Z"
      }
    },
    {
      "type": "Feature",
      "id": "planned-buildings-2-mhclg-16/05418/OU-parcel_20936",
      "geometry": {
        "type": "Point",
        "coordinates": [
          -0.0995046,
          51.3763303
        ]
      },
      "properties": {
        "topic_id": "planned-buildings",
        "slot_id": "planned_buildings_2",
        "parcel_id": "parcel_20936",
        "program_parcel_id": "parcel_20936",
        "official_site_key": "16/05418/OU",
        "source_dataset_id": "mhclg_brownfield_register_official_20260814",
        "planned_project_name": "Whitgift Centre, North End",
        "planned_project_type": "large_housing_or_regeneration",
        "planned_project_owner_type": "not owned by a public authority",
        "planned_project_status": "permissioned",
        "planned_building_value": 85,
        "planned_building_probability": 85,
        "planned_building_complete_month": null,
        "planned_building_expected_window": null,
        "planned_complete_month_reason": "Official register enddate is not a completion month; null preserved.",
        "planned_building_capacity_net_dwellings": 967.0,
        "planned_site_geometry": "official_polygon",
        "planned_source_url": "https://www.planning.data.gov.uk/dataset/brownfield-land",
        "source_url": "https://www.planning.data.gov.uk/dataset/brownfield-land",
        "source_accessed_at": "2026-08-15T07:33:16Z",
        "source_sha256": "137fb3d06778b255d855cc2ef87ef8bf9fb8057293419cf47669dc40fed89d6b",
        "source_license": "Open Government Licence v3.0 (verify before production)",
        "source_record_scope": {
          "siterefere": "16/05418/OU",
          "planning_status": "permissioned",
          "net_dwellings": 967
        },
        "evidence_level": 3,
        "demo_only": true,
        "fake_data": false,
        "final_ready": false,
        "production_merge": false,
        "generated_at": "2026-08-15T07:33:16Z"
      }
    },
    {
      "type": "Feature",
      "id": "planned-buildings-2-mhclg-16/05418/OU-parcel_20937",
      "geometry": {
        "type": "Point",
        "coordinates": [
          -0.0989428,
          51.3750476
        ]
      },
      "properties": {
        "topic_id": "planned-buildings",
        "slot_id": "planned_buildings_2",
        "parcel_id": "parcel_20937",
        "program_parcel_id": "parcel_20937",
        "official_site_key": "16/05418/OU",
        "source_dataset_id": "mhclg_brownfield_register_official_20260814",
        "planned_project_name": "Whitgift Centre, North End",
        "planned_project_type": "large_housing_or_regeneration",
        "planned_project_owner_type": "not owned by a public authority",
        "planned_project_status": "permissioned",
        "planned_building_value": 85,
        "planned_building_probability": 85,
        "planned_building_complete_month": null,
        "planned_building_expected_window": null,
        "planned_complete_month_reason": "Official register enddate is not a completion month; null preserved.",
        "planned_building_capacity_net_dwellings": 967.0,
        "planned_site_geometry": "official_polygon",
        "planned_source_url": "https://www.planning.data.gov.uk/dataset/brownfield-land",
        "source_url": "https://www.planning.data.gov.uk/dataset/brownfield-land",
        "source_accessed_at": "2026-08-15T07:33:16Z",
        "source_sha256": "137fb3d06778b255d855cc2ef87ef8bf9fb8057293419cf47669dc40fed89d6b",
        "source_license": "Open Government Licence v3.0 (verify before production)",
        "source_record_scope": {
          "siterefere": "16/05418/OU",
          "planning_status": "permissioned",
          "net_dwellings": 967
        },
        "evidence_level": 3,
        "demo_only": true,
        "fake_data": false,
        "final_ready": false,
        "production_merge": false,
        "generated_at": "2026-08-15T07:33:16Z"
      }
    },
    {
      "type": "Feature",
      "id": "planned-buildings-2-mhclg-155-parcel_20939",
      "geometry": {
        "type": "Point",
        "coordinates": [
          -0.0973526,
          51.3758293
        ]
      },
      "properties": {
        "topic_id": "planned-buildings",
        "slot_id": "planned_buildings_2",
        "parcel_id": "parcel_20939",
        "program_parcel_id": "parcel_20939",
        "official_site_key": "155",
        "source_dataset_id": "mhclg_brownfield_register_official_20260814",
        "planned_project_name": "St Anne's House & Cambridge House, 20-26 Wellesley Road",
        "planned_project_type": "large_housing_or_regeneration",
        "planned_project_owner_type": "not owned by a public authority",
        "planned_project_status": "not permissioned",
        "planned_building_value": 75,
        "planned_building_probability": 85,
        "planned_building_complete_month": null,
        "planned_building_expected_window": null,
        "planned_complete_month_reason": "Official register enddate is not a completion month; null preserved.",
        "planned_building_capacity_net_dwellings": 46.0,
        "planned_site_geometry": "official_polygon",
        "planned_source_url": "https://www.planning.data.gov.uk/dataset/brownfield-land",
        "source_url": "https://www.planning.data.gov.uk/dataset/brownfield-land",
        "source_accessed_at": "2026-08-15T07:33:16Z",
        "source_sha256": "137fb3d06778b255d855cc2ef87ef8bf9fb8057293419cf47669dc40fed89d6b",
        "source_license": "Open Government Licence v3.0 (verify before production)",
        "source_record_scope": {
          "siterefere": "155",
          "planning_status": "not permissioned",
          "net_dwellings": 46
        },
        "evidence_level": 3,
        "demo_only": true,
        "fake_data": false,
        "final_ready": false,
        "production_merge": false,
        "generated_at": "2026-08-15T07:33:16Z"
      }
    },
    {
      "type": "Feature",
      "id": "planned-buildings-2-mhclg-17/03457/FU-parcel_20940",
      "geometry": {
        "type": "Point",
        "coordinates": [
          -0.0975201,
          51.3768122
        ]
      },
      "properties": {
        "topic_id": "planned-buildings",
        "slot_id": "planned_buildings_2",
        "parcel_id": "parcel_20940",
        "program_parcel_id": "parcel_20940",
        "official_site_key": "17/03457/FU",
        "source_dataset_id": "mhclg_brownfield_register_official_20260814",
        "planned_project_name": "1-5 Lansdowne Road, And 30-32 Wellesley Road",
        "planned_project_type": "large_housing_or_regeneration",
        "planned_project_owner_type": "not owned by a public authority",
        "planned_project_status": "permissioned",
        "planned_building_value": 85,
        "planned_building_probability": 85,
        "planned_building_complete_month": null,
        "planned_building_expected_window": null,
        "planned_complete_month_reason": "Official register enddate is not a completion month; null preserved.",
        "planned_building_capacity_net_dwellings": 794.0,
        "planned_site_geometry": "official_polygon",
        "planned_source_url": "https://www.planning.data.gov.uk/dataset/brownfield-land",
        "source_url": "https://www.planning.data.gov.uk/dataset/brownfield-land",
        "source_accessed_at": "2026-08-15T07:33:16Z",
        "source_sha256": "137fb3d06778b255d855cc2ef87ef8bf9fb8057293419cf47669dc40fed89d6b",
        "source_license": "Open Government Licence v3.0 (verify before production)",
        "source_record_scope": {
          "siterefere": "17/03457/FU",
          "planning_status": "permissioned",
          "net_dwellings": 794
        },
        "evidence_level": 3,
        "demo_only": true,
        "fake_data": false,
        "final_ready": false,
        "production_merge": false,
        "generated_at": "2026-08-15T07:33:16Z"
      }
    },
    {
      "type": "Feature",
      "id": "planned-buildings-2-mhclg-236-parcel_20942",
      "geometry": {
        "type": "Point",
        "coordinates": [
          -0.0982143,
          51.3772046
        ]
      },
      "properties": {
        "topic_id": "planned-buildings",
        "slot_id": "planned_buildings_2",
        "parcel_id": "parcel_20942",
        "program_parcel_id": "parcel_20942",
        "official_site_key": "236",
        "source_dataset_id": "mhclg_brownfield_register_official_20260814",
        "planned_project_name": "Apollo House, Wellesley Road",
        "planned_project_type": "large_housing_or_regeneration",
        "planned_project_owner_type": "unknown ownership",
        "planned_project_status": "not permissioned",
        "planned_building_value": 75,
        "planned_building_probability": 85,
        "planned_building_complete_month": null,
        "planned_building_expected_window": null,
        "planned_complete_month_reason": "Official register enddate is not a completion month; null preserved.",
        "planned_building_capacity_net_dwellings": 82.0,
        "planned_site_geometry": "official_polygon",
        "planned_source_url": "https://www.planning.data.gov.uk/dataset/brownfield-land",
        "source_url": "https://www.planning.data.gov.uk/dataset/brownfield-land",
        "source_accessed_at": "2026-08-15T07:33:16Z",
        "source_sha256": "137fb3d06778b255d855cc2ef87ef8bf9fb8057293419cf47669dc40fed89d6b",
        "source_license": "Open Government Licence v3.0 (verify before production)",
        "source_record_scope": {
          "siterefere": "236",
          "planning_status": "not permissioned",
          "net_dwellings": 82
        },
        "evidence_level": 3,
        "demo_only": true,
        "fake_data": false,
        "final_ready": false,
        "production_merge": false,
        "generated_at": "2026-08-15T07:33:16Z"
      }
    },
    {
      "type": "Feature",
      "id": "planned-buildings-2-mhclg-21-parcel_20944",
      "geometry": {
        "type": "Point",
        "coordinates": [
          -0.0916596,
          51.3756205
        ]
      },
      "properties": {
        "topic_id": "planned-buildings",
        "slot_id": "planned_buildings_2",
        "parcel_id": "parcel_20944",
        "program_parcel_id": "parcel_20944",
        "official_site_key": "21",
        "source_dataset_id": "mhclg_brownfield_register_official_20260814",
        "planned_project_name": "Former Royal Mail Sorting Office, 1-5 Addiscombe Road",
        "planned_project_type": "large_housing_or_regeneration",
        "planned_project_owner_type": "not owned by a public authority",
        "planned_project_status": "not permissioned",
        "planned_building_value": 75,
        "planned_building_probability": 85,
        "planned_building_complete_month": null,
        "planned_building_expected_window": null,
        "planned_complete_month_reason": "Official register enddate is not a completion month; null preserved.",
        "planned_building_capacity_net_dwellings": 74.0,
        "planned_site_geometry": "official_polygon",
        "planned_source_url": "https://www.planning.data.gov.uk/dataset/brownfield-land",
        "source_url": "https://www.planning.data.gov.uk/dataset/brownfield-land",
        "source_accessed_at": "2026-08-15T07:33:16Z",
        "source_sha256": "137fb3d06778b255d855cc2ef87ef8bf9fb8057293419cf47669dc40fed89d6b",
        "source_license": "Open Government Licence v3.0 (verify before production)",
        "source_record_scope": {
          "siterefere": "21",
          "planning_status": "not permissioned",
          "net_dwellings": 74
        },
        "evidence_level": 3,
        "demo_only": true,
        "fake_data": false,
        "final_ready": false,
        "production_merge": false,
        "generated_at": "2026-08-15T07:33:16Z"
      }
    },
    {
      "type": "Feature",
      "id": "planned-buildings-2-mhclg-175-parcel_20946",
      "geometry": {
        "type": "Point",
        "coordinates": [
          -0.0907016,
          51.3759311
        ]
      },
      "properties": {
        "topic_id": "planned-buildings",
        "slot_id": "planned_buildings_2",
        "parcel_id": "parcel_20946",
        "program_parcel_id": "parcel_20946",
        "official_site_key": "175",
        "source_dataset_id": "mhclg_brownfield_register_official_20260814",
        "planned_project_name": "Stephenson House, Cherry Orchard Road and Knolly House, Addiscombe Road",
        "planned_project_type": "large_housing_or_regeneration",
        "planned_project_owner_type": "not owned by a public authority",
        "planned_project_status": "not permissioned",
        "planned_building_value": 85,
        "planned_building_probability": 85,
        "planned_building_complete_month": null,
        "planned_building_expected_window": null,
        "planned_complete_month_reason": "Official register enddate is not a completion month; null preserved.",
        "planned_building_capacity_net_dwellings": 132.0,
        "planned_site_geometry": "official_polygon",
        "planned_source_url": "https://www.planning.data.gov.uk/dataset/brownfield-land",
        "source_url": "https://www.planning.data.gov.uk/dataset/brownfield-land",
        "source_accessed_at": "2026-08-15T07:33:16Z",
        "source_sha256": "137fb3d06778b255d855cc2ef87ef8bf9fb8057293419cf47669dc40fed89d6b",
        "source_license": "Open Government Licence v3.0 (verify before production)",
        "source_record_scope": {
          "siterefere": "175",
          "planning_status": "not permissioned",
          "net_dwellings": 132
        },
        "evidence_level": 3,
        "demo_only": true,
        "fake_data": false,
        "final_ready": false,
        "production_merge": false,
        "generated_at": "2026-08-15T07:33:16Z"
      }
    }
  ],
  "metadata": {
    "slot_id": "planned_buildings_2",
    "generated_at": "2026-08-15T07:33:16Z",
    "append_only": true,
    "matching_method": "strict centroid within official MHCLG Brownfield Register polygon",
    "eligibility": "net_dwellings >= 30",
    "feature_count": 50,
    "demo_only": true,
    "fake_data": false,
    "final_ready": false,
    "production_merge": false
  }
}
