{"type": "FeatureCollection", "name": "building_type_building_type_8_enhanced", "features": [{"type": "Feature", "id": "ENG_OSM_node_249517666", "geometry": {"type": "Point", "coordinates": [-2.2477797, 53.4808615]}, "properties": {"parcel_id": "ENG_OSM_node_249517666", "slot_id": "building_type_8", "region": "North West", "area": "Manchester", "building_type_primary": "commercial_retail", "building_type_code": "C_RETAIL", "building_category": "commercial", "evidence_level": "B", "confidence_score": 0.75, "confidence_level_1_to_4": 3, "source_count": 4, "match_method": "amenity=cafe", "source": "OpenStreetMap via Overpass API", "source_url": "https://www.openstreetmap.org/node/249517666", "osm_tags_summary": {"addr:city": "Manchester", "addr:housenumber": "113", "addr:postcode": "M3 2BQ", "addr:street": "Deansgate", "amenity": "cafe", "cuisine": "sandwich;cake;breakfast;coffee_shop", "fhrs:id": "1819306", "internet_access": "wlan"}, "fake_data": false, "final_ready": false, "needs_manual_review": false, "updated_at": "2026-08-08T22:34:46Z", "sources": [{"source_name": "OSM Overpass API", "url": "https://overpass-api.de/api/interpreter", "local_cache": "osm_cache_england_884d5092.json", "cache_sha256": "36fa160894f2b7940be373783b59dacf324502d5a5bf829029f008109725d3a7", "accessed_at": "2026-08-08T00:52:00Z", "licence": "ODbL 1.0", "granularity": "building_point", "fields_used": ["building", "amenity", "shop", "office", "tourism", "landuse", "railway", "healthcare"], "supports_field": "building_type_primary", "match_method": "amenity=cafe", "match_score": 0.75}, {"source_name": "POI regional data (north)", "url_or_local_path": "F:\\TerraYield_AAYS_Portable\\AAYS\\england_map_web\\data\\poi\\north-points.geojson", "accessed_at": "2026-08-08", "licence": "ODbL 1.0", "granularity": "regional_point_geojson", "fields_used": ["amenity", "shop", "name", "tourism"], "supports_field": "building_type_primary (enrichment available)", "match_method": "poi_file_available", "match_score": 0.0, "note": "File exists (21.5 MB). Spatial proximity match not yet run."}, {"source_name": "England pilot GeoJSON cross-reference", "url_or_local_path": "F:\\TerraYield_AAYS_Portable\\AAYS\\england_map_web\\data\\parcel_building_type_england_pilot.geojson", "accessed_at": "2026-08-08", "licence": "ODbL 1.0", "granularity": "pilot_feature_match", "fields_used": ["building_type_primary", "evidence_level"], "supports_field": "building_type_primary (corroborating)", "match_method": "pilot_id_match", "match_score": 0.7}, {"source_name": "HMLR INSPIRE PMTiles (north)", "url_or_local_path": "F:\\TerraYield_AAYS_Portable\\AAYS\\england_map_web\\data\\north.pmtiles", "accessed_at": "2026-08-08", "licence": "OGLv3", "granularity": "cadastral_parcel_polygon", "fields_used": ["parcel_boundary", "INSPIRE_ID"], "supports_field": "geometry_binding", "match_method": "pmtiles_available", "match_score": 0.0, "note": "File available (2.51 GB). Polygon binding not yet performed."}], "source_evidence_excerpt": {"addr:city": "Manchester", "addr:housenumber": "113", "addr:postcode": "M3 2BQ", "addr:street": "Deansgate", "amenity": "cafe", "cuisine": "sandwich;cake;breakfast;coffee_shop"}, "building_type_secondary": "", "geometry_match_method": "none", "address_match_method": "none", "limitations": "OSM-only classification. EPC/VOA needed for A-level evidence.", "evidence_summary": {"osm_cache": true, "poi_available": true, "pilot_cross_ref": true, "pmtiles_available": true, "inspire_zips_available": false, "epc_voa_overture": false, "total_sources": 4}}}, {"type": "Feature", "id": "ENG_OSM_node_258871622", "geometry": {"type": "Point", "coordinates": [-2.2447869, 53.4801096]}, "properties": {"parcel_id": "ENG_OSM_node_258871622", "slot_id": "building_type_8", "region": "North West", "area": "Manchester", "building_type_primary": "commercial_retail", "building_type_code": "C_RETAIL", "building_category": "commercial", "evidence_level": "B", "confidence_score": 0.75, "confidence_level_1_to_4": 3, "source_count": 4, "match_method": "amenity=restaurant", "source": "OpenStreetMap via Overpass API", "source_url": "https://www.openstreetmap.org/node/258871622", "osm_tags_summary": {"addr:city": "Manchester", "addr:country": "GB", "addr:housename": "Victoria Buildings", "addr:housenumber": "1-7", "addr:postcode": "M2 4DF", "addr:street": "Princess Street", "amenity": "restaurant", "email": "contact@armeniantaverna.co.uk"}, "fake_data": false, "final_ready": false, "needs_manual_review": false, "updated_at": "2026-08-08T22:34:46Z", "sources": [{"source_name": "OSM Overpass API", "url": "https://overpass-api.de/api/interpreter", "local_cache": "osm_cache_england_884d5092.json", "cache_sha256": "36fa160894f2b7940be373783b59dacf324502d5a5bf829029f008109725d3a7", "accessed_at": "2026-08-08T00:52:00Z", "licence": "ODbL 1.0", "granularity": "building_point", "fields_used": ["building", "amenity", "shop", "office", "tourism", "landuse", "railway", "healthcare"], "supports_field": "building_type_primary", "match_method": "amenity=restaurant", "match_score": 0.75}, {"source_name": "POI regional data (north)", "url_or_local_path": "F:\\TerraYield_AAYS_Portable\\AAYS\\england_map_web\\data\\poi\\north-points.geojson", "accessed_at": "2026-08-08", "licence": "ODbL 1.0", "granularity": "regional_point_geojson", "fields_used": ["amenity", "shop", "name", "tourism"], "supports_field": "building_type_primary (enrichment available)", "match_method": "poi_file_available", "match_score": 0.0, "note": "File exists (21.5 MB). Spatial proximity match not yet run."}, {"source_name": "England pilot GeoJSON cross-reference", "url_or_local_path": "F:\\TerraYield_AAYS_Portable\\AAYS\\england_map_web\\data\\parcel_building_type_england_pilot.geojson", "accessed_at": "2026-08-08", "licence": "ODbL 1.0", "granularity": "pilot_feature_match", "fields_used": ["building_type_primary", "evidence_level"], "supports_field": "building_type_primary (corroborating)", "match_method": "pilot_id_match", "match_score": 0.7}, {"source_name": "HMLR INSPIRE PMTiles (north)", "url_or_local_path": "F:\\TerraYield_AAYS_Portable\\AAYS\\england_map_web\\data\\north.pmtiles", "accessed_at": "2026-08-08", "licence": "OGLv3", "granularity": "cadastral_parcel_polygon", "fields_used": ["parcel_boundary", "INSPIRE_ID"], "supports_field": "geometry_binding", "match_method": "pmtiles_available", "match_score": 0.0, "note": "File available (2.51 GB). Polygon binding not yet performed."}], "source_evidence_excerpt": {"addr:city": "Manchester", "addr:country": "GB", "addr:housename": "Victoria Buildings", "addr:housenumber": "1-7", "addr:postcode": "M2 4DF", "addr:street": "Princess Street"}, "building_type_secondary": "", "geometry_match_method": "none", "address_match_method": "none", "limitations": "OSM-only classification. EPC/VOA needed for A-level evidence.", "evidence_summary": {"osm_cache": true, "poi_available": true, "pilot_cross_ref": true, "pmtiles_available": true, "inspire_zips_available": false, "epc_voa_overture": false, "total_sources": 4}}}, {"type": "Feature", "id": "ENG_OSM_node_293147898", "geometry": {"type": "Point", "coordinates": [-2.2490709, 53.4847368]}, "properties": {"parcel_id": "ENG_OSM_node_293147898", "slot_id": "building_type_8", "region": "North West", "area": "Manchester", "building_type_primary": "unknown", "building_type_code": "U_UNKNOWN", "building_category": "unknown", "evidence_level": "U", "confidence_score": 0.0, "confidence_level_1_to_4": 1, "source_count": 4, "match_method": "no_specific_tag", "source": "OpenStreetMap via Overpass API", "source_url": "https://www.openstreetmap.org/node/293147898", "osm_tags_summary": {"amenity": "post_box", "post_box:type": "pillar", "ref": "M3 159", "royal_cypher": "VR", "royal_cypher:wikidata": "Q33102356"}, "fake_data": false, "final_ready": false, "needs_manual_review": false, "updated_at": "2026-08-08T22:34:46Z", "sources": [{"source_name": "OSM Overpass API", "url": "https://overpass-api.de/api/interpreter", "local_cache": "osm_cache_england_884d5092.json", "cache_sha256": "36fa160894f2b7940be373783b59dacf324502d5a5bf829029f008109725d3a7", "accessed_at": "2026-08-08T00:52:00Z", "licence": "ODbL 1.0", "granularity": "building_point", "fields_used": ["building", "amenity", "shop", "office", "tourism", "landuse", "railway", "healthcare"], "supports_field": "building_type_primary", "match_method": "no_specific_tag", "match_score": 0.0}, {"source_name": "POI regional data (north)", "url_or_local_path": "F:\\TerraYield_AAYS_Portable\\AAYS\\england_map_web\\data\\poi\\north-points.geojson", "accessed_at": "2026-08-08", "licence": "ODbL 1.0", "granularity": "regional_point_geojson", "fields_used": ["amenity", "shop", "name", "tourism"], "supports_field": "building_type_primary (enrichment available)", "match_method": "poi_file_available", "match_score": 0.0, "note": "File exists (21.5 MB). Spatial proximity match not yet run."}, {"source_name": "England pilot GeoJSON cross-reference", "url_or_local_path": "F:\\TerraYield_AAYS_Portable\\AAYS\\england_map_web\\data\\parcel_building_type_england_pilot.geojson", "accessed_at": "2026-08-08", "licence": "ODbL 1.0", "granularity": "pilot_feature_match", "fields_used": ["building_type_primary", "evidence_level"], "supports_field": "building_type_primary (corroborating)", "match_method": "pilot_id_match", "match_score": 0.7}, {"source_name": "HMLR INSPIRE PMTiles (north)", "url_or_local_path": "F:\\TerraYield_AAYS_Portable\\AAYS\\england_map_web\\data\\north.pmtiles", "accessed_at": "2026-08-08", "licence": "OGLv3", "granularity": "cadastral_parcel_polygon", "fields_used": ["parcel_boundary", "INSPIRE_ID"], "supports_field": "geometry_binding", "match_method": "pmtiles_available", "match_score": 0.0, "note": "File available (2.51 GB). Polygon binding not yet performed."}], "source_evidence_excerpt": {"amenity": "post_box", "post_box:type": "pillar", "ref": "M3 159", "royal_cypher": "VR", "royal_cypher:wikidata": "Q33102356"}, "building_type_secondary": "", "geometry_match_method": "none", "address_match_method": "none", "limitations": "OSM-only classification. EPC/VOA needed for A-level evidence.", "evidence_summary": {"osm_cache": true, "poi_available": true, "pilot_cross_ref": true, "pmtiles_available": true, "inspire_zips_available": false, "epc_voa_overture": false, "total_sources": 4}}}, {"type": "Feature", "id": "ENG_OSM_node_303811097", "geometry": {"type": "Point", "coordinates": [-2.232433, 53.4848144]}, "properties": {"parcel_id": "ENG_OSM_node_303811097", "slot_id": "building_type_8", "region": "North West", "area": "Manchester", "building_type_primary": "commercial_retail", "building_type_code": "C_RETAIL", "building_category": "commercial", "evidence_level": "B", "confidence_score": 0.75, "confidence_level_1_to_4": 3, "source_count": 4, "match_method": "amenity=pub", "source": "OpenStreetMap via Overpass API", "source_url": "https://www.openstreetmap.org/node/303811097", "osm_tags_summary": {"addr:city": "Manchester", "addr:housenumber": "2", "addr:postcode": "M4 5FE", "addr:street": "Oldham Road", "amenity": "pub", "camra": "yes", "fhrs:id": "1820027", "food": "yes"}, "fake_data": false, "final_ready": false, "needs_manual_review": false, "updated_at": "2026-08-08T22:34:46Z", "sources": [{"source_name": "OSM Overpass API", "url": "https://overpass-api.de/api/interpreter", "local_cache": "osm_cache_england_884d5092.json", "cache_sha256": "36fa160894f2b7940be373783b59dacf324502d5a5bf829029f008109725d3a7", "accessed_at": "2026-08-08T00:52:00Z", "licence": "ODbL 1.0", "granularity": "building_point", "fields_used": ["building", "amenity", "shop", "office", "tourism", "landuse", "railway", "healthcare"], "supports_field": "building_type_primary", "match_method": "amenity=pub", "match_score": 0.75}, {"source_name": "POI regional data (north)", "url_or_local_path": "F:\\TerraYield_AAYS_Portable\\AAYS\\england_map_web\\data\\poi\\north-points.geojson", "accessed_at": "2026-08-08", "licence": "ODbL 1.0", "granularity": "regional_point_geojson", "fields_used": ["amenity", "shop", "name", "tourism"], "supports_field": "building_type_primary (enrichment available)", "match_method": "poi_file_available", "match_score": 0.0, "note": "File exists (21.5 MB). Spatial proximity match not yet run."}, {"source_name": "England pilot GeoJSON cross-reference", "url_or_local_path": "F:\\TerraYield_AAYS_Portable\\AAYS\\england_map_web\\data\\parcel_building_type_england_pilot.geojson", "accessed_at": "2026-08-08", "licence": "ODbL 1.0", "granularity": "pilot_feature_match", "fields_used": ["building_type_primary", "evidence_level"], "supports_field": "building_type_primary (corroborating)", "match_method": "pilot_id_match", "match_score": 0.7}, {"source_name": "HMLR INSPIRE PMTiles (north)", "url_or_local_path": "F:\\TerraYield_AAYS_Portable\\AAYS\\england_map_web\\data\\north.pmtiles", "accessed_at": "2026-08-08", "licence": "OGLv3", "granularity": "cadastral_parcel_polygon", "fields_used": ["parcel_boundary", "INSPIRE_ID"], "supports_field": "geometry_binding", "match_method": "pmtiles_available", "match_score": 0.0, "note": "File available (2.51 GB). Polygon binding not yet performed."}], "source_evidence_excerpt": {"addr:city": "Manchester", "addr:housenumber": "2", "addr:postcode": "M4 5FE", "addr:street": "Oldham Road", "amenity": "pub", "camra": "yes"}, "building_type_secondary": "", "geometry_match_method": "none", "address_match_method": "none", "limitations": "OSM-only classification. EPC/VOA needed for A-level evidence.", "evidence_summary": {"osm_cache": true, "poi_available": true, "pilot_cross_ref": true, "pmtiles_available": true, "inspire_zips_available": false, "epc_voa_overture": false, "total_sources": 4}}}, {"type": "Feature", "id": "ENG_OSM_node_307754335", "geometry": {"type": "Point", "coordinates": [-2.231494, 53.481122]}, "properties": {"parcel_id": "ENG_OSM_node_307754335", "slot_id": "building_type_8", "region": "North West", "area": "Manchester", "building_type_primary": "commercial_retail", "building_type_code": "C_RETAIL", "building_category": "commercial", "evidence_level": "B", "confidence_score": 0.75, "confidence_level_1_to_4": 3, "source_count": 4, "match_method": "amenity=pub", "source": "OpenStreetMap via Overpass API", "source_url": "https://www.openstreetmap.org/node/307754335", "osm_tags_summary": {"addr:city": "Manchester", "addr:country": "GB", "addr:housenumber": "57", "addr:postcode": "M1 2EJ", "addr:street": "Hilton Street", "amenity": "pub", "name": "Lammars", "wheelchair": "no"}, "fake_data": false, "final_ready": false, "needs_manual_review": false, "updated_at": "2026-08-08T22:34:46Z", "sources": [{"source_name": "OSM Overpass API", "url": "https://overpass-api.de/api/interpreter", "local_cache": "osm_cache_england_884d5092.json", "cache_sha256": "36fa160894f2b7940be373783b59dacf324502d5a5bf829029f008109725d3a7", "accessed_at": "2026-08-08T00:52:00Z", "licence": "ODbL 1.0", "granularity": "building_point", "fields_used": ["building", "amenity", "shop", "office", "tourism", "landuse", "railway", "healthcare"], "supports_field": "building_type_primary", "match_method": "amenity=pub", "match_score": 0.75}, {"source_name": "POI regional data (north)", "url_or_local_path": "F:\\TerraYield_AAYS_Portable\\AAYS\\england_map_web\\data\\poi\\north-points.geojson", "accessed_at": "2026-08-08", "licence": "ODbL 1.0", "granularity": "regional_point_geojson", "fields_used": ["amenity", "shop", "name", "tourism"], "supports_field": "building_type_primary (enrichment available)", "match_method": "poi_file_available", "match_score": 0.0, "note": "File exists (21.5 MB). Spatial proximity match not yet run."}, {"source_name": "England pilot GeoJSON cross-reference", "url_or_local_path": "F:\\TerraYield_AAYS_Portable\\AAYS\\england_map_web\\data\\parcel_building_type_england_pilot.geojson", "accessed_at": "2026-08-08", "licence": "ODbL 1.0", "granularity": "pilot_feature_match", "fields_used": ["building_type_primary", "evidence_level"], "supports_field": "building_type_primary (corroborating)", "match_method": "pilot_id_match", "match_score": 0.7}, {"source_name": "HMLR INSPIRE PMTiles (north)", "url_or_local_path": "F:\\TerraYield_AAYS_Portable\\AAYS\\england_map_web\\data\\north.pmtiles", "accessed_at": "2026-08-08", "licence": "OGLv3", "granularity": "cadastral_parcel_polygon", "fields_used": ["parcel_boundary", "INSPIRE_ID"], "supports_field": "geometry_binding", "match_method": "pmtiles_available", "match_score": 0.0, "note": "File available (2.51 GB). Polygon binding not yet performed."}], "source_evidence_excerpt": {"addr:city": "Manchester", "addr:country": "GB", "addr:housenumber": "57", "addr:postcode": "M1 2EJ", "addr:street": "Hilton Street", "amenity": "pub"}, "building_type_secondary": "", "geometry_match_method": "none", "address_match_method": "none", "limitations": "OSM-only classification. EPC/VOA needed for A-level evidence.", "evidence_summary": {"osm_cache": true, "poi_available": true, "pilot_cross_ref": true, "pmtiles_available": true, "inspire_zips_available": false, "epc_voa_overture": false, "total_sources": 4}}}, {"type": "Feature", "id": "ENG_OSM_node_307968585", "geometry": {"type": "Point", "coordinates": [-2.2322038, 53.4819086]}, "properties": {"parcel_id": "ENG_OSM_node_307968585", "slot_id": "building_type_8", "region": "North West", "area": "Manchester", "building_type_primary": "commercial_retail", "building_type_code": "C_RETAIL", "building_category": "commercial", "evidence_level": "B", "confidence_score": 0.75, "confidence_level_1_to_4": 3, "source_count": 4, "match_method": "amenity=pub", "source": "OpenStreetMap via Overpass API", "source_url": "https://www.openstreetmap.org/node/307968585", "osm_tags_summary": {"addr:city": "Manchester", "addr:country": "GB", "addr:housenumber": "41", "addr:postcode": "M1 2EE", "addr:street": "Hilton Street", "amenity": "pub", "bar": "yes", "fixme": "This... seems to be a pub from the outside; while they may have guest rooms to book, that feels secondary to their primary status as a pub. Could/should the tagging be changed to be a pub instead?"}, "fake_data": false, "final_ready": false, "needs_manual_review": false, "updated_at": "2026-08-08T22:34:46Z", "sources": [{"source_name": "OSM Overpass API", "url": "https://overpass-api.de/api/interpreter", "local_cache": "osm_cache_england_884d5092.json", "cache_sha256": "36fa160894f2b7940be373783b59dacf324502d5a5bf829029f008109725d3a7", "accessed_at": "2026-08-08T00:52:00Z", "licence": "ODbL 1.0", "granularity": "building_point", "fields_used": ["building", "amenity", "shop", "office", "tourism", "landuse", "railway", "healthcare"], "supports_field": "building_type_primary", "match_method": "amenity=pub", "match_score": 0.75}, {"source_name": "POI regional data (north)", "url_or_local_path": "F:\\TerraYield_AAYS_Portable\\AAYS\\england_map_web\\data\\poi\\north-points.geojson", "accessed_at": "2026-08-08", "licence": "ODbL 1.0", "granularity": "regional_point_geojson", "fields_used": ["amenity", "shop", "name", "tourism"], "supports_field": "building_type_primary (enrichment available)", "match_method": "poi_file_available", "match_score": 0.0, "note": "File exists (21.5 MB). Spatial proximity match not yet run."}, {"source_name": "England pilot GeoJSON cross-reference", "url_or_local_path": "F:\\TerraYield_AAYS_Portable\\AAYS\\england_map_web\\data\\parcel_building_type_england_pilot.geojson", "accessed_at": "2026-08-08", "licence": "ODbL 1.0", "granularity": "pilot_feature_match", "fields_used": ["building_type_primary", "evidence_level"], "supports_field": "building_type_primary (corroborating)", "match_method": "pilot_id_match", "match_score": 0.7}, {"source_name": "HMLR INSPIRE PMTiles (north)", "url_or_local_path": "F:\\TerraYield_AAYS_Portable\\AAYS\\england_map_web\\data\\north.pmtiles", "accessed_at": "2026-08-08", "licence": "OGLv3", "granularity": "cadastral_parcel_polygon", "fields_used": ["parcel_boundary", "INSPIRE_ID"], "supports_field": "geometry_binding", "match_method": "pmtiles_available", "match_score": 0.0, "note": "File available (2.51 GB). Polygon binding not yet performed."}], "source_evidence_excerpt": {"addr:city": "Manchester", "addr:country": "GB", "addr:housenumber": "41", "addr:postcode": "M1 2EE", "addr:street": "Hilton Street", "amenity": "pub"}, "building_type_secondary": "", "geometry_match_method": "none", "address_match_method": "none", "limitations": "OSM-only classification. EPC/VOA needed for A-level evidence.", "evidence_summary": {"osm_cache": true, "poi_available": true, "pilot_cross_ref": true, "pmtiles_available": true, "inspire_zips_available": false, "epc_voa_overture": false, "total_sources": 4}}}, {"type": "Feature", "id": "ENG_OSM_node_307987239", "geometry": {"type": "Point", "coordinates": [-2.2365411, 53.4780332]}, "properties": {"parcel_id": "ENG_OSM_node_307987239", "slot_id": "building_type_8", "region": "North West", "area": "Manchester", "building_type_primary": "unknown", "building_type_code": "U_UNKNOWN", "building_category": "unknown", "evidence_level": "U", "confidence_score": 0.0, "confidence_level_1_to_4": 1, "source_count": 4, "match_method": "no_specific_tag", "source": "OpenStreetMap via Overpass API", "source_url": "https://www.openstreetmap.org/node/307987239", "osm_tags_summary": {"amenity": "post_box", "collection_times": "Mo-Fr 09:00; Sa 07:00", "post_box:type": "pillar", "postal_code": "M1", "ref": "M1 3", "royal_cypher": "VR", "royal_cypher:wikidata": "Q33102356"}, "fake_data": false, "final_ready": false, "needs_manual_review": false, "updated_at": "2026-08-08T22:34:46Z", "sources": [{"source_name": "OSM Overpass API", "url": "https://overpass-api.de/api/interpreter", "local_cache": "osm_cache_england_884d5092.json", "cache_sha256": "36fa160894f2b7940be373783b59dacf324502d5a5bf829029f008109725d3a7", "accessed_at": "2026-08-08T00:52:00Z", "licence": "ODbL 1.0", "granularity": "building_point", "fields_used": ["building", "amenity", "shop", "office", "tourism", "landuse", "railway", "healthcare"], "supports_field": "building_type_primary", "match_method": "no_specific_tag", "match_score": 0.0}, {"source_name": "POI regional data (north)", "url_or_local_path": "F:\\TerraYield_AAYS_Portable\\AAYS\\england_map_web\\data\\poi\\north-points.geojson", "accessed_at": "2026-08-08", "licence": "ODbL 1.0", "granularity": "regional_point_geojson", "fields_used": ["amenity", "shop", "name", "tourism"], "supports_field": "building_type_primary (enrichment available)", "match_method": "poi_file_available", "match_score": 0.0, "note": "File exists (21.5 MB). Spatial proximity match not yet run."}, {"source_name": "England pilot GeoJSON cross-reference", "url_or_local_path": "F:\\TerraYield_AAYS_Portable\\AAYS\\england_map_web\\data\\parcel_building_type_england_pilot.geojson", "accessed_at": "2026-08-08", "licence": "ODbL 1.0", "granularity": "pilot_feature_match", "fields_used": ["building_type_primary", "evidence_level"], "supports_field": "building_type_primary (corroborating)", "match_method": "pilot_id_match", "match_score": 0.7}, {"source_name": "HMLR INSPIRE PMTiles (north)", "url_or_local_path": "F:\\TerraYield_AAYS_Portable\\AAYS\\england_map_web\\data\\north.pmtiles", "accessed_at": "2026-08-08", "licence": "OGLv3", "granularity": "cadastral_parcel_polygon", "fields_used": ["parcel_boundary", "INSPIRE_ID"], "supports_field": "geometry_binding", "match_method": "pmtiles_available", "match_score": 0.0, "note": "File available (2.51 GB). Polygon binding not yet performed."}], "source_evidence_excerpt": {"amenity": "post_box", "collection_times": "Mo-Fr 09:00; Sa 07:00", "post_box:type": "pillar", "postal_code": "M1", "ref": "M1 3", "royal_cypher": "VR"}, "building_type_secondary": "", "geometry_match_method": "none", "address_match_method": "none", "limitations": "OSM-only classification. EPC/VOA needed for A-level evidence.", "evidence_summary": {"osm_cache": true, "poi_available": true, "pilot_cross_ref": true, "pmtiles_available": true, "inspire_zips_available": false, "epc_voa_overture": false, "total_sources": 4}}}, {"type": "Feature", "id": "ENG_OSM_node_308099749", "geometry": {"type": "Point", "coordinates": [-2.2320104, 53.4817005]}, "properties": {"parcel_id": "ENG_OSM_node_308099749", "slot_id": "building_type_8", "region": "North West", "area": "Manchester", "building_type_primary": "commercial_retail", "building_type_code": "C_RETAIL", "building_category": "commercial", "evidence_level": "B", "confidence_score": 0.75, "confidence_level_1_to_4": 3, "source_count": 4, "match_method": "amenity=fast_food", "source": "OpenStreetMap via Overpass API", "source_url": "https://www.openstreetmap.org/node/308099749", "osm_tags_summary": {"addr:city": "Manchester", "addr:country": "GB", "addr:housenumber": "45", "addr:postcode": "M1 2EF", "addr:street": "Hilton Street", "amenity": "fast_food", "name": "Williams Sandwich Bar"}, "fake_data": false, "final_ready": false, "needs_manual_review": false, "updated_at": "2026-08-08T22:34:46Z", "sources": [{"source_name": "OSM Overpass API", "url": "https://overpass-api.de/api/interpreter", "local_cache": "osm_cache_england_884d5092.json", "cache_sha256": "36fa160894f2b7940be373783b59dacf324502d5a5bf829029f008109725d3a7", "accessed_at": "2026-08-08T00:52:00Z", "licence": "ODbL 1.0", "granularity": "building_point", "fields_used": ["building", "amenity", "shop", "office", "tourism", "landuse", "railway", "healthcare"], "supports_field": "building_type_primary", "match_method": "amenity=fast_food", "match_score": 0.75}, {"source_name": "POI regional data (north)", "url_or_local_path": "F:\\TerraYield_AAYS_Portable\\AAYS\\england_map_web\\data\\poi\\north-points.geojson", "accessed_at": "2026-08-08", "licence": "ODbL 1.0", "granularity": "regional_point_geojson", "fields_used": ["amenity", "shop", "name", "tourism"], "supports_field": "building_type_primary (enrichment available)", "match_method": "poi_file_available", "match_score": 0.0, "note": "File exists (21.5 MB). Spatial proximity match not yet run."}, {"source_name": "England pilot GeoJSON cross-reference", "url_or_local_path": "F:\\TerraYield_AAYS_Portable\\AAYS\\england_map_web\\data\\parcel_building_type_england_pilot.geojson", "accessed_at": "2026-08-08", "licence": "ODbL 1.0", "granularity": "pilot_feature_match", "fields_used": ["building_type_primary", "evidence_level"], "supports_field": "building_type_primary (corroborating)", "match_method": "pilot_id_match", "match_score": 0.7}, {"source_name": "HMLR INSPIRE PMTiles (north)", "url_or_local_path": "F:\\TerraYield_AAYS_Portable\\AAYS\\england_map_web\\data\\north.pmtiles", "accessed_at": "2026-08-08", "licence": "OGLv3", "granularity": "cadastral_parcel_polygon", "fields_used": ["parcel_boundary", "INSPIRE_ID"], "supports_field": "geometry_binding", "match_method": "pmtiles_available", "match_score": 0.0, "note": "File available (2.51 GB). Polygon binding not yet performed."}], "source_evidence_excerpt": {"addr:city": "Manchester", "addr:country": "GB", "addr:housenumber": "45", "addr:postcode": "M1 2EF", "addr:street": "Hilton Street", "amenity": "fast_food"}, "building_type_secondary": "", "geometry_match_method": "none", "address_match_method": "none", "limitations": "OSM-only classification. EPC/VOA needed for A-level evidence.", "evidence_summary": {"osm_cache": true, "poi_available": true, "pilot_cross_ref": true, "pmtiles_available": true, "inspire_zips_available": false, "epc_voa_overture": false, "total_sources": 4}}}, {"type": "Feature", "id": "ENG_OSM_node_308128518", "geometry": {"type": "Point", "coordinates": [-2.2339421, 53.4795818]}, "properties": {"parcel_id": "ENG_OSM_node_308128518", "slot_id": "building_type_8", "region": "North West", "area": "Manchester", "building_type_primary": "commercial_retail", "building_type_code": "C_RETAIL", "building_category": "commercial", "evidence_level": "B", "confidence_score": 0.75, "confidence_level_1_to_4": 3, "source_count": 4, "match_method": "amenity=pub", "source": "OpenStreetMap via Overpass API", "source_url": "https://www.openstreetmap.org/node/308128518", "osm_tags_summary": {"addr:city": "Manchester", "addr:country": "GB", "addr:housenumber": "12", "addr:postcode": "M1 3AQ", "addr:street": "Gore Street", "amenity": "pub", "fhrs:id": "1817517", "name": "The Waldorf"}, "fake_data": false, "final_ready": false, "needs_manual_review": false, "updated_at": "2026-08-08T22:34:46Z", "sources": [{"source_name": "OSM Overpass API", "url": "https://overpass-api.de/api/interpreter", "local_cache": "osm_cache_england_884d5092.json", "cache_sha256": "36fa160894f2b7940be373783b59dacf324502d5a5bf829029f008109725d3a7", "accessed_at": "2026-08-08T00:52:00Z", "licence": "ODbL 1.0", "granularity": "building_point", "fields_used": ["building", "amenity", "shop", "office", "tourism", "landuse", "railway", "healthcare"], "supports_field": "building_type_primary", "match_method": "amenity=pub", "match_score": 0.75}, {"source_name": "POI regional data (north)", "url_or_local_path": "F:\\TerraYield_AAYS_Portable\\AAYS\\england_map_web\\data\\poi\\north-points.geojson", "accessed_at": "2026-08-08", "licence": "ODbL 1.0", "granularity": "regional_point_geojson", "fields_used": ["amenity", "shop", "name", "tourism"], "supports_field": "building_type_primary (enrichment available)", "match_method": "poi_file_available", "match_score": 0.0, "note": "File exists (21.5 MB). Spatial proximity match not yet run."}, {"source_name": "England pilot GeoJSON cross-reference", "url_or_local_path": "F:\\TerraYield_AAYS_Portable\\AAYS\\england_map_web\\data\\parcel_building_type_england_pilot.geojson", "accessed_at": "2026-08-08", "licence": "ODbL 1.0", "granularity": "pilot_feature_match", "fields_used": ["building_type_primary", "evidence_level"], "supports_field": "building_type_primary (corroborating)", "match_method": "pilot_id_match", "match_score": 0.7}, {"source_name": "HMLR INSPIRE PMTiles (north)", "url_or_local_path": "F:\\TerraYield_AAYS_Portable\\AAYS\\england_map_web\\data\\north.pmtiles", "accessed_at": "2026-08-08", "licence": "OGLv3", "granularity": "cadastral_parcel_polygon", "fields_used": ["parcel_boundary", "INSPIRE_ID"], "supports_field": "geometry_binding", "match_method": "pmtiles_available", "match_score": 0.0, "note": "File available (2.51 GB). Polygon binding not yet performed."}], "source_evidence_excerpt": {"addr:city": "Manchester", "addr:country": "GB", "addr:housenumber": "12", "addr:postcode": "M1 3AQ", "addr:street": "Gore Street", "amenity": "pub"}, "building_type_secondary": "", "geometry_match_method": "none", "address_match_method": "none", "limitations": "OSM-only classification. EPC/VOA needed for A-level evidence.", "evidence_summary": {"osm_cache": true, "poi_available": true, "pilot_cross_ref": true, "pmtiles_available": true, "inspire_zips_available": false, "epc_voa_overture": false, "total_sources": 4}}}, {"type": "Feature", "id": "ENG_OSM_node_308128519", "geometry": {"type": "Point", "coordinates": [-2.2332353, 53.4791781]}, "properties": {"parcel_id": "ENG_OSM_node_308128519", "slot_id": "building_type_8", "region": "North West", "area": "Manchester", "building_type_primary": "hotel_or_hospitality", "building_type_code": "C_HOSPITALITY", "building_category": "commercial", "evidence_level": "B", "confidence_score": 0.7, "confidence_level_1_to_4": 3, "source_count": 4, "match_method": "tourism=hotel", "source": "OpenStreetMap via Overpass API", "source_url": "https://www.openstreetmap.org/node/308128519", "osm_tags_summary": {"addr:city": "Manchester", "addr:country": "GB", "addr:housenumber": "1-3", "addr:postcode": "M1 1LZ", "addr:street": "Piccadilly", "brand": "Malmaison", "brand:wikidata": "Q6744343", "check_date": "2025-08-05"}, "fake_data": false, "final_ready": false, "needs_manual_review": false, "updated_at": "2026-08-08T22:34:46Z", "sources": [{"source_name": "OSM Overpass API", "url": "https://overpass-api.de/api/interpreter", "local_cache": "osm_cache_england_884d5092.json", "cache_sha256": "36fa160894f2b7940be373783b59dacf324502d5a5bf829029f008109725d3a7", "accessed_at": "2026-08-08T00:52:00Z", "licence": "ODbL 1.0", "granularity": "building_point", "fields_used": ["building", "amenity", "shop", "office", "tourism", "landuse", "railway", "healthcare"], "supports_field": "building_type_primary", "match_method": "tourism=hotel", "match_score": 0.7}, {"source_name": "POI regional data (north)", "url_or_local_path": "F:\\TerraYield_AAYS_Portable\\AAYS\\england_map_web\\data\\poi\\north-points.geojson", "accessed_at": "2026-08-08", "licence": "ODbL 1.0", "granularity": "regional_point_geojson", "fields_used": ["amenity", "shop", "name", "tourism"], "supports_field": "building_type_primary (enrichment available)", "match_method": "poi_file_available", "match_score": 0.0, "note": "File exists (21.5 MB). Spatial proximity match not yet run."}, {"source_name": "England pilot GeoJSON cross-reference", "url_or_local_path": "F:\\TerraYield_AAYS_Portable\\AAYS\\england_map_web\\data\\parcel_building_type_england_pilot.geojson", "accessed_at": "2026-08-08", "licence": "ODbL 1.0", "granularity": "pilot_feature_match", "fields_used": ["building_type_primary", "evidence_level"], "supports_field": "building_type_primary (corroborating)", "match_method": "pilot_id_match", "match_score": 0.7}, {"source_name": "HMLR INSPIRE PMTiles (north)", "url_or_local_path": "F:\\TerraYield_AAYS_Portable\\AAYS\\england_map_web\\data\\north.pmtiles", "accessed_at": "2026-08-08", "licence": "OGLv3", "granularity": "cadastral_parcel_polygon", "fields_used": ["parcel_boundary", "INSPIRE_ID"], "supports_field": "geometry_binding", "match_method": "pmtiles_available", "match_score": 0.0, "note": "File available (2.51 GB). Polygon binding not yet performed."}], "source_evidence_excerpt": {"addr:city": "Manchester", "addr:country": "GB", "addr:housenumber": "1-3", "addr:postcode": "M1 1LZ", "addr:street": "Piccadilly", "brand": "Malmaison"}, "building_type_secondary": "", "geometry_match_method": "none", "address_match_method": "none", "limitations": "OSM-only classification. EPC/VOA needed for A-level evidence.", "evidence_summary": {"osm_cache": true, "poi_available": true, "pilot_cross_ref": true, "pmtiles_available": true, "inspire_zips_available": false, "epc_voa_overture": false, "total_sources": 4}}}, {"type": "Feature", "id": "ENG_OSM_node_308375621", "geometry": {"type": "Point", "coordinates": [-2.2344242, 53.4853915]}, "properties": {"parcel_id": "ENG_OSM_node_308375621", "slot_id": "building_type_8", "region": "North West", "area": "Manchester", "building_type_primary": "commercial_retail", "building_type_code": "C_RETAIL", "building_category": "commercial", "evidence_level": "B", "confidence_score": 0.75, "confidence_level_1_to_4": 3, "source_count": 4, "match_method": "amenity=pub", "source": "OpenStreetMap via Overpass API", "source_url": "https://www.openstreetmap.org/node/308375621", "osm_tags_summary": {"addr:city": "Manchester", "addr:country": "GB", "addr:housenumber": "33-37", "addr:postcode": "M4 5JZ", "addr:street": "Swan Street", "addr:subdistrict": "Ancoats", "amenity": "pub", "brewery": "Blackjack"}, "fake_data": false, "final_ready": false, "needs_manual_review": false, "updated_at": "2026-08-08T22:34:46Z", "sources": [{"source_name": "OSM Overpass API", "url": "https://overpass-api.de/api/interpreter", "local_cache": "osm_cache_england_884d5092.json", "cache_sha256": "36fa160894f2b7940be373783b59dacf324502d5a5bf829029f008109725d3a7", "accessed_at": "2026-08-08T00:52:00Z", "licence": "ODbL 1.0", "granularity": "building_point", "fields_used": ["building", "amenity", "shop", "office", "tourism", "landuse", "railway", "healthcare"], "supports_field": "building_type_primary", "match_method": "amenity=pub", "match_score": 0.75}, {"source_name": "POI regional data (north)", "url_or_local_path": "F:\\TerraYield_AAYS_Portable\\AAYS\\england_map_web\\data\\poi\\north-points.geojson", "accessed_at": "2026-08-08", "licence": "ODbL 1.0", "granularity": "regional_point_geojson", "fields_used": ["amenity", "shop", "name", "tourism"], "supports_field": "building_type_primary (enrichment available)", "match_method": "poi_file_available", "match_score": 0.0, "note": "File exists (21.5 MB). Spatial proximity match not yet run."}, {"source_name": "England pilot GeoJSON cross-reference", "url_or_local_path": "F:\\TerraYield_AAYS_Portable\\AAYS\\england_map_web\\data\\parcel_building_type_england_pilot.geojson", "accessed_at": "2026-08-08", "licence": "ODbL 1.0", "granularity": "pilot_feature_match", "fields_used": ["building_type_primary", "evidence_level"], "supports_field": "building_type_primary (corroborating)", "match_method": "pilot_id_match", "match_score": 0.7}, {"source_name": "HMLR INSPIRE PMTiles (north)", "url_or_local_path": "F:\\TerraYield_AAYS_Portable\\AAYS\\england_map_web\\data\\north.pmtiles", "accessed_at": "2026-08-08", "licence": "OGLv3", "granularity": "cadastral_parcel_polygon", "fields_used": ["parcel_boundary", "INSPIRE_ID"], "supports_field": "geometry_binding", "match_method": "pmtiles_available", "match_score": 0.0, "note": "File available (2.51 GB). Polygon binding not yet performed."}], "source_evidence_excerpt": {"addr:city": "Manchester", "addr:country": "GB", "addr:housenumber": "33-37", "addr:postcode": "M4 5JZ", "addr:street": "Swan Street", "addr:subdistrict": "Ancoats"}, "building_type_secondary": "", "geometry_match_method": "none", "address_match_method": "none", "limitations": "OSM-only classification. EPC/VOA needed for A-level evidence.", "evidence_summary": {"osm_cache": true, "poi_available": true, "pilot_cross_ref": true, "pmtiles_available": true, "inspire_zips_available": false, "epc_voa_overture": false, "total_sources": 4}}}, {"type": "Feature", "id": "ENG_OSM_node_308375623", "geometry": {"type": "Point", "coordinates": [-2.2343246, 53.4853483]}, "properties": {"parcel_id": "ENG_OSM_node_308375623", "slot_id": "building_type_8", "region": "North West", "area": "Manchester", "building_type_primary": "commercial_retail", "building_type_code": "C_RETAIL", "building_category": "commercial", "evidence_level": "B", "confidence_score": 0.75, "confidence_level_1_to_4": 3, "source_count": 4, "match_method": "amenity=pub", "source": "OpenStreetMap via Overpass API", "source_url": "https://www.openstreetmap.org/node/308375623", "osm_tags_summary": {"addr:city": "Manchester", "addr:housenumber": "31", "addr:postcode": "M4 5JZ", "addr:street": "Swan Street", "amenity": "pub", "name": "The Rose & Monkey Hotel", "real_ale": "yes"}, "fake_data": false, "final_ready": false, "needs_manual_review": false, "updated_at": "2026-08-08T22:34:46Z", "sources": [{"source_name": "OSM Overpass API", "url": "https://overpass-api.de/api/interpreter", "local_cache": "osm_cache_england_884d5092.json", "cache_sha256": "36fa160894f2b7940be373783b59dacf324502d5a5bf829029f008109725d3a7", "accessed_at": "2026-08-08T00:52:00Z", "licence": "ODbL 1.0", "granularity": "building_point", "fields_used": ["building", "amenity", "shop", "office", "tourism", "landuse", "railway", "healthcare"], "supports_field": "building_type_primary", "match_method": "amenity=pub", "match_score": 0.75}, {"source_name": "POI regional data (north)", "url_or_local_path": "F:\\TerraYield_AAYS_Portable\\AAYS\\england_map_web\\data\\poi\\north-points.geojson", "accessed_at": "2026-08-08", "licence": "ODbL 1.0", "granularity": "regional_point_geojson", "fields_used": ["amenity", "shop", "name", "tourism"], "supports_field": "building_type_primary (enrichment available)", "match_method": "poi_file_available", "match_score": 0.0, "note": "File exists (21.5 MB). Spatial proximity match not yet run."}, {"source_name": "England pilot GeoJSON cross-reference", "url_or_local_path": "F:\\TerraYield_AAYS_Portable\\AAYS\\england_map_web\\data\\parcel_building_type_england_pilot.geojson", "accessed_at": "2026-08-08", "licence": "ODbL 1.0", "granularity": "pilot_feature_match", "fields_used": ["building_type_primary", "evidence_level"], "supports_field": "building_type_primary (corroborating)", "match_method": "pilot_id_match", "match_score": 0.7}, {"source_name": "HMLR INSPIRE PMTiles (north)", "url_or_local_path": "F:\\TerraYield_AAYS_Portable\\AAYS\\england_map_web\\data\\north.pmtiles", "accessed_at": "2026-08-08", "licence": "OGLv3", "granularity": "cadastral_parcel_polygon", "fields_used": ["parcel_boundary", "INSPIRE_ID"], "supports_field": "geometry_binding", "match_method": "pmtiles_available", "match_score": 0.0, "note": "File available (2.51 GB). Polygon binding not yet performed."}], "source_evidence_excerpt": {"addr:city": "Manchester", "addr:housenumber": "31", "addr:postcode": "M4 5JZ", "addr:street": "Swan Street", "amenity": "pub", "name": "The Rose & Monkey Hotel"}, "building_type_secondary": "", "geometry_match_method": "none", "address_match_method": "none", "limitations": "OSM-only classification. EPC/VOA needed for A-level evidence.", "evidence_summary": {"osm_cache": true, "poi_available": true, "pilot_cross_ref": true, "pmtiles_available": true, "inspire_zips_available": false, "epc_voa_overture": false, "total_sources": 4}}}, {"type": "Feature", "id": "ENG_OSM_node_308375649", "geometry": {"type": "Point", "coordinates": [-2.2347213, 53.483457]}, "properties": {"parcel_id": "ENG_OSM_node_308375649", "slot_id": "building_type_8", "region": "North West", "area": "Manchester", "building_type_primary": "commercial_retail", "building_type_code": "C_RETAIL", "building_category": "commercial", "evidence_level": "B", "confidence_score": 0.75, "confidence_level_1_to_4": 3, "source_count": 4, "match_method": "amenity=pub", "source": "OpenStreetMap via Overpass API", "source_url": "https://www.openstreetmap.org/node/308375649", "osm_tags_summary": {"addr:street": "Oldham Street", "amenity": "pub", "name": "The Northern", "real_ale": "yes", "source": "survey"}, "fake_data": false, "final_ready": false, "needs_manual_review": false, "updated_at": "2026-08-08T22:34:46Z", "sources": [{"source_name": "OSM Overpass API", "url": "https://overpass-api.de/api/interpreter", "local_cache": "osm_cache_england_884d5092.json", "cache_sha256": "36fa160894f2b7940be373783b59dacf324502d5a5bf829029f008109725d3a7", "accessed_at": "2026-08-08T00:52:00Z", "licence": "ODbL 1.0", "granularity": "building_point", "fields_used": ["building", "amenity", "shop", "office", "tourism", "landuse", "railway", "healthcare"], "supports_field": "building_type_primary", "match_method": "amenity=pub", "match_score": 0.75}, {"source_name": "POI regional data (north)", "url_or_local_path": "F:\\TerraYield_AAYS_Portable\\AAYS\\england_map_web\\data\\poi\\north-points.geojson", "accessed_at": "2026-08-08", "licence": "ODbL 1.0", "granularity": "regional_point_geojson", "fields_used": ["amenity", "shop", "name", "tourism"], "supports_field": "building_type_primary (enrichment available)", "match_method": "poi_file_available", "match_score": 0.0, "note": "File exists (21.5 MB). Spatial proximity match not yet run."}, {"source_name": "England pilot GeoJSON cross-reference", "url_or_local_path": "F:\\TerraYield_AAYS_Portable\\AAYS\\england_map_web\\data\\parcel_building_type_england_pilot.geojson", "accessed_at": "2026-08-08", "licence": "ODbL 1.0", "granularity": "pilot_feature_match", "fields_used": ["building_type_primary", "evidence_level"], "supports_field": "building_type_primary (corroborating)", "match_method": "pilot_id_match", "match_score": 0.7}, {"source_name": "HMLR INSPIRE PMTiles (north)", "url_or_local_path": "F:\\TerraYield_AAYS_Portable\\AAYS\\england_map_web\\data\\north.pmtiles", "accessed_at": "2026-08-08", "licence": "OGLv3", "granularity": "cadastral_parcel_polygon", "fields_used": ["parcel_boundary", "INSPIRE_ID"], "supports_field": "geometry_binding", "match_method": "pmtiles_available", "match_score": 0.0, "note": "File available (2.51 GB). Polygon binding not yet performed."}], "source_evidence_excerpt": {"addr:street": "Oldham Street", "amenity": "pub", "name": "The Northern", "real_ale": "yes", "source": "survey"}, "building_type_secondary": "", "geometry_match_method": "none", "address_match_method": "none", "limitations": "OSM-only classification. EPC/VOA needed for A-level evidence.", "evidence_summary": {"osm_cache": true, "poi_available": true, "pilot_cross_ref": true, "pmtiles_available": true, "inspire_zips_available": false, "epc_voa_overture": false, "total_sources": 4}}}, {"type": "Feature", "id": "ENG_OSM_node_324660927", "geometry": {"type": "Point", "coordinates": [-2.2491324, 53.4787806]}, "properties": {"parcel_id": "ENG_OSM_node_324660927", "slot_id": "building_type_8", "region": "North West", "area": "Manchester", "building_type_primary": "commercial_retail", "building_type_code": "C_RETAIL", "building_category": "commercial", "evidence_level": "B", "confidence_score": 0.75, "confidence_level_1_to_4": 3, "source_count": 4, "match_method": "amenity=restaurant", "source": "OpenStreetMap via Overpass API", "source_url": "https://www.openstreetmap.org/node/324660927", "osm_tags_summary": {"addr:city": "Manchester", "addr:housename": "Onward Buildings", "addr:housenumber": "205", "addr:postcode": "M3 3NW", "addr:street": "Deansgate", "amenity": "restaurant", "cuisine": "turkish;burger;pizza;kebab", "fhrs:id": "1818931"}, "fake_data": false, "final_ready": false, "needs_manual_review": false, "updated_at": "2026-08-08T22:34:46Z", "sources": [{"source_name": "OSM Overpass API", "url": "https://overpass-api.de/api/interpreter", "local_cache": "osm_cache_england_884d5092.json", "cache_sha256": "36fa160894f2b7940be373783b59dacf324502d5a5bf829029f008109725d3a7", "accessed_at": "2026-08-08T00:52:00Z", "licence": "ODbL 1.0", "granularity": "building_point", "fields_used": ["building", "amenity", "shop", "office", "tourism", "landuse", "railway", "healthcare"], "supports_field": "building_type_primary", "match_method": "amenity=restaurant", "match_score": 0.75}, {"source_name": "POI regional data (north)", "url_or_local_path": "F:\\TerraYield_AAYS_Portable\\AAYS\\england_map_web\\data\\poi\\north-points.geojson", "accessed_at": "2026-08-08", "licence": "ODbL 1.0", "granularity": "regional_point_geojson", "fields_used": ["amenity", "shop", "name", "tourism"], "supports_field": "building_type_primary (enrichment available)", "match_method": "poi_file_available", "match_score": 0.0, "note": "File exists (21.5 MB). Spatial proximity match not yet run."}, {"source_name": "England pilot GeoJSON cross-reference", "url_or_local_path": "F:\\TerraYield_AAYS_Portable\\AAYS\\england_map_web\\data\\parcel_building_type_england_pilot.geojson", "accessed_at": "2026-08-08", "licence": "ODbL 1.0", "granularity": "pilot_feature_match", "fields_used": ["building_type_primary", "evidence_level"], "supports_field": "building_type_primary (corroborating)", "match_method": "pilot_id_match", "match_score": 0.7}, {"source_name": "HMLR INSPIRE PMTiles (north)", "url_or_local_path": "F:\\TerraYield_AAYS_Portable\\AAYS\\england_map_web\\data\\north.pmtiles", "accessed_at": "2026-08-08", "licence": "OGLv3", "granularity": "cadastral_parcel_polygon", "fields_used": ["parcel_boundary", "INSPIRE_ID"], "supports_field": "geometry_binding", "match_method": "pmtiles_available", "match_score": 0.0, "note": "File available (2.51 GB). Polygon binding not yet performed."}], "source_evidence_excerpt": {"addr:city": "Manchester", "addr:housename": "Onward Buildings", "addr:housenumber": "205", "addr:postcode": "M3 3NW", "addr:street": "Deansgate", "amenity": "restaurant"}, "building_type_secondary": "", "geometry_match_method": "none", "address_match_method": "none", "limitations": "OSM-only classification. EPC/VOA needed for A-level evidence.", "evidence_summary": {"osm_cache": true, "poi_available": true, "pilot_cross_ref": true, "pmtiles_available": true, "inspire_zips_available": false, "epc_voa_overture": false, "total_sources": 4}}}, {"type": "Feature", "id": "ENG_OSM_node_324661012", "geometry": {"type": "Point", "coordinates": [-2.2486947, 53.4794691]}, "properties": {"parcel_id": "ENG_OSM_node_324661012", "slot_id": "building_type_8", "region": "North West", "area": "Manchester", "building_type_primary": "commercial_retail", "building_type_code": "C_RETAIL", "building_category": "commercial", "evidence_level": "B", "confidence_score": 0.75, "confidence_level_1_to_4": 3, "source_count": 4, "match_method": "amenity=cafe", "source": "OpenStreetMap via Overpass API", "source_url": "https://www.openstreetmap.org/node/324661012", "osm_tags_summary": {"addr:city": "Manchester", "addr:country": "GB", "addr:housename": "St Johns House", "addr:housenumber": "133", "addr:postcode": "M3 3WR", "addr:street": "Deansgate", "amenity": "cafe", "brand": "Caffè Nero"}, "fake_data": false, "final_ready": false, "needs_manual_review": false, "updated_at": "2026-08-08T22:34:46Z", "sources": [{"source_name": "OSM Overpass API", "url": "https://overpass-api.de/api/interpreter", "local_cache": "osm_cache_england_884d5092.json", "cache_sha256": "36fa160894f2b7940be373783b59dacf324502d5a5bf829029f008109725d3a7", "accessed_at": "2026-08-08T00:52:00Z", "licence": "ODbL 1.0", "granularity": "building_point", "fields_used": ["building", "amenity", "shop", "office", "tourism", "landuse", "railway", "healthcare"], "supports_field": "building_type_primary", "match_method": "amenity=cafe", "match_score": 0.75}, {"source_name": "POI regional data (north)", "url_or_local_path": "F:\\TerraYield_AAYS_Portable\\AAYS\\england_map_web\\data\\poi\\north-points.geojson", "accessed_at": "2026-08-08", "licence": "ODbL 1.0", "granularity": "regional_point_geojson", "fields_used": ["amenity", "shop", "name", "tourism"], "supports_field": "building_type_primary (enrichment available)", "match_method": "poi_file_available", "match_score": 0.0, "note": "File exists (21.5 MB). Spatial proximity match not yet run."}, {"source_name": "England pilot GeoJSON cross-reference", "url_or_local_path": "F:\\TerraYield_AAYS_Portable\\AAYS\\england_map_web\\data\\parcel_building_type_england_pilot.geojson", "accessed_at": "2026-08-08", "licence": "ODbL 1.0", "granularity": "pilot_feature_match", "fields_used": ["building_type_primary", "evidence_level"], "supports_field": "building_type_primary (corroborating)", "match_method": "pilot_id_match", "match_score": 0.7}, {"source_name": "HMLR INSPIRE PMTiles (north)", "url_or_local_path": "F:\\TerraYield_AAYS_Portable\\AAYS\\england_map_web\\data\\north.pmtiles", "accessed_at": "2026-08-08", "licence": "OGLv3", "granularity": "cadastral_parcel_polygon", "fields_used": ["parcel_boundary", "INSPIRE_ID"], "supports_field": "geometry_binding", "match_method": "pmtiles_available", "match_score": 0.0, "note": "File available (2.51 GB). Polygon binding not yet performed."}], "source_evidence_excerpt": {"addr:city": "Manchester", "addr:country": "GB", "addr:housename": "St Johns House", "addr:housenumber": "133", "addr:postcode": "M3 3WR", "addr:street": "Deansgate"}, "building_type_secondary": "", "geometry_match_method": "none", "address_match_method": "none", "limitations": "OSM-only classification. EPC/VOA needed for A-level evidence.", "evidence_summary": {"osm_cache": true, "poi_available": true, "pilot_cross_ref": true, "pmtiles_available": true, "inspire_zips_available": false, "epc_voa_overture": false, "total_sources": 4}}}, {"type": "Feature", "id": "ENG_OSM_node_324661232", "geometry": {"type": "Point", "coordinates": [-2.2486502, 53.4795546]}, "properties": {"parcel_id": "ENG_OSM_node_324661232", "slot_id": "building_type_8", "region": "North West", "area": "Manchester", "building_type_primary": "commercial_retail", "building_type_code": "C_RETAIL", "building_category": "commercial", "evidence_level": "D", "confidence_score": 0.6, "confidence_level_1_to_4": 2, "source_count": 4, "match_method": "shop=bookmaker", "source": "OpenStreetMap via Overpass API", "source_url": "https://www.openstreetmap.org/node/324661232", "osm_tags_summary": {"addr:city": "Manchester", "addr:housename": "St Johns House", "addr:housenumber": "133", "addr:postcode": "M3 3WR", "addr:street": "Deansgate", "brand": "Betfred", "brand:wikidata": "Q4897425", "brand:wikipedia": "en:Betfred"}, "fake_data": false, "final_ready": false, "needs_manual_review": true, "updated_at": "2026-08-08T22:34:46Z", "sources": [{"source_name": "OSM Overpass API", "url": "https://overpass-api.de/api/interpreter", "local_cache": "osm_cache_england_884d5092.json", "cache_sha256": "36fa160894f2b7940be373783b59dacf324502d5a5bf829029f008109725d3a7", "accessed_at": "2026-08-08T00:52:00Z", "licence": "ODbL 1.0", "granularity": "building_point", "fields_used": ["building", "amenity", "shop", "office", "tourism", "landuse", "railway", "healthcare"], "supports_field": "building_type_primary", "match_method": "shop=bookmaker", "match_score": 0.6}, {"source_name": "POI regional data (north)", "url_or_local_path": "F:\\TerraYield_AAYS_Portable\\AAYS\\england_map_web\\data\\poi\\north-points.geojson", "accessed_at": "2026-08-08", "licence": "ODbL 1.0", "granularity": "regional_point_geojson", "fields_used": ["amenity", "shop", "name", "tourism"], "supports_field": "building_type_primary (enrichment available)", "match_method": "poi_file_available", "match_score": 0.0, "note": "File exists (21.5 MB). Spatial proximity match not yet run."}, {"source_name": "England pilot GeoJSON cross-reference", "url_or_local_path": "F:\\TerraYield_AAYS_Portable\\AAYS\\england_map_web\\data\\parcel_building_type_england_pilot.geojson", "accessed_at": "2026-08-08", "licence": "ODbL 1.0", "granularity": "pilot_feature_match", "fields_used": ["building_type_primary", "evidence_level"], "supports_field": "building_type_primary (corroborating)", "match_method": "pilot_id_match", "match_score": 0.7}, {"source_name": "HMLR INSPIRE PMTiles (north)", "url_or_local_path": "F:\\TerraYield_AAYS_Portable\\AAYS\\england_map_web\\data\\north.pmtiles", "accessed_at": "2026-08-08", "licence": "OGLv3", "granularity": "cadastral_parcel_polygon", "fields_used": ["parcel_boundary", "INSPIRE_ID"], "supports_field": "geometry_binding", "match_method": "pmtiles_available", "match_score": 0.0, "note": "File available (2.51 GB). Polygon binding not yet performed."}], "source_evidence_excerpt": {"addr:city": "Manchester", "addr:housename": "St Johns House", "addr:housenumber": "133", "addr:postcode": "M3 3WR", "addr:street": "Deansgate", "brand": "Betfred"}, "building_type_secondary": "", "geometry_match_method": "none", "address_match_method": "none", "limitations": "OSM-only classification. EPC/VOA needed for A-level evidence.", "evidence_summary": {"osm_cache": true, "poi_available": true, "pilot_cross_ref": true, "pmtiles_available": true, "inspire_zips_available": false, "epc_voa_overture": false, "total_sources": 4}}}, {"type": "Feature", "id": "ENG_OSM_node_324661252", "geometry": {"type": "Point", "coordinates": [-2.2485926, 53.4796409]}, "properties": {"parcel_id": "ENG_OSM_node_324661252", "slot_id": "building_type_8", "region": "North West", "area": "Manchester", "building_type_primary": "commercial_retail", "building_type_code": "C_RETAIL", "building_category": "commercial", "evidence_level": "D", "confidence_score": 0.6, "confidence_level_1_to_4": 2, "source_count": 4, "match_method": "shop=sports", "source": "OpenStreetMap via Overpass API", "source_url": "https://www.openstreetmap.org/node/324661252", "osm_tags_summary": {"addr:city": "Manchester", "addr:housename": "St Johns House", "addr:housenumber": "133", "addr:postcode": "M3 3WR", "addr:street": "Deansgate", "brand": "Up & Running", "brand:wikidata": "Q42847650", "brand:wikipedia": "en:Up & Running"}, "fake_data": false, "final_ready": false, "needs_manual_review": true, "updated_at": "2026-08-08T22:34:46Z", "sources": [{"source_name": "OSM Overpass API", "url": "https://overpass-api.de/api/interpreter", "local_cache": "osm_cache_england_884d5092.json", "cache_sha256": "36fa160894f2b7940be373783b59dacf324502d5a5bf829029f008109725d3a7", "accessed_at": "2026-08-08T00:52:00Z", "licence": "ODbL 1.0", "granularity": "building_point", "fields_used": ["building", "amenity", "shop", "office", "tourism", "landuse", "railway", "healthcare"], "supports_field": "building_type_primary", "match_method": "shop=sports", "match_score": 0.6}, {"source_name": "POI regional data (north)", "url_or_local_path": "F:\\TerraYield_AAYS_Portable\\AAYS\\england_map_web\\data\\poi\\north-points.geojson", "accessed_at": "2026-08-08", "licence": "ODbL 1.0", "granularity": "regional_point_geojson", "fields_used": ["amenity", "shop", "name", "tourism"], "supports_field": "building_type_primary (enrichment available)", "match_method": "poi_file_available", "match_score": 0.0, "note": "File exists (21.5 MB). Spatial proximity match not yet run."}, {"source_name": "England pilot GeoJSON cross-reference", "url_or_local_path": "F:\\TerraYield_AAYS_Portable\\AAYS\\england_map_web\\data\\parcel_building_type_england_pilot.geojson", "accessed_at": "2026-08-08", "licence": "ODbL 1.0", "granularity": "pilot_feature_match", "fields_used": ["building_type_primary", "evidence_level"], "supports_field": "building_type_primary (corroborating)", "match_method": "pilot_id_match", "match_score": 0.7}, {"source_name": "HMLR INSPIRE PMTiles (north)", "url_or_local_path": "F:\\TerraYield_AAYS_Portable\\AAYS\\england_map_web\\data\\north.pmtiles", "accessed_at": "2026-08-08", "licence": "OGLv3", "granularity": "cadastral_parcel_polygon", "fields_used": ["parcel_boundary", "INSPIRE_ID"], "supports_field": "geometry_binding", "match_method": "pmtiles_available", "match_score": 0.0, "note": "File available (2.51 GB). Polygon binding not yet performed."}], "source_evidence_excerpt": {"addr:city": "Manchester", "addr:housename": "St Johns House", "addr:housenumber": "133", "addr:postcode": "M3 3WR", "addr:street": "Deansgate", "brand": "Up & Running"}, "building_type_secondary": "", "geometry_match_method": "none", "address_match_method": "none", "limitations": "OSM-only classification. EPC/VOA needed for A-level evidence.", "evidence_summary": {"osm_cache": true, "poi_available": true, "pilot_cross_ref": true, "pmtiles_available": true, "inspire_zips_available": false, "epc_voa_overture": false, "total_sources": 4}}}, {"type": "Feature", "id": "ENG_OSM_node_324661296", "geometry": {"type": "Point", "coordinates": [-2.2481949, 53.479748]}, "properties": {"parcel_id": "ENG_OSM_node_324661296", "slot_id": "building_type_8", "region": "North West", "area": "Manchester", "building_type_primary": "commercial_retail", "building_type_code": "C_RETAIL", "building_category": "commercial", "evidence_level": "B", "confidence_score": 0.75, "confidence_level_1_to_4": 3, "source_count": 4, "match_method": "amenity=cafe", "source": "OpenStreetMap via Overpass API", "source_url": "https://www.openstreetmap.org/node/324661296", "osm_tags_summary": {"addr:city": "Manchester", "addr:housenumber": "129", "addr:postcode": "M3 3WR", "addr:street": "Deansgate", "amenity": "cafe", "brand": "Starbucks", "brand:wikidata": "Q37158", "brand:wikipedia": "en:Starbucks"}, "fake_data": false, "final_ready": false, "needs_manual_review": false, "updated_at": "2026-08-08T22:34:46Z", "sources": [{"source_name": "OSM Overpass API", "url": "https://overpass-api.de/api/interpreter", "local_cache": "osm_cache_england_884d5092.json", "cache_sha256": "36fa160894f2b7940be373783b59dacf324502d5a5bf829029f008109725d3a7", "accessed_at": "2026-08-08T00:52:00Z", "licence": "ODbL 1.0", "granularity": "building_point", "fields_used": ["building", "amenity", "shop", "office", "tourism", "landuse", "railway", "healthcare"], "supports_field": "building_type_primary", "match_method": "amenity=cafe", "match_score": 0.75}, {"source_name": "POI regional data (north)", "url_or_local_path": "F:\\TerraYield_AAYS_Portable\\AAYS\\england_map_web\\data\\poi\\north-points.geojson", "accessed_at": "2026-08-08", "licence": "ODbL 1.0", "granularity": "regional_point_geojson", "fields_used": ["amenity", "shop", "name", "tourism"], "supports_field": "building_type_primary (enrichment available)", "match_method": "poi_file_available", "match_score": 0.0, "note": "File exists (21.5 MB). Spatial proximity match not yet run."}, {"source_name": "England pilot GeoJSON cross-reference", "url_or_local_path": "F:\\TerraYield_AAYS_Portable\\AAYS\\england_map_web\\data\\parcel_building_type_england_pilot.geojson", "accessed_at": "2026-08-08", "licence": "ODbL 1.0", "granularity": "pilot_feature_match", "fields_used": ["building_type_primary", "evidence_level"], "supports_field": "building_type_primary (corroborating)", "match_method": "pilot_id_match", "match_score": 0.7}, {"source_name": "HMLR INSPIRE PMTiles (north)", "url_or_local_path": "F:\\TerraYield_AAYS_Portable\\AAYS\\england_map_web\\data\\north.pmtiles", "accessed_at": "2026-08-08", "licence": "OGLv3", "granularity": "cadastral_parcel_polygon", "fields_used": ["parcel_boundary", "INSPIRE_ID"], "supports_field": "geometry_binding", "match_method": "pmtiles_available", "match_score": 0.0, "note": "File available (2.51 GB). Polygon binding not yet performed."}], "source_evidence_excerpt": {"addr:city": "Manchester", "addr:housenumber": "129", "addr:postcode": "M3 3WR", "addr:street": "Deansgate", "amenity": "cafe", "brand": "Starbucks"}, "building_type_secondary": "", "geometry_match_method": "none", "address_match_method": "none", "limitations": "OSM-only classification. EPC/VOA needed for A-level evidence.", "evidence_summary": {"osm_cache": true, "poi_available": true, "pilot_cross_ref": true, "pmtiles_available": true, "inspire_zips_available": false, "epc_voa_overture": false, "total_sources": 4}}}, {"type": "Feature", "id": "ENG_OSM_node_324663550", "geometry": {"type": "Point", "coordinates": [-2.2476813, 53.4810356]}, "properties": {"parcel_id": "ENG_OSM_node_324663550", "slot_id": "building_type_8", "region": "North West", "area": "Manchester", "building_type_primary": "commercial_retail", "building_type_code": "C_RETAIL", "building_category": "commercial", "evidence_level": "B", "confidence_score": 0.75, "confidence_level_1_to_4": 3, "source_count": 4, "match_method": "amenity=restaurant", "source": "OpenStreetMap via Overpass API", "source_url": "https://www.openstreetmap.org/node/324663550", "osm_tags_summary": {"addr:city": "Manchester", "addr:housenumber": "105-107", "addr:postcode": "M3 2BQ", "addr:street": "Deansgate", "amenity": "restaurant", "cuisine": "pizza", "name": "Pizza Pilgrims", "wheelchair": "no"}, "fake_data": false, "final_ready": false, "needs_manual_review": false, "updated_at": "2026-08-08T22:34:46Z", "sources": [{"source_name": "OSM Overpass API", "url": "https://overpass-api.de/api/interpreter", "local_cache": "osm_cache_england_884d5092.json", "cache_sha256": "36fa160894f2b7940be373783b59dacf324502d5a5bf829029f008109725d3a7", "accessed_at": "2026-08-08T00:52:00Z", "licence": "ODbL 1.0", "granularity": "building_point", "fields_used": ["building", "amenity", "shop", "office", "tourism", "landuse", "railway", "healthcare"], "supports_field": "building_type_primary", "match_method": "amenity=restaurant", "match_score": 0.75}, {"source_name": "POI regional data (north)", "url_or_local_path": "F:\\TerraYield_AAYS_Portable\\AAYS\\england_map_web\\data\\poi\\north-points.geojson", "accessed_at": "2026-08-08", "licence": "ODbL 1.0", "granularity": "regional_point_geojson", "fields_used": ["amenity", "shop", "name", "tourism"], "supports_field": "building_type_primary (enrichment available)", "match_method": "poi_file_available", "match_score": 0.0, "note": "File exists (21.5 MB). Spatial proximity match not yet run."}, {"source_name": "England pilot GeoJSON cross-reference", "url_or_local_path": "F:\\TerraYield_AAYS_Portable\\AAYS\\england_map_web\\data\\parcel_building_type_england_pilot.geojson", "accessed_at": "2026-08-08", "licence": "ODbL 1.0", "granularity": "pilot_feature_match", "fields_used": ["building_type_primary", "evidence_level"], "supports_field": "building_type_primary (corroborating)", "match_method": "pilot_id_match", "match_score": 0.7}, {"source_name": "HMLR INSPIRE PMTiles (north)", "url_or_local_path": "F:\\TerraYield_AAYS_Portable\\AAYS\\england_map_web\\data\\north.pmtiles", "accessed_at": "2026-08-08", "licence": "OGLv3", "granularity": "cadastral_parcel_polygon", "fields_used": ["parcel_boundary", "INSPIRE_ID"], "supports_field": "geometry_binding", "match_method": "pmtiles_available", "match_score": 0.0, "note": "File available (2.51 GB). Polygon binding not yet performed."}], "source_evidence_excerpt": {"addr:city": "Manchester", "addr:housenumber": "105-107", "addr:postcode": "M3 2BQ", "addr:street": "Deansgate", "amenity": "restaurant", "cuisine": "pizza"}, "building_type_secondary": "", "geometry_match_method": "none", "address_match_method": "none", "limitations": "OSM-only classification. EPC/VOA needed for A-level evidence.", "evidence_summary": {"osm_cache": true, "poi_available": true, "pilot_cross_ref": true, "pmtiles_available": true, "inspire_zips_available": false, "epc_voa_overture": false, "total_sources": 4}}}, {"type": "Feature", "id": "ENG_OSM_node_324664468", "geometry": {"type": "Point", "coordinates": [-2.2469459, 53.482087]}, "properties": {"parcel_id": "ENG_OSM_node_324664468", "slot_id": "building_type_8", "region": "North West", "area": "Manchester", "building_type_primary": "commercial_retail", "building_type_code": "C_RETAIL", "building_category": "commercial", "evidence_level": "B", "confidence_score": 0.75, "confidence_level_1_to_4": 3, "source_count": 4, "match_method": "amenity=fast_food", "source": "OpenStreetMap via Overpass API", "source_url": "https://www.openstreetmap.org/node/324664468", "osm_tags_summary": {"addr:city": "Manchester", "addr:country": "GB", "addr:housenumber": "79-81", "addr:postcode": "M3 2BW", "addr:street": "Deansgate", "air_conditioning": "yes", "amenity": "fast_food", "brand": "Pret A Manger"}, "fake_data": false, "final_ready": false, "needs_manual_review": false, "updated_at": "2026-08-08T22:34:46Z", "sources": [{"source_name": "OSM Overpass API", "url": "https://overpass-api.de/api/interpreter", "local_cache": "osm_cache_england_884d5092.json", "cache_sha256": "36fa160894f2b7940be373783b59dacf324502d5a5bf829029f008109725d3a7", "accessed_at": "2026-08-08T00:52:00Z", "licence": "ODbL 1.0", "granularity": "building_point", "fields_used": ["building", "amenity", "shop", "office", "tourism", "landuse", "railway", "healthcare"], "supports_field": "building_type_primary", "match_method": "amenity=fast_food", "match_score": 0.75}, {"source_name": "POI regional data (north)", "url_or_local_path": "F:\\TerraYield_AAYS_Portable\\AAYS\\england_map_web\\data\\poi\\north-points.geojson", "accessed_at": "2026-08-08", "licence": "ODbL 1.0", "granularity": "regional_point_geojson", "fields_used": ["amenity", "shop", "name", "tourism"], "supports_field": "building_type_primary (enrichment available)", "match_method": "poi_file_available", "match_score": 0.0, "note": "File exists (21.5 MB). Spatial proximity match not yet run."}, {"source_name": "England pilot GeoJSON cross-reference", "url_or_local_path": "F:\\TerraYield_AAYS_Portable\\AAYS\\england_map_web\\data\\parcel_building_type_england_pilot.geojson", "accessed_at": "2026-08-08", "licence": "ODbL 1.0", "granularity": "pilot_feature_match", "fields_used": ["building_type_primary", "evidence_level"], "supports_field": "building_type_primary (corroborating)", "match_method": "pilot_id_match", "match_score": 0.7}, {"source_name": "HMLR INSPIRE PMTiles (north)", "url_or_local_path": "F:\\TerraYield_AAYS_Portable\\AAYS\\england_map_web\\data\\north.pmtiles", "accessed_at": "2026-08-08", "licence": "OGLv3", "granularity": "cadastral_parcel_polygon", "fields_used": ["parcel_boundary", "INSPIRE_ID"], "supports_field": "geometry_binding", "match_method": "pmtiles_available", "match_score": 0.0, "note": "File available (2.51 GB). Polygon binding not yet performed."}], "source_evidence_excerpt": {"addr:city": "Manchester", "addr:country": "GB", "addr:housenumber": "79-81", "addr:postcode": "M3 2BW", "addr:street": "Deansgate", "air_conditioning": "yes"}, "building_type_secondary": "", "geometry_match_method": "none", "address_match_method": "none", "limitations": "OSM-only classification. EPC/VOA needed for A-level evidence.", "evidence_summary": {"osm_cache": true, "poi_available": true, "pilot_cross_ref": true, "pmtiles_available": true, "inspire_zips_available": false, "epc_voa_overture": false, "total_sources": 4}}}, {"type": "Feature", "id": "ENG_OSM_node_324664772", "geometry": {"type": "Point", "coordinates": [-2.2467799, 53.4823445]}, "properties": {"parcel_id": "ENG_OSM_node_324664772", "slot_id": "building_type_8", "region": "North West", "area": "Manchester", "building_type_primary": "commercial_retail", "building_type_code": "C_RETAIL", "building_category": "commercial", "evidence_level": "B", "confidence_score": 0.75, "confidence_level_1_to_4": 3, "source_count": 4, "match_method": "amenity=fast_food", "source": "OpenStreetMap via Overpass API", "source_url": "https://www.openstreetmap.org/node/324664772", "osm_tags_summary": {"addr:city": "Manchester", "addr:housenumber": "71", "addr:postcode": "M3 2BW", "addr:street": "Deansgate", "amenity": "fast_food", "brand": "Subway", "brand:wikidata": "Q244457", "brand:wikipedia": "en:Subway (restaurant)"}, "fake_data": false, "final_ready": false, "needs_manual_review": false, "updated_at": "2026-08-08T22:34:46Z", "sources": [{"source_name": "OSM Overpass API", "url": "https://overpass-api.de/api/interpreter", "local_cache": "osm_cache_england_884d5092.json", "cache_sha256": "36fa160894f2b7940be373783b59dacf324502d5a5bf829029f008109725d3a7", "accessed_at": "2026-08-08T00:52:00Z", "licence": "ODbL 1.0", "granularity": "building_point", "fields_used": ["building", "amenity", "shop", "office", "tourism", "landuse", "railway", "healthcare"], "supports_field": "building_type_primary", "match_method": "amenity=fast_food", "match_score": 0.75}, {"source_name": "POI regional data (north)", "url_or_local_path": "F:\\TerraYield_AAYS_Portable\\AAYS\\england_map_web\\data\\poi\\north-points.geojson", "accessed_at": "2026-08-08", "licence": "ODbL 1.0", "granularity": "regional_point_geojson", "fields_used": ["amenity", "shop", "name", "tourism"], "supports_field": "building_type_primary (enrichment available)", "match_method": "poi_file_available", "match_score": 0.0, "note": "File exists (21.5 MB). Spatial proximity match not yet run."}, {"source_name": "England pilot GeoJSON cross-reference", "url_or_local_path": "F:\\TerraYield_AAYS_Portable\\AAYS\\england_map_web\\data\\parcel_building_type_england_pilot.geojson", "accessed_at": "2026-08-08", "licence": "ODbL 1.0", "granularity": "pilot_feature_match", "fields_used": ["building_type_primary", "evidence_level"], "supports_field": "building_type_primary (corroborating)", "match_method": "pilot_id_match", "match_score": 0.7}, {"source_name": "HMLR INSPIRE PMTiles (north)", "url_or_local_path": "F:\\TerraYield_AAYS_Portable\\AAYS\\england_map_web\\data\\north.pmtiles", "accessed_at": "2026-08-08", "licence": "OGLv3", "granularity": "cadastral_parcel_polygon", "fields_used": ["parcel_boundary", "INSPIRE_ID"], "supports_field": "geometry_binding", "match_method": "pmtiles_available", "match_score": 0.0, "note": "File available (2.51 GB). Polygon binding not yet performed."}], "source_evidence_excerpt": {"addr:city": "Manchester", "addr:housenumber": "71", "addr:postcode": "M3 2BW", "addr:street": "Deansgate", "amenity": "fast_food", "brand": "Subway"}, "building_type_secondary": "", "geometry_match_method": "none", "address_match_method": "none", "limitations": "OSM-only classification. EPC/VOA needed for A-level evidence.", "evidence_summary": {"osm_cache": true, "poi_available": true, "pilot_cross_ref": true, "pmtiles_available": true, "inspire_zips_available": false, "epc_voa_overture": false, "total_sources": 4}}}, {"type": "Feature", "id": "ENG_OSM_node_324665112", "geometry": {"type": "Point", "coordinates": [-2.2467529, 53.4823983]}, "properties": {"parcel_id": "ENG_OSM_node_324665112", "slot_id": "building_type_8", "region": "North West", "area": "Manchester", "building_type_primary": "commercial_retail", "building_type_code": "C_RETAIL", "building_category": "commercial", "evidence_level": "C", "confidence_score": 0.6, "confidence_level_1_to_4": 2, "source_count": 4, "match_method": "shop=hairdresser", "source": "OpenStreetMap via Overpass API", "source_url": "https://www.openstreetmap.org/node/324665112", "osm_tags_summary": {"addr:city": "Manchester", "addr:housenumber": "69", "addr:postcode": "M3 2BW", "addr:street": "Deansgate", "brand": "Rush Hair", "brand:wikidata": "Q132737191", "name": "Rush Hair", "shop": "hairdresser"}, "fake_data": false, "final_ready": false, "needs_manual_review": true, "updated_at": "2026-08-08T22:34:46Z", "sources": [{"source_name": "OSM Overpass API", "url": "https://overpass-api.de/api/interpreter", "local_cache": "osm_cache_england_884d5092.json", "cache_sha256": "36fa160894f2b7940be373783b59dacf324502d5a5bf829029f008109725d3a7", "accessed_at": "2026-08-08T00:52:00Z", "licence": "ODbL 1.0", "granularity": "building_point", "fields_used": ["building", "amenity", "shop", "office", "tourism", "landuse", "railway", "healthcare"], "supports_field": "building_type_primary", "match_method": "shop=hairdresser", "match_score": 0.6}, {"source_name": "POI regional data (north)", "url_or_local_path": "F:\\TerraYield_AAYS_Portable\\AAYS\\england_map_web\\data\\poi\\north-points.geojson", "accessed_at": "2026-08-08", "licence": "ODbL 1.0", "granularity": "regional_point_geojson", "fields_used": ["amenity", "shop", "name", "tourism"], "supports_field": "building_type_primary (enrichment available)", "match_method": "poi_file_available", "match_score": 0.0, "note": "File exists (21.5 MB). Spatial proximity match not yet run."}, {"source_name": "England pilot GeoJSON cross-reference", "url_or_local_path": "F:\\TerraYield_AAYS_Portable\\AAYS\\england_map_web\\data\\parcel_building_type_england_pilot.geojson", "accessed_at": "2026-08-08", "licence": "ODbL 1.0", "granularity": "pilot_feature_match", "fields_used": ["building_type_primary", "evidence_level"], "supports_field": "building_type_primary (corroborating)", "match_method": "pilot_id_match", "match_score": 0.7}, {"source_name": "HMLR INSPIRE PMTiles (north)", "url_or_local_path": "F:\\TerraYield_AAYS_Portable\\AAYS\\england_map_web\\data\\north.pmtiles", "accessed_at": "2026-08-08", "licence": "OGLv3", "granularity": "cadastral_parcel_polygon", "fields_used": ["parcel_boundary", "INSPIRE_ID"], "supports_field": "geometry_binding", "match_method": "pmtiles_available", "match_score": 0.0, "note": "File available (2.51 GB). Polygon binding not yet performed."}], "source_evidence_excerpt": {"addr:city": "Manchester", "addr:housenumber": "69", "addr:postcode": "M3 2BW", "addr:street": "Deansgate", "brand": "Rush Hair", "brand:wikidata": "Q132737191"}, "building_type_secondary": "", "geometry_match_method": "none", "address_match_method": "none", "limitations": "OSM-only classification. EPC/VOA needed for A-level evidence.", "evidence_summary": {"osm_cache": true, "poi_available": true, "pilot_cross_ref": true, "pmtiles_available": true, "inspire_zips_available": false, "epc_voa_overture": false, "total_sources": 4}}}, {"type": "Feature", "id": "ENG_OSM_node_324665188", "geometry": {"type": "Point", "coordinates": [-2.2467245, 53.4824448]}, "properties": {"parcel_id": "ENG_OSM_node_324665188", "slot_id": "building_type_8", "region": "North West", "area": "Manchester", "building_type_primary": "commercial_retail", "building_type_code": "C_RETAIL", "building_category": "commercial", "evidence_level": "B", "confidence_score": 0.75, "confidence_level_1_to_4": 3, "source_count": 4, "match_method": "amenity=cafe", "source": "OpenStreetMap via Overpass API", "source_url": "https://www.openstreetmap.org/node/324665188", "osm_tags_summary": {"addr:city": "Manchester", "addr:housenumber": "67", "addr:postcode": "M3 2BW", "addr:street": "Deansgate", "amenity": "cafe", "brand": "Caffè Nero", "brand:wikidata": "Q675808", "brand:wikipedia": "en:Caffè Nero"}, "fake_data": false, "final_ready": false, "needs_manual_review": false, "updated_at": "2026-08-08T22:34:46Z", "sources": [{"source_name": "OSM Overpass API", "url": "https://overpass-api.de/api/interpreter", "local_cache": "osm_cache_england_884d5092.json", "cache_sha256": "36fa160894f2b7940be373783b59dacf324502d5a5bf829029f008109725d3a7", "accessed_at": "2026-08-08T00:52:00Z", "licence": "ODbL 1.0", "granularity": "building_point", "fields_used": ["building", "amenity", "shop", "office", "tourism", "landuse", "railway", "healthcare"], "supports_field": "building_type_primary", "match_method": "amenity=cafe", "match_score": 0.75}, {"source_name": "POI regional data (north)", "url_or_local_path": "F:\\TerraYield_AAYS_Portable\\AAYS\\england_map_web\\data\\poi\\north-points.geojson", "accessed_at": "2026-08-08", "licence": "ODbL 1.0", "granularity": "regional_point_geojson", "fields_used": ["amenity", "shop", "name", "tourism"], "supports_field": "building_type_primary (enrichment available)", "match_method": "poi_file_available", "match_score": 0.0, "note": "File exists (21.5 MB). Spatial proximity match not yet run."}, {"source_name": "England pilot GeoJSON cross-reference", "url_or_local_path": "F:\\TerraYield_AAYS_Portable\\AAYS\\england_map_web\\data\\parcel_building_type_england_pilot.geojson", "accessed_at": "2026-08-08", "licence": "ODbL 1.0", "granularity": "pilot_feature_match", "fields_used": ["building_type_primary", "evidence_level"], "supports_field": "building_type_primary (corroborating)", "match_method": "pilot_id_match", "match_score": 0.7}, {"source_name": "HMLR INSPIRE PMTiles (north)", "url_or_local_path": "F:\\TerraYield_AAYS_Portable\\AAYS\\england_map_web\\data\\north.pmtiles", "accessed_at": "2026-08-08", "licence": "OGLv3", "granularity": "cadastral_parcel_polygon", "fields_used": ["parcel_boundary", "INSPIRE_ID"], "supports_field": "geometry_binding", "match_method": "pmtiles_available", "match_score": 0.0, "note": "File available (2.51 GB). Polygon binding not yet performed."}], "source_evidence_excerpt": {"addr:city": "Manchester", "addr:housenumber": "67", "addr:postcode": "M3 2BW", "addr:street": "Deansgate", "amenity": "cafe", "brand": "Caffè Nero"}, "building_type_secondary": "", "geometry_match_method": "none", "address_match_method": "none", "limitations": "OSM-only classification. EPC/VOA needed for A-level evidence.", "evidence_summary": {"osm_cache": true, "poi_available": true, "pilot_cross_ref": true, "pmtiles_available": true, "inspire_zips_available": false, "epc_voa_overture": false, "total_sources": 4}}}, {"type": "Feature", "id": "ENG_OSM_node_324665241", "geometry": {"type": "Point", "coordinates": [-2.2464687, 53.4826374]}, "properties": {"parcel_id": "ENG_OSM_node_324665241", "slot_id": "building_type_8", "region": "North West", "area": "Manchester", "building_type_primary": "commercial_retail", "building_type_code": "C_RETAIL", "building_category": "commercial", "evidence_level": "D", "confidence_score": 0.6, "confidence_level_1_to_4": 2, "source_count": 4, "match_method": "shop=kitchenware", "source": "OpenStreetMap via Overpass API", "source_url": "https://www.openstreetmap.org/node/324665241", "osm_tags_summary": {"name": "Thomas William", "shop": "kitchenware"}, "fake_data": false, "final_ready": false, "needs_manual_review": true, "updated_at": "2026-08-08T22:34:46Z", "sources": [{"source_name": "OSM Overpass API", "url": "https://overpass-api.de/api/interpreter", "local_cache": "osm_cache_england_884d5092.json", "cache_sha256": "36fa160894f2b7940be373783b59dacf324502d5a5bf829029f008109725d3a7", "accessed_at": "2026-08-08T00:52:00Z", "licence": "ODbL 1.0", "granularity": "building_point", "fields_used": ["building", "amenity", "shop", "office", "tourism", "landuse", "railway", "healthcare"], "supports_field": "building_type_primary", "match_method": "shop=kitchenware", "match_score": 0.6}, {"source_name": "POI regional data (north)", "url_or_local_path": "F:\\TerraYield_AAYS_Portable\\AAYS\\england_map_web\\data\\poi\\north-points.geojson", "accessed_at": "2026-08-08", "licence": "ODbL 1.0", "granularity": "regional_point_geojson", "fields_used": ["amenity", "shop", "name", "tourism"], "supports_field": "building_type_primary (enrichment available)", "match_method": "poi_file_available", "match_score": 0.0, "note": "File exists (21.5 MB). Spatial proximity match not yet run."}, {"source_name": "England pilot GeoJSON cross-reference", "url_or_local_path": "F:\\TerraYield_AAYS_Portable\\AAYS\\england_map_web\\data\\parcel_building_type_england_pilot.geojson", "accessed_at": "2026-08-08", "licence": "ODbL 1.0", "granularity": "pilot_feature_match", "fields_used": ["building_type_primary", "evidence_level"], "supports_field": "building_type_primary (corroborating)", "match_method": "pilot_id_match", "match_score": 0.7}, {"source_name": "HMLR INSPIRE PMTiles (north)", "url_or_local_path": "F:\\TerraYield_AAYS_Portable\\AAYS\\england_map_web\\data\\north.pmtiles", "accessed_at": "2026-08-08", "licence": "OGLv3", "granularity": "cadastral_parcel_polygon", "fields_used": ["parcel_boundary", "INSPIRE_ID"], "supports_field": "geometry_binding", "match_method": "pmtiles_available", "match_score": 0.0, "note": "File available (2.51 GB). Polygon binding not yet performed."}], "source_evidence_excerpt": {"name": "Thomas William", "shop": "kitchenware"}, "building_type_secondary": "", "geometry_match_method": "none", "address_match_method": "none", "limitations": "OSM-only classification. EPC/VOA needed for A-level evidence.", "evidence_summary": {"osm_cache": true, "poi_available": true, "pilot_cross_ref": true, "pmtiles_available": true, "inspire_zips_available": false, "epc_voa_overture": false, "total_sources": 4}}}, {"type": "Feature", "id": "ENG_OSM_node_324665358", "geometry": {"type": "Point", "coordinates": [-2.2464027, 53.4827568]}, "properties": {"parcel_id": "ENG_OSM_node_324665358", "slot_id": "building_type_8", "region": "North West", "area": "Manchester", "building_type_primary": "commercial_retail", "building_type_code": "C_RETAIL", "building_category": "commercial", "evidence_level": "D", "confidence_score": 0.6, "confidence_level_1_to_4": 2, "source_count": 4, "match_method": "shop=yes", "source": "OpenStreetMap via Overpass API", "source_url": "https://www.openstreetmap.org/node/324665358", "osm_tags_summary": {"name": "Edwards of Manchester", "shop": "yes"}, "fake_data": false, "final_ready": false, "needs_manual_review": true, "updated_at": "2026-08-08T22:34:46Z", "sources": [{"source_name": "OSM Overpass API", "url": "https://overpass-api.de/api/interpreter", "local_cache": "osm_cache_england_884d5092.json", "cache_sha256": "36fa160894f2b7940be373783b59dacf324502d5a5bf829029f008109725d3a7", "accessed_at": "2026-08-08T00:52:00Z", "licence": "ODbL 1.0", "granularity": "building_point", "fields_used": ["building", "amenity", "shop", "office", "tourism", "landuse", "railway", "healthcare"], "supports_field": "building_type_primary", "match_method": "shop=yes", "match_score": 0.6}, {"source_name": "POI regional data (north)", "url_or_local_path": "F:\\TerraYield_AAYS_Portable\\AAYS\\england_map_web\\data\\poi\\north-points.geojson", "accessed_at": "2026-08-08", "licence": "ODbL 1.0", "granularity": "regional_point_geojson", "fields_used": ["amenity", "shop", "name", "tourism"], "supports_field": "building_type_primary (enrichment available)", "match_method": "poi_file_available", "match_score": 0.0, "note": "File exists (21.5 MB). Spatial proximity match not yet run."}, {"source_name": "England pilot GeoJSON cross-reference", "url_or_local_path": "F:\\TerraYield_AAYS_Portable\\AAYS\\england_map_web\\data\\parcel_building_type_england_pilot.geojson", "accessed_at": "2026-08-08", "licence": "ODbL 1.0", "granularity": "pilot_feature_match", "fields_used": ["building_type_primary", "evidence_level"], "supports_field": "building_type_primary (corroborating)", "match_method": "pilot_id_match", "match_score": 0.7}, {"source_name": "HMLR INSPIRE PMTiles (north)", "url_or_local_path": "F:\\TerraYield_AAYS_Portable\\AAYS\\england_map_web\\data\\north.pmtiles", "accessed_at": "2026-08-08", "licence": "OGLv3", "granularity": "cadastral_parcel_polygon", "fields_used": ["parcel_boundary", "INSPIRE_ID"], "supports_field": "geometry_binding", "match_method": "pmtiles_available", "match_score": 0.0, "note": "File available (2.51 GB). Polygon binding not yet performed."}], "source_evidence_excerpt": {"name": "Edwards of Manchester", "shop": "yes"}, "building_type_secondary": "", "geometry_match_method": "none", "address_match_method": "none", "limitations": "OSM-only classification. EPC/VOA needed for A-level evidence.", "evidence_summary": {"osm_cache": true, "poi_available": true, "pilot_cross_ref": true, "pmtiles_available": true, "inspire_zips_available": false, "epc_voa_overture": false, "total_sources": 4}}}, {"type": "Feature", "id": "ENG_OSM_node_324665947", "geometry": {"type": "Point", "coordinates": [-2.2464186, 53.4829174]}, "properties": {"parcel_id": "ENG_OSM_node_324665947", "slot_id": "building_type_8", "region": "North West", "area": "Manchester", "building_type_primary": "commercial_retail", "building_type_code": "C_RETAIL", "building_category": "commercial", "evidence_level": "C", "confidence_score": 0.6, "confidence_level_1_to_4": 2, "source_count": 4, "match_method": "shop=clothes", "source": "OpenStreetMap via Overpass API", "source_url": "https://www.openstreetmap.org/node/324665947", "osm_tags_summary": {"addr:city": "Manchester", "addr:housenumber": "51", "addr:postcode": "M3 2AY", "addr:street": "Deansgate", "name": "Intro", "shop": "clothes"}, "fake_data": false, "final_ready": false, "needs_manual_review": true, "updated_at": "2026-08-08T22:34:46Z", "sources": [{"source_name": "OSM Overpass API", "url": "https://overpass-api.de/api/interpreter", "local_cache": "osm_cache_england_884d5092.json", "cache_sha256": "36fa160894f2b7940be373783b59dacf324502d5a5bf829029f008109725d3a7", "accessed_at": "2026-08-08T00:52:00Z", "licence": "ODbL 1.0", "granularity": "building_point", "fields_used": ["building", "amenity", "shop", "office", "tourism", "landuse", "railway", "healthcare"], "supports_field": "building_type_primary", "match_method": "shop=clothes", "match_score": 0.6}, {"source_name": "POI regional data (north)", "url_or_local_path": "F:\\TerraYield_AAYS_Portable\\AAYS\\england_map_web\\data\\poi\\north-points.geojson", "accessed_at": "2026-08-08", "licence": "ODbL 1.0", "granularity": "regional_point_geojson", "fields_used": ["amenity", "shop", "name", "tourism"], "supports_field": "building_type_primary (enrichment available)", "match_method": "poi_file_available", "match_score": 0.0, "note": "File exists (21.5 MB). Spatial proximity match not yet run."}, {"source_name": "England pilot GeoJSON cross-reference", "url_or_local_path": "F:\\TerraYield_AAYS_Portable\\AAYS\\england_map_web\\data\\parcel_building_type_england_pilot.geojson", "accessed_at": "2026-08-08", "licence": "ODbL 1.0", "granularity": "pilot_feature_match", "fields_used": ["building_type_primary", "evidence_level"], "supports_field": "building_type_primary (corroborating)", "match_method": "pilot_id_match", "match_score": 0.7}, {"source_name": "HMLR INSPIRE PMTiles (north)", "url_or_local_path": "F:\\TerraYield_AAYS_Portable\\AAYS\\england_map_web\\data\\north.pmtiles", "accessed_at": "2026-08-08", "licence": "OGLv3", "granularity": "cadastral_parcel_polygon", "fields_used": ["parcel_boundary", "INSPIRE_ID"], "supports_field": "geometry_binding", "match_method": "pmtiles_available", "match_score": 0.0, "note": "File available (2.51 GB). Polygon binding not yet performed."}], "source_evidence_excerpt": {"addr:city": "Manchester", "addr:housenumber": "51", "addr:postcode": "M3 2AY", "addr:street": "Deansgate", "name": "Intro", "shop": "clothes"}, "building_type_secondary": "", "geometry_match_method": "none", "address_match_method": "none", "limitations": "OSM-only classification. EPC/VOA needed for A-level evidence.", "evidence_summary": {"osm_cache": true, "poi_available": true, "pilot_cross_ref": true, "pmtiles_available": true, "inspire_zips_available": false, "epc_voa_overture": false, "total_sources": 4}}}, {"type": "Feature", "id": "ENG_OSM_node_324666579", "geometry": {"type": "Point", "coordinates": [-2.2463229, 53.4830174]}, "properties": {"parcel_id": "ENG_OSM_node_324666579", "slot_id": "building_type_8", "region": "North West", "area": "Manchester", "building_type_primary": "commercial_retail", "building_type_code": "C_RETAIL", "building_category": "commercial", "evidence_level": "D", "confidence_score": 0.6, "confidence_level_1_to_4": 2, "source_count": 4, "match_method": "shop=chiropodist", "source": "OpenStreetMap via Overpass API", "source_url": "https://www.openstreetmap.org/node/324666579", "osm_tags_summary": {"addr:city": "Manchester", "addr:street": "Deansgate", "name": "Shuropody", "shop": "chiropodist"}, "fake_data": false, "final_ready": false, "needs_manual_review": true, "updated_at": "2026-08-08T22:34:46Z", "sources": [{"source_name": "OSM Overpass API", "url": "https://overpass-api.de/api/interpreter", "local_cache": "osm_cache_england_884d5092.json", "cache_sha256": "36fa160894f2b7940be373783b59dacf324502d5a5bf829029f008109725d3a7", "accessed_at": "2026-08-08T00:52:00Z", "licence": "ODbL 1.0", "granularity": "building_point", "fields_used": ["building", "amenity", "shop", "office", "tourism", "landuse", "railway", "healthcare"], "supports_field": "building_type_primary", "match_method": "shop=chiropodist", "match_score": 0.6}, {"source_name": "POI regional data (north)", "url_or_local_path": "F:\\TerraYield_AAYS_Portable\\AAYS\\england_map_web\\data\\poi\\north-points.geojson", "accessed_at": "2026-08-08", "licence": "ODbL 1.0", "granularity": "regional_point_geojson", "fields_used": ["amenity", "shop", "name", "tourism"], "supports_field": "building_type_primary (enrichment available)", "match_method": "poi_file_available", "match_score": 0.0, "note": "File exists (21.5 MB). Spatial proximity match not yet run."}, {"source_name": "England pilot GeoJSON cross-reference", "url_or_local_path": "F:\\TerraYield_AAYS_Portable\\AAYS\\england_map_web\\data\\parcel_building_type_england_pilot.geojson", "accessed_at": "2026-08-08", "licence": "ODbL 1.0", "granularity": "pilot_feature_match", "fields_used": ["building_type_primary", "evidence_level"], "supports_field": "building_type_primary (corroborating)", "match_method": "pilot_id_match", "match_score": 0.7}, {"source_name": "HMLR INSPIRE PMTiles (north)", "url_or_local_path": "F:\\TerraYield_AAYS_Portable\\AAYS\\england_map_web\\data\\north.pmtiles", "accessed_at": "2026-08-08", "licence": "OGLv3", "granularity": "cadastral_parcel_polygon", "fields_used": ["parcel_boundary", "INSPIRE_ID"], "supports_field": "geometry_binding", "match_method": "pmtiles_available", "match_score": 0.0, "note": "File available (2.51 GB). Polygon binding not yet performed."}], "source_evidence_excerpt": {"addr:city": "Manchester", "addr:street": "Deansgate", "name": "Shuropody", "shop": "chiropodist"}, "building_type_secondary": "", "geometry_match_method": "none", "address_match_method": "none", "limitations": "OSM-only classification. EPC/VOA needed for A-level evidence.", "evidence_summary": {"osm_cache": true, "poi_available": true, "pilot_cross_ref": true, "pmtiles_available": true, "inspire_zips_available": false, "epc_voa_overture": false, "total_sources": 4}}}, {"type": "Feature", "id": "ENG_OSM_node_324670166", "geometry": {"type": "Point", "coordinates": [-2.2465922, 53.4833586]}, "properties": {"parcel_id": "ENG_OSM_node_324670166", "slot_id": "building_type_8", "region": "North West", "area": "Manchester", "building_type_primary": "commercial_retail", "building_type_code": "C_RETAIL", "building_category": "commercial", "evidence_level": "B", "confidence_score": 0.75, "confidence_level_1_to_4": 3, "source_count": 4, "match_method": "amenity=restaurant", "source": "OpenStreetMap via Overpass API", "source_url": "https://www.openstreetmap.org/node/324670166", "osm_tags_summary": {"addr:city": "Manchester", "addr:housenumber": "48", "addr:postcode": "M3 2FE", "addr:street": "Deansgate", "amenity": "restaurant", "branch": "World Buffet", "brand": "Cosmo", "brand:wikidata": "Q5174239"}, "fake_data": false, "final_ready": false, "needs_manual_review": false, "updated_at": "2026-08-08T22:34:46Z", "sources": [{"source_name": "OSM Overpass API", "url": "https://overpass-api.de/api/interpreter", "local_cache": "osm_cache_england_884d5092.json", "cache_sha256": "36fa160894f2b7940be373783b59dacf324502d5a5bf829029f008109725d3a7", "accessed_at": "2026-08-08T00:52:00Z", "licence": "ODbL 1.0", "granularity": "building_point", "fields_used": ["building", "amenity", "shop", "office", "tourism", "landuse", "railway", "healthcare"], "supports_field": "building_type_primary", "match_method": "amenity=restaurant", "match_score": 0.75}, {"source_name": "POI regional data (north)", "url_or_local_path": "F:\\TerraYield_AAYS_Portable\\AAYS\\england_map_web\\data\\poi\\north-points.geojson", "accessed_at": "2026-08-08", "licence": "ODbL 1.0", "granularity": "regional_point_geojson", "fields_used": ["amenity", "shop", "name", "tourism"], "supports_field": "building_type_primary (enrichment available)", "match_method": "poi_file_available", "match_score": 0.0, "note": "File exists (21.5 MB). Spatial proximity match not yet run."}, {"source_name": "England pilot GeoJSON cross-reference", "url_or_local_path": "F:\\TerraYield_AAYS_Portable\\AAYS\\england_map_web\\data\\parcel_building_type_england_pilot.geojson", "accessed_at": "2026-08-08", "licence": "ODbL 1.0", "granularity": "pilot_feature_match", "fields_used": ["building_type_primary", "evidence_level"], "supports_field": "building_type_primary (corroborating)", "match_method": "pilot_id_match", "match_score": 0.7}, {"source_name": "HMLR INSPIRE PMTiles (north)", "url_or_local_path": "F:\\TerraYield_AAYS_Portable\\AAYS\\england_map_web\\data\\north.pmtiles", "accessed_at": "2026-08-08", "licence": "OGLv3", "granularity": "cadastral_parcel_polygon", "fields_used": ["parcel_boundary", "INSPIRE_ID"], "supports_field": "geometry_binding", "match_method": "pmtiles_available", "match_score": 0.0, "note": "File available (2.51 GB). Polygon binding not yet performed."}], "source_evidence_excerpt": {"addr:city": "Manchester", "addr:housenumber": "48", "addr:postcode": "M3 2FE", "addr:street": "Deansgate", "amenity": "restaurant", "branch": "World Buffet"}, "building_type_secondary": "", "geometry_match_method": "none", "address_match_method": "none", "limitations": "OSM-only classification. EPC/VOA needed for A-level evidence.", "evidence_summary": {"osm_cache": true, "poi_available": true, "pilot_cross_ref": true, "pmtiles_available": true, "inspire_zips_available": false, "epc_voa_overture": false, "total_sources": 4}}}, {"type": "Feature", "id": "ENG_OSM_node_324670668", "geometry": {"type": "Point", "coordinates": [-2.2466615, 53.4831494]}, "properties": {"parcel_id": "ENG_OSM_node_324670668", "slot_id": "building_type_8", "region": "North West", "area": "Manchester", "building_type_primary": "commercial_retail", "building_type_code": "C_RETAIL", "building_category": "commercial", "evidence_level": "D", "confidence_score": 0.6, "confidence_level_1_to_4": 2, "source_count": 4, "match_method": "shop=travel_agency", "source": "OpenStreetMap via Overpass API", "source_url": "https://www.openstreetmap.org/node/324670668", "osm_tags_summary": {"addr:city": "Manchester", "addr:housenumber": "58", "addr:postcode": "M3 2FF", "addr:street": "Deansgate", "name": "Trailfinders", "shop": "travel_agency", "wheelchair": "yes"}, "fake_data": false, "final_ready": false, "needs_manual_review": true, "updated_at": "2026-08-08T22:34:46Z", "sources": [{"source_name": "OSM Overpass API", "url": "https://overpass-api.de/api/interpreter", "local_cache": "osm_cache_england_884d5092.json", "cache_sha256": "36fa160894f2b7940be373783b59dacf324502d5a5bf829029f008109725d3a7", "accessed_at": "2026-08-08T00:52:00Z", "licence": "ODbL 1.0", "granularity": "building_point", "fields_used": ["building", "amenity", "shop", "office", "tourism", "landuse", "railway", "healthcare"], "supports_field": "building_type_primary", "match_method": "shop=travel_agency", "match_score": 0.6}, {"source_name": "POI regional data (north)", "url_or_local_path": "F:\\TerraYield_AAYS_Portable\\AAYS\\england_map_web\\data\\poi\\north-points.geojson", "accessed_at": "2026-08-08", "licence": "ODbL 1.0", "granularity": "regional_point_geojson", "fields_used": ["amenity", "shop", "name", "tourism"], "supports_field": "building_type_primary (enrichment available)", "match_method": "poi_file_available", "match_score": 0.0, "note": "File exists (21.5 MB). Spatial proximity match not yet run."}, {"source_name": "England pilot GeoJSON cross-reference", "url_or_local_path": "F:\\TerraYield_AAYS_Portable\\AAYS\\england_map_web\\data\\parcel_building_type_england_pilot.geojson", "accessed_at": "2026-08-08", "licence": "ODbL 1.0", "granularity": "pilot_feature_match", "fields_used": ["building_type_primary", "evidence_level"], "supports_field": "building_type_primary (corroborating)", "match_method": "pilot_id_match", "match_score": 0.7}, {"source_name": "HMLR INSPIRE PMTiles (north)", "url_or_local_path": "F:\\TerraYield_AAYS_Portable\\AAYS\\england_map_web\\data\\north.pmtiles", "accessed_at": "2026-08-08", "licence": "OGLv3", "granularity": "cadastral_parcel_polygon", "fields_used": ["parcel_boundary", "INSPIRE_ID"], "supports_field": "geometry_binding", "match_method": "pmtiles_available", "match_score": 0.0, "note": "File available (2.51 GB). Polygon binding not yet performed."}], "source_evidence_excerpt": {"addr:city": "Manchester", "addr:housenumber": "58", "addr:postcode": "M3 2FF", "addr:street": "Deansgate", "name": "Trailfinders", "shop": "travel_agency"}, "building_type_secondary": "", "geometry_match_method": "none", "address_match_method": "none", "limitations": "OSM-only classification. EPC/VOA needed for A-level evidence.", "evidence_summary": {"osm_cache": true, "poi_available": true, "pilot_cross_ref": true, "pmtiles_available": true, "inspire_zips_available": false, "epc_voa_overture": false, "total_sources": 4}}}, {"type": "Feature", "id": "ENG_OSM_node_324671296", "geometry": {"type": "Point", "coordinates": [-2.2467657, 53.48295]}, "properties": {"parcel_id": "ENG_OSM_node_324671296", "slot_id": "building_type_8", "region": "North West", "area": "Manchester", "building_type_primary": "commercial_retail", "building_type_code": "C_RETAIL", "building_category": "commercial", "evidence_level": "B", "confidence_score": 0.75, "confidence_level_1_to_4": 3, "source_count": 4, "match_method": "amenity=bar", "source": "OpenStreetMap via Overpass API", "source_url": "https://www.openstreetmap.org/node/324671296", "osm_tags_summary": {"addr:city": "Manchester", "addr:housenumber": "62", "addr:postcode": "M3 2EN", "addr:street": "Deansgate", "amenity": "bar", "brand": "Slug and Lettuce", "brand:wikidata": "Q7542224", "cocktails": "yes"}, "fake_data": false, "final_ready": false, "needs_manual_review": false, "updated_at": "2026-08-08T22:34:46Z", "sources": [{"source_name": "OSM Overpass API", "url": "https://overpass-api.de/api/interpreter", "local_cache": "osm_cache_england_884d5092.json", "cache_sha256": "36fa160894f2b7940be373783b59dacf324502d5a5bf829029f008109725d3a7", "accessed_at": "2026-08-08T00:52:00Z", "licence": "ODbL 1.0", "granularity": "building_point", "fields_used": ["building", "amenity", "shop", "office", "tourism", "landuse", "railway", "healthcare"], "supports_field": "building_type_primary", "match_method": "amenity=bar", "match_score": 0.75}, {"source_name": "POI regional data (north)", "url_or_local_path": "F:\\TerraYield_AAYS_Portable\\AAYS\\england_map_web\\data\\poi\\north-points.geojson", "accessed_at": "2026-08-08", "licence": "ODbL 1.0", "granularity": "regional_point_geojson", "fields_used": ["amenity", "shop", "name", "tourism"], "supports_field": "building_type_primary (enrichment available)", "match_method": "poi_file_available", "match_score": 0.0, "note": "File exists (21.5 MB). Spatial proximity match not yet run."}, {"source_name": "England pilot GeoJSON cross-reference", "url_or_local_path": "F:\\TerraYield_AAYS_Portable\\AAYS\\england_map_web\\data\\parcel_building_type_england_pilot.geojson", "accessed_at": "2026-08-08", "licence": "ODbL 1.0", "granularity": "pilot_feature_match", "fields_used": ["building_type_primary", "evidence_level"], "supports_field": "building_type_primary (corroborating)", "match_method": "pilot_id_match", "match_score": 0.7}, {"source_name": "HMLR INSPIRE PMTiles (north)", "url_or_local_path": "F:\\TerraYield_AAYS_Portable\\AAYS\\england_map_web\\data\\north.pmtiles", "accessed_at": "2026-08-08", "licence": "OGLv3", "granularity": "cadastral_parcel_polygon", "fields_used": ["parcel_boundary", "INSPIRE_ID"], "supports_field": "geometry_binding", "match_method": "pmtiles_available", "match_score": 0.0, "note": "File available (2.51 GB). Polygon binding not yet performed."}], "source_evidence_excerpt": {"addr:city": "Manchester", "addr:housenumber": "62", "addr:postcode": "M3 2EN", "addr:street": "Deansgate", "amenity": "bar", "brand": "Slug and Lettuce"}, "building_type_secondary": "", "geometry_match_method": "none", "address_match_method": "none", "limitations": "OSM-only classification. EPC/VOA needed for A-level evidence.", "evidence_summary": {"osm_cache": true, "poi_available": true, "pilot_cross_ref": true, "pmtiles_available": true, "inspire_zips_available": false, "epc_voa_overture": false, "total_sources": 4}}}, {"type": "Feature", "id": "ENG_OSM_node_324673692", "geometry": {"type": "Point", "coordinates": [-2.2471348, 53.4824695]}, "properties": {"parcel_id": "ENG_OSM_node_324673692", "slot_id": "building_type_8", "region": "North West", "area": "Manchester", "building_type_primary": "commercial_retail", "building_type_code": "C_RETAIL", "building_category": "commercial", "evidence_level": "B", "confidence_score": 0.75, "confidence_level_1_to_4": 3, "source_count": 4, "match_method": "amenity=restaurant", "source": "OpenStreetMap via Overpass API", "source_url": "https://www.openstreetmap.org/node/324673692", "osm_tags_summary": {"addr:city": "Manchester", "addr:housenumber": "84", "addr:postcode": "M3 2ER", "addr:street": "Deansgate", "amenity": "restaurant", "brand": "Las Iguanas", "brand:wikidata": "Q19875012", "cuisine": "latin_american"}, "fake_data": false, "final_ready": false, "needs_manual_review": false, "updated_at": "2026-08-08T22:34:46Z", "sources": [{"source_name": "OSM Overpass API", "url": "https://overpass-api.de/api/interpreter", "local_cache": "osm_cache_england_884d5092.json", "cache_sha256": "36fa160894f2b7940be373783b59dacf324502d5a5bf829029f008109725d3a7", "accessed_at": "2026-08-08T00:52:00Z", "licence": "ODbL 1.0", "granularity": "building_point", "fields_used": ["building", "amenity", "shop", "office", "tourism", "landuse", "railway", "healthcare"], "supports_field": "building_type_primary", "match_method": "amenity=restaurant", "match_score": 0.75}, {"source_name": "POI regional data (north)", "url_or_local_path": "F:\\TerraYield_AAYS_Portable\\AAYS\\england_map_web\\data\\poi\\north-points.geojson", "accessed_at": "2026-08-08", "licence": "ODbL 1.0", "granularity": "regional_point_geojson", "fields_used": ["amenity", "shop", "name", "tourism"], "supports_field": "building_type_primary (enrichment available)", "match_method": "poi_file_available", "match_score": 0.0, "note": "File exists (21.5 MB). Spatial proximity match not yet run."}, {"source_name": "England pilot GeoJSON cross-reference", "url_or_local_path": "F:\\TerraYield_AAYS_Portable\\AAYS\\england_map_web\\data\\parcel_building_type_england_pilot.geojson", "accessed_at": "2026-08-08", "licence": "ODbL 1.0", "granularity": "pilot_feature_match", "fields_used": ["building_type_primary", "evidence_level"], "supports_field": "building_type_primary (corroborating)", "match_method": "pilot_id_match", "match_score": 0.7}, {"source_name": "HMLR INSPIRE PMTiles (north)", "url_or_local_path": "F:\\TerraYield_AAYS_Portable\\AAYS\\england_map_web\\data\\north.pmtiles", "accessed_at": "2026-08-08", "licence": "OGLv3", "granularity": "cadastral_parcel_polygon", "fields_used": ["parcel_boundary", "INSPIRE_ID"], "supports_field": "geometry_binding", "match_method": "pmtiles_available", "match_score": 0.0, "note": "File available (2.51 GB). Polygon binding not yet performed."}], "source_evidence_excerpt": {"addr:city": "Manchester", "addr:housenumber": "84", "addr:postcode": "M3 2ER", "addr:street": "Deansgate", "amenity": "restaurant", "brand": "Las Iguanas"}, "building_type_secondary": "", "geometry_match_method": "none", "address_match_method": "none", "limitations": "OSM-only classification. EPC/VOA needed for A-level evidence.", "evidence_summary": {"osm_cache": true, "poi_available": true, "pilot_cross_ref": true, "pmtiles_available": true, "inspire_zips_available": false, "epc_voa_overture": false, "total_sources": 4}}}, {"type": "Feature", "id": "ENG_OSM_node_324674079", "geometry": {"type": "Point", "coordinates": [-2.2472082, 53.4823475]}, "properties": {"parcel_id": "ENG_OSM_node_324674079", "slot_id": "building_type_8", "region": "North West", "area": "Manchester", "building_type_primary": "commercial_retail", "building_type_code": "C_RETAIL", "building_category": "commercial", "evidence_level": "D", "confidence_score": 0.6, "confidence_level_1_to_4": 2, "source_count": 4, "match_method": "shop=locksmith", "source": "OpenStreetMap via Overpass API", "source_url": "https://www.openstreetmap.org/node/324674079", "osm_tags_summary": {"addr:city": "Manchester", "addr:housenumber": "88a", "addr:postcode": "M3 2ER", "addr:street": "Deansgate", "brand": "Timpson", "brand:wikidata": "Q7807658", "brand:wikipedia": "en:Timpson (retailer)", "name": "Timpson"}, "fake_data": false, "final_ready": false, "needs_manual_review": true, "updated_at": "2026-08-08T22:34:46Z", "sources": [{"source_name": "OSM Overpass API", "url": "https://overpass-api.de/api/interpreter", "local_cache": "osm_cache_england_884d5092.json", "cache_sha256": "36fa160894f2b7940be373783b59dacf324502d5a5bf829029f008109725d3a7", "accessed_at": "2026-08-08T00:52:00Z", "licence": "ODbL 1.0", "granularity": "building_point", "fields_used": ["building", "amenity", "shop", "office", "tourism", "landuse", "railway", "healthcare"], "supports_field": "building_type_primary", "match_method": "shop=locksmith", "match_score": 0.6}, {"source_name": "POI regional data (north)", "url_or_local_path": "F:\\TerraYield_AAYS_Portable\\AAYS\\england_map_web\\data\\poi\\north-points.geojson", "accessed_at": "2026-08-08", "licence": "ODbL 1.0", "granularity": "regional_point_geojson", "fields_used": ["amenity", "shop", "name", "tourism"], "supports_field": "building_type_primary (enrichment available)", "match_method": "poi_file_available", "match_score": 0.0, "note": "File exists (21.5 MB). Spatial proximity match not yet run."}, {"source_name": "England pilot GeoJSON cross-reference", "url_or_local_path": "F:\\TerraYield_AAYS_Portable\\AAYS\\england_map_web\\data\\parcel_building_type_england_pilot.geojson", "accessed_at": "2026-08-08", "licence": "ODbL 1.0", "granularity": "pilot_feature_match", "fields_used": ["building_type_primary", "evidence_level"], "supports_field": "building_type_primary (corroborating)", "match_method": "pilot_id_match", "match_score": 0.7}, {"source_name": "HMLR INSPIRE PMTiles (north)", "url_or_local_path": "F:\\TerraYield_AAYS_Portable\\AAYS\\england_map_web\\data\\north.pmtiles", "accessed_at": "2026-08-08", "licence": "OGLv3", "granularity": "cadastral_parcel_polygon", "fields_used": ["parcel_boundary", "INSPIRE_ID"], "supports_field": "geometry_binding", "match_method": "pmtiles_available", "match_score": 0.0, "note": "File available (2.51 GB). Polygon binding not yet performed."}], "source_evidence_excerpt": {"addr:city": "Manchester", "addr:housenumber": "88a", "addr:postcode": "M3 2ER", "addr:street": "Deansgate", "brand": "Timpson", "brand:wikidata": "Q7807658"}, "building_type_secondary": "", "geometry_match_method": "none", "address_match_method": "none", "limitations": "OSM-only classification. EPC/VOA needed for A-level evidence.", "evidence_summary": {"osm_cache": true, "poi_available": true, "pilot_cross_ref": true, "pmtiles_available": true, "inspire_zips_available": false, "epc_voa_overture": false, "total_sources": 4}}}, {"type": "Feature", "id": "ENG_OSM_node_324674340", "geometry": {"type": "Point", "coordinates": [-2.2472401, 53.4823004]}, "properties": {"parcel_id": "ENG_OSM_node_324674340", "slot_id": "building_type_8", "region": "North West", "area": "Manchester", "building_type_primary": "commercial_retail", "building_type_code": "C_RETAIL", "building_category": "commercial", "evidence_level": "C", "confidence_score": 0.6, "confidence_level_1_to_4": 2, "source_count": 4, "match_method": "shop=hairdresser", "source": "OpenStreetMap via Overpass API", "source_url": "https://www.openstreetmap.org/node/324674340", "osm_tags_summary": {"addr:city": "Manchester", "addr:housenumber": "88", "addr:postcode": "M3 2ER", "addr:street": "Deansgate", "brand": "Toni & Guy", "brand:wikidata": "Q324784", "brand:wikipedia": "en:Toni & Guy", "name": "Toni & Guy"}, "fake_data": false, "final_ready": false, "needs_manual_review": true, "updated_at": "2026-08-08T22:34:46Z", "sources": [{"source_name": "OSM Overpass API", "url": "https://overpass-api.de/api/interpreter", "local_cache": "osm_cache_england_884d5092.json", "cache_sha256": "36fa160894f2b7940be373783b59dacf324502d5a5bf829029f008109725d3a7", "accessed_at": "2026-08-08T00:52:00Z", "licence": "ODbL 1.0", "granularity": "building_point", "fields_used": ["building", "amenity", "shop", "office", "tourism", "landuse", "railway", "healthcare"], "supports_field": "building_type_primary", "match_method": "shop=hairdresser", "match_score": 0.6}, {"source_name": "POI regional data (north)", "url_or_local_path": "F:\\TerraYield_AAYS_Portable\\AAYS\\england_map_web\\data\\poi\\north-points.geojson", "accessed_at": "2026-08-08", "licence": "ODbL 1.0", "granularity": "regional_point_geojson", "fields_used": ["amenity", "shop", "name", "tourism"], "supports_field": "building_type_primary (enrichment available)", "match_method": "poi_file_available", "match_score": 0.0, "note": "File exists (21.5 MB). Spatial proximity match not yet run."}, {"source_name": "England pilot GeoJSON cross-reference", "url_or_local_path": "F:\\TerraYield_AAYS_Portable\\AAYS\\england_map_web\\data\\parcel_building_type_england_pilot.geojson", "accessed_at": "2026-08-08", "licence": "ODbL 1.0", "granularity": "pilot_feature_match", "fields_used": ["building_type_primary", "evidence_level"], "supports_field": "building_type_primary (corroborating)", "match_method": "pilot_id_match", "match_score": 0.7}, {"source_name": "HMLR INSPIRE PMTiles (north)", "url_or_local_path": "F:\\TerraYield_AAYS_Portable\\AAYS\\england_map_web\\data\\north.pmtiles", "accessed_at": "2026-08-08", "licence": "OGLv3", "granularity": "cadastral_parcel_polygon", "fields_used": ["parcel_boundary", "INSPIRE_ID"], "supports_field": "geometry_binding", "match_method": "pmtiles_available", "match_score": 0.0, "note": "File available (2.51 GB). Polygon binding not yet performed."}], "source_evidence_excerpt": {"addr:city": "Manchester", "addr:housenumber": "88", "addr:postcode": "M3 2ER", "addr:street": "Deansgate", "brand": "Toni & Guy", "brand:wikidata": "Q324784"}, "building_type_secondary": "", "geometry_match_method": "none", "address_match_method": "none", "limitations": "OSM-only classification. EPC/VOA needed for A-level evidence.", "evidence_summary": {"osm_cache": true, "poi_available": true, "pilot_cross_ref": true, "pmtiles_available": true, "inspire_zips_available": false, "epc_voa_overture": false, "total_sources": 4}}}, {"type": "Feature", "id": "ENG_OSM_node_324679577", "geometry": {"type": "Point", "coordinates": [-2.2478771, 53.4813428]}, "properties": {"parcel_id": "ENG_OSM_node_324679577", "slot_id": "building_type_8", "region": "North West", "area": "Manchester", "building_type_primary": "commercial_retail", "building_type_code": "C_RETAIL", "building_category": "commercial", "evidence_level": "D", "confidence_score": 0.6, "confidence_level_1_to_4": 2, "source_count": 4, "match_method": "shop=outdoor", "source": "OpenStreetMap via Overpass API", "source_url": "https://www.openstreetmap.org/node/324679577", "osm_tags_summary": {"addr:city": "Manchester", "addr:country": "GB", "addr:housenumber": "118-124", "addr:postcode": "M3 2GQ", "addr:street": "Deansgate", "brand": "Cotswold Outdoor", "brand:wikidata": "Q5175488", "brand:wikipedia": "en:Cotswold Outdoor"}, "fake_data": false, "final_ready": false, "needs_manual_review": true, "updated_at": "2026-08-08T22:34:46Z", "sources": [{"source_name": "OSM Overpass API", "url": "https://overpass-api.de/api/interpreter", "local_cache": "osm_cache_england_884d5092.json", "cache_sha256": "36fa160894f2b7940be373783b59dacf324502d5a5bf829029f008109725d3a7", "accessed_at": "2026-08-08T00:52:00Z", "licence": "ODbL 1.0", "granularity": "building_point", "fields_used": ["building", "amenity", "shop", "office", "tourism", "landuse", "railway", "healthcare"], "supports_field": "building_type_primary", "match_method": "shop=outdoor", "match_score": 0.6}, {"source_name": "POI regional data (north)", "url_or_local_path": "F:\\TerraYield_AAYS_Portable\\AAYS\\england_map_web\\data\\poi\\north-points.geojson", "accessed_at": "2026-08-08", "licence": "ODbL 1.0", "granularity": "regional_point_geojson", "fields_used": ["amenity", "shop", "name", "tourism"], "supports_field": "building_type_primary (enrichment available)", "match_method": "poi_file_available", "match_score": 0.0, "note": "File exists (21.5 MB). Spatial proximity match not yet run."}, {"source_name": "England pilot GeoJSON cross-reference", "url_or_local_path": "F:\\TerraYield_AAYS_Portable\\AAYS\\england_map_web\\data\\parcel_building_type_england_pilot.geojson", "accessed_at": "2026-08-08", "licence": "ODbL 1.0", "granularity": "pilot_feature_match", "fields_used": ["building_type_primary", "evidence_level"], "supports_field": "building_type_primary (corroborating)", "match_method": "pilot_id_match", "match_score": 0.7}, {"source_name": "HMLR INSPIRE PMTiles (north)", "url_or_local_path": "F:\\TerraYield_AAYS_Portable\\AAYS\\england_map_web\\data\\north.pmtiles", "accessed_at": "2026-08-08", "licence": "OGLv3", "granularity": "cadastral_parcel_polygon", "fields_used": ["parcel_boundary", "INSPIRE_ID"], "supports_field": "geometry_binding", "match_method": "pmtiles_available", "match_score": 0.0, "note": "File available (2.51 GB). Polygon binding not yet performed."}], "source_evidence_excerpt": {"addr:city": "Manchester", "addr:country": "GB", "addr:housenumber": "118-124", "addr:postcode": "M3 2GQ", "addr:street": "Deansgate", "brand": "Cotswold Outdoor"}, "building_type_secondary": "", "geometry_match_method": "none", "address_match_method": "none", "limitations": "OSM-only classification. EPC/VOA needed for A-level evidence.", "evidence_summary": {"osm_cache": true, "poi_available": true, "pilot_cross_ref": true, "pmtiles_available": true, "inspire_zips_available": false, "epc_voa_overture": false, "total_sources": 4}}}, {"type": "Feature", "id": "ENG_OSM_node_324679885", "geometry": {"type": "Point", "coordinates": [-2.2479076, 53.4812529]}, "properties": {"parcel_id": "ENG_OSM_node_324679885", "slot_id": "building_type_8", "region": "North West", "area": "Manchester", "building_type_primary": "unknown", "building_type_code": "U_UNKNOWN", "building_category": "unknown", "evidence_level": "U", "confidence_score": 0.0, "confidence_level_1_to_4": 1, "source_count": 4, "match_method": "no_specific_tag", "source": "OpenStreetMap via Overpass API", "source_url": "https://www.openstreetmap.org/node/324679885", "osm_tags_summary": {"addr:city": "Manchester", "addr:country": "GB", "addr:housenumber": "118-124", "addr:postcode": "M3 2GQ", "addr:street": "Deansgate", "amenity": "ice_cream", "name": "Rassams creamery"}, "fake_data": false, "final_ready": false, "needs_manual_review": false, "updated_at": "2026-08-08T22:34:46Z", "sources": [{"source_name": "OSM Overpass API", "url": "https://overpass-api.de/api/interpreter", "local_cache": "osm_cache_england_884d5092.json", "cache_sha256": "36fa160894f2b7940be373783b59dacf324502d5a5bf829029f008109725d3a7", "accessed_at": "2026-08-08T00:52:00Z", "licence": "ODbL 1.0", "granularity": "building_point", "fields_used": ["building", "amenity", "shop", "office", "tourism", "landuse", "railway", "healthcare"], "supports_field": "building_type_primary", "match_method": "no_specific_tag", "match_score": 0.0}, {"source_name": "POI regional data (north)", "url_or_local_path": "F:\\TerraYield_AAYS_Portable\\AAYS\\england_map_web\\data\\poi\\north-points.geojson", "accessed_at": "2026-08-08", "licence": "ODbL 1.0", "granularity": "regional_point_geojson", "fields_used": ["amenity", "shop", "name", "tourism"], "supports_field": "building_type_primary (enrichment available)", "match_method": "poi_file_available", "match_score": 0.0, "note": "File exists (21.5 MB). Spatial proximity match not yet run."}, {"source_name": "England pilot GeoJSON cross-reference", "url_or_local_path": "F:\\TerraYield_AAYS_Portable\\AAYS\\england_map_web\\data\\parcel_building_type_england_pilot.geojson", "accessed_at": "2026-08-08", "licence": "ODbL 1.0", "granularity": "pilot_feature_match", "fields_used": ["building_type_primary", "evidence_level"], "supports_field": "building_type_primary (corroborating)", "match_method": "pilot_id_match", "match_score": 0.7}, {"source_name": "HMLR INSPIRE PMTiles (north)", "url_or_local_path": "F:\\TerraYield_AAYS_Portable\\AAYS\\england_map_web\\data\\north.pmtiles", "accessed_at": "2026-08-08", "licence": "OGLv3", "granularity": "cadastral_parcel_polygon", "fields_used": ["parcel_boundary", "INSPIRE_ID"], "supports_field": "geometry_binding", "match_method": "pmtiles_available", "match_score": 0.0, "note": "File available (2.51 GB). Polygon binding not yet performed."}], "source_evidence_excerpt": {"addr:city": "Manchester", "addr:country": "GB", "addr:housenumber": "118-124", "addr:postcode": "M3 2GQ", "addr:street": "Deansgate", "amenity": "ice_cream"}, "building_type_secondary": "", "geometry_match_method": "none", "address_match_method": "none", "limitations": "OSM-only classification. EPC/VOA needed for A-level evidence.", "evidence_summary": {"osm_cache": true, "poi_available": true, "pilot_cross_ref": true, "pmtiles_available": true, "inspire_zips_available": false, "epc_voa_overture": false, "total_sources": 4}}}, {"type": "Feature", "id": "ENG_OSM_node_324680205", "geometry": {"type": "Point", "coordinates": [-2.2479833, 53.4811656]}, "properties": {"parcel_id": "ENG_OSM_node_324680205", "slot_id": "building_type_8", "region": "North West", "area": "Manchester", "building_type_primary": "commercial_retail", "building_type_code": "C_RETAIL", "building_category": "commercial", "evidence_level": "D", "confidence_score": 0.6, "confidence_level_1_to_4": 2, "source_count": 4, "match_method": "shop=musical_instrument", "source": "OpenStreetMap via Overpass API", "source_url": "https://www.openstreetmap.org/node/324680205", "osm_tags_summary": {"addr:city": "Manchester", "addr:country": "GB", "addr:housenumber": "126", "addr:postcode": "M3 2GR", "addr:street": "Deansgate", "name": "Forsyth Bros Ltd", "shop": "musical_instrument", "short_name": "Forsyth"}, "fake_data": false, "final_ready": false, "needs_manual_review": true, "updated_at": "2026-08-08T22:34:46Z", "sources": [{"source_name": "OSM Overpass API", "url": "https://overpass-api.de/api/interpreter", "local_cache": "osm_cache_england_884d5092.json", "cache_sha256": "36fa160894f2b7940be373783b59dacf324502d5a5bf829029f008109725d3a7", "accessed_at": "2026-08-08T00:52:00Z", "licence": "ODbL 1.0", "granularity": "building_point", "fields_used": ["building", "amenity", "shop", "office", "tourism", "landuse", "railway", "healthcare"], "supports_field": "building_type_primary", "match_method": "shop=musical_instrument", "match_score": 0.6}, {"source_name": "POI regional data (north)", "url_or_local_path": "F:\\TerraYield_AAYS_Portable\\AAYS\\england_map_web\\data\\poi\\north-points.geojson", "accessed_at": "2026-08-08", "licence": "ODbL 1.0", "granularity": "regional_point_geojson", "fields_used": ["amenity", "shop", "name", "tourism"], "supports_field": "building_type_primary (enrichment available)", "match_method": "poi_file_available", "match_score": 0.0, "note": "File exists (21.5 MB). Spatial proximity match not yet run."}, {"source_name": "England pilot GeoJSON cross-reference", "url_or_local_path": "F:\\TerraYield_AAYS_Portable\\AAYS\\england_map_web\\data\\parcel_building_type_england_pilot.geojson", "accessed_at": "2026-08-08", "licence": "ODbL 1.0", "granularity": "pilot_feature_match", "fields_used": ["building_type_primary", "evidence_level"], "supports_field": "building_type_primary (corroborating)", "match_method": "pilot_id_match", "match_score": 0.7}, {"source_name": "HMLR INSPIRE PMTiles (north)", "url_or_local_path": "F:\\TerraYield_AAYS_Portable\\AAYS\\england_map_web\\data\\north.pmtiles", "accessed_at": "2026-08-08", "licence": "OGLv3", "granularity": "cadastral_parcel_polygon", "fields_used": ["parcel_boundary", "INSPIRE_ID"], "supports_field": "geometry_binding", "match_method": "pmtiles_available", "match_score": 0.0, "note": "File available (2.51 GB). Polygon binding not yet performed."}], "source_evidence_excerpt": {"addr:city": "Manchester", "addr:country": "GB", "addr:housenumber": "126", "addr:postcode": "M3 2GR", "addr:street": "Deansgate", "name": "Forsyth Bros Ltd"}, "building_type_secondary": "", "geometry_match_method": "none", "address_match_method": "none", "limitations": "OSM-only classification. EPC/VOA needed for A-level evidence.", "evidence_summary": {"osm_cache": true, "poi_available": true, "pilot_cross_ref": true, "pmtiles_available": true, "inspire_zips_available": false, "epc_voa_overture": false, "total_sources": 4}}}, {"type": "Feature", "id": "ENG_OSM_node_324680663", "geometry": {"type": "Point", "coordinates": [-2.2480503, 53.4810425]}, "properties": {"parcel_id": "ENG_OSM_node_324680663", "slot_id": "building_type_8", "region": "North West", "area": "Manchester", "building_type_primary": "commercial_retail", "building_type_code": "C_RETAIL", "building_category": "commercial", "evidence_level": "D", "confidence_score": 0.6, "confidence_level_1_to_4": 2, "source_count": 4, "match_method": "shop=outdoor", "source": "OpenStreetMap via Overpass API", "source_url": "https://www.openstreetmap.org/node/324680663", "osm_tags_summary": {"addr:city": "Manchester", "addr:country": "GB", "addr:housenumber": "130-136", "addr:postcode": "M3 2GQ", "addr:street": "Deansgate", "email": "manchester@ellis-brigham.com", "fax": "+44 161 839 4517", "name": "Ellis Brigham Mountain Sports"}, "fake_data": false, "final_ready": false, "needs_manual_review": true, "updated_at": "2026-08-08T22:34:46Z", "sources": [{"source_name": "OSM Overpass API", "url": "https://overpass-api.de/api/interpreter", "local_cache": "osm_cache_england_884d5092.json", "cache_sha256": "36fa160894f2b7940be373783b59dacf324502d5a5bf829029f008109725d3a7", "accessed_at": "2026-08-08T00:52:00Z", "licence": "ODbL 1.0", "granularity": "building_point", "fields_used": ["building", "amenity", "shop", "office", "tourism", "landuse", "railway", "healthcare"], "supports_field": "building_type_primary", "match_method": "shop=outdoor", "match_score": 0.6}, {"source_name": "POI regional data (north)", "url_or_local_path": "F:\\TerraYield_AAYS_Portable\\AAYS\\england_map_web\\data\\poi\\north-points.geojson", "accessed_at": "2026-08-08", "licence": "ODbL 1.0", "granularity": "regional_point_geojson", "fields_used": ["amenity", "shop", "name", "tourism"], "supports_field": "building_type_primary (enrichment available)", "match_method": "poi_file_available", "match_score": 0.0, "note": "File exists (21.5 MB). Spatial proximity match not yet run."}, {"source_name": "England pilot GeoJSON cross-reference", "url_or_local_path": "F:\\TerraYield_AAYS_Portable\\AAYS\\england_map_web\\data\\parcel_building_type_england_pilot.geojson", "accessed_at": "2026-08-08", "licence": "ODbL 1.0", "granularity": "pilot_feature_match", "fields_used": ["building_type_primary", "evidence_level"], "supports_field": "building_type_primary (corroborating)", "match_method": "pilot_id_match", "match_score": 0.7}, {"source_name": "HMLR INSPIRE PMTiles (north)", "url_or_local_path": "F:\\TerraYield_AAYS_Portable\\AAYS\\england_map_web\\data\\north.pmtiles", "accessed_at": "2026-08-08", "licence": "OGLv3", "granularity": "cadastral_parcel_polygon", "fields_used": ["parcel_boundary", "INSPIRE_ID"], "supports_field": "geometry_binding", "match_method": "pmtiles_available", "match_score": 0.0, "note": "File available (2.51 GB). Polygon binding not yet performed."}], "source_evidence_excerpt": {"addr:city": "Manchester", "addr:country": "GB", "addr:housenumber": "130-136", "addr:postcode": "M3 2GQ", "addr:street": "Deansgate", "email": "manchester@ellis-brigham.com"}, "building_type_secondary": "", "geometry_match_method": "none", "address_match_method": "none", "limitations": "OSM-only classification. EPC/VOA needed for A-level evidence.", "evidence_summary": {"osm_cache": true, "poi_available": true, "pilot_cross_ref": true, "pmtiles_available": true, "inspire_zips_available": false, "epc_voa_overture": false, "total_sources": 4}}}, {"type": "Feature", "id": "ENG_OSM_node_324681908", "geometry": {"type": "Point", "coordinates": [-2.2484397, 53.4805334]}, "properties": {"parcel_id": "ENG_OSM_node_324681908", "slot_id": "building_type_8", "region": "North West", "area": "Manchester", "building_type_primary": "commercial_retail", "building_type_code": "C_RETAIL", "building_category": "commercial", "evidence_level": "B", "confidence_score": 0.75, "confidence_level_1_to_4": 3, "source_count": 4, "match_method": "amenity=pub", "source": "OpenStreetMap via Overpass API", "source_url": "https://www.openstreetmap.org/node/324681908", "osm_tags_summary": {"addr:city": "Manchester", "addr:country": "GB", "addr:housenumber": "144", "addr:postcode": "M3 3EE", "addr:street": "Deansgate", "amenity": "pub", "name": "The Lost Dene", "operator": "Stonegate"}, "fake_data": false, "final_ready": false, "needs_manual_review": false, "updated_at": "2026-08-08T22:34:46Z", "sources": [{"source_name": "OSM Overpass API", "url": "https://overpass-api.de/api/interpreter", "local_cache": "osm_cache_england_884d5092.json", "cache_sha256": "36fa160894f2b7940be373783b59dacf324502d5a5bf829029f008109725d3a7", "accessed_at": "2026-08-08T00:52:00Z", "licence": "ODbL 1.0", "granularity": "building_point", "fields_used": ["building", "amenity", "shop", "office", "tourism", "landuse", "railway", "healthcare"], "supports_field": "building_type_primary", "match_method": "amenity=pub", "match_score": 0.75}, {"source_name": "POI regional data (north)", "url_or_local_path": "F:\\TerraYield_AAYS_Portable\\AAYS\\england_map_web\\data\\poi\\north-points.geojson", "accessed_at": "2026-08-08", "licence": "ODbL 1.0", "granularity": "regional_point_geojson", "fields_used": ["amenity", "shop", "name", "tourism"], "supports_field": "building_type_primary (enrichment available)", "match_method": "poi_file_available", "match_score": 0.0, "note": "File exists (21.5 MB). Spatial proximity match not yet run."}, {"source_name": "England pilot GeoJSON cross-reference", "url_or_local_path": "F:\\TerraYield_AAYS_Portable\\AAYS\\england_map_web\\data\\parcel_building_type_england_pilot.geojson", "accessed_at": "2026-08-08", "licence": "ODbL 1.0", "granularity": "pilot_feature_match", "fields_used": ["building_type_primary", "evidence_level"], "supports_field": "building_type_primary (corroborating)", "match_method": "pilot_id_match", "match_score": 0.7}, {"source_name": "HMLR INSPIRE PMTiles (north)", "url_or_local_path": "F:\\TerraYield_AAYS_Portable\\AAYS\\england_map_web\\data\\north.pmtiles", "accessed_at": "2026-08-08", "licence": "OGLv3", "granularity": "cadastral_parcel_polygon", "fields_used": ["parcel_boundary", "INSPIRE_ID"], "supports_field": "geometry_binding", "match_method": "pmtiles_available", "match_score": 0.0, "note": "File available (2.51 GB). Polygon binding not yet performed."}], "source_evidence_excerpt": {"addr:city": "Manchester", "addr:country": "GB", "addr:housenumber": "144", "addr:postcode": "M3 3EE", "addr:street": "Deansgate", "amenity": "pub"}, "building_type_secondary": "", "geometry_match_method": "none", "address_match_method": "none", "limitations": "OSM-only classification. EPC/VOA needed for A-level evidence.", "evidence_summary": {"osm_cache": true, "poi_available": true, "pilot_cross_ref": true, "pmtiles_available": true, "inspire_zips_available": false, "epc_voa_overture": false, "total_sources": 4}}}, {"type": "Feature", "id": "ENG_OSM_node_324687197", "geometry": {"type": "Point", "coordinates": [-2.2490313, 53.4795193]}, "properties": {"parcel_id": "ENG_OSM_node_324687197", "slot_id": "building_type_8", "region": "North West", "area": "Manchester", "building_type_primary": "unknown", "building_type_code": "U_UNKNOWN", "building_category": "unknown", "evidence_level": "U", "confidence_score": 0.0, "confidence_level_1_to_4": 1, "source_count": 4, "match_method": "no_specific_tag", "source": "OpenStreetMap via Overpass API", "source_url": "https://www.openstreetmap.org/node/324687197", "osm_tags_summary": {"amenity": "post_box", "collection_times": "Mo-Fr 09:00", "post_box:type": "pillar", "ref": "M3 15", "royal_cypher": "VR", "royal_cypher:wikidata": "Q33102356"}, "fake_data": false, "final_ready": false, "needs_manual_review": false, "updated_at": "2026-08-08T22:34:46Z", "sources": [{"source_name": "OSM Overpass API", "url": "https://overpass-api.de/api/interpreter", "local_cache": "osm_cache_england_884d5092.json", "cache_sha256": "36fa160894f2b7940be373783b59dacf324502d5a5bf829029f008109725d3a7", "accessed_at": "2026-08-08T00:52:00Z", "licence": "ODbL 1.0", "granularity": "building_point", "fields_used": ["building", "amenity", "shop", "office", "tourism", "landuse", "railway", "healthcare"], "supports_field": "building_type_primary", "match_method": "no_specific_tag", "match_score": 0.0}, {"source_name": "POI regional data (north)", "url_or_local_path": "F:\\TerraYield_AAYS_Portable\\AAYS\\england_map_web\\data\\poi\\north-points.geojson", "accessed_at": "2026-08-08", "licence": "ODbL 1.0", "granularity": "regional_point_geojson", "fields_used": ["amenity", "shop", "name", "tourism"], "supports_field": "building_type_primary (enrichment available)", "match_method": "poi_file_available", "match_score": 0.0, "note": "File exists (21.5 MB). Spatial proximity match not yet run."}, {"source_name": "England pilot GeoJSON cross-reference", "url_or_local_path": "F:\\TerraYield_AAYS_Portable\\AAYS\\england_map_web\\data\\parcel_building_type_england_pilot.geojson", "accessed_at": "2026-08-08", "licence": "ODbL 1.0", "granularity": "pilot_feature_match", "fields_used": ["building_type_primary", "evidence_level"], "supports_field": "building_type_primary (corroborating)", "match_method": "pilot_id_match", "match_score": 0.7}, {"source_name": "HMLR INSPIRE PMTiles (north)", "url_or_local_path": "F:\\TerraYield_AAYS_Portable\\AAYS\\england_map_web\\data\\north.pmtiles", "accessed_at": "2026-08-08", "licence": "OGLv3", "granularity": "cadastral_parcel_polygon", "fields_used": ["parcel_boundary", "INSPIRE_ID"], "supports_field": "geometry_binding", "match_method": "pmtiles_available", "match_score": 0.0, "note": "File available (2.51 GB). Polygon binding not yet performed."}], "source_evidence_excerpt": {"amenity": "post_box", "collection_times": "Mo-Fr 09:00", "post_box:type": "pillar", "ref": "M3 15", "royal_cypher": "VR", "royal_cypher:wikidata": "Q33102356"}, "building_type_secondary": "", "geometry_match_method": "none", "address_match_method": "none", "limitations": "OSM-only classification. EPC/VOA needed for A-level evidence.", "evidence_summary": {"osm_cache": true, "poi_available": true, "pilot_cross_ref": true, "pmtiles_available": true, "inspire_zips_available": false, "epc_voa_overture": false, "total_sources": 4}}}, {"type": "Feature", "id": "ENG_OSM_node_324690893", "geometry": {"type": "Point", "coordinates": [-2.2495294, 53.4786625]}, "properties": {"parcel_id": "ENG_OSM_node_324690893", "slot_id": "building_type_8", "region": "North West", "area": "Manchester", "building_type_primary": "commercial_retail", "building_type_code": "C_RETAIL", "building_category": "commercial", "evidence_level": "B", "confidence_score": 0.75, "confidence_level_1_to_4": 3, "source_count": 4, "match_method": "amenity=cafe", "source": "OpenStreetMap via Overpass API", "source_url": "https://www.openstreetmap.org/node/324690893", "osm_tags_summary": {"addr:city": "Manchester", "addr:country": "GB", "addr:housenumber": "194", "addr:postcode": "M3 3ND", "addr:street": "Deansgate", "amenity": "cafe", "check_date": "2024-12-21", "cuisine": "coffee_shop"}, "fake_data": false, "final_ready": false, "needs_manual_review": false, "updated_at": "2026-08-08T22:34:46Z", "sources": [{"source_name": "OSM Overpass API", "url": "https://overpass-api.de/api/interpreter", "local_cache": "osm_cache_england_884d5092.json", "cache_sha256": "36fa160894f2b7940be373783b59dacf324502d5a5bf829029f008109725d3a7", "accessed_at": "2026-08-08T00:52:00Z", "licence": "ODbL 1.0", "granularity": "building_point", "fields_used": ["building", "amenity", "shop", "office", "tourism", "landuse", "railway", "healthcare"], "supports_field": "building_type_primary", "match_method": "amenity=cafe", "match_score": 0.75}, {"source_name": "POI regional data (north)", "url_or_local_path": "F:\\TerraYield_AAYS_Portable\\AAYS\\england_map_web\\data\\poi\\north-points.geojson", "accessed_at": "2026-08-08", "licence": "ODbL 1.0", "granularity": "regional_point_geojson", "fields_used": ["amenity", "shop", "name", "tourism"], "supports_field": "building_type_primary (enrichment available)", "match_method": "poi_file_available", "match_score": 0.0, "note": "File exists (21.5 MB). Spatial proximity match not yet run."}, {"source_name": "England pilot GeoJSON cross-reference", "url_or_local_path": "F:\\TerraYield_AAYS_Portable\\AAYS\\england_map_web\\data\\parcel_building_type_england_pilot.geojson", "accessed_at": "2026-08-08", "licence": "ODbL 1.0", "granularity": "pilot_feature_match", "fields_used": ["building_type_primary", "evidence_level"], "supports_field": "building_type_primary (corroborating)", "match_method": "pilot_id_match", "match_score": 0.7}, {"source_name": "HMLR INSPIRE PMTiles (north)", "url_or_local_path": "F:\\TerraYield_AAYS_Portable\\AAYS\\england_map_web\\data\\north.pmtiles", "accessed_at": "2026-08-08", "licence": "OGLv3", "granularity": "cadastral_parcel_polygon", "fields_used": ["parcel_boundary", "INSPIRE_ID"], "supports_field": "geometry_binding", "match_method": "pmtiles_available", "match_score": 0.0, "note": "File available (2.51 GB). Polygon binding not yet performed."}], "source_evidence_excerpt": {"addr:city": "Manchester", "addr:country": "GB", "addr:housenumber": "194", "addr:postcode": "M3 3ND", "addr:street": "Deansgate", "amenity": "cafe"}, "building_type_secondary": "", "geometry_match_method": "none", "address_match_method": "none", "limitations": "OSM-only classification. EPC/VOA needed for A-level evidence.", "evidence_summary": {"osm_cache": true, "poi_available": true, "pilot_cross_ref": true, "pmtiles_available": true, "inspire_zips_available": false, "epc_voa_overture": false, "total_sources": 4}}}, {"type": "Feature", "id": "ENG_OSM_node_324691503", "geometry": {"type": "Point", "coordinates": [-2.249691, 53.4784534]}, "properties": {"parcel_id": "ENG_OSM_node_324691503", "slot_id": "building_type_8", "region": "North West", "area": "Manchester", "building_type_primary": "commercial_retail", "building_type_code": "C_RETAIL", "building_category": "commercial", "evidence_level": "B", "confidence_score": 0.75, "confidence_level_1_to_4": 3, "source_count": 4, "match_method": "amenity=restaurant", "source": "OpenStreetMap via Overpass API", "source_url": "https://www.openstreetmap.org/node/324691503", "osm_tags_summary": {"addr:city": "Manchester", "addr:housenumber": "200-204", "addr:postcode": "M3 3NN", "addr:street": "Deansgate", "amenity": "restaurant", "branch": "Manchester", "brand": "Flat Iron", "brand:wikidata": "Q110680166"}, "fake_data": false, "final_ready": false, "needs_manual_review": false, "updated_at": "2026-08-08T22:34:46Z", "sources": [{"source_name": "OSM Overpass API", "url": "https://overpass-api.de/api/interpreter", "local_cache": "osm_cache_england_884d5092.json", "cache_sha256": "36fa160894f2b7940be373783b59dacf324502d5a5bf829029f008109725d3a7", "accessed_at": "2026-08-08T00:52:00Z", "licence": "ODbL 1.0", "granularity": "building_point", "fields_used": ["building", "amenity", "shop", "office", "tourism", "landuse", "railway", "healthcare"], "supports_field": "building_type_primary", "match_method": "amenity=restaurant", "match_score": 0.75}, {"source_name": "POI regional data (north)", "url_or_local_path": "F:\\TerraYield_AAYS_Portable\\AAYS\\england_map_web\\data\\poi\\north-points.geojson", "accessed_at": "2026-08-08", "licence": "ODbL 1.0", "granularity": "regional_point_geojson", "fields_used": ["amenity", "shop", "name", "tourism"], "supports_field": "building_type_primary (enrichment available)", "match_method": "poi_file_available", "match_score": 0.0, "note": "File exists (21.5 MB). Spatial proximity match not yet run."}, {"source_name": "England pilot GeoJSON cross-reference", "url_or_local_path": "F:\\TerraYield_AAYS_Portable\\AAYS\\england_map_web\\data\\parcel_building_type_england_pilot.geojson", "accessed_at": "2026-08-08", "licence": "ODbL 1.0", "granularity": "pilot_feature_match", "fields_used": ["building_type_primary", "evidence_level"], "supports_field": "building_type_primary (corroborating)", "match_method": "pilot_id_match", "match_score": 0.7}, {"source_name": "HMLR INSPIRE PMTiles (north)", "url_or_local_path": "F:\\TerraYield_AAYS_Portable\\AAYS\\england_map_web\\data\\north.pmtiles", "accessed_at": "2026-08-08", "licence": "OGLv3", "granularity": "cadastral_parcel_polygon", "fields_used": ["parcel_boundary", "INSPIRE_ID"], "supports_field": "geometry_binding", "match_method": "pmtiles_available", "match_score": 0.0, "note": "File available (2.51 GB). Polygon binding not yet performed."}], "source_evidence_excerpt": {"addr:city": "Manchester", "addr:housenumber": "200-204", "addr:postcode": "M3 3NN", "addr:street": "Deansgate", "amenity": "restaurant", "branch": "Manchester"}, "building_type_secondary": "", "geometry_match_method": "none", "address_match_method": "none", "limitations": "OSM-only classification. EPC/VOA needed for A-level evidence.", "evidence_summary": {"osm_cache": true, "poi_available": true, "pilot_cross_ref": true, "pmtiles_available": true, "inspire_zips_available": false, "epc_voa_overture": false, "total_sources": 4}}}, {"type": "Feature", "id": "ENG_OSM_node_324692101", "geometry": {"type": "Point", "coordinates": [-2.2498882, 53.4782018]}, "properties": {"parcel_id": "ENG_OSM_node_324692101", "slot_id": "building_type_8", "region": "North West", "area": "Manchester", "building_type_primary": "commercial_retail", "building_type_code": "C_RETAIL", "building_category": "commercial", "evidence_level": "C", "confidence_score": 0.6, "confidence_level_1_to_4": 2, "source_count": 4, "match_method": "shop=convenience", "source": "OpenStreetMap via Overpass API", "source_url": "https://www.openstreetmap.org/node/324692101", "osm_tags_summary": {"addr:city": "Manchester", "addr:housename": "Overseas House", "addr:postcode": "M3 3HN", "addr:street": "Quay Street", "branch": "Manchester Oversea House Local", "brand": "Sainsbury's Local", "brand:wikidata": "Q13218434", "brand:wikipedia": "en:Sainsbury's Local"}, "fake_data": false, "final_ready": false, "needs_manual_review": true, "updated_at": "2026-08-08T22:34:46Z", "sources": [{"source_name": "OSM Overpass API", "url": "https://overpass-api.de/api/interpreter", "local_cache": "osm_cache_england_884d5092.json", "cache_sha256": "36fa160894f2b7940be373783b59dacf324502d5a5bf829029f008109725d3a7", "accessed_at": "2026-08-08T00:52:00Z", "licence": "ODbL 1.0", "granularity": "building_point", "fields_used": ["building", "amenity", "shop", "office", "tourism", "landuse", "railway", "healthcare"], "supports_field": "building_type_primary", "match_method": "shop=convenience", "match_score": 0.6}, {"source_name": "POI regional data (north)", "url_or_local_path": "F:\\TerraYield_AAYS_Portable\\AAYS\\england_map_web\\data\\poi\\north-points.geojson", "accessed_at": "2026-08-08", "licence": "ODbL 1.0", "granularity": "regional_point_geojson", "fields_used": ["amenity", "shop", "name", "tourism"], "supports_field": "building_type_primary (enrichment available)", "match_method": "poi_file_available", "match_score": 0.0, "note": "File exists (21.5 MB). Spatial proximity match not yet run."}, {"source_name": "England pilot GeoJSON cross-reference", "url_or_local_path": "F:\\TerraYield_AAYS_Portable\\AAYS\\england_map_web\\data\\parcel_building_type_england_pilot.geojson", "accessed_at": "2026-08-08", "licence": "ODbL 1.0", "granularity": "pilot_feature_match", "fields_used": ["building_type_primary", "evidence_level"], "supports_field": "building_type_primary (corroborating)", "match_method": "pilot_id_match", "match_score": 0.7}, {"source_name": "HMLR INSPIRE PMTiles (north)", "url_or_local_path": "F:\\TerraYield_AAYS_Portable\\AAYS\\england_map_web\\data\\north.pmtiles", "accessed_at": "2026-08-08", "licence": "OGLv3", "granularity": "cadastral_parcel_polygon", "fields_used": ["parcel_boundary", "INSPIRE_ID"], "supports_field": "geometry_binding", "match_method": "pmtiles_available", "match_score": 0.0, "note": "File available (2.51 GB). Polygon binding not yet performed."}], "source_evidence_excerpt": {"addr:city": "Manchester", "addr:housename": "Overseas House", "addr:postcode": "M3 3HN", "addr:street": "Quay Street", "branch": "Manchester Oversea House Local", "brand": "Sainsbury's Local"}, "building_type_secondary": "", "geometry_match_method": "none", "address_match_method": "none", "limitations": "OSM-only classification. EPC/VOA needed for A-level evidence.", "evidence_summary": {"osm_cache": true, "poi_available": true, "pilot_cross_ref": true, "pmtiles_available": true, "inspire_zips_available": false, "epc_voa_overture": false, "total_sources": 4}}}, {"type": "Feature", "id": "ENG_OSM_node_331409737", "geometry": {"type": "Point", "coordinates": [-2.2447299, 53.4818089]}, "properties": {"parcel_id": "ENG_OSM_node_331409737", "slot_id": "building_type_8", "region": "North West", "area": "Manchester", "building_type_primary": "commercial_retail", "building_type_code": "C_RETAIL", "building_category": "commercial", "evidence_level": "B", "confidence_score": 0.75, "confidence_level_1_to_4": 3, "source_count": 4, "match_method": "amenity=bank", "source": "OpenStreetMap via Overpass API", "source_url": "https://www.openstreetmap.org/node/331409737", "osm_tags_summary": {"addr:city": "Manchester", "addr:housenumber": "30", "addr:postcode": "M2 7AQ", "addr:street": "Cross Street", "amenity": "bank", "atm": "yes", "brand": "Santander", "brand:wikidata": "Q7420065"}, "fake_data": false, "final_ready": false, "needs_manual_review": false, "updated_at": "2026-08-08T22:34:46Z", "sources": [{"source_name": "OSM Overpass API", "url": "https://overpass-api.de/api/interpreter", "local_cache": "osm_cache_england_884d5092.json", "cache_sha256": "36fa160894f2b7940be373783b59dacf324502d5a5bf829029f008109725d3a7", "accessed_at": "2026-08-08T00:52:00Z", "licence": "ODbL 1.0", "granularity": "building_point", "fields_used": ["building", "amenity", "shop", "office", "tourism", "landuse", "railway", "healthcare"], "supports_field": "building_type_primary", "match_method": "amenity=bank", "match_score": 0.75}, {"source_name": "POI regional data (north)", "url_or_local_path": "F:\\TerraYield_AAYS_Portable\\AAYS\\england_map_web\\data\\poi\\north-points.geojson", "accessed_at": "2026-08-08", "licence": "ODbL 1.0", "granularity": "regional_point_geojson", "fields_used": ["amenity", "shop", "name", "tourism"], "supports_field": "building_type_primary (enrichment available)", "match_method": "poi_file_available", "match_score": 0.0, "note": "File exists (21.5 MB). Spatial proximity match not yet run."}, {"source_name": "England pilot GeoJSON cross-reference", "url_or_local_path": "F:\\TerraYield_AAYS_Portable\\AAYS\\england_map_web\\data\\parcel_building_type_england_pilot.geojson", "accessed_at": "2026-08-08", "licence": "ODbL 1.0", "granularity": "pilot_feature_match", "fields_used": ["building_type_primary", "evidence_level"], "supports_field": "building_type_primary (corroborating)", "match_method": "pilot_id_match", "match_score": 0.7}, {"source_name": "HMLR INSPIRE PMTiles (north)", "url_or_local_path": "F:\\TerraYield_AAYS_Portable\\AAYS\\england_map_web\\data\\north.pmtiles", "accessed_at": "2026-08-08", "licence": "OGLv3", "granularity": "cadastral_parcel_polygon", "fields_used": ["parcel_boundary", "INSPIRE_ID"], "supports_field": "geometry_binding", "match_method": "pmtiles_available", "match_score": 0.0, "note": "File available (2.51 GB). Polygon binding not yet performed."}], "source_evidence_excerpt": {"addr:city": "Manchester", "addr:housenumber": "30", "addr:postcode": "M2 7AQ", "addr:street": "Cross Street", "amenity": "bank", "atm": "yes"}, "building_type_secondary": "", "geometry_match_method": "none", "address_match_method": "none", "limitations": "OSM-only classification. EPC/VOA needed for A-level evidence.", "evidence_summary": {"osm_cache": true, "poi_available": true, "pilot_cross_ref": true, "pmtiles_available": true, "inspire_zips_available": false, "epc_voa_overture": false, "total_sources": 4}}}, {"type": "Feature", "id": "ENG_OSM_node_331410194", "geometry": {"type": "Point", "coordinates": [-2.2448409, 53.4815195]}, "properties": {"parcel_id": "ENG_OSM_node_331410194", "slot_id": "building_type_8", "region": "North West", "area": "Manchester", "building_type_primary": "commercial_retail", "building_type_code": "C_RETAIL", "building_category": "commercial", "evidence_level": "D", "confidence_score": 0.6, "confidence_level_1_to_4": 2, "source_count": 4, "match_method": "shop=locksmith", "source": "OpenStreetMap via Overpass API", "source_url": "https://www.openstreetmap.org/node/331410194", "osm_tags_summary": {"addr:city": "Manchester", "addr:housenumber": "42", "addr:postcode": "M2 7AR", "addr:street": "Cross Street", "brand": "Timpson", "brand:wikidata": "Q7807658", "brand:wikipedia": "en:Timpson (retailer)", "name": "Timpson"}, "fake_data": false, "final_ready": false, "needs_manual_review": true, "updated_at": "2026-08-08T22:34:46Z", "sources": [{"source_name": "OSM Overpass API", "url": "https://overpass-api.de/api/interpreter", "local_cache": "osm_cache_england_884d5092.json", "cache_sha256": "36fa160894f2b7940be373783b59dacf324502d5a5bf829029f008109725d3a7", "accessed_at": "2026-08-08T00:52:00Z", "licence": "ODbL 1.0", "granularity": "building_point", "fields_used": ["building", "amenity", "shop", "office", "tourism", "landuse", "railway", "healthcare"], "supports_field": "building_type_primary", "match_method": "shop=locksmith", "match_score": 0.6}, {"source_name": "POI regional data (north)", "url_or_local_path": "F:\\TerraYield_AAYS_Portable\\AAYS\\england_map_web\\data\\poi\\north-points.geojson", "accessed_at": "2026-08-08", "licence": "ODbL 1.0", "granularity": "regional_point_geojson", "fields_used": ["amenity", "shop", "name", "tourism"], "supports_field": "building_type_primary (enrichment available)", "match_method": "poi_file_available", "match_score": 0.0, "note": "File exists (21.5 MB). Spatial proximity match not yet run."}, {"source_name": "England pilot GeoJSON cross-reference", "url_or_local_path": "F:\\TerraYield_AAYS_Portable\\AAYS\\england_map_web\\data\\parcel_building_type_england_pilot.geojson", "accessed_at": "2026-08-08", "licence": "ODbL 1.0", "granularity": "pilot_feature_match", "fields_used": ["building_type_primary", "evidence_level"], "supports_field": "building_type_primary (corroborating)", "match_method": "pilot_id_match", "match_score": 0.7}, {"source_name": "HMLR INSPIRE PMTiles (north)", "url_or_local_path": "F:\\TerraYield_AAYS_Portable\\AAYS\\england_map_web\\data\\north.pmtiles", "accessed_at": "2026-08-08", "licence": "OGLv3", "granularity": "cadastral_parcel_polygon", "fields_used": ["parcel_boundary", "INSPIRE_ID"], "supports_field": "geometry_binding", "match_method": "pmtiles_available", "match_score": 0.0, "note": "File available (2.51 GB). Polygon binding not yet performed."}], "source_evidence_excerpt": {"addr:city": "Manchester", "addr:housenumber": "42", "addr:postcode": "M2 7AR", "addr:street": "Cross Street", "brand": "Timpson", "brand:wikidata": "Q7807658"}, "building_type_secondary": "", "geometry_match_method": "none", "address_match_method": "none", "limitations": "OSM-only classification. EPC/VOA needed for A-level evidence.", "evidence_summary": {"osm_cache": true, "poi_available": true, "pilot_cross_ref": true, "pmtiles_available": true, "inspire_zips_available": false, "epc_voa_overture": false, "total_sources": 4}}}, {"type": "Feature", "id": "ENG_OSM_node_331410349", "geometry": {"type": "Point", "coordinates": [-2.2448566, 53.4814655]}, "properties": {"parcel_id": "ENG_OSM_node_331410349", "slot_id": "building_type_8", "region": "North West", "area": "Manchester", "building_type_primary": "commercial_retail", "building_type_code": "C_RETAIL", "building_category": "commercial", "evidence_level": "D", "confidence_score": 0.6, "confidence_level_1_to_4": 2, "source_count": 4, "match_method": "shop=vacant", "source": "OpenStreetMap via Overpass API", "source_url": "https://www.openstreetmap.org/node/331410349", "osm_tags_summary": {"addr:city": "Manchester", "addr:housenumber": "44", "addr:postcode": "M2 7AR", "addr:street": "Cross Street", "old_name": "Click Sandwich Bar", "shop": "vacant"}, "fake_data": false, "final_ready": false, "needs_manual_review": true, "updated_at": "2026-08-08T22:34:46Z", "sources": [{"source_name": "OSM Overpass API", "url": "https://overpass-api.de/api/interpreter", "local_cache": "osm_cache_england_884d5092.json", "cache_sha256": "36fa160894f2b7940be373783b59dacf324502d5a5bf829029f008109725d3a7", "accessed_at": "2026-08-08T00:52:00Z", "licence": "ODbL 1.0", "granularity": "building_point", "fields_used": ["building", "amenity", "shop", "office", "tourism", "landuse", "railway", "healthcare"], "supports_field": "building_type_primary", "match_method": "shop=vacant", "match_score": 0.6}, {"source_name": "POI regional data (north)", "url_or_local_path": "F:\\TerraYield_AAYS_Portable\\AAYS\\england_map_web\\data\\poi\\north-points.geojson", "accessed_at": "2026-08-08", "licence": "ODbL 1.0", "granularity": "regional_point_geojson", "fields_used": ["amenity", "shop", "name", "tourism"], "supports_field": "building_type_primary (enrichment available)", "match_method": "poi_file_available", "match_score": 0.0, "note": "File exists (21.5 MB). Spatial proximity match not yet run."}, {"source_name": "England pilot GeoJSON cross-reference", "url_or_local_path": "F:\\TerraYield_AAYS_Portable\\AAYS\\england_map_web\\data\\parcel_building_type_england_pilot.geojson", "accessed_at": "2026-08-08", "licence": "ODbL 1.0", "granularity": "pilot_feature_match", "fields_used": ["building_type_primary", "evidence_level"], "supports_field": "building_type_primary (corroborating)", "match_method": "pilot_id_match", "match_score": 0.7}, {"source_name": "HMLR INSPIRE PMTiles (north)", "url_or_local_path": "F:\\TerraYield_AAYS_Portable\\AAYS\\england_map_web\\data\\north.pmtiles", "accessed_at": "2026-08-08", "licence": "OGLv3", "granularity": "cadastral_parcel_polygon", "fields_used": ["parcel_boundary", "INSPIRE_ID"], "supports_field": "geometry_binding", "match_method": "pmtiles_available", "match_score": 0.0, "note": "File available (2.51 GB). Polygon binding not yet performed."}], "source_evidence_excerpt": {"addr:city": "Manchester", "addr:housenumber": "44", "addr:postcode": "M2 7AR", "addr:street": "Cross Street", "old_name": "Click Sandwich Bar", "shop": "vacant"}, "building_type_secondary": "", "geometry_match_method": "none", "address_match_method": "none", "limitations": "OSM-only classification. EPC/VOA needed for A-level evidence.", "evidence_summary": {"osm_cache": true, "poi_available": true, "pilot_cross_ref": true, "pmtiles_available": true, "inspire_zips_available": false, "epc_voa_overture": false, "total_sources": 4}}}, {"type": "Feature", "id": "ENG_OSM_node_331410626", "geometry": {"type": "Point", "coordinates": [-2.2448887, 53.4813335]}, "properties": {"parcel_id": "ENG_OSM_node_331410626", "slot_id": "building_type_8", "region": "North West", "area": "Manchester", "building_type_primary": "commercial_retail", "building_type_code": "C_RETAIL", "building_category": "commercial", "evidence_level": "B", "confidence_score": 0.75, "confidence_level_1_to_4": 3, "source_count": 4, "match_method": "amenity=pub", "source": "OpenStreetMap via Overpass API", "source_url": "https://www.openstreetmap.org/node/331410626", "osm_tags_summary": {"addr:city": "Manchester", "addr:housenumber": "52", "addr:postcode": "M2 4JR", "addr:street": "Cross Street", "amenity": "pub", "food": "yes", "name": "Mr Thomas's Chop House", "real_ale": "yes"}, "fake_data": false, "final_ready": false, "needs_manual_review": false, "updated_at": "2026-08-08T22:34:46Z", "sources": [{"source_name": "OSM Overpass API", "url": "https://overpass-api.de/api/interpreter", "local_cache": "osm_cache_england_884d5092.json", "cache_sha256": "36fa160894f2b7940be373783b59dacf324502d5a5bf829029f008109725d3a7", "accessed_at": "2026-08-08T00:52:00Z", "licence": "ODbL 1.0", "granularity": "building_point", "fields_used": ["building", "amenity", "shop", "office", "tourism", "landuse", "railway", "healthcare"], "supports_field": "building_type_primary", "match_method": "amenity=pub", "match_score": 0.75}, {"source_name": "POI regional data (north)", "url_or_local_path": "F:\\TerraYield_AAYS_Portable\\AAYS\\england_map_web\\data\\poi\\north-points.geojson", "accessed_at": "2026-08-08", "licence": "ODbL 1.0", "granularity": "regional_point_geojson", "fields_used": ["amenity", "shop", "name", "tourism"], "supports_field": "building_type_primary (enrichment available)", "match_method": "poi_file_available", "match_score": 0.0, "note": "File exists (21.5 MB). Spatial proximity match not yet run."}, {"source_name": "England pilot GeoJSON cross-reference", "url_or_local_path": "F:\\TerraYield_AAYS_Portable\\AAYS\\england_map_web\\data\\parcel_building_type_england_pilot.geojson", "accessed_at": "2026-08-08", "licence": "ODbL 1.0", "granularity": "pilot_feature_match", "fields_used": ["building_type_primary", "evidence_level"], "supports_field": "building_type_primary (corroborating)", "match_method": "pilot_id_match", "match_score": 0.7}, {"source_name": "HMLR INSPIRE PMTiles (north)", "url_or_local_path": "F:\\TerraYield_AAYS_Portable\\AAYS\\england_map_web\\data\\north.pmtiles", "accessed_at": "2026-08-08", "licence": "OGLv3", "granularity": "cadastral_parcel_polygon", "fields_used": ["parcel_boundary", "INSPIRE_ID"], "supports_field": "geometry_binding", "match_method": "pmtiles_available", "match_score": 0.0, "note": "File available (2.51 GB). Polygon binding not yet performed."}], "source_evidence_excerpt": {"addr:city": "Manchester", "addr:housenumber": "52", "addr:postcode": "M2 4JR", "addr:street": "Cross Street", "amenity": "pub", "food": "yes"}, "building_type_secondary": "", "geometry_match_method": "none", "address_match_method": "none", "limitations": "OSM-only classification. EPC/VOA needed for A-level evidence.", "evidence_summary": {"osm_cache": true, "poi_available": true, "pilot_cross_ref": true, "pmtiles_available": true, "inspire_zips_available": false, "epc_voa_overture": false, "total_sources": 4}}}, {"type": "Feature", "id": "ENG_OSM_node_331411190", "geometry": {"type": "Point", "coordinates": [-2.2451113, 53.4806978]}, "properties": {"parcel_id": "ENG_OSM_node_331411190", "slot_id": "building_type_8", "region": "North West", "area": "Manchester", "building_type_primary": "commercial_retail", "building_type_code": "C_RETAIL", "building_category": "commercial", "evidence_level": "B", "confidence_score": 0.75, "confidence_level_1_to_4": 3, "source_count": 4, "match_method": "amenity=bank", "source": "OpenStreetMap via Overpass API", "source_url": "https://www.openstreetmap.org/node/331411190", "osm_tags_summary": {"addr:city": "Manchester", "addr:country": "GB", "addr:housenumber": "70-72", "addr:postcode": "M2 4JG", "addr:street": "Cross Street", "amenity": "bank", "brand": "The Co-operative Bank", "brand:wikidata": "Q3520318"}, "fake_data": false, "final_ready": false, "needs_manual_review": false, "updated_at": "2026-08-08T22:34:46Z", "sources": [{"source_name": "OSM Overpass API", "url": "https://overpass-api.de/api/interpreter", "local_cache": "osm_cache_england_884d5092.json", "cache_sha256": "36fa160894f2b7940be373783b59dacf324502d5a5bf829029f008109725d3a7", "accessed_at": "2026-08-08T00:52:00Z", "licence": "ODbL 1.0", "granularity": "building_point", "fields_used": ["building", "amenity", "shop", "office", "tourism", "landuse", "railway", "healthcare"], "supports_field": "building_type_primary", "match_method": "amenity=bank", "match_score": 0.75}, {"source_name": "POI regional data (north)", "url_or_local_path": "F:\\TerraYield_AAYS_Portable\\AAYS\\england_map_web\\data\\poi\\north-points.geojson", "accessed_at": "2026-08-08", "licence": "ODbL 1.0", "granularity": "regional_point_geojson", "fields_used": ["amenity", "shop", "name", "tourism"], "supports_field": "building_type_primary (enrichment available)", "match_method": "poi_file_available", "match_score": 0.0, "note": "File exists (21.5 MB). Spatial proximity match not yet run."}, {"source_name": "England pilot GeoJSON cross-reference", "url_or_local_path": "F:\\TerraYield_AAYS_Portable\\AAYS\\england_map_web\\data\\parcel_building_type_england_pilot.geojson", "accessed_at": "2026-08-08", "licence": "ODbL 1.0", "granularity": "pilot_feature_match", "fields_used": ["building_type_primary", "evidence_level"], "supports_field": "building_type_primary (corroborating)", "match_method": "pilot_id_match", "match_score": 0.7}, {"source_name": "HMLR INSPIRE PMTiles (north)", "url_or_local_path": "F:\\TerraYield_AAYS_Portable\\AAYS\\england_map_web\\data\\north.pmtiles", "accessed_at": "2026-08-08", "licence": "OGLv3", "granularity": "cadastral_parcel_polygon", "fields_used": ["parcel_boundary", "INSPIRE_ID"], "supports_field": "geometry_binding", "match_method": "pmtiles_available", "match_score": 0.0, "note": "File available (2.51 GB). Polygon binding not yet performed."}], "source_evidence_excerpt": {"addr:city": "Manchester", "addr:country": "GB", "addr:housenumber": "70-72", "addr:postcode": "M2 4JG", "addr:street": "Cross Street", "amenity": "bank"}, "building_type_secondary": "", "geometry_match_method": "none", "address_match_method": "none", "limitations": "OSM-only classification. EPC/VOA needed for A-level evidence.", "evidence_summary": {"osm_cache": true, "poi_available": true, "pilot_cross_ref": true, "pmtiles_available": true, "inspire_zips_available": false, "epc_voa_overture": false, "total_sources": 4}}}, {"type": "Feature", "id": "ENG_OSM_node_331411591", "geometry": {"type": "Point", "coordinates": [-2.2451507, 53.4805763]}, "properties": {"parcel_id": "ENG_OSM_node_331411591", "slot_id": "building_type_8", "region": "North West", "area": "Manchester", "building_type_primary": "commercial_retail", "building_type_code": "C_RETAIL", "building_category": "commercial", "evidence_level": "D", "confidence_score": 0.6, "confidence_level_1_to_4": 2, "source_count": 4, "match_method": "shop=beauty", "source": "OpenStreetMap via Overpass API", "source_url": "https://www.openstreetmap.org/node/331411591", "osm_tags_summary": {"addr:city": "Manchester", "addr:country": "GB", "addr:housenumber": "74", "addr:postcode": "M2 4JG", "addr:street": "Cross Street", "beauty": "tanning", "name": "The Tanning Shop", "opening_hours": "Mo-Fr 08:00-20:00; Sa 09:00-18:00; Su 11:00-18:00"}, "fake_data": false, "final_ready": false, "needs_manual_review": true, "updated_at": "2026-08-08T22:34:46Z", "sources": [{"source_name": "OSM Overpass API", "url": "https://overpass-api.de/api/interpreter", "local_cache": "osm_cache_england_884d5092.json", "cache_sha256": "36fa160894f2b7940be373783b59dacf324502d5a5bf829029f008109725d3a7", "accessed_at": "2026-08-08T00:52:00Z", "licence": "ODbL 1.0", "granularity": "building_point", "fields_used": ["building", "amenity", "shop", "office", "tourism", "landuse", "railway", "healthcare"], "supports_field": "building_type_primary", "match_method": "shop=beauty", "match_score": 0.6}, {"source_name": "POI regional data (north)", "url_or_local_path": "F:\\TerraYield_AAYS_Portable\\AAYS\\england_map_web\\data\\poi\\north-points.geojson", "accessed_at": "2026-08-08", "licence": "ODbL 1.0", "granularity": "regional_point_geojson", "fields_used": ["amenity", "shop", "name", "tourism"], "supports_field": "building_type_primary (enrichment available)", "match_method": "poi_file_available", "match_score": 0.0, "note": "File exists (21.5 MB). Spatial proximity match not yet run."}, {"source_name": "England pilot GeoJSON cross-reference", "url_or_local_path": "F:\\TerraYield_AAYS_Portable\\AAYS\\england_map_web\\data\\parcel_building_type_england_pilot.geojson", "accessed_at": "2026-08-08", "licence": "ODbL 1.0", "granularity": "pilot_feature_match", "fields_used": ["building_type_primary", "evidence_level"], "supports_field": "building_type_primary (corroborating)", "match_method": "pilot_id_match", "match_score": 0.7}, {"source_name": "HMLR INSPIRE PMTiles (north)", "url_or_local_path": "F:\\TerraYield_AAYS_Portable\\AAYS\\england_map_web\\data\\north.pmtiles", "accessed_at": "2026-08-08", "licence": "OGLv3", "granularity": "cadastral_parcel_polygon", "fields_used": ["parcel_boundary", "INSPIRE_ID"], "supports_field": "geometry_binding", "match_method": "pmtiles_available", "match_score": 0.0, "note": "File available (2.51 GB). Polygon binding not yet performed."}], "source_evidence_excerpt": {"addr:city": "Manchester", "addr:country": "GB", "addr:housenumber": "74", "addr:postcode": "M2 4JG", "addr:street": "Cross Street", "beauty": "tanning"}, "building_type_secondary": "", "geometry_match_method": "none", "address_match_method": "none", "limitations": "OSM-only classification. EPC/VOA needed for A-level evidence.", "evidence_summary": {"osm_cache": true, "poi_available": true, "pilot_cross_ref": true, "pmtiles_available": true, "inspire_zips_available": false, "epc_voa_overture": false, "total_sources": 4}}}, {"type": "Feature", "id": "ENG_OSM_node_331412002", "geometry": {"type": "Point", "coordinates": [-2.2451889, 53.4804691]}, "properties": {"parcel_id": "ENG_OSM_node_331412002", "slot_id": "building_type_8", "region": "North West", "area": "Manchester", "building_type_primary": "office", "building_type_code": "C_OFFICE", "building_category": "commercial", "evidence_level": "C", "confidence_score": 0.6, "confidence_level_1_to_4": 2, "source_count": 4, "match_method": "office=*", "source": "OpenStreetMap via Overpass API", "source_url": "https://www.openstreetmap.org/node/331412002", "osm_tags_summary": {"addr:city": "Manchester", "addr:country": "GB", "addr:housename": "Steam Packet House", "addr:housenumber": "70-76", "addr:postcode": "M2 4JG", "addr:street": "Cross Street", "office": "company"}, "fake_data": false, "final_ready": false, "needs_manual_review": true, "updated_at": "2026-08-08T22:34:46Z", "sources": [{"source_name": "OSM Overpass API", "url": "https://overpass-api.de/api/interpreter", "local_cache": "osm_cache_england_884d5092.json", "cache_sha256": "36fa160894f2b7940be373783b59dacf324502d5a5bf829029f008109725d3a7", "accessed_at": "2026-08-08T00:52:00Z", "licence": "ODbL 1.0", "granularity": "building_point", "fields_used": ["building", "amenity", "shop", "office", "tourism", "landuse", "railway", "healthcare"], "supports_field": "building_type_primary", "match_method": "office=*", "match_score": 0.6}, {"source_name": "POI regional data (north)", "url_or_local_path": "F:\\TerraYield_AAYS_Portable\\AAYS\\england_map_web\\data\\poi\\north-points.geojson", "accessed_at": "2026-08-08", "licence": "ODbL 1.0", "granularity": "regional_point_geojson", "fields_used": ["amenity", "shop", "name", "tourism"], "supports_field": "building_type_primary (enrichment available)", "match_method": "poi_file_available", "match_score": 0.0, "note": "File exists (21.5 MB). Spatial proximity match not yet run."}, {"source_name": "England pilot GeoJSON cross-reference", "url_or_local_path": "F:\\TerraYield_AAYS_Portable\\AAYS\\england_map_web\\data\\parcel_building_type_england_pilot.geojson", "accessed_at": "2026-08-08", "licence": "ODbL 1.0", "granularity": "pilot_feature_match", "fields_used": ["building_type_primary", "evidence_level"], "supports_field": "building_type_primary (corroborating)", "match_method": "pilot_id_match", "match_score": 0.7}, {"source_name": "HMLR INSPIRE PMTiles (north)", "url_or_local_path": "F:\\TerraYield_AAYS_Portable\\AAYS\\england_map_web\\data\\north.pmtiles", "accessed_at": "2026-08-08", "licence": "OGLv3", "granularity": "cadastral_parcel_polygon", "fields_used": ["parcel_boundary", "INSPIRE_ID"], "supports_field": "geometry_binding", "match_method": "pmtiles_available", "match_score": 0.0, "note": "File available (2.51 GB). Polygon binding not yet performed."}], "source_evidence_excerpt": {"addr:city": "Manchester", "addr:country": "GB", "addr:housename": "Steam Packet House", "addr:housenumber": "70-76", "addr:postcode": "M2 4JG", "addr:street": "Cross Street"}, "building_type_secondary": "", "geometry_match_method": "none", "address_match_method": "none", "limitations": "OSM-only classification. EPC/VOA needed for A-level evidence.", "evidence_summary": {"osm_cache": true, "poi_available": true, "pilot_cross_ref": true, "pmtiles_available": true, "inspire_zips_available": false, "epc_voa_overture": false, "total_sources": 4}}}, {"type": "Feature", "id": "ENG_OSM_node_331413286", "geometry": {"type": "Point", "coordinates": [-2.2461061, 53.4792383]}, "properties": {"parcel_id": "ENG_OSM_node_331413286", "slot_id": "building_type_8", "region": "North West", "area": "Manchester", "building_type_primary": "commercial_retail", "building_type_code": "C_RETAIL", "building_category": "commercial", "evidence_level": "B", "confidence_score": 0.75, "confidence_level_1_to_4": 3, "source_count": 4, "match_method": "amenity=bar", "source": "OpenStreetMap via Overpass API", "source_url": "https://www.openstreetmap.org/node/331413286", "osm_tags_summary": {"addr:city": "Manchester", "addr:housename": "Heron House", "addr:housenumber": "11-12", "addr:postcode": "M2 5HD", "addr:street": "Albert Square", "amenity": "bar", "brand": "Slug and Lettuce", "brand:wikidata": "Q7542224"}, "fake_data": false, "final_ready": false, "needs_manual_review": false, "updated_at": "2026-08-08T22:34:46Z", "sources": [{"source_name": "OSM Overpass API", "url": "https://overpass-api.de/api/interpreter", "local_cache": "osm_cache_england_884d5092.json", "cache_sha256": "36fa160894f2b7940be373783b59dacf324502d5a5bf829029f008109725d3a7", "accessed_at": "2026-08-08T00:52:00Z", "licence": "ODbL 1.0", "granularity": "building_point", "fields_used": ["building", "amenity", "shop", "office", "tourism", "landuse", "railway", "healthcare"], "supports_field": "building_type_primary", "match_method": "amenity=bar", "match_score": 0.75}, {"source_name": "POI regional data (north)", "url_or_local_path": "F:\\TerraYield_AAYS_Portable\\AAYS\\england_map_web\\data\\poi\\north-points.geojson", "accessed_at": "2026-08-08", "licence": "ODbL 1.0", "granularity": "regional_point_geojson", "fields_used": ["amenity", "shop", "name", "tourism"], "supports_field": "building_type_primary (enrichment available)", "match_method": "poi_file_available", "match_score": 0.0, "note": "File exists (21.5 MB). Spatial proximity match not yet run."}, {"source_name": "England pilot GeoJSON cross-reference", "url_or_local_path": "F:\\TerraYield_AAYS_Portable\\AAYS\\england_map_web\\data\\parcel_building_type_england_pilot.geojson", "accessed_at": "2026-08-08", "licence": "ODbL 1.0", "granularity": "pilot_feature_match", "fields_used": ["building_type_primary", "evidence_level"], "supports_field": "building_type_primary (corroborating)", "match_method": "pilot_id_match", "match_score": 0.7}, {"source_name": "HMLR INSPIRE PMTiles (north)", "url_or_local_path": "F:\\TerraYield_AAYS_Portable\\AAYS\\england_map_web\\data\\north.pmtiles", "accessed_at": "2026-08-08", "licence": "OGLv3", "granularity": "cadastral_parcel_polygon", "fields_used": ["parcel_boundary", "INSPIRE_ID"], "supports_field": "geometry_binding", "match_method": "pmtiles_available", "match_score": 0.0, "note": "File available (2.51 GB). Polygon binding not yet performed."}], "source_evidence_excerpt": {"addr:city": "Manchester", "addr:housename": "Heron House", "addr:housenumber": "11-12", "addr:postcode": "M2 5HD", "addr:street": "Albert Square", "amenity": "bar"}, "building_type_secondary": "", "geometry_match_method": "none", "address_match_method": "none", "limitations": "OSM-only classification. EPC/VOA needed for A-level evidence.", "evidence_summary": {"osm_cache": true, "poi_available": true, "pilot_cross_ref": true, "pmtiles_available": true, "inspire_zips_available": false, "epc_voa_overture": false, "total_sources": 4}}}, {"type": "Feature", "id": "ENG_OSM_node_331413542", "geometry": {"type": "Point", "coordinates": [-2.2460399, 53.4790725]}, "properties": {"parcel_id": "ENG_OSM_node_331413542", "slot_id": "building_type_8", "region": "North West", "area": "Manchester", "building_type_primary": "unknown", "building_type_code": "U_UNKNOWN", "building_category": "unknown", "evidence_level": "U", "confidence_score": 0.0, "confidence_level_1_to_4": 1, "source_count": 4, "match_method": "no_specific_tag", "source": "OpenStreetMap via Overpass API", "source_url": "https://www.openstreetmap.org/node/331413542", "osm_tags_summary": {"amenity": "post_box", "brand": "Royal Mail", "brand:wikidata": "Q638098", "collection_times": "Mo-Fr 18:30; Sa 12:00", "colour": "gold", "inscription": "This post box has been painted gold by Royal Mail to celebrate Philip Hindes Gold Medal winner London 2012 Olympic Games Cycling: Track - Men's Team Sprint", "operator": "Royal Mail", "operator:type": "private"}, "fake_data": false, "final_ready": false, "needs_manual_review": false, "updated_at": "2026-08-08T22:34:46Z", "sources": [{"source_name": "OSM Overpass API", "url": "https://overpass-api.de/api/interpreter", "local_cache": "osm_cache_england_884d5092.json", "cache_sha256": "36fa160894f2b7940be373783b59dacf324502d5a5bf829029f008109725d3a7", "accessed_at": "2026-08-08T00:52:00Z", "licence": "ODbL 1.0", "granularity": "building_point", "fields_used": ["building", "amenity", "shop", "office", "tourism", "landuse", "railway", "healthcare"], "supports_field": "building_type_primary", "match_method": "no_specific_tag", "match_score": 0.0}, {"source_name": "POI regional data (north)", "url_or_local_path": "F:\\TerraYield_AAYS_Portable\\AAYS\\england_map_web\\data\\poi\\north-points.geojson", "accessed_at": "2026-08-08", "licence": "ODbL 1.0", "granularity": "regional_point_geojson", "fields_used": ["amenity", "shop", "name", "tourism"], "supports_field": "building_type_primary (enrichment available)", "match_method": "poi_file_available", "match_score": 0.0, "note": "File exists (21.5 MB). Spatial proximity match not yet run."}, {"source_name": "England pilot GeoJSON cross-reference", "url_or_local_path": "F:\\TerraYield_AAYS_Portable\\AAYS\\england_map_web\\data\\parcel_building_type_england_pilot.geojson", "accessed_at": "2026-08-08", "licence": "ODbL 1.0", "granularity": "pilot_feature_match", "fields_used": ["building_type_primary", "evidence_level"], "supports_field": "building_type_primary (corroborating)", "match_method": "pilot_id_match", "match_score": 0.7}, {"source_name": "HMLR INSPIRE PMTiles (north)", "url_or_local_path": "F:\\TerraYield_AAYS_Portable\\AAYS\\england_map_web\\data\\north.pmtiles", "accessed_at": "2026-08-08", "licence": "OGLv3", "granularity": "cadastral_parcel_polygon", "fields_used": ["parcel_boundary", "INSPIRE_ID"], "supports_field": "geometry_binding", "match_method": "pmtiles_available", "match_score": 0.0, "note": "File available (2.51 GB). Polygon binding not yet performed."}], "source_evidence_excerpt": {"amenity": "post_box", "brand": "Royal Mail", "brand:wikidata": "Q638098", "collection_times": "Mo-Fr 18:30; Sa 12:00", "colour": "gold", "inscription": "This post box has been painted gold by Royal Mail to celebrate Philip Hindes Gold Medal winner London 2012 Olympic Games Cycling: Track - Men's Team Sprint"}, "building_type_secondary": "", "geometry_match_method": "none", "address_match_method": "none", "limitations": "OSM-only classification. EPC/VOA needed for A-level evidence.", "evidence_summary": {"osm_cache": true, "poi_available": true, "pilot_cross_ref": true, "pmtiles_available": true, "inspire_zips_available": false, "epc_voa_overture": false, "total_sources": 4}}}, {"type": "Feature", "id": "ENG_OSM_node_331414729", "geometry": {"type": "Point", "coordinates": [-2.2463227, 53.4789629]}, "properties": {"parcel_id": "ENG_OSM_node_331414729", "slot_id": "building_type_8", "region": "North West", "area": "Manchester", "building_type_primary": "commercial_retail", "building_type_code": "C_RETAIL", "building_category": "commercial", "evidence_level": "B", "confidence_score": 0.75, "confidence_level_1_to_4": 3, "source_count": 4, "match_method": "amenity=restaurant", "source": "OpenStreetMap via Overpass API", "source_url": "https://www.openstreetmap.org/node/331414729", "osm_tags_summary": {"addr:city": "Manchester", "addr:country": "GB", "addr:housenumber": "18-22", "addr:postcode": "M2 5WA", "addr:street": "Lloyd Street", "amenity": "restaurant", "capacity": "150", "cuisine": "barbecue"}, "fake_data": false, "final_ready": false, "needs_manual_review": false, "updated_at": "2026-08-08T22:34:46Z", "sources": [{"source_name": "OSM Overpass API", "url": "https://overpass-api.de/api/interpreter", "local_cache": "osm_cache_england_884d5092.json", "cache_sha256": "36fa160894f2b7940be373783b59dacf324502d5a5bf829029f008109725d3a7", "accessed_at": "2026-08-08T00:52:00Z", "licence": "ODbL 1.0", "granularity": "building_point", "fields_used": ["building", "amenity", "shop", "office", "tourism", "landuse", "railway", "healthcare"], "supports_field": "building_type_primary", "match_method": "amenity=restaurant", "match_score": 0.75}, {"source_name": "POI regional data (north)", "url_or_local_path": "F:\\TerraYield_AAYS_Portable\\AAYS\\england_map_web\\data\\poi\\north-points.geojson", "accessed_at": "2026-08-08", "licence": "ODbL 1.0", "granularity": "regional_point_geojson", "fields_used": ["amenity", "shop", "name", "tourism"], "supports_field": "building_type_primary (enrichment available)", "match_method": "poi_file_available", "match_score": 0.0, "note": "File exists (21.5 MB). Spatial proximity match not yet run."}, {"source_name": "England pilot GeoJSON cross-reference", "url_or_local_path": "F:\\TerraYield_AAYS_Portable\\AAYS\\england_map_web\\data\\parcel_building_type_england_pilot.geojson", "accessed_at": "2026-08-08", "licence": "ODbL 1.0", "granularity": "pilot_feature_match", "fields_used": ["building_type_primary", "evidence_level"], "supports_field": "building_type_primary (corroborating)", "match_method": "pilot_id_match", "match_score": 0.7}, {"source_name": "HMLR INSPIRE PMTiles (north)", "url_or_local_path": "F:\\TerraYield_AAYS_Portable\\AAYS\\england_map_web\\data\\north.pmtiles", "accessed_at": "2026-08-08", "licence": "OGLv3", "granularity": "cadastral_parcel_polygon", "fields_used": ["parcel_boundary", "INSPIRE_ID"], "supports_field": "geometry_binding", "match_method": "pmtiles_available", "match_score": 0.0, "note": "File available (2.51 GB). Polygon binding not yet performed."}], "source_evidence_excerpt": {"addr:city": "Manchester", "addr:country": "GB", "addr:housenumber": "18-22", "addr:postcode": "M2 5WA", "addr:street": "Lloyd Street", "amenity": "restaurant"}, "building_type_secondary": "", "geometry_match_method": "none", "address_match_method": "none", "limitations": "OSM-only classification. EPC/VOA needed for A-level evidence.", "evidence_summary": {"osm_cache": true, "poi_available": true, "pilot_cross_ref": true, "pmtiles_available": true, "inspire_zips_available": false, "epc_voa_overture": false, "total_sources": 4}}}, {"type": "Feature", "id": "ENG_OSM_node_331485776", "geometry": {"type": "Point", "coordinates": [-2.2461374, 53.4795868]}, "properties": {"parcel_id": "ENG_OSM_node_331485776", "slot_id": "building_type_8", "region": "North West", "area": "Manchester", "building_type_primary": "commercial_retail", "building_type_code": "C_RETAIL", "building_category": "commercial", "evidence_level": "B", "confidence_score": 0.75, "confidence_level_1_to_4": 3, "source_count": 4, "match_method": "amenity=cafe", "source": "OpenStreetMap via Overpass API", "source_url": "https://www.openstreetmap.org/node/331485776", "osm_tags_summary": {"addr:city": "Manchester", "addr:housenumber": "46", "addr:postcode": "M2 5EB", "addr:street": "Brazennose Street", "amenity": "cafe", "fhrs:id": "1820819", "name": "Shirley's Sandwiches"}, "fake_data": false, "final_ready": false, "needs_manual_review": false, "updated_at": "2026-08-08T22:34:46Z", "sources": [{"source_name": "OSM Overpass API", "url": "https://overpass-api.de/api/interpreter", "local_cache": "osm_cache_england_884d5092.json", "cache_sha256": "36fa160894f2b7940be373783b59dacf324502d5a5bf829029f008109725d3a7", "accessed_at": "2026-08-08T00:52:00Z", "licence": "ODbL 1.0", "granularity": "building_point", "fields_used": ["building", "amenity", "shop", "office", "tourism", "landuse", "railway", "healthcare"], "supports_field": "building_type_primary", "match_method": "amenity=cafe", "match_score": 0.75}, {"source_name": "POI regional data (north)", "url_or_local_path": "F:\\TerraYield_AAYS_Portable\\AAYS\\england_map_web\\data\\poi\\north-points.geojson", "accessed_at": "2026-08-08", "licence": "ODbL 1.0", "granularity": "regional_point_geojson", "fields_used": ["amenity", "shop", "name", "tourism"], "supports_field": "building_type_primary (enrichment available)", "match_method": "poi_file_available", "match_score": 0.0, "note": "File exists (21.5 MB). Spatial proximity match not yet run."}, {"source_name": "England pilot GeoJSON cross-reference", "url_or_local_path": "F:\\TerraYield_AAYS_Portable\\AAYS\\england_map_web\\data\\parcel_building_type_england_pilot.geojson", "accessed_at": "2026-08-08", "licence": "ODbL 1.0", "granularity": "pilot_feature_match", "fields_used": ["building_type_primary", "evidence_level"], "supports_field": "building_type_primary (corroborating)", "match_method": "pilot_id_match", "match_score": 0.7}, {"source_name": "HMLR INSPIRE PMTiles (north)", "url_or_local_path": "F:\\TerraYield_AAYS_Portable\\AAYS\\england_map_web\\data\\north.pmtiles", "accessed_at": "2026-08-08", "licence": "OGLv3", "granularity": "cadastral_parcel_polygon", "fields_used": ["parcel_boundary", "INSPIRE_ID"], "supports_field": "geometry_binding", "match_method": "pmtiles_available", "match_score": 0.0, "note": "File available (2.51 GB). Polygon binding not yet performed."}], "source_evidence_excerpt": {"addr:city": "Manchester", "addr:housenumber": "46", "addr:postcode": "M2 5EB", "addr:street": "Brazennose Street", "amenity": "cafe", "fhrs:id": "1820819"}, "building_type_secondary": "", "geometry_match_method": "none", "address_match_method": "none", "limitations": "OSM-only classification. EPC/VOA needed for A-level evidence.", "evidence_summary": {"osm_cache": true, "poi_available": true, "pilot_cross_ref": true, "pmtiles_available": true, "inspire_zips_available": false, "epc_voa_overture": false, "total_sources": 4}}}, {"type": "Feature", "id": "ENG_OSM_node_331485807", "geometry": {"type": "Point", "coordinates": [-2.2462741, 53.479605]}, "properties": {"parcel_id": "ENG_OSM_node_331485807", "slot_id": "building_type_8", "region": "North West", "area": "Manchester", "building_type_primary": "commercial_retail", "building_type_code": "C_RETAIL", "building_category": "commercial", "evidence_level": "B", "confidence_score": 0.75, "confidence_level_1_to_4": 3, "source_count": 4, "match_method": "amenity=fast_food", "source": "OpenStreetMap via Overpass API", "source_url": "https://www.openstreetmap.org/node/331485807", "osm_tags_summary": {"addr:city": "Manchester", "addr:housenumber": "44", "addr:postcode": "M2 5EB", "addr:street": "Brazennose Street", "amenity": "fast_food", "brand": "Greggs", "brand:wikidata": "Q3403981", "brand:wikipedia": "en:Greggs"}, "fake_data": false, "final_ready": false, "needs_manual_review": false, "updated_at": "2026-08-08T22:34:46Z", "sources": [{"source_name": "OSM Overpass API", "url": "https://overpass-api.de/api/interpreter", "local_cache": "osm_cache_england_884d5092.json", "cache_sha256": "36fa160894f2b7940be373783b59dacf324502d5a5bf829029f008109725d3a7", "accessed_at": "2026-08-08T00:52:00Z", "licence": "ODbL 1.0", "granularity": "building_point", "fields_used": ["building", "amenity", "shop", "office", "tourism", "landuse", "railway", "healthcare"], "supports_field": "building_type_primary", "match_method": "amenity=fast_food", "match_score": 0.75}, {"source_name": "POI regional data (north)", "url_or_local_path": "F:\\TerraYield_AAYS_Portable\\AAYS\\england_map_web\\data\\poi\\north-points.geojson", "accessed_at": "2026-08-08", "licence": "ODbL 1.0", "granularity": "regional_point_geojson", "fields_used": ["amenity", "shop", "name", "tourism"], "supports_field": "building_type_primary (enrichment available)", "match_method": "poi_file_available", "match_score": 0.0, "note": "File exists (21.5 MB). Spatial proximity match not yet run."}, {"source_name": "England pilot GeoJSON cross-reference", "url_or_local_path": "F:\\TerraYield_AAYS_Portable\\AAYS\\england_map_web\\data\\parcel_building_type_england_pilot.geojson", "accessed_at": "2026-08-08", "licence": "ODbL 1.0", "granularity": "pilot_feature_match", "fields_used": ["building_type_primary", "evidence_level"], "supports_field": "building_type_primary (corroborating)", "match_method": "pilot_id_match", "match_score": 0.7}, {"source_name": "HMLR INSPIRE PMTiles (north)", "url_or_local_path": "F:\\TerraYield_AAYS_Portable\\AAYS\\england_map_web\\data\\north.pmtiles", "accessed_at": "2026-08-08", "licence": "OGLv3", "granularity": "cadastral_parcel_polygon", "fields_used": ["parcel_boundary", "INSPIRE_ID"], "supports_field": "geometry_binding", "match_method": "pmtiles_available", "match_score": 0.0, "note": "File available (2.51 GB). Polygon binding not yet performed."}], "source_evidence_excerpt": {"addr:city": "Manchester", "addr:housenumber": "44", "addr:postcode": "M2 5EB", "addr:street": "Brazennose Street", "amenity": "fast_food", "brand": "Greggs"}, "building_type_secondary": "", "geometry_match_method": "none", "address_match_method": "none", "limitations": "OSM-only classification. EPC/VOA needed for A-level evidence.", "evidence_summary": {"osm_cache": true, "poi_available": true, "pilot_cross_ref": true, "pmtiles_available": true, "inspire_zips_available": false, "epc_voa_overture": false, "total_sources": 4}}}, {"type": "Feature", "id": "ENG_OSM_node_331486810", "geometry": {"type": "Point", "coordinates": [-2.2478373, 53.480664]}, "properties": {"parcel_id": "ENG_OSM_node_331486810", "slot_id": "building_type_8", "region": "North West", "area": "Manchester", "building_type_primary": "unknown", "building_type_code": "U_UNKNOWN", "building_category": "unknown", "evidence_level": "U", "confidence_score": 0.0, "confidence_level_1_to_4": 1, "source_count": 4, "match_method": "no_specific_tag", "source": "OpenStreetMap via Overpass API", "source_url": "https://www.openstreetmap.org/node/331486810", "osm_tags_summary": {"access": "yes", "amenity": "telephone", "booth": "ST6", "check_date": "2026-05-12", "defibrillator:location": "underneath payphone on back of electronic billboard on John Dalton Street, Manchester", "emergency": "defibrillator", "indoor": "no", "mapillary": "5609600999135195"}, "fake_data": false, "final_ready": false, "needs_manual_review": false, "updated_at": "2026-08-08T22:34:46Z", "sources": [{"source_name": "OSM Overpass API", "url": "https://overpass-api.de/api/interpreter", "local_cache": "osm_cache_england_884d5092.json", "cache_sha256": "36fa160894f2b7940be373783b59dacf324502d5a5bf829029f008109725d3a7", "accessed_at": "2026-08-08T00:52:00Z", "licence": "ODbL 1.0", "granularity": "building_point", "fields_used": ["building", "amenity", "shop", "office", "tourism", "landuse", "railway", "healthcare"], "supports_field": "building_type_primary", "match_method": "no_specific_tag", "match_score": 0.0}, {"source_name": "POI regional data (north)", "url_or_local_path": "F:\\TerraYield_AAYS_Portable\\AAYS\\england_map_web\\data\\poi\\north-points.geojson", "accessed_at": "2026-08-08", "licence": "ODbL 1.0", "granularity": "regional_point_geojson", "fields_used": ["amenity", "shop", "name", "tourism"], "supports_field": "building_type_primary (enrichment available)", "match_method": "poi_file_available", "match_score": 0.0, "note": "File exists (21.5 MB). Spatial proximity match not yet run."}, {"source_name": "England pilot GeoJSON cross-reference", "url_or_local_path": "F:\\TerraYield_AAYS_Portable\\AAYS\\england_map_web\\data\\parcel_building_type_england_pilot.geojson", "accessed_at": "2026-08-08", "licence": "ODbL 1.0", "granularity": "pilot_feature_match", "fields_used": ["building_type_primary", "evidence_level"], "supports_field": "building_type_primary (corroborating)", "match_method": "pilot_id_match", "match_score": 0.7}, {"source_name": "HMLR INSPIRE PMTiles (north)", "url_or_local_path": "F:\\TerraYield_AAYS_Portable\\AAYS\\england_map_web\\data\\north.pmtiles", "accessed_at": "2026-08-08", "licence": "OGLv3", "granularity": "cadastral_parcel_polygon", "fields_used": ["parcel_boundary", "INSPIRE_ID"], "supports_field": "geometry_binding", "match_method": "pmtiles_available", "match_score": 0.0, "note": "File available (2.51 GB). Polygon binding not yet performed."}], "source_evidence_excerpt": {"access": "yes", "amenity": "telephone", "booth": "ST6", "check_date": "2026-05-12", "defibrillator:location": "underneath payphone on back of electronic billboard on John Dalton Street, Manchester", "emergency": "defibrillator"}, "building_type_secondary": "", "geometry_match_method": "none", "address_match_method": "none", "limitations": "OSM-only classification. EPC/VOA needed for A-level evidence.", "evidence_summary": {"osm_cache": true, "poi_available": true, "pilot_cross_ref": true, "pmtiles_available": true, "inspire_zips_available": false, "epc_voa_overture": false, "total_sources": 4}}}, {"type": "Feature", "id": "ENG_OSM_node_334641790", "geometry": {"type": "Point", "coordinates": [-2.2495925, 53.480371]}, "properties": {"parcel_id": "ENG_OSM_node_334641790", "slot_id": "building_type_8", "region": "North West", "area": "Manchester", "building_type_primary": "commercial_retail", "building_type_code": "C_RETAIL", "building_category": "commercial", "evidence_level": "B", "confidence_score": 0.75, "confidence_level_1_to_4": 3, "source_count": 4, "match_method": "amenity=cafe", "source": "OpenStreetMap via Overpass API", "source_url": "https://www.openstreetmap.org/node/334641790", "osm_tags_summary": {"amenity": "cafe", "name": "Cafe at the Rylands", "wheelchair": "yes"}, "fake_data": false, "final_ready": false, "needs_manual_review": false, "updated_at": "2026-08-08T22:34:46Z", "sources": [{"source_name": "OSM Overpass API", "url": "https://overpass-api.de/api/interpreter", "local_cache": "osm_cache_england_884d5092.json", "cache_sha256": "36fa160894f2b7940be373783b59dacf324502d5a5bf829029f008109725d3a7", "accessed_at": "2026-08-08T00:52:00Z", "licence": "ODbL 1.0", "granularity": "building_point", "fields_used": ["building", "amenity", "shop", "office", "tourism", "landuse", "railway", "healthcare"], "supports_field": "building_type_primary", "match_method": "amenity=cafe", "match_score": 0.75}, {"source_name": "POI regional data (north)", "url_or_local_path": "F:\\TerraYield_AAYS_Portable\\AAYS\\england_map_web\\data\\poi\\north-points.geojson", "accessed_at": "2026-08-08", "licence": "ODbL 1.0", "granularity": "regional_point_geojson", "fields_used": ["amenity", "shop", "name", "tourism"], "supports_field": "building_type_primary (enrichment available)", "match_method": "poi_file_available", "match_score": 0.0, "note": "File exists (21.5 MB). Spatial proximity match not yet run."}, {"source_name": "England pilot GeoJSON cross-reference", "url_or_local_path": "F:\\TerraYield_AAYS_Portable\\AAYS\\england_map_web\\data\\parcel_building_type_england_pilot.geojson", "accessed_at": "2026-08-08", "licence": "ODbL 1.0", "granularity": "pilot_feature_match", "fields_used": ["building_type_primary", "evidence_level"], "supports_field": "building_type_primary (corroborating)", "match_method": "pilot_id_match", "match_score": 0.7}, {"source_name": "HMLR INSPIRE PMTiles (north)", "url_or_local_path": "F:\\TerraYield_AAYS_Portable\\AAYS\\england_map_web\\data\\north.pmtiles", "accessed_at": "2026-08-08", "licence": "OGLv3", "granularity": "cadastral_parcel_polygon", "fields_used": ["parcel_boundary", "INSPIRE_ID"], "supports_field": "geometry_binding", "match_method": "pmtiles_available", "match_score": 0.0, "note": "File available (2.51 GB). Polygon binding not yet performed."}], "source_evidence_excerpt": {"amenity": "cafe", "name": "Cafe at the Rylands", "wheelchair": "yes"}, "building_type_secondary": "", "geometry_match_method": "none", "address_match_method": "none", "limitations": "OSM-only classification. EPC/VOA needed for A-level evidence.", "evidence_summary": {"osm_cache": true, "poi_available": true, "pilot_cross_ref": true, "pmtiles_available": true, "inspire_zips_available": false, "epc_voa_overture": false, "total_sources": 4}}}, {"type": "Feature", "id": "ENG_OSM_node_334642257", "geometry": {"type": "Point", "coordinates": [-2.2491257, 53.4795257]}, "properties": {"parcel_id": "ENG_OSM_node_334642257", "slot_id": "building_type_8", "region": "North West", "area": "Manchester", "building_type_primary": "unknown", "building_type_code": "U_UNKNOWN", "building_category": "unknown", "evidence_level": "U", "confidence_score": 0.0, "confidence_level_1_to_4": 1, "source_count": 4, "match_method": "no_specific_tag", "source": "OpenStreetMap via Overpass API", "source_url": "https://www.openstreetmap.org/node/334642257", "osm_tags_summary": {"amenity": "bicycle_parking", "bicycle_parking": "safe_loops", "capacity": "4", "check_date": "2025-11-22", "check_date:capacity": "2025-11-22", "covered": "no"}, "fake_data": false, "final_ready": false, "needs_manual_review": false, "updated_at": "2026-08-08T22:34:46Z", "sources": [{"source_name": "OSM Overpass API", "url": "https://overpass-api.de/api/interpreter", "local_cache": "osm_cache_england_884d5092.json", "cache_sha256": "36fa160894f2b7940be373783b59dacf324502d5a5bf829029f008109725d3a7", "accessed_at": "2026-08-08T00:52:00Z", "licence": "ODbL 1.0", "granularity": "building_point", "fields_used": ["building", "amenity", "shop", "office", "tourism", "landuse", "railway", "healthcare"], "supports_field": "building_type_primary", "match_method": "no_specific_tag", "match_score": 0.0}, {"source_name": "POI regional data (north)", "url_or_local_path": "F:\\TerraYield_AAYS_Portable\\AAYS\\england_map_web\\data\\poi\\north-points.geojson", "accessed_at": "2026-08-08", "licence": "ODbL 1.0", "granularity": "regional_point_geojson", "fields_used": ["amenity", "shop", "name", "tourism"], "supports_field": "building_type_primary (enrichment available)", "match_method": "poi_file_available", "match_score": 0.0, "note": "File exists (21.5 MB). Spatial proximity match not yet run."}, {"source_name": "England pilot GeoJSON cross-reference", "url_or_local_path": "F:\\TerraYield_AAYS_Portable\\AAYS\\england_map_web\\data\\parcel_building_type_england_pilot.geojson", "accessed_at": "2026-08-08", "licence": "ODbL 1.0", "granularity": "pilot_feature_match", "fields_used": ["building_type_primary", "evidence_level"], "supports_field": "building_type_primary (corroborating)", "match_method": "pilot_id_match", "match_score": 0.7}, {"source_name": "HMLR INSPIRE PMTiles (north)", "url_or_local_path": "F:\\TerraYield_AAYS_Portable\\AAYS\\england_map_web\\data\\north.pmtiles", "accessed_at": "2026-08-08", "licence": "OGLv3", "granularity": "cadastral_parcel_polygon", "fields_used": ["parcel_boundary", "INSPIRE_ID"], "supports_field": "geometry_binding", "match_method": "pmtiles_available", "match_score": 0.0, "note": "File available (2.51 GB). Polygon binding not yet performed."}], "source_evidence_excerpt": {"amenity": "bicycle_parking", "bicycle_parking": "safe_loops", "capacity": "4", "check_date": "2025-11-22", "check_date:capacity": "2025-11-22", "covered": "no"}, "building_type_secondary": "", "geometry_match_method": "none", "address_match_method": "none", "limitations": "OSM-only classification. EPC/VOA needed for A-level evidence.", "evidence_summary": {"osm_cache": true, "poi_available": true, "pilot_cross_ref": true, "pmtiles_available": true, "inspire_zips_available": false, "epc_voa_overture": false, "total_sources": 4}}}, {"type": "Feature", "id": "ENG_OSM_node_334648277", "geometry": {"type": "Point", "coordinates": [-2.2492407, 53.4783249]}, "properties": {"parcel_id": "ENG_OSM_node_334648277", "slot_id": "building_type_8", "region": "North West", "area": "Manchester", "building_type_primary": "unknown", "building_type_code": "U_UNKNOWN", "building_category": "unknown", "evidence_level": "U", "confidence_score": 0.0, "confidence_level_1_to_4": 1, "source_count": 4, "match_method": "no_specific_tag", "source": "OpenStreetMap via Overpass API", "source_url": "https://www.openstreetmap.org/node/334648277", "osm_tags_summary": {"amenity": "post_box", "collection_times": "Mo-Fr 18:30; Sa 12:00", "post_box:type": "pillar", "ref": "M2 180", "royal_cypher": "VR", "royal_cypher:wikidata": "Q33102356"}, "fake_data": false, "final_ready": false, "needs_manual_review": false, "updated_at": "2026-08-08T22:34:46Z", "sources": [{"source_name": "OSM Overpass API", "url": "https://overpass-api.de/api/interpreter", "local_cache": "osm_cache_england_884d5092.json", "cache_sha256": "36fa160894f2b7940be373783b59dacf324502d5a5bf829029f008109725d3a7", "accessed_at": "2026-08-08T00:52:00Z", "licence": "ODbL 1.0", "granularity": "building_point", "fields_used": ["building", "amenity", "shop", "office", "tourism", "landuse", "railway", "healthcare"], "supports_field": "building_type_primary", "match_method": "no_specific_tag", "match_score": 0.0}, {"source_name": "POI regional data (north)", "url_or_local_path": "F:\\TerraYield_AAYS_Portable\\AAYS\\england_map_web\\data\\poi\\north-points.geojson", "accessed_at": "2026-08-08", "licence": "ODbL 1.0", "granularity": "regional_point_geojson", "fields_used": ["amenity", "shop", "name", "tourism"], "supports_field": "building_type_primary (enrichment available)", "match_method": "poi_file_available", "match_score": 0.0, "note": "File exists (21.5 MB). Spatial proximity match not yet run."}, {"source_name": "England pilot GeoJSON cross-reference", "url_or_local_path": "F:\\TerraYield_AAYS_Portable\\AAYS\\england_map_web\\data\\parcel_building_type_england_pilot.geojson", "accessed_at": "2026-08-08", "licence": "ODbL 1.0", "granularity": "pilot_feature_match", "fields_used": ["building_type_primary", "evidence_level"], "supports_field": "building_type_primary (corroborating)", "match_method": "pilot_id_match", "match_score": 0.7}, {"source_name": "HMLR INSPIRE PMTiles (north)", "url_or_local_path": "F:\\TerraYield_AAYS_Portable\\AAYS\\england_map_web\\data\\north.pmtiles", "accessed_at": "2026-08-08", "licence": "OGLv3", "granularity": "cadastral_parcel_polygon", "fields_used": ["parcel_boundary", "INSPIRE_ID"], "supports_field": "geometry_binding", "match_method": "pmtiles_available", "match_score": 0.0, "note": "File available (2.51 GB). Polygon binding not yet performed."}], "source_evidence_excerpt": {"amenity": "post_box", "collection_times": "Mo-Fr 18:30; Sa 12:00", "post_box:type": "pillar", "ref": "M2 180", "royal_cypher": "VR", "royal_cypher:wikidata": "Q33102356"}, "building_type_secondary": "", "geometry_match_method": "none", "address_match_method": "none", "limitations": "OSM-only classification. EPC/VOA needed for A-level evidence.", "evidence_summary": {"osm_cache": true, "poi_available": true, "pilot_cross_ref": true, "pmtiles_available": true, "inspire_zips_available": false, "epc_voa_overture": false, "total_sources": 4}}}, {"type": "Feature", "id": "ENG_OSM_node_334648390", "geometry": {"type": "Point", "coordinates": [-2.2489523, 53.4783236]}, "properties": {"parcel_id": "ENG_OSM_node_334648390", "slot_id": "building_type_8", "region": "North West", "area": "Manchester", "building_type_primary": "commercial_retail", "building_type_code": "C_RETAIL", "building_category": "commercial", "evidence_level": "B", "confidence_score": 0.75, "confidence_level_1_to_4": 3, "source_count": 4, "match_method": "amenity=bar", "source": "OpenStreetMap via Overpass API", "source_url": "https://www.openstreetmap.org/node/334648390", "osm_tags_summary": {"addr:city": "Manchester", "addr:country": "GB", "addr:housename": "Central Buildings", "addr:housenumber": "11", "addr:postcode": "M2 5QR", "addr:street": "Peter Street", "amenity": "bar", "brand": "Revolución de Cuba"}, "fake_data": false, "final_ready": false, "needs_manual_review": false, "updated_at": "2026-08-08T22:34:46Z", "sources": [{"source_name": "OSM Overpass API", "url": "https://overpass-api.de/api/interpreter", "local_cache": "osm_cache_england_884d5092.json", "cache_sha256": "36fa160894f2b7940be373783b59dacf324502d5a5bf829029f008109725d3a7", "accessed_at": "2026-08-08T00:52:00Z", "licence": "ODbL 1.0", "granularity": "building_point", "fields_used": ["building", "amenity", "shop", "office", "tourism", "landuse", "railway", "healthcare"], "supports_field": "building_type_primary", "match_method": "amenity=bar", "match_score": 0.75}, {"source_name": "POI regional data (north)", "url_or_local_path": "F:\\TerraYield_AAYS_Portable\\AAYS\\england_map_web\\data\\poi\\north-points.geojson", "accessed_at": "2026-08-08", "licence": "ODbL 1.0", "granularity": "regional_point_geojson", "fields_used": ["amenity", "shop", "name", "tourism"], "supports_field": "building_type_primary (enrichment available)", "match_method": "poi_file_available", "match_score": 0.0, "note": "File exists (21.5 MB). Spatial proximity match not yet run."}, {"source_name": "England pilot GeoJSON cross-reference", "url_or_local_path": "F:\\TerraYield_AAYS_Portable\\AAYS\\england_map_web\\data\\parcel_building_type_england_pilot.geojson", "accessed_at": "2026-08-08", "licence": "ODbL 1.0", "granularity": "pilot_feature_match", "fields_used": ["building_type_primary", "evidence_level"], "supports_field": "building_type_primary (corroborating)", "match_method": "pilot_id_match", "match_score": 0.7}, {"source_name": "HMLR INSPIRE PMTiles (north)", "url_or_local_path": "F:\\TerraYield_AAYS_Portable\\AAYS\\england_map_web\\data\\north.pmtiles", "accessed_at": "2026-08-08", "licence": "OGLv3", "granularity": "cadastral_parcel_polygon", "fields_used": ["parcel_boundary", "INSPIRE_ID"], "supports_field": "geometry_binding", "match_method": "pmtiles_available", "match_score": 0.0, "note": "File available (2.51 GB). Polygon binding not yet performed."}], "source_evidence_excerpt": {"addr:city": "Manchester", "addr:country": "GB", "addr:housename": "Central Buildings", "addr:housenumber": "11", "addr:postcode": "M2 5QR", "addr:street": "Peter Street"}, "building_type_secondary": "", "geometry_match_method": "none", "address_match_method": "none", "limitations": "OSM-only classification. EPC/VOA needed for A-level evidence.", "evidence_summary": {"osm_cache": true, "poi_available": true, "pilot_cross_ref": true, "pmtiles_available": true, "inspire_zips_available": false, "epc_voa_overture": false, "total_sources": 4}}}, {"type": "Feature", "id": "ENG_OSM_node_334648541", "geometry": {"type": "Point", "coordinates": [-2.2491648, 53.47855]}, "properties": {"parcel_id": "ENG_OSM_node_334648541", "slot_id": "building_type_8", "region": "North West", "area": "Manchester", "building_type_primary": "unknown", "building_type_code": "U_UNKNOWN", "building_category": "unknown", "evidence_level": "U", "confidence_score": 0.0, "confidence_level_1_to_4": 1, "source_count": 4, "match_method": "no_specific_tag", "source": "OpenStreetMap via Overpass API", "source_url": "https://www.openstreetmap.org/node/334648541", "osm_tags_summary": {"addr:city": "Manchester", "addr:housename": "Central Buildings", "addr:housenumber": "2", "addr:postcode": "M2 5GU", "addr:street": "Bootle Street", "amenity": "nightclub", "name": "42nd Street"}, "fake_data": false, "final_ready": false, "needs_manual_review": false, "updated_at": "2026-08-08T22:34:46Z", "sources": [{"source_name": "OSM Overpass API", "url": "https://overpass-api.de/api/interpreter", "local_cache": "osm_cache_england_884d5092.json", "cache_sha256": "36fa160894f2b7940be373783b59dacf324502d5a5bf829029f008109725d3a7", "accessed_at": "2026-08-08T00:52:00Z", "licence": "ODbL 1.0", "granularity": "building_point", "fields_used": ["building", "amenity", "shop", "office", "tourism", "landuse", "railway", "healthcare"], "supports_field": "building_type_primary", "match_method": "no_specific_tag", "match_score": 0.0}, {"source_name": "POI regional data (north)", "url_or_local_path": "F:\\TerraYield_AAYS_Portable\\AAYS\\england_map_web\\data\\poi\\north-points.geojson", "accessed_at": "2026-08-08", "licence": "ODbL 1.0", "granularity": "regional_point_geojson", "fields_used": ["amenity", "shop", "name", "tourism"], "supports_field": "building_type_primary (enrichment available)", "match_method": "poi_file_available", "match_score": 0.0, "note": "File exists (21.5 MB). Spatial proximity match not yet run."}, {"source_name": "England pilot GeoJSON cross-reference", "url_or_local_path": "F:\\TerraYield_AAYS_Portable\\AAYS\\england_map_web\\data\\parcel_building_type_england_pilot.geojson", "accessed_at": "2026-08-08", "licence": "ODbL 1.0", "granularity": "pilot_feature_match", "fields_used": ["building_type_primary", "evidence_level"], "supports_field": "building_type_primary (corroborating)", "match_method": "pilot_id_match", "match_score": 0.7}, {"source_name": "HMLR INSPIRE PMTiles (north)", "url_or_local_path": "F:\\TerraYield_AAYS_Portable\\AAYS\\england_map_web\\data\\north.pmtiles", "accessed_at": "2026-08-08", "licence": "OGLv3", "granularity": "cadastral_parcel_polygon", "fields_used": ["parcel_boundary", "INSPIRE_ID"], "supports_field": "geometry_binding", "match_method": "pmtiles_available", "match_score": 0.0, "note": "File available (2.51 GB). Polygon binding not yet performed."}], "source_evidence_excerpt": {"addr:city": "Manchester", "addr:housename": "Central Buildings", "addr:housenumber": "2", "addr:postcode": "M2 5GU", "addr:street": "Bootle Street", "amenity": "nightclub"}, "building_type_secondary": "", "geometry_match_method": "none", "address_match_method": "none", "limitations": "OSM-only classification. EPC/VOA needed for A-level evidence.", "evidence_summary": {"osm_cache": true, "poi_available": true, "pilot_cross_ref": true, "pmtiles_available": true, "inspire_zips_available": false, "epc_voa_overture": false, "total_sources": 4}}}, {"type": "Feature", "id": "ENG_OSM_node_357160362", "geometry": {"type": "Point", "coordinates": [-2.2367125, 53.4819427]}, "properties": {"parcel_id": "ENG_OSM_node_357160362", "slot_id": "building_type_8", "region": "North West", "area": "Manchester", "building_type_primary": "unknown", "building_type_code": "U_UNKNOWN", "building_category": "unknown", "evidence_level": "U", "confidence_score": 0.0, "confidence_level_1_to_4": 1, "source_count": 4, "match_method": "no_specific_tag", "source": "OpenStreetMap via Overpass API", "source_url": "https://www.openstreetmap.org/node/357160362", "osm_tags_summary": {"addr:city": "Manchester", "addr:country": "GB", "addr:housenumber": "12", "addr:postcode": "M4 1SH", "addr:street": "Tib Street", "amenity": "nightclub", "name": "Wave Bar"}, "fake_data": false, "final_ready": false, "needs_manual_review": false, "updated_at": "2026-08-08T22:34:46Z", "sources": [{"source_name": "OSM Overpass API", "url": "https://overpass-api.de/api/interpreter", "local_cache": "osm_cache_england_884d5092.json", "cache_sha256": "36fa160894f2b7940be373783b59dacf324502d5a5bf829029f008109725d3a7", "accessed_at": "2026-08-08T00:52:00Z", "licence": "ODbL 1.0", "granularity": "building_point", "fields_used": ["building", "amenity", "shop", "office", "tourism", "landuse", "railway", "healthcare"], "supports_field": "building_type_primary", "match_method": "no_specific_tag", "match_score": 0.0}, {"source_name": "POI regional data (north)", "url_or_local_path": "F:\\TerraYield_AAYS_Portable\\AAYS\\england_map_web\\data\\poi\\north-points.geojson", "accessed_at": "2026-08-08", "licence": "ODbL 1.0", "granularity": "regional_point_geojson", "fields_used": ["amenity", "shop", "name", "tourism"], "supports_field": "building_type_primary (enrichment available)", "match_method": "poi_file_available", "match_score": 0.0, "note": "File exists (21.5 MB). Spatial proximity match not yet run."}, {"source_name": "England pilot GeoJSON cross-reference", "url_or_local_path": "F:\\TerraYield_AAYS_Portable\\AAYS\\england_map_web\\data\\parcel_building_type_england_pilot.geojson", "accessed_at": "2026-08-08", "licence": "ODbL 1.0", "granularity": "pilot_feature_match", "fields_used": ["building_type_primary", "evidence_level"], "supports_field": "building_type_primary (corroborating)", "match_method": "pilot_id_match", "match_score": 0.7}, {"source_name": "HMLR INSPIRE PMTiles (north)", "url_or_local_path": "F:\\TerraYield_AAYS_Portable\\AAYS\\england_map_web\\data\\north.pmtiles", "accessed_at": "2026-08-08", "licence": "OGLv3", "granularity": "cadastral_parcel_polygon", "fields_used": ["parcel_boundary", "INSPIRE_ID"], "supports_field": "geometry_binding", "match_method": "pmtiles_available", "match_score": 0.0, "note": "File available (2.51 GB). Polygon binding not yet performed."}], "source_evidence_excerpt": {"addr:city": "Manchester", "addr:country": "GB", "addr:housenumber": "12", "addr:postcode": "M4 1SH", "addr:street": "Tib Street", "amenity": "nightclub"}, "building_type_secondary": "", "geometry_match_method": "none", "address_match_method": "none", "limitations": "OSM-only classification. EPC/VOA needed for A-level evidence.", "evidence_summary": {"osm_cache": true, "poi_available": true, "pilot_cross_ref": true, "pmtiles_available": true, "inspire_zips_available": false, "epc_voa_overture": false, "total_sources": 4}}}, {"type": "Feature", "id": "ENG_OSM_node_357163081", "geometry": {"type": "Point", "coordinates": [-2.2351567, 53.4830646]}, "properties": {"parcel_id": "ENG_OSM_node_357163081", "slot_id": "building_type_8", "region": "North West", "area": "Manchester", "building_type_primary": "commercial_retail", "building_type_code": "C_RETAIL", "building_category": "commercial", "evidence_level": "D", "confidence_score": 0.6, "confidence_level_1_to_4": 2, "source_count": 4, "match_method": "shop=books;toys;collector;anime", "source": "OpenStreetMap via Overpass API", "source_url": "https://www.openstreetmap.org/node/357163081", "osm_tags_summary": {"addr:city": "Manchester", "addr:country": "GB", "addr:housenumber": "63-65", "addr:postcode": "M1 1JR", "addr:street": "Oldham Street", "books": "comic", "contact:phone": "+44 161 839 4777", "contact:website": "http://www.forbiddenplanet.co.uk/"}, "fake_data": false, "final_ready": false, "needs_manual_review": true, "updated_at": "2026-08-08T22:34:46Z", "sources": [{"source_name": "OSM Overpass API", "url": "https://overpass-api.de/api/interpreter", "local_cache": "osm_cache_england_884d5092.json", "cache_sha256": "36fa160894f2b7940be373783b59dacf324502d5a5bf829029f008109725d3a7", "accessed_at": "2026-08-08T00:52:00Z", "licence": "ODbL 1.0", "granularity": "building_point", "fields_used": ["building", "amenity", "shop", "office", "tourism", "landuse", "railway", "healthcare"], "supports_field": "building_type_primary", "match_method": "shop=books;toys;collector;anime", "match_score": 0.6}, {"source_name": "POI regional data (north)", "url_or_local_path": "F:\\TerraYield_AAYS_Portable\\AAYS\\england_map_web\\data\\poi\\north-points.geojson", "accessed_at": "2026-08-08", "licence": "ODbL 1.0", "granularity": "regional_point_geojson", "fields_used": ["amenity", "shop", "name", "tourism"], "supports_field": "building_type_primary (enrichment available)", "match_method": "poi_file_available", "match_score": 0.0, "note": "File exists (21.5 MB). Spatial proximity match not yet run."}, {"source_name": "England pilot GeoJSON cross-reference", "url_or_local_path": "F:\\TerraYield_AAYS_Portable\\AAYS\\england_map_web\\data\\parcel_building_type_england_pilot.geojson", "accessed_at": "2026-08-08", "licence": "ODbL 1.0", "granularity": "pilot_feature_match", "fields_used": ["building_type_primary", "evidence_level"], "supports_field": "building_type_primary (corroborating)", "match_method": "pilot_id_match", "match_score": 0.7}, {"source_name": "HMLR INSPIRE PMTiles (north)", "url_or_local_path": "F:\\TerraYield_AAYS_Portable\\AAYS\\england_map_web\\data\\north.pmtiles", "accessed_at": "2026-08-08", "licence": "OGLv3", "granularity": "cadastral_parcel_polygon", "fields_used": ["parcel_boundary", "INSPIRE_ID"], "supports_field": "geometry_binding", "match_method": "pmtiles_available", "match_score": 0.0, "note": "File available (2.51 GB). Polygon binding not yet performed."}], "source_evidence_excerpt": {"addr:city": "Manchester", "addr:country": "GB", "addr:housenumber": "63-65", "addr:postcode": "M1 1JR", "addr:street": "Oldham Street", "books": "comic"}, "building_type_secondary": "", "geometry_match_method": "none", "address_match_method": "none", "limitations": "OSM-only classification. EPC/VOA needed for A-level evidence.", "evidence_summary": {"osm_cache": true, "poi_available": true, "pilot_cross_ref": true, "pmtiles_available": true, "inspire_zips_available": false, "epc_voa_overture": false, "total_sources": 4}}}, {"type": "Feature", "id": "ENG_OSM_node_357163639", "geometry": {"type": "Point", "coordinates": [-2.2348945, 53.4832298]}, "properties": {"parcel_id": "ENG_OSM_node_357163639", "slot_id": "building_type_8", "region": "North West", "area": "Manchester", "building_type_primary": "commercial_retail", "building_type_code": "C_RETAIL", "building_category": "commercial", "evidence_level": "B", "confidence_score": 0.75, "confidence_level_1_to_4": 3, "source_count": 4, "match_method": "amenity=fast_food", "source": "OpenStreetMap via Overpass API", "source_url": "https://www.openstreetmap.org/node/357163639", "osm_tags_summary": {"addr:city": "Manchester", "addr:housenumber": "11", "addr:postcode": "M4 1LP", "addr:street": "Hilton Street", "amenity": "fast_food", "internet_access:fee": "no", "name": "Fresh Bites", "wheelchair": "yes"}, "fake_data": false, "final_ready": false, "needs_manual_review": false, "updated_at": "2026-08-08T22:34:46Z", "sources": [{"source_name": "OSM Overpass API", "url": "https://overpass-api.de/api/interpreter", "local_cache": "osm_cache_england_884d5092.json", "cache_sha256": "36fa160894f2b7940be373783b59dacf324502d5a5bf829029f008109725d3a7", "accessed_at": "2026-08-08T00:52:00Z", "licence": "ODbL 1.0", "granularity": "building_point", "fields_used": ["building", "amenity", "shop", "office", "tourism", "landuse", "railway", "healthcare"], "supports_field": "building_type_primary", "match_method": "amenity=fast_food", "match_score": 0.75}, {"source_name": "POI regional data (north)", "url_or_local_path": "F:\\TerraYield_AAYS_Portable\\AAYS\\england_map_web\\data\\poi\\north-points.geojson", "accessed_at": "2026-08-08", "licence": "ODbL 1.0", "granularity": "regional_point_geojson", "fields_used": ["amenity", "shop", "name", "tourism"], "supports_field": "building_type_primary (enrichment available)", "match_method": "poi_file_available", "match_score": 0.0, "note": "File exists (21.5 MB). Spatial proximity match not yet run."}, {"source_name": "England pilot GeoJSON cross-reference", "url_or_local_path": "F:\\TerraYield_AAYS_Portable\\AAYS\\england_map_web\\data\\parcel_building_type_england_pilot.geojson", "accessed_at": "2026-08-08", "licence": "ODbL 1.0", "granularity": "pilot_feature_match", "fields_used": ["building_type_primary", "evidence_level"], "supports_field": "building_type_primary (corroborating)", "match_method": "pilot_id_match", "match_score": 0.7}, {"source_name": "HMLR INSPIRE PMTiles (north)", "url_or_local_path": "F:\\TerraYield_AAYS_Portable\\AAYS\\england_map_web\\data\\north.pmtiles", "accessed_at": "2026-08-08", "licence": "OGLv3", "granularity": "cadastral_parcel_polygon", "fields_used": ["parcel_boundary", "INSPIRE_ID"], "supports_field": "geometry_binding", "match_method": "pmtiles_available", "match_score": 0.0, "note": "File available (2.51 GB). Polygon binding not yet performed."}], "source_evidence_excerpt": {"addr:city": "Manchester", "addr:housenumber": "11", "addr:postcode": "M4 1LP", "addr:street": "Hilton Street", "amenity": "fast_food", "internet_access:fee": "no"}, "building_type_secondary": "", "geometry_match_method": "none", "address_match_method": "none", "limitations": "OSM-only classification. EPC/VOA needed for A-level evidence.", "evidence_summary": {"osm_cache": true, "poi_available": true, "pilot_cross_ref": true, "pmtiles_available": true, "inspire_zips_available": false, "epc_voa_overture": false, "total_sources": 4}}}, {"type": "Feature", "id": "ENG_OSM_node_357163785", "geometry": {"type": "Point", "coordinates": [-2.2349445, 53.4832553]}, "properties": {"parcel_id": "ENG_OSM_node_357163785", "slot_id": "building_type_8", "region": "North West", "area": "Manchester", "building_type_primary": "commercial_retail", "building_type_code": "C_RETAIL", "building_category": "commercial", "evidence_level": "D", "confidence_score": 0.6, "confidence_level_1_to_4": 2, "source_count": 4, "match_method": "shop=vacant", "source": "OpenStreetMap via Overpass API", "source_url": "https://www.openstreetmap.org/node/357163785", "osm_tags_summary": {"addr:city": "Manchester", "addr:housenumber": "9", "addr:postcode": "M4 1LP", "addr:street": "Hilton Street", "shop": "vacant"}, "fake_data": false, "final_ready": false, "needs_manual_review": true, "updated_at": "2026-08-08T22:34:46Z", "sources": [{"source_name": "OSM Overpass API", "url": "https://overpass-api.de/api/interpreter", "local_cache": "osm_cache_england_884d5092.json", "cache_sha256": "36fa160894f2b7940be373783b59dacf324502d5a5bf829029f008109725d3a7", "accessed_at": "2026-08-08T00:52:00Z", "licence": "ODbL 1.0", "granularity": "building_point", "fields_used": ["building", "amenity", "shop", "office", "tourism", "landuse", "railway", "healthcare"], "supports_field": "building_type_primary", "match_method": "shop=vacant", "match_score": 0.6}, {"source_name": "POI regional data (north)", "url_or_local_path": "F:\\TerraYield_AAYS_Portable\\AAYS\\england_map_web\\data\\poi\\north-points.geojson", "accessed_at": "2026-08-08", "licence": "ODbL 1.0", "granularity": "regional_point_geojson", "fields_used": ["amenity", "shop", "name", "tourism"], "supports_field": "building_type_primary (enrichment available)", "match_method": "poi_file_available", "match_score": 0.0, "note": "File exists (21.5 MB). Spatial proximity match not yet run."}, {"source_name": "England pilot GeoJSON cross-reference", "url_or_local_path": "F:\\TerraYield_AAYS_Portable\\AAYS\\england_map_web\\data\\parcel_building_type_england_pilot.geojson", "accessed_at": "2026-08-08", "licence": "ODbL 1.0", "granularity": "pilot_feature_match", "fields_used": ["building_type_primary", "evidence_level"], "supports_field": "building_type_primary (corroborating)", "match_method": "pilot_id_match", "match_score": 0.7}, {"source_name": "HMLR INSPIRE PMTiles (north)", "url_or_local_path": "F:\\TerraYield_AAYS_Portable\\AAYS\\england_map_web\\data\\north.pmtiles", "accessed_at": "2026-08-08", "licence": "OGLv3", "granularity": "cadastral_parcel_polygon", "fields_used": ["parcel_boundary", "INSPIRE_ID"], "supports_field": "geometry_binding", "match_method": "pmtiles_available", "match_score": 0.0, "note": "File available (2.51 GB). Polygon binding not yet performed."}], "source_evidence_excerpt": {"addr:city": "Manchester", "addr:housenumber": "9", "addr:postcode": "M4 1LP", "addr:street": "Hilton Street", "shop": "vacant"}, "building_type_secondary": "", "geometry_match_method": "none", "address_match_method": "none", "limitations": "OSM-only classification. EPC/VOA needed for A-level evidence.", "evidence_summary": {"osm_cache": true, "poi_available": true, "pilot_cross_ref": true, "pmtiles_available": true, "inspire_zips_available": false, "epc_voa_overture": false, "total_sources": 4}}}, {"type": "Feature", "id": "ENG_OSM_node_357163891", "geometry": {"type": "Point", "coordinates": [-2.235176, 53.4833704]}, "properties": {"parcel_id": "ENG_OSM_node_357163891", "slot_id": "building_type_8", "region": "North West", "area": "Manchester", "building_type_primary": "commercial_retail", "building_type_code": "C_RETAIL", "building_category": "commercial", "evidence_level": "B", "confidence_score": 0.75, "confidence_level_1_to_4": 3, "source_count": 4, "match_method": "amenity=cafe", "source": "OpenStreetMap via Overpass API", "source_url": "https://www.openstreetmap.org/node/357163891", "osm_tags_summary": {"addr:city": "Manchester", "addr:housenumber": "1", "addr:postcode": "M4 1LP", "addr:street": "Hilton Street", "amenity": "cafe", "fhrs:id": "1821421", "name": "Rustica"}, "fake_data": false, "final_ready": false, "needs_manual_review": false, "updated_at": "2026-08-08T22:34:46Z", "sources": [{"source_name": "OSM Overpass API", "url": "https://overpass-api.de/api/interpreter", "local_cache": "osm_cache_england_884d5092.json", "cache_sha256": "36fa160894f2b7940be373783b59dacf324502d5a5bf829029f008109725d3a7", "accessed_at": "2026-08-08T00:52:00Z", "licence": "ODbL 1.0", "granularity": "building_point", "fields_used": ["building", "amenity", "shop", "office", "tourism", "landuse", "railway", "healthcare"], "supports_field": "building_type_primary", "match_method": "amenity=cafe", "match_score": 0.75}, {"source_name": "POI regional data (north)", "url_or_local_path": "F:\\TerraYield_AAYS_Portable\\AAYS\\england_map_web\\data\\poi\\north-points.geojson", "accessed_at": "2026-08-08", "licence": "ODbL 1.0", "granularity": "regional_point_geojson", "fields_used": ["amenity", "shop", "name", "tourism"], "supports_field": "building_type_primary (enrichment available)", "match_method": "poi_file_available", "match_score": 0.0, "note": "File exists (21.5 MB). Spatial proximity match not yet run."}, {"source_name": "England pilot GeoJSON cross-reference", "url_or_local_path": "F:\\TerraYield_AAYS_Portable\\AAYS\\england_map_web\\data\\parcel_building_type_england_pilot.geojson", "accessed_at": "2026-08-08", "licence": "ODbL 1.0", "granularity": "pilot_feature_match", "fields_used": ["building_type_primary", "evidence_level"], "supports_field": "building_type_primary (corroborating)", "match_method": "pilot_id_match", "match_score": 0.7}, {"source_name": "HMLR INSPIRE PMTiles (north)", "url_or_local_path": "F:\\TerraYield_AAYS_Portable\\AAYS\\england_map_web\\data\\north.pmtiles", "accessed_at": "2026-08-08", "licence": "OGLv3", "granularity": "cadastral_parcel_polygon", "fields_used": ["parcel_boundary", "INSPIRE_ID"], "supports_field": "geometry_binding", "match_method": "pmtiles_available", "match_score": 0.0, "note": "File available (2.51 GB). Polygon binding not yet performed."}], "source_evidence_excerpt": {"addr:city": "Manchester", "addr:housenumber": "1", "addr:postcode": "M4 1LP", "addr:street": "Hilton Street", "amenity": "cafe", "fhrs:id": "1821421"}, "building_type_secondary": "", "geometry_match_method": "none", "address_match_method": "none", "limitations": "OSM-only classification. EPC/VOA needed for A-level evidence.", "evidence_summary": {"osm_cache": true, "poi_available": true, "pilot_cross_ref": true, "pmtiles_available": true, "inspire_zips_available": false, "epc_voa_overture": false, "total_sources": 4}}}, {"type": "Feature", "id": "ENG_OSM_node_357164055", "geometry": {"type": "Point", "coordinates": [-2.2351113, 53.4833376]}, "properties": {"parcel_id": "ENG_OSM_node_357164055", "slot_id": "building_type_8", "region": "North West", "area": "Manchester", "building_type_primary": "commercial_retail", "building_type_code": "C_RETAIL", "building_category": "commercial", "evidence_level": "D", "confidence_score": 0.6, "confidence_level_1_to_4": 2, "source_count": 4, "match_method": "shop=erotic", "source": "OpenStreetMap via Overpass API", "source_url": "https://www.openstreetmap.org/node/357164055", "osm_tags_summary": {"addr:city": "Manchester", "addr:housenumber": "3", "addr:postcode": "M4 1LP", "addr:street": "Hilton Street", "check_date": "2025-02-04", "name": "Love Boutique Adult Shop", "shop": "erotic"}, "fake_data": false, "final_ready": false, "needs_manual_review": true, "updated_at": "2026-08-08T22:34:46Z", "sources": [{"source_name": "OSM Overpass API", "url": "https://overpass-api.de/api/interpreter", "local_cache": "osm_cache_england_884d5092.json", "cache_sha256": "36fa160894f2b7940be373783b59dacf324502d5a5bf829029f008109725d3a7", "accessed_at": "2026-08-08T00:52:00Z", "licence": "ODbL 1.0", "granularity": "building_point", "fields_used": ["building", "amenity", "shop", "office", "tourism", "landuse", "railway", "healthcare"], "supports_field": "building_type_primary", "match_method": "shop=erotic", "match_score": 0.6}, {"source_name": "POI regional data (north)", "url_or_local_path": "F:\\TerraYield_AAYS_Portable\\AAYS\\england_map_web\\data\\poi\\north-points.geojson", "accessed_at": "2026-08-08", "licence": "ODbL 1.0", "granularity": "regional_point_geojson", "fields_used": ["amenity", "shop", "name", "tourism"], "supports_field": "building_type_primary (enrichment available)", "match_method": "poi_file_available", "match_score": 0.0, "note": "File exists (21.5 MB). Spatial proximity match not yet run."}, {"source_name": "England pilot GeoJSON cross-reference", "url_or_local_path": "F:\\TerraYield_AAYS_Portable\\AAYS\\england_map_web\\data\\parcel_building_type_england_pilot.geojson", "accessed_at": "2026-08-08", "licence": "ODbL 1.0", "granularity": "pilot_feature_match", "fields_used": ["building_type_primary", "evidence_level"], "supports_field": "building_type_primary (corroborating)", "match_method": "pilot_id_match", "match_score": 0.7}, {"source_name": "HMLR INSPIRE PMTiles (north)", "url_or_local_path": "F:\\TerraYield_AAYS_Portable\\AAYS\\england_map_web\\data\\north.pmtiles", "accessed_at": "2026-08-08", "licence": "OGLv3", "granularity": "cadastral_parcel_polygon", "fields_used": ["parcel_boundary", "INSPIRE_ID"], "supports_field": "geometry_binding", "match_method": "pmtiles_available", "match_score": 0.0, "note": "File available (2.51 GB). Polygon binding not yet performed."}], "source_evidence_excerpt": {"addr:city": "Manchester", "addr:housenumber": "3", "addr:postcode": "M4 1LP", "addr:street": "Hilton Street", "check_date": "2025-02-04", "name": "Love Boutique Adult Shop"}, "building_type_secondary": "", "geometry_match_method": "none", "address_match_method": "none", "limitations": "OSM-only classification. EPC/VOA needed for A-level evidence.", "evidence_summary": {"osm_cache": true, "poi_available": true, "pilot_cross_ref": true, "pmtiles_available": true, "inspire_zips_available": false, "epc_voa_overture": false, "total_sources": 4}}}, {"type": "Feature", "id": "ENG_OSM_node_357164072", "geometry": {"type": "Point", "coordinates": [-2.2350468, 53.4833037]}, "properties": {"parcel_id": "ENG_OSM_node_357164072", "slot_id": "building_type_8", "region": "North West", "area": "Manchester", "building_type_primary": "commercial_retail", "building_type_code": "C_RETAIL", "building_category": "commercial", "evidence_level": "D", "confidence_score": 0.6, "confidence_level_1_to_4": 2, "source_count": 4, "match_method": "shop=music", "source": "OpenStreetMap via Overpass API", "source_url": "https://www.openstreetmap.org/node/357164072", "osm_tags_summary": {"addr:city": "Manchester", "addr:housenumber": "5", "addr:postcode": "M4 1LP", "addr:street": "Hilton Street", "name": "Vinyl Revival", "shop": "music"}, "fake_data": false, "final_ready": false, "needs_manual_review": true, "updated_at": "2026-08-08T22:34:46Z", "sources": [{"source_name": "OSM Overpass API", "url": "https://overpass-api.de/api/interpreter", "local_cache": "osm_cache_england_884d5092.json", "cache_sha256": "36fa160894f2b7940be373783b59dacf324502d5a5bf829029f008109725d3a7", "accessed_at": "2026-08-08T00:52:00Z", "licence": "ODbL 1.0", "granularity": "building_point", "fields_used": ["building", "amenity", "shop", "office", "tourism", "landuse", "railway", "healthcare"], "supports_field": "building_type_primary", "match_method": "shop=music", "match_score": 0.6}, {"source_name": "POI regional data (north)", "url_or_local_path": "F:\\TerraYield_AAYS_Portable\\AAYS\\england_map_web\\data\\poi\\north-points.geojson", "accessed_at": "2026-08-08", "licence": "ODbL 1.0", "granularity": "regional_point_geojson", "fields_used": ["amenity", "shop", "name", "tourism"], "supports_field": "building_type_primary (enrichment available)", "match_method": "poi_file_available", "match_score": 0.0, "note": "File exists (21.5 MB). Spatial proximity match not yet run."}, {"source_name": "England pilot GeoJSON cross-reference", "url_or_local_path": "F:\\TerraYield_AAYS_Portable\\AAYS\\england_map_web\\data\\parcel_building_type_england_pilot.geojson", "accessed_at": "2026-08-08", "licence": "ODbL 1.0", "granularity": "pilot_feature_match", "fields_used": ["building_type_primary", "evidence_level"], "supports_field": "building_type_primary (corroborating)", "match_method": "pilot_id_match", "match_score": 0.7}, {"source_name": "HMLR INSPIRE PMTiles (north)", "url_or_local_path": "F:\\TerraYield_AAYS_Portable\\AAYS\\england_map_web\\data\\north.pmtiles", "accessed_at": "2026-08-08", "licence": "OGLv3", "granularity": "cadastral_parcel_polygon", "fields_used": ["parcel_boundary", "INSPIRE_ID"], "supports_field": "geometry_binding", "match_method": "pmtiles_available", "match_score": 0.0, "note": "File available (2.51 GB). Polygon binding not yet performed."}], "source_evidence_excerpt": {"addr:city": "Manchester", "addr:housenumber": "5", "addr:postcode": "M4 1LP", "addr:street": "Hilton Street", "name": "Vinyl Revival", "shop": "music"}, "building_type_secondary": "", "geometry_match_method": "none", "address_match_method": "none", "limitations": "OSM-only classification. EPC/VOA needed for A-level evidence.", "evidence_summary": {"osm_cache": true, "poi_available": true, "pilot_cross_ref": true, "pmtiles_available": true, "inspire_zips_available": false, "epc_voa_overture": false, "total_sources": 4}}}, {"type": "Feature", "id": "ENG_OSM_node_357168159", "geometry": {"type": "Point", "coordinates": [-2.2356102, 53.4835545]}, "properties": {"parcel_id": "ENG_OSM_node_357168159", "slot_id": "building_type_8", "region": "North West", "area": "Manchester", "building_type_primary": "commercial_retail", "building_type_code": "C_RETAIL", "building_category": "commercial", "evidence_level": "B", "confidence_score": 0.75, "confidence_level_1_to_4": 3, "source_count": 4, "match_method": "amenity=fast_food", "source": "OpenStreetMap via Overpass API", "source_url": "https://www.openstreetmap.org/node/357168159", "osm_tags_summary": {"addr:city": "Manchester", "addr:housenumber": "71", "addr:postcode": "M4 1LQ", "addr:street": "Thomas Street", "amenity": "fast_food", "fhrs:id": "1819826", "name": "Yadgar Cafe", "outdoor_seating": "no"}, "fake_data": false, "final_ready": false, "needs_manual_review": false, "updated_at": "2026-08-08T22:34:46Z", "sources": [{"source_name": "OSM Overpass API", "url": "https://overpass-api.de/api/interpreter", "local_cache": "osm_cache_england_884d5092.json", "cache_sha256": "36fa160894f2b7940be373783b59dacf324502d5a5bf829029f008109725d3a7", "accessed_at": "2026-08-08T00:52:00Z", "licence": "ODbL 1.0", "granularity": "building_point", "fields_used": ["building", "amenity", "shop", "office", "tourism", "landuse", "railway", "healthcare"], "supports_field": "building_type_primary", "match_method": "amenity=fast_food", "match_score": 0.75}, {"source_name": "POI regional data (north)", "url_or_local_path": "F:\\TerraYield_AAYS_Portable\\AAYS\\england_map_web\\data\\poi\\north-points.geojson", "accessed_at": "2026-08-08", "licence": "ODbL 1.0", "granularity": "regional_point_geojson", "fields_used": ["amenity", "shop", "name", "tourism"], "supports_field": "building_type_primary (enrichment available)", "match_method": "poi_file_available", "match_score": 0.0, "note": "File exists (21.5 MB). Spatial proximity match not yet run."}, {"source_name": "England pilot GeoJSON cross-reference", "url_or_local_path": "F:\\TerraYield_AAYS_Portable\\AAYS\\england_map_web\\data\\parcel_building_type_england_pilot.geojson", "accessed_at": "2026-08-08", "licence": "ODbL 1.0", "granularity": "pilot_feature_match", "fields_used": ["building_type_primary", "evidence_level"], "supports_field": "building_type_primary (corroborating)", "match_method": "pilot_id_match", "match_score": 0.7}, {"source_name": "HMLR INSPIRE PMTiles (north)", "url_or_local_path": "F:\\TerraYield_AAYS_Portable\\AAYS\\england_map_web\\data\\north.pmtiles", "accessed_at": "2026-08-08", "licence": "OGLv3", "granularity": "cadastral_parcel_polygon", "fields_used": ["parcel_boundary", "INSPIRE_ID"], "supports_field": "geometry_binding", "match_method": "pmtiles_available", "match_score": 0.0, "note": "File available (2.51 GB). Polygon binding not yet performed."}], "source_evidence_excerpt": {"addr:city": "Manchester", "addr:housenumber": "71", "addr:postcode": "M4 1LQ", "addr:street": "Thomas Street", "amenity": "fast_food", "fhrs:id": "1819826"}, "building_type_secondary": "", "geometry_match_method": "none", "address_match_method": "none", "limitations": "OSM-only classification. EPC/VOA needed for A-level evidence.", "evidence_summary": {"osm_cache": true, "poi_available": true, "pilot_cross_ref": true, "pmtiles_available": true, "inspire_zips_available": false, "epc_voa_overture": false, "total_sources": 4}}}, {"type": "Feature", "id": "ENG_OSM_node_357168257", "geometry": {"type": "Point", "coordinates": [-2.2356784, 53.4835934]}, "properties": {"parcel_id": "ENG_OSM_node_357168257", "slot_id": "building_type_8", "region": "North West", "area": "Manchester", "building_type_primary": "commercial_retail", "building_type_code": "C_RETAIL", "building_category": "commercial", "evidence_level": "B", "confidence_score": 0.75, "confidence_level_1_to_4": 3, "source_count": 4, "match_method": "amenity=fast_food", "source": "OpenStreetMap via Overpass API", "source_url": "https://www.openstreetmap.org/node/357168257", "osm_tags_summary": {"addr:city": "Manchester", "addr:housenumber": "69", "addr:postcode": "M4 1LQ", "addr:street": "Thomas Street", "amenity": "fast_food", "cuisine": "kebab", "name": "The Kebab Lab"}, "fake_data": false, "final_ready": false, "needs_manual_review": false, "updated_at": "2026-08-08T22:34:46Z", "sources": [{"source_name": "OSM Overpass API", "url": "https://overpass-api.de/api/interpreter", "local_cache": "osm_cache_england_884d5092.json", "cache_sha256": "36fa160894f2b7940be373783b59dacf324502d5a5bf829029f008109725d3a7", "accessed_at": "2026-08-08T00:52:00Z", "licence": "ODbL 1.0", "granularity": "building_point", "fields_used": ["building", "amenity", "shop", "office", "tourism", "landuse", "railway", "healthcare"], "supports_field": "building_type_primary", "match_method": "amenity=fast_food", "match_score": 0.75}, {"source_name": "POI regional data (north)", "url_or_local_path": "F:\\TerraYield_AAYS_Portable\\AAYS\\england_map_web\\data\\poi\\north-points.geojson", "accessed_at": "2026-08-08", "licence": "ODbL 1.0", "granularity": "regional_point_geojson", "fields_used": ["amenity", "shop", "name", "tourism"], "supports_field": "building_type_primary (enrichment available)", "match_method": "poi_file_available", "match_score": 0.0, "note": "File exists (21.5 MB). Spatial proximity match not yet run."}, {"source_name": "England pilot GeoJSON cross-reference", "url_or_local_path": "F:\\TerraYield_AAYS_Portable\\AAYS\\england_map_web\\data\\parcel_building_type_england_pilot.geojson", "accessed_at": "2026-08-08", "licence": "ODbL 1.0", "granularity": "pilot_feature_match", "fields_used": ["building_type_primary", "evidence_level"], "supports_field": "building_type_primary (corroborating)", "match_method": "pilot_id_match", "match_score": 0.7}, {"source_name": "HMLR INSPIRE PMTiles (north)", "url_or_local_path": "F:\\TerraYield_AAYS_Portable\\AAYS\\england_map_web\\data\\north.pmtiles", "accessed_at": "2026-08-08", "licence": "OGLv3", "granularity": "cadastral_parcel_polygon", "fields_used": ["parcel_boundary", "INSPIRE_ID"], "supports_field": "geometry_binding", "match_method": "pmtiles_available", "match_score": 0.0, "note": "File available (2.51 GB). Polygon binding not yet performed."}], "source_evidence_excerpt": {"addr:city": "Manchester", "addr:housenumber": "69", "addr:postcode": "M4 1LQ", "addr:street": "Thomas Street", "amenity": "fast_food", "cuisine": "kebab"}, "building_type_secondary": "", "geometry_match_method": "none", "address_match_method": "none", "limitations": "OSM-only classification. EPC/VOA needed for A-level evidence.", "evidence_summary": {"osm_cache": true, "poi_available": true, "pilot_cross_ref": true, "pmtiles_available": true, "inspire_zips_available": false, "epc_voa_overture": false, "total_sources": 4}}}, {"type": "Feature", "id": "ENG_OSM_node_357169154", "geometry": {"type": "Point", "coordinates": [-2.2361078, 53.4838055]}, "properties": {"parcel_id": "ENG_OSM_node_357169154", "slot_id": "building_type_8", "region": "North West", "area": "Manchester", "building_type_primary": "commercial_retail", "building_type_code": "C_RETAIL", "building_category": "commercial", "evidence_level": "C", "confidence_score": 0.6, "confidence_level_1_to_4": 2, "source_count": 4, "match_method": "shop=clothes", "source": "OpenStreetMap via Overpass API", "source_url": "https://www.openstreetmap.org/node/357169154", "osm_tags_summary": {"addr:city": "Manchester", "addr:country": "GB", "addr:housenumber": "61", "addr:postcode": "M4 1NA", "addr:street": "Thomas Street", "clothes": "sports", "name": "NOTE", "phone": "+44 161 478 3535"}, "fake_data": false, "final_ready": false, "needs_manual_review": true, "updated_at": "2026-08-08T22:34:46Z", "sources": [{"source_name": "OSM Overpass API", "url": "https://overpass-api.de/api/interpreter", "local_cache": "osm_cache_england_884d5092.json", "cache_sha256": "36fa160894f2b7940be373783b59dacf324502d5a5bf829029f008109725d3a7", "accessed_at": "2026-08-08T00:52:00Z", "licence": "ODbL 1.0", "granularity": "building_point", "fields_used": ["building", "amenity", "shop", "office", "tourism", "landuse", "railway", "healthcare"], "supports_field": "building_type_primary", "match_method": "shop=clothes", "match_score": 0.6}, {"source_name": "POI regional data (north)", "url_or_local_path": "F:\\TerraYield_AAYS_Portable\\AAYS\\england_map_web\\data\\poi\\north-points.geojson", "accessed_at": "2026-08-08", "licence": "ODbL 1.0", "granularity": "regional_point_geojson", "fields_used": ["amenity", "shop", "name", "tourism"], "supports_field": "building_type_primary (enrichment available)", "match_method": "poi_file_available", "match_score": 0.0, "note": "File exists (21.5 MB). Spatial proximity match not yet run."}, {"source_name": "England pilot GeoJSON cross-reference", "url_or_local_path": "F:\\TerraYield_AAYS_Portable\\AAYS\\england_map_web\\data\\parcel_building_type_england_pilot.geojson", "accessed_at": "2026-08-08", "licence": "ODbL 1.0", "granularity": "pilot_feature_match", "fields_used": ["building_type_primary", "evidence_level"], "supports_field": "building_type_primary (corroborating)", "match_method": "pilot_id_match", "match_score": 0.7}, {"source_name": "HMLR INSPIRE PMTiles (north)", "url_or_local_path": "F:\\TerraYield_AAYS_Portable\\AAYS\\england_map_web\\data\\north.pmtiles", "accessed_at": "2026-08-08", "licence": "OGLv3", "granularity": "cadastral_parcel_polygon", "fields_used": ["parcel_boundary", "INSPIRE_ID"], "supports_field": "geometry_binding", "match_method": "pmtiles_available", "match_score": 0.0, "note": "File available (2.51 GB). Polygon binding not yet performed."}], "source_evidence_excerpt": {"addr:city": "Manchester", "addr:country": "GB", "addr:housenumber": "61", "addr:postcode": "M4 1NA", "addr:street": "Thomas Street", "clothes": "sports"}, "building_type_secondary": "", "geometry_match_method": "none", "address_match_method": "none", "limitations": "OSM-only classification. EPC/VOA needed for A-level evidence.", "evidence_summary": {"osm_cache": true, "poi_available": true, "pilot_cross_ref": true, "pmtiles_available": true, "inspire_zips_available": false, "epc_voa_overture": false, "total_sources": 4}}}, {"type": "Feature", "id": "ENG_OSM_node_357169391", "geometry": {"type": "Point", "coordinates": [-2.2361856, 53.4838381]}, "properties": {"parcel_id": "ENG_OSM_node_357169391", "slot_id": "building_type_8", "region": "North West", "area": "Manchester", "building_type_primary": "commercial_retail", "building_type_code": "C_RETAIL", "building_category": "commercial", "evidence_level": "C", "confidence_score": 0.6, "confidence_level_1_to_4": 2, "source_count": 4, "match_method": "shop=clothes", "source": "OpenStreetMap via Overpass API", "source_url": "https://www.openstreetmap.org/node/357169391", "osm_tags_summary": {"addr:city": "Manchester", "addr:country": "GB", "addr:housenumber": "59", "addr:postcode": "M4 1NA", "addr:street": "Thomas Street", "clothes": "men;denim", "name": "Rivet and Hide", "opening_hours": "Mo-Sa 10:00-18:00; Su 12:00-17:00"}, "fake_data": false, "final_ready": false, "needs_manual_review": true, "updated_at": "2026-08-08T22:34:46Z", "sources": [{"source_name": "OSM Overpass API", "url": "https://overpass-api.de/api/interpreter", "local_cache": "osm_cache_england_884d5092.json", "cache_sha256": "36fa160894f2b7940be373783b59dacf324502d5a5bf829029f008109725d3a7", "accessed_at": "2026-08-08T00:52:00Z", "licence": "ODbL 1.0", "granularity": "building_point", "fields_used": ["building", "amenity", "shop", "office", "tourism", "landuse", "railway", "healthcare"], "supports_field": "building_type_primary", "match_method": "shop=clothes", "match_score": 0.6}, {"source_name": "POI regional data (north)", "url_or_local_path": "F:\\TerraYield_AAYS_Portable\\AAYS\\england_map_web\\data\\poi\\north-points.geojson", "accessed_at": "2026-08-08", "licence": "ODbL 1.0", "granularity": "regional_point_geojson", "fields_used": ["amenity", "shop", "name", "tourism"], "supports_field": "building_type_primary (enrichment available)", "match_method": "poi_file_available", "match_score": 0.0, "note": "File exists (21.5 MB). Spatial proximity match not yet run."}, {"source_name": "England pilot GeoJSON cross-reference", "url_or_local_path": "F:\\TerraYield_AAYS_Portable\\AAYS\\england_map_web\\data\\parcel_building_type_england_pilot.geojson", "accessed_at": "2026-08-08", "licence": "ODbL 1.0", "granularity": "pilot_feature_match", "fields_used": ["building_type_primary", "evidence_level"], "supports_field": "building_type_primary (corroborating)", "match_method": "pilot_id_match", "match_score": 0.7}, {"source_name": "HMLR INSPIRE PMTiles (north)", "url_or_local_path": "F:\\TerraYield_AAYS_Portable\\AAYS\\england_map_web\\data\\north.pmtiles", "accessed_at": "2026-08-08", "licence": "OGLv3", "granularity": "cadastral_parcel_polygon", "fields_used": ["parcel_boundary", "INSPIRE_ID"], "supports_field": "geometry_binding", "match_method": "pmtiles_available", "match_score": 0.0, "note": "File available (2.51 GB). Polygon binding not yet performed."}], "source_evidence_excerpt": {"addr:city": "Manchester", "addr:country": "GB", "addr:housenumber": "59", "addr:postcode": "M4 1NA", "addr:street": "Thomas Street", "clothes": "men;denim"}, "building_type_secondary": "", "geometry_match_method": "none", "address_match_method": "none", "limitations": "OSM-only classification. EPC/VOA needed for A-level evidence.", "evidence_summary": {"osm_cache": true, "poi_available": true, "pilot_cross_ref": true, "pmtiles_available": true, "inspire_zips_available": false, "epc_voa_overture": false, "total_sources": 4}}}, {"type": "Feature", "id": "ENG_OSM_node_357169802", "geometry": {"type": "Point", "coordinates": [-2.2363313, 53.4839229]}, "properties": {"parcel_id": "ENG_OSM_node_357169802", "slot_id": "building_type_8", "region": "North West", "area": "Manchester", "building_type_primary": "commercial_retail", "building_type_code": "C_RETAIL", "building_category": "commercial", "evidence_level": "B", "confidence_score": 0.75, "confidence_level_1_to_4": 3, "source_count": 4, "match_method": "amenity=bar", "source": "OpenStreetMap via Overpass API", "source_url": "https://www.openstreetmap.org/node/357169802", "osm_tags_summary": {"addr:city": "Manchester", "addr:country": "GB", "addr:housenumber": "53-55", "addr:postcode": "M4 1NA", "addr:street": "Thomas Street", "amenity": "bar", "fhrs:id": "1817512", "name": "The Smithfield Social"}, "fake_data": false, "final_ready": false, "needs_manual_review": false, "updated_at": "2026-08-08T22:34:46Z", "sources": [{"source_name": "OSM Overpass API", "url": "https://overpass-api.de/api/interpreter", "local_cache": "osm_cache_england_884d5092.json", "cache_sha256": "36fa160894f2b7940be373783b59dacf324502d5a5bf829029f008109725d3a7", "accessed_at": "2026-08-08T00:52:00Z", "licence": "ODbL 1.0", "granularity": "building_point", "fields_used": ["building", "amenity", "shop", "office", "tourism", "landuse", "railway", "healthcare"], "supports_field": "building_type_primary", "match_method": "amenity=bar", "match_score": 0.75}, {"source_name": "POI regional data (north)", "url_or_local_path": "F:\\TerraYield_AAYS_Portable\\AAYS\\england_map_web\\data\\poi\\north-points.geojson", "accessed_at": "2026-08-08", "licence": "ODbL 1.0", "granularity": "regional_point_geojson", "fields_used": ["amenity", "shop", "name", "tourism"], "supports_field": "building_type_primary (enrichment available)", "match_method": "poi_file_available", "match_score": 0.0, "note": "File exists (21.5 MB). Spatial proximity match not yet run."}, {"source_name": "England pilot GeoJSON cross-reference", "url_or_local_path": "F:\\TerraYield_AAYS_Portable\\AAYS\\england_map_web\\data\\parcel_building_type_england_pilot.geojson", "accessed_at": "2026-08-08", "licence": "ODbL 1.0", "granularity": "pilot_feature_match", "fields_used": ["building_type_primary", "evidence_level"], "supports_field": "building_type_primary (corroborating)", "match_method": "pilot_id_match", "match_score": 0.7}, {"source_name": "HMLR INSPIRE PMTiles (north)", "url_or_local_path": "F:\\TerraYield_AAYS_Portable\\AAYS\\england_map_web\\data\\north.pmtiles", "accessed_at": "2026-08-08", "licence": "OGLv3", "granularity": "cadastral_parcel_polygon", "fields_used": ["parcel_boundary", "INSPIRE_ID"], "supports_field": "geometry_binding", "match_method": "pmtiles_available", "match_score": 0.0, "note": "File available (2.51 GB). Polygon binding not yet performed."}], "source_evidence_excerpt": {"addr:city": "Manchester", "addr:country": "GB", "addr:housenumber": "53-55", "addr:postcode": "M4 1NA", "addr:street": "Thomas Street", "amenity": "bar"}, "building_type_secondary": "", "geometry_match_method": "none", "address_match_method": "none", "limitations": "OSM-only classification. EPC/VOA needed for A-level evidence.", "evidence_summary": {"osm_cache": true, "poi_available": true, "pilot_cross_ref": true, "pmtiles_available": true, "inspire_zips_available": false, "epc_voa_overture": false, "total_sources": 4}}}, {"type": "Feature", "id": "ENG_OSM_node_357170203", "geometry": {"type": "Point", "coordinates": [-2.236553, 53.4840306]}, "properties": {"parcel_id": "ENG_OSM_node_357170203", "slot_id": "building_type_8", "region": "North West", "area": "Manchester", "building_type_primary": "commercial_retail", "building_type_code": "C_RETAIL", "building_category": "commercial", "evidence_level": "D", "confidence_score": 0.6, "confidence_level_1_to_4": 2, "source_count": 4, "match_method": "shop=yes", "source": "OpenStreetMap via Overpass API", "source_url": "https://www.openstreetmap.org/node/357170203", "osm_tags_summary": {"name": "The Black Sheep", "shop": "yes"}, "fake_data": false, "final_ready": false, "needs_manual_review": true, "updated_at": "2026-08-08T22:34:46Z", "sources": [{"source_name": "OSM Overpass API", "url": "https://overpass-api.de/api/interpreter", "local_cache": "osm_cache_england_884d5092.json", "cache_sha256": "36fa160894f2b7940be373783b59dacf324502d5a5bf829029f008109725d3a7", "accessed_at": "2026-08-08T00:52:00Z", "licence": "ODbL 1.0", "granularity": "building_point", "fields_used": ["building", "amenity", "shop", "office", "tourism", "landuse", "railway", "healthcare"], "supports_field": "building_type_primary", "match_method": "shop=yes", "match_score": 0.6}, {"source_name": "POI regional data (north)", "url_or_local_path": "F:\\TerraYield_AAYS_Portable\\AAYS\\england_map_web\\data\\poi\\north-points.geojson", "accessed_at": "2026-08-08", "licence": "ODbL 1.0", "granularity": "regional_point_geojson", "fields_used": ["amenity", "shop", "name", "tourism"], "supports_field": "building_type_primary (enrichment available)", "match_method": "poi_file_available", "match_score": 0.0, "note": "File exists (21.5 MB). Spatial proximity match not yet run."}, {"source_name": "England pilot GeoJSON cross-reference", "url_or_local_path": "F:\\TerraYield_AAYS_Portable\\AAYS\\england_map_web\\data\\parcel_building_type_england_pilot.geojson", "accessed_at": "2026-08-08", "licence": "ODbL 1.0", "granularity": "pilot_feature_match", "fields_used": ["building_type_primary", "evidence_level"], "supports_field": "building_type_primary (corroborating)", "match_method": "pilot_id_match", "match_score": 0.7}, {"source_name": "HMLR INSPIRE PMTiles (north)", "url_or_local_path": "F:\\TerraYield_AAYS_Portable\\AAYS\\england_map_web\\data\\north.pmtiles", "accessed_at": "2026-08-08", "licence": "OGLv3", "granularity": "cadastral_parcel_polygon", "fields_used": ["parcel_boundary", "INSPIRE_ID"], "supports_field": "geometry_binding", "match_method": "pmtiles_available", "match_score": 0.0, "note": "File available (2.51 GB). Polygon binding not yet performed."}], "source_evidence_excerpt": {"name": "The Black Sheep", "shop": "yes"}, "building_type_secondary": "", "geometry_match_method": "none", "address_match_method": "none", "limitations": "OSM-only classification. EPC/VOA needed for A-level evidence.", "evidence_summary": {"osm_cache": true, "poi_available": true, "pilot_cross_ref": true, "pmtiles_available": true, "inspire_zips_available": false, "epc_voa_overture": false, "total_sources": 4}}}, {"type": "Feature", "id": "ENG_OSM_node_357187712", "geometry": {"type": "Point", "coordinates": [-2.2365739, 53.4840742]}, "properties": {"parcel_id": "ENG_OSM_node_357187712", "slot_id": "building_type_8", "region": "North West", "area": "Manchester", "building_type_primary": "commercial_retail", "building_type_code": "C_RETAIL", "building_category": "commercial", "evidence_level": "D", "confidence_score": 0.6, "confidence_level_1_to_4": 2, "source_count": 4, "match_method": "shop=fashion_photography", "source": "OpenStreetMap via Overpass API", "source_url": "https://www.openstreetmap.org/node/357187712", "osm_tags_summary": {"addr:city": "Manchester", "addr:country": "GB", "addr:housenumber": "45-47", "addr:street": "Thomas Street", "name": "Fusion Studios", "shop": "fashion_photography", "website": "http://www.fusionstudios-manchester.co.uk/"}, "fake_data": false, "final_ready": false, "needs_manual_review": true, "updated_at": "2026-08-08T22:34:46Z", "sources": [{"source_name": "OSM Overpass API", "url": "https://overpass-api.de/api/interpreter", "local_cache": "osm_cache_england_884d5092.json", "cache_sha256": "36fa160894f2b7940be373783b59dacf324502d5a5bf829029f008109725d3a7", "accessed_at": "2026-08-08T00:52:00Z", "licence": "ODbL 1.0", "granularity": "building_point", "fields_used": ["building", "amenity", "shop", "office", "tourism", "landuse", "railway", "healthcare"], "supports_field": "building_type_primary", "match_method": "shop=fashion_photography", "match_score": 0.6}, {"source_name": "POI regional data (north)", "url_or_local_path": "F:\\TerraYield_AAYS_Portable\\AAYS\\england_map_web\\data\\poi\\north-points.geojson", "accessed_at": "2026-08-08", "licence": "ODbL 1.0", "granularity": "regional_point_geojson", "fields_used": ["amenity", "shop", "name", "tourism"], "supports_field": "building_type_primary (enrichment available)", "match_method": "poi_file_available", "match_score": 0.0, "note": "File exists (21.5 MB). Spatial proximity match not yet run."}, {"source_name": "England pilot GeoJSON cross-reference", "url_or_local_path": "F:\\TerraYield_AAYS_Portable\\AAYS\\england_map_web\\data\\parcel_building_type_england_pilot.geojson", "accessed_at": "2026-08-08", "licence": "ODbL 1.0", "granularity": "pilot_feature_match", "fields_used": ["building_type_primary", "evidence_level"], "supports_field": "building_type_primary (corroborating)", "match_method": "pilot_id_match", "match_score": 0.7}, {"source_name": "HMLR INSPIRE PMTiles (north)", "url_or_local_path": "F:\\TerraYield_AAYS_Portable\\AAYS\\england_map_web\\data\\north.pmtiles", "accessed_at": "2026-08-08", "licence": "OGLv3", "granularity": "cadastral_parcel_polygon", "fields_used": ["parcel_boundary", "INSPIRE_ID"], "supports_field": "geometry_binding", "match_method": "pmtiles_available", "match_score": 0.0, "note": "File available (2.51 GB). Polygon binding not yet performed."}], "source_evidence_excerpt": {"addr:city": "Manchester", "addr:country": "GB", "addr:housenumber": "45-47", "addr:street": "Thomas Street", "name": "Fusion Studios", "shop": "fashion_photography"}, "building_type_secondary": "", "geometry_match_method": "none", "address_match_method": "none", "limitations": "OSM-only classification. EPC/VOA needed for A-level evidence.", "evidence_summary": {"osm_cache": true, "poi_available": true, "pilot_cross_ref": true, "pmtiles_available": true, "inspire_zips_available": false, "epc_voa_overture": false, "total_sources": 4}}}, {"type": "Feature", "id": "ENG_OSM_node_357190247", "geometry": {"type": "Point", "coordinates": [-2.2368211, 53.4842353]}, "properties": {"parcel_id": "ENG_OSM_node_357190247", "slot_id": "building_type_8", "region": "North West", "area": "Manchester", "building_type_primary": "commercial_retail", "building_type_code": "C_RETAIL", "building_category": "commercial", "evidence_level": "B", "confidence_score": 0.75, "confidence_level_1_to_4": 3, "source_count": 4, "match_method": "amenity=pub", "source": "OpenStreetMap via Overpass API", "source_url": "https://www.openstreetmap.org/node/357190247", "osm_tags_summary": {"addr:city": "Manchester", "addr:country": "GB", "addr:housenumber": "35-37", "addr:postcode": "M4 1NA", "addr:street": "Thomas Street", "amenity": "pub", "fhrs:id": "1819943", "microbrewery": "no"}, "fake_data": false, "final_ready": false, "needs_manual_review": false, "updated_at": "2026-08-08T22:34:46Z", "sources": [{"source_name": "OSM Overpass API", "url": "https://overpass-api.de/api/interpreter", "local_cache": "osm_cache_england_884d5092.json", "cache_sha256": "36fa160894f2b7940be373783b59dacf324502d5a5bf829029f008109725d3a7", "accessed_at": "2026-08-08T00:52:00Z", "licence": "ODbL 1.0", "granularity": "building_point", "fields_used": ["building", "amenity", "shop", "office", "tourism", "landuse", "railway", "healthcare"], "supports_field": "building_type_primary", "match_method": "amenity=pub", "match_score": 0.75}, {"source_name": "POI regional data (north)", "url_or_local_path": "F:\\TerraYield_AAYS_Portable\\AAYS\\england_map_web\\data\\poi\\north-points.geojson", "accessed_at": "2026-08-08", "licence": "ODbL 1.0", "granularity": "regional_point_geojson", "fields_used": ["amenity", "shop", "name", "tourism"], "supports_field": "building_type_primary (enrichment available)", "match_method": "poi_file_available", "match_score": 0.0, "note": "File exists (21.5 MB). Spatial proximity match not yet run."}, {"source_name": "England pilot GeoJSON cross-reference", "url_or_local_path": "F:\\TerraYield_AAYS_Portable\\AAYS\\england_map_web\\data\\parcel_building_type_england_pilot.geojson", "accessed_at": "2026-08-08", "licence": "ODbL 1.0", "granularity": "pilot_feature_match", "fields_used": ["building_type_primary", "evidence_level"], "supports_field": "building_type_primary (corroborating)", "match_method": "pilot_id_match", "match_score": 0.7}, {"source_name": "HMLR INSPIRE PMTiles (north)", "url_or_local_path": "F:\\TerraYield_AAYS_Portable\\AAYS\\england_map_web\\data\\north.pmtiles", "accessed_at": "2026-08-08", "licence": "OGLv3", "granularity": "cadastral_parcel_polygon", "fields_used": ["parcel_boundary", "INSPIRE_ID"], "supports_field": "geometry_binding", "match_method": "pmtiles_available", "match_score": 0.0, "note": "File available (2.51 GB). Polygon binding not yet performed."}], "source_evidence_excerpt": {"addr:city": "Manchester", "addr:country": "GB", "addr:housenumber": "35-37", "addr:postcode": "M4 1NA", "addr:street": "Thomas Street", "amenity": "pub"}, "building_type_secondary": "", "geometry_match_method": "none", "address_match_method": "none", "limitations": "OSM-only classification. EPC/VOA needed for A-level evidence.", "evidence_summary": {"osm_cache": true, "poi_available": true, "pilot_cross_ref": true, "pmtiles_available": true, "inspire_zips_available": false, "epc_voa_overture": false, "total_sources": 4}}}, {"type": "Feature", "id": "ENG_OSM_node_357201437", "geometry": {"type": "Point", "coordinates": [-2.2366962, 53.4856543]}, "properties": {"parcel_id": "ENG_OSM_node_357201437", "slot_id": "building_type_8", "region": "North West", "area": "Manchester", "building_type_primary": "commercial_retail", "building_type_code": "C_RETAIL", "building_category": "commercial", "evidence_level": "B", "confidence_score": 0.75, "confidence_level_1_to_4": 3, "source_count": 4, "match_method": "amenity=restaurant", "source": "OpenStreetMap via Overpass API", "source_url": "https://www.openstreetmap.org/node/357201437", "osm_tags_summary": {"addr:city": "Manchester", "addr:housename": "Crowne Plaza Hotel", "addr:housenumber": "70", "addr:postcode": "M4 4AF", "addr:street": "Shudehill", "amenity": "restaurant", "check_date": "2025-05-07", "name": "Glasshouse"}, "fake_data": false, "final_ready": false, "needs_manual_review": false, "updated_at": "2026-08-08T22:34:46Z", "sources": [{"source_name": "OSM Overpass API", "url": "https://overpass-api.de/api/interpreter", "local_cache": "osm_cache_england_884d5092.json", "cache_sha256": "36fa160894f2b7940be373783b59dacf324502d5a5bf829029f008109725d3a7", "accessed_at": "2026-08-08T00:52:00Z", "licence": "ODbL 1.0", "granularity": "building_point", "fields_used": ["building", "amenity", "shop", "office", "tourism", "landuse", "railway", "healthcare"], "supports_field": "building_type_primary", "match_method": "amenity=restaurant", "match_score": 0.75}, {"source_name": "POI regional data (north)", "url_or_local_path": "F:\\TerraYield_AAYS_Portable\\AAYS\\england_map_web\\data\\poi\\north-points.geojson", "accessed_at": "2026-08-08", "licence": "ODbL 1.0", "granularity": "regional_point_geojson", "fields_used": ["amenity", "shop", "name", "tourism"], "supports_field": "building_type_primary (enrichment available)", "match_method": "poi_file_available", "match_score": 0.0, "note": "File exists (21.5 MB). Spatial proximity match not yet run."}, {"source_name": "England pilot GeoJSON cross-reference", "url_or_local_path": "F:\\TerraYield_AAYS_Portable\\AAYS\\england_map_web\\data\\parcel_building_type_england_pilot.geojson", "accessed_at": "2026-08-08", "licence": "ODbL 1.0", "granularity": "pilot_feature_match", "fields_used": ["building_type_primary", "evidence_level"], "supports_field": "building_type_primary (corroborating)", "match_method": "pilot_id_match", "match_score": 0.7}, {"source_name": "HMLR INSPIRE PMTiles (north)", "url_or_local_path": "F:\\TerraYield_AAYS_Portable\\AAYS\\england_map_web\\data\\north.pmtiles", "accessed_at": "2026-08-08", "licence": "OGLv3", "granularity": "cadastral_parcel_polygon", "fields_used": ["parcel_boundary", "INSPIRE_ID"], "supports_field": "geometry_binding", "match_method": "pmtiles_available", "match_score": 0.0, "note": "File available (2.51 GB). Polygon binding not yet performed."}], "source_evidence_excerpt": {"addr:city": "Manchester", "addr:housename": "Crowne Plaza Hotel", "addr:housenumber": "70", "addr:postcode": "M4 4AF", "addr:street": "Shudehill", "amenity": "restaurant"}, "building_type_secondary": "", "geometry_match_method": "none", "address_match_method": "none", "limitations": "OSM-only classification. EPC/VOA needed for A-level evidence.", "evidence_summary": {"osm_cache": true, "poi_available": true, "pilot_cross_ref": true, "pmtiles_available": true, "inspire_zips_available": false, "epc_voa_overture": false, "total_sources": 4}}}, {"type": "Feature", "id": "ENG_OSM_node_357201545", "geometry": {"type": "Point", "coordinates": [-2.2369822, 53.485575]}, "properties": {"parcel_id": "ENG_OSM_node_357201545", "slot_id": "building_type_8", "region": "North West", "area": "Manchester", "building_type_primary": "commercial_retail", "building_type_code": "C_RETAIL", "building_category": "commercial", "evidence_level": "B", "confidence_score": 0.75, "confidence_level_1_to_4": 3, "source_count": 4, "match_method": "amenity=cafe", "source": "OpenStreetMap via Overpass API", "source_url": "https://www.openstreetmap.org/node/357201545", "osm_tags_summary": {"addr:city": "Manchester", "addr:housenumber": "66", "addr:postcode": "M4 4AA", "addr:street": "Shudehill", "amenity": "cafe", "description": "Free wifi available for customers", "fhrs:id": "1820402", "name": "Cafe North"}, "fake_data": false, "final_ready": false, "needs_manual_review": false, "updated_at": "2026-08-08T22:34:46Z", "sources": [{"source_name": "OSM Overpass API", "url": "https://overpass-api.de/api/interpreter", "local_cache": "osm_cache_england_884d5092.json", "cache_sha256": "36fa160894f2b7940be373783b59dacf324502d5a5bf829029f008109725d3a7", "accessed_at": "2026-08-08T00:52:00Z", "licence": "ODbL 1.0", "granularity": "building_point", "fields_used": ["building", "amenity", "shop", "office", "tourism", "landuse", "railway", "healthcare"], "supports_field": "building_type_primary", "match_method": "amenity=cafe", "match_score": 0.75}, {"source_name": "POI regional data (north)", "url_or_local_path": "F:\\TerraYield_AAYS_Portable\\AAYS\\england_map_web\\data\\poi\\north-points.geojson", "accessed_at": "2026-08-08", "licence": "ODbL 1.0", "granularity": "regional_point_geojson", "fields_used": ["amenity", "shop", "name", "tourism"], "supports_field": "building_type_primary (enrichment available)", "match_method": "poi_file_available", "match_score": 0.0, "note": "File exists (21.5 MB). Spatial proximity match not yet run."}, {"source_name": "England pilot GeoJSON cross-reference", "url_or_local_path": "F:\\TerraYield_AAYS_Portable\\AAYS\\england_map_web\\data\\parcel_building_type_england_pilot.geojson", "accessed_at": "2026-08-08", "licence": "ODbL 1.0", "granularity": "pilot_feature_match", "fields_used": ["building_type_primary", "evidence_level"], "supports_field": "building_type_primary (corroborating)", "match_method": "pilot_id_match", "match_score": 0.7}, {"source_name": "HMLR INSPIRE PMTiles (north)", "url_or_local_path": "F:\\TerraYield_AAYS_Portable\\AAYS\\england_map_web\\data\\north.pmtiles", "accessed_at": "2026-08-08", "licence": "OGLv3", "granularity": "cadastral_parcel_polygon", "fields_used": ["parcel_boundary", "INSPIRE_ID"], "supports_field": "geometry_binding", "match_method": "pmtiles_available", "match_score": 0.0, "note": "File available (2.51 GB). Polygon binding not yet performed."}], "source_evidence_excerpt": {"addr:city": "Manchester", "addr:housenumber": "66", "addr:postcode": "M4 4AA", "addr:street": "Shudehill", "amenity": "cafe", "description": "Free wifi available for customers"}, "building_type_secondary": "", "geometry_match_method": "none", "address_match_method": "none", "limitations": "OSM-only classification. EPC/VOA needed for A-level evidence.", "evidence_summary": {"osm_cache": true, "poi_available": true, "pilot_cross_ref": true, "pmtiles_available": true, "inspire_zips_available": false, "epc_voa_overture": false, "total_sources": 4}}}, {"type": "Feature", "id": "ENG_OSM_node_357201600", "geometry": {"type": "Point", "coordinates": [-2.2369487, 53.4853841]}, "properties": {"parcel_id": "ENG_OSM_node_357201600", "slot_id": "building_type_8", "region": "North West", "area": "Manchester", "building_type_primary": "commercial_retail", "building_type_code": "C_RETAIL", "building_category": "commercial", "evidence_level": "D", "confidence_score": 0.6, "confidence_level_1_to_4": 2, "source_count": 4, "match_method": "shop=yes", "source": "OpenStreetMap via Overpass API", "source_url": "https://www.openstreetmap.org/node/357201600", "osm_tags_summary": {"name": "Urban Suite", "shop": "yes"}, "fake_data": false, "final_ready": false, "needs_manual_review": true, "updated_at": "2026-08-08T22:34:46Z", "sources": [{"source_name": "OSM Overpass API", "url": "https://overpass-api.de/api/interpreter", "local_cache": "osm_cache_england_884d5092.json", "cache_sha256": "36fa160894f2b7940be373783b59dacf324502d5a5bf829029f008109725d3a7", "accessed_at": "2026-08-08T00:52:00Z", "licence": "ODbL 1.0", "granularity": "building_point", "fields_used": ["building", "amenity", "shop", "office", "tourism", "landuse", "railway", "healthcare"], "supports_field": "building_type_primary", "match_method": "shop=yes", "match_score": 0.6}, {"source_name": "POI regional data (north)", "url_or_local_path": "F:\\TerraYield_AAYS_Portable\\AAYS\\england_map_web\\data\\poi\\north-points.geojson", "accessed_at": "2026-08-08", "licence": "ODbL 1.0", "granularity": "regional_point_geojson", "fields_used": ["amenity", "shop", "name", "tourism"], "supports_field": "building_type_primary (enrichment available)", "match_method": "poi_file_available", "match_score": 0.0, "note": "File exists (21.5 MB). Spatial proximity match not yet run."}, {"source_name": "England pilot GeoJSON cross-reference", "url_or_local_path": "F:\\TerraYield_AAYS_Portable\\AAYS\\england_map_web\\data\\parcel_building_type_england_pilot.geojson", "accessed_at": "2026-08-08", "licence": "ODbL 1.0", "granularity": "pilot_feature_match", "fields_used": ["building_type_primary", "evidence_level"], "supports_field": "building_type_primary (corroborating)", "match_method": "pilot_id_match", "match_score": 0.7}, {"source_name": "HMLR INSPIRE PMTiles (north)", "url_or_local_path": "F:\\TerraYield_AAYS_Portable\\AAYS\\england_map_web\\data\\north.pmtiles", "accessed_at": "2026-08-08", "licence": "OGLv3", "granularity": "cadastral_parcel_polygon", "fields_used": ["parcel_boundary", "INSPIRE_ID"], "supports_field": "geometry_binding", "match_method": "pmtiles_available", "match_score": 0.0, "note": "File available (2.51 GB). Polygon binding not yet performed."}], "source_evidence_excerpt": {"name": "Urban Suite", "shop": "yes"}, "building_type_secondary": "", "geometry_match_method": "none", "address_match_method": "none", "limitations": "OSM-only classification. EPC/VOA needed for A-level evidence.", "evidence_summary": {"osm_cache": true, "poi_available": true, "pilot_cross_ref": true, "pmtiles_available": true, "inspire_zips_available": false, "epc_voa_overture": false, "total_sources": 4}}}, {"type": "Feature", "id": "ENG_OSM_node_357201710", "geometry": {"type": "Point", "coordinates": [-2.2366936, 53.4851845]}, "properties": {"parcel_id": "ENG_OSM_node_357201710", "slot_id": "building_type_8", "region": "North West", "area": "Manchester", "building_type_primary": "unknown", "building_type_code": "U_UNKNOWN", "building_category": "unknown", "evidence_level": "U", "confidence_score": 0.0, "confidence_level_1_to_4": 1, "source_count": 4, "match_method": "no_specific_tag", "source": "OpenStreetMap via Overpass API", "source_url": "https://www.openstreetmap.org/node/357201710", "osm_tags_summary": {"amenity": "atm", "atm": "yes", "brand": "Nationwide", "brand:wikidata": "Q846735", "brand:wikipedia": "en:Nationwide Building Society", "name": "Nationwide", "operator": "Nationwide", "operator:wikidata": "Q846735"}, "fake_data": false, "final_ready": false, "needs_manual_review": false, "updated_at": "2026-08-08T22:34:46Z", "sources": [{"source_name": "OSM Overpass API", "url": "https://overpass-api.de/api/interpreter", "local_cache": "osm_cache_england_884d5092.json", "cache_sha256": "36fa160894f2b7940be373783b59dacf324502d5a5bf829029f008109725d3a7", "accessed_at": "2026-08-08T00:52:00Z", "licence": "ODbL 1.0", "granularity": "building_point", "fields_used": ["building", "amenity", "shop", "office", "tourism", "landuse", "railway", "healthcare"], "supports_field": "building_type_primary", "match_method": "no_specific_tag", "match_score": 0.0}, {"source_name": "POI regional data (north)", "url_or_local_path": "F:\\TerraYield_AAYS_Portable\\AAYS\\england_map_web\\data\\poi\\north-points.geojson", "accessed_at": "2026-08-08", "licence": "ODbL 1.0", "granularity": "regional_point_geojson", "fields_used": ["amenity", "shop", "name", "tourism"], "supports_field": "building_type_primary (enrichment available)", "match_method": "poi_file_available", "match_score": 0.0, "note": "File exists (21.5 MB). Spatial proximity match not yet run."}, {"source_name": "England pilot GeoJSON cross-reference", "url_or_local_path": "F:\\TerraYield_AAYS_Portable\\AAYS\\england_map_web\\data\\parcel_building_type_england_pilot.geojson", "accessed_at": "2026-08-08", "licence": "ODbL 1.0", "granularity": "pilot_feature_match", "fields_used": ["building_type_primary", "evidence_level"], "supports_field": "building_type_primary (corroborating)", "match_method": "pilot_id_match", "match_score": 0.7}, {"source_name": "HMLR INSPIRE PMTiles (north)", "url_or_local_path": "F:\\TerraYield_AAYS_Portable\\AAYS\\england_map_web\\data\\north.pmtiles", "accessed_at": "2026-08-08", "licence": "OGLv3", "granularity": "cadastral_parcel_polygon", "fields_used": ["parcel_boundary", "INSPIRE_ID"], "supports_field": "geometry_binding", "match_method": "pmtiles_available", "match_score": 0.0, "note": "File available (2.51 GB). Polygon binding not yet performed."}], "source_evidence_excerpt": {"amenity": "atm", "atm": "yes", "brand": "Nationwide", "brand:wikidata": "Q846735", "brand:wikipedia": "en:Nationwide Building Society", "name": "Nationwide"}, "building_type_secondary": "", "geometry_match_method": "none", "address_match_method": "none", "limitations": "OSM-only classification. EPC/VOA needed for A-level evidence.", "evidence_summary": {"osm_cache": true, "poi_available": true, "pilot_cross_ref": true, "pmtiles_available": true, "inspire_zips_available": false, "epc_voa_overture": false, "total_sources": 4}}}, {"type": "Feature", "id": "ENG_OSM_node_357204573", "geometry": {"type": "Point", "coordinates": [-2.2379382, 53.4851115]}, "properties": {"parcel_id": "ENG_OSM_node_357204573", "slot_id": "building_type_8", "region": "North West", "area": "Manchester", "building_type_primary": "unknown", "building_type_code": "U_UNKNOWN", "building_category": "unknown", "evidence_level": "U", "confidence_score": 0.0, "confidence_level_1_to_4": 1, "source_count": 4, "match_method": "no_specific_tag", "source": "OpenStreetMap via Overpass API", "source_url": "https://www.openstreetmap.org/node/357204573", "osm_tags_summary": {"amenity": "post_box", "collection_times": "Mo-Fr 09:00; Sa 07:00", "post_box:type": "pillar", "ref": "M4 361D", "royal_cypher": "EVIIR", "royal_cypher:wikidata": "Q33102324"}, "fake_data": false, "final_ready": false, "needs_manual_review": false, "updated_at": "2026-08-08T22:34:46Z", "sources": [{"source_name": "OSM Overpass API", "url": "https://overpass-api.de/api/interpreter", "local_cache": "osm_cache_england_884d5092.json", "cache_sha256": "36fa160894f2b7940be373783b59dacf324502d5a5bf829029f008109725d3a7", "accessed_at": "2026-08-08T00:52:00Z", "licence": "ODbL 1.0", "granularity": "building_point", "fields_used": ["building", "amenity", "shop", "office", "tourism", "landuse", "railway", "healthcare"], "supports_field": "building_type_primary", "match_method": "no_specific_tag", "match_score": 0.0}, {"source_name": "POI regional data (north)", "url_or_local_path": "F:\\TerraYield_AAYS_Portable\\AAYS\\england_map_web\\data\\poi\\north-points.geojson", "accessed_at": "2026-08-08", "licence": "ODbL 1.0", "granularity": "regional_point_geojson", "fields_used": ["amenity", "shop", "name", "tourism"], "supports_field": "building_type_primary (enrichment available)", "match_method": "poi_file_available", "match_score": 0.0, "note": "File exists (21.5 MB). Spatial proximity match not yet run."}, {"source_name": "England pilot GeoJSON cross-reference", "url_or_local_path": "F:\\TerraYield_AAYS_Portable\\AAYS\\england_map_web\\data\\parcel_building_type_england_pilot.geojson", "accessed_at": "2026-08-08", "licence": "ODbL 1.0", "granularity": "pilot_feature_match", "fields_used": ["building_type_primary", "evidence_level"], "supports_field": "building_type_primary (corroborating)", "match_method": "pilot_id_match", "match_score": 0.7}, {"source_name": "HMLR INSPIRE PMTiles (north)", "url_or_local_path": "F:\\TerraYield_AAYS_Portable\\AAYS\\england_map_web\\data\\north.pmtiles", "accessed_at": "2026-08-08", "licence": "OGLv3", "granularity": "cadastral_parcel_polygon", "fields_used": ["parcel_boundary", "INSPIRE_ID"], "supports_field": "geometry_binding", "match_method": "pmtiles_available", "match_score": 0.0, "note": "File available (2.51 GB). Polygon binding not yet performed."}], "source_evidence_excerpt": {"amenity": "post_box", "collection_times": "Mo-Fr 09:00; Sa 07:00", "post_box:type": "pillar", "ref": "M4 361D", "royal_cypher": "EVIIR", "royal_cypher:wikidata": "Q33102324"}, "building_type_secondary": "", "geometry_match_method": "none", "address_match_method": "none", "limitations": "OSM-only classification. EPC/VOA needed for A-level evidence.", "evidence_summary": {"osm_cache": true, "poi_available": true, "pilot_cross_ref": true, "pmtiles_available": true, "inspire_zips_available": false, "epc_voa_overture": false, "total_sources": 4}}}, {"type": "Feature", "id": "ENG_OSM_node_357204999", "geometry": {"type": "Point", "coordinates": [-2.2381899, 53.4849217]}, "properties": {"parcel_id": "ENG_OSM_node_357204999", "slot_id": "building_type_8", "region": "North West", "area": "Manchester", "building_type_primary": "commercial_retail", "building_type_code": "C_RETAIL", "building_category": "commercial", "evidence_level": "B", "confidence_score": 0.75, "confidence_level_1_to_4": 3, "source_count": 4, "match_method": "amenity=cafe", "source": "OpenStreetMap via Overpass API", "source_url": "https://www.openstreetmap.org/node/357204999", "osm_tags_summary": {"addr:city": "Manchester", "addr:country": "GB", "addr:housenumber": "40", "addr:postcode": "M4 1EZ", "addr:street": "Shudehill", "amenity": "cafe", "fhrs:id": "1820680", "indoor_seating": "no"}, "fake_data": false, "final_ready": false, "needs_manual_review": false, "updated_at": "2026-08-08T22:34:46Z", "sources": [{"source_name": "OSM Overpass API", "url": "https://overpass-api.de/api/interpreter", "local_cache": "osm_cache_england_884d5092.json", "cache_sha256": "36fa160894f2b7940be373783b59dacf324502d5a5bf829029f008109725d3a7", "accessed_at": "2026-08-08T00:52:00Z", "licence": "ODbL 1.0", "granularity": "building_point", "fields_used": ["building", "amenity", "shop", "office", "tourism", "landuse", "railway", "healthcare"], "supports_field": "building_type_primary", "match_method": "amenity=cafe", "match_score": 0.75}, {"source_name": "POI regional data (north)", "url_or_local_path": "F:\\TerraYield_AAYS_Portable\\AAYS\\england_map_web\\data\\poi\\north-points.geojson", "accessed_at": "2026-08-08", "licence": "ODbL 1.0", "granularity": "regional_point_geojson", "fields_used": ["amenity", "shop", "name", "tourism"], "supports_field": "building_type_primary (enrichment available)", "match_method": "poi_file_available", "match_score": 0.0, "note": "File exists (21.5 MB). Spatial proximity match not yet run."}, {"source_name": "England pilot GeoJSON cross-reference", "url_or_local_path": "F:\\TerraYield_AAYS_Portable\\AAYS\\england_map_web\\data\\parcel_building_type_england_pilot.geojson", "accessed_at": "2026-08-08", "licence": "ODbL 1.0", "granularity": "pilot_feature_match", "fields_used": ["building_type_primary", "evidence_level"], "supports_field": "building_type_primary (corroborating)", "match_method": "pilot_id_match", "match_score": 0.7}, {"source_name": "HMLR INSPIRE PMTiles (north)", "url_or_local_path": "F:\\TerraYield_AAYS_Portable\\AAYS\\england_map_web\\data\\north.pmtiles", "accessed_at": "2026-08-08", "licence": "OGLv3", "granularity": "cadastral_parcel_polygon", "fields_used": ["parcel_boundary", "INSPIRE_ID"], "supports_field": "geometry_binding", "match_method": "pmtiles_available", "match_score": 0.0, "note": "File available (2.51 GB). Polygon binding not yet performed."}], "source_evidence_excerpt": {"addr:city": "Manchester", "addr:country": "GB", "addr:housenumber": "40", "addr:postcode": "M4 1EZ", "addr:street": "Shudehill", "amenity": "cafe"}, "building_type_secondary": "", "geometry_match_method": "none", "address_match_method": "none", "limitations": "OSM-only classification. EPC/VOA needed for A-level evidence.", "evidence_summary": {"osm_cache": true, "poi_available": true, "pilot_cross_ref": true, "pmtiles_available": true, "inspire_zips_available": false, "epc_voa_overture": false, "total_sources": 4}}}, {"type": "Feature", "id": "ENG_OSM_node_357207554", "geometry": {"type": "Point", "coordinates": [-2.2372798, 53.4845742]}, "properties": {"parcel_id": "ENG_OSM_node_357207554", "slot_id": "building_type_8", "region": "North West", "area": "Manchester", "building_type_primary": "commercial_retail", "building_type_code": "C_RETAIL", "building_category": "commercial", "evidence_level": "B", "confidence_score": 0.75, "confidence_level_1_to_4": 3, "source_count": 4, "match_method": "amenity=bar", "source": "OpenStreetMap via Overpass API", "source_url": "https://www.openstreetmap.org/node/357207554", "osm_tags_summary": {"addr:city": "Manchester", "addr:housenumber": "85", "addr:postcode": "M4 1BD", "addr:street": "High Street", "amenity": "bar", "name": "Foundry Project", "toilets:wheelchair": "yes", "wheelchair": "yes"}, "fake_data": false, "final_ready": false, "needs_manual_review": false, "updated_at": "2026-08-08T22:34:46Z", "sources": [{"source_name": "OSM Overpass API", "url": "https://overpass-api.de/api/interpreter", "local_cache": "osm_cache_england_884d5092.json", "cache_sha256": "36fa160894f2b7940be373783b59dacf324502d5a5bf829029f008109725d3a7", "accessed_at": "2026-08-08T00:52:00Z", "licence": "ODbL 1.0", "granularity": "building_point", "fields_used": ["building", "amenity", "shop", "office", "tourism", "landuse", "railway", "healthcare"], "supports_field": "building_type_primary", "match_method": "amenity=bar", "match_score": 0.75}, {"source_name": "POI regional data (north)", "url_or_local_path": "F:\\TerraYield_AAYS_Portable\\AAYS\\england_map_web\\data\\poi\\north-points.geojson", "accessed_at": "2026-08-08", "licence": "ODbL 1.0", "granularity": "regional_point_geojson", "fields_used": ["amenity", "shop", "name", "tourism"], "supports_field": "building_type_primary (enrichment available)", "match_method": "poi_file_available", "match_score": 0.0, "note": "File exists (21.5 MB). Spatial proximity match not yet run."}, {"source_name": "England pilot GeoJSON cross-reference", "url_or_local_path": "F:\\TerraYield_AAYS_Portable\\AAYS\\england_map_web\\data\\parcel_building_type_england_pilot.geojson", "accessed_at": "2026-08-08", "licence": "ODbL 1.0", "granularity": "pilot_feature_match", "fields_used": ["building_type_primary", "evidence_level"], "supports_field": "building_type_primary (corroborating)", "match_method": "pilot_id_match", "match_score": 0.7}, {"source_name": "HMLR INSPIRE PMTiles (north)", "url_or_local_path": "F:\\TerraYield_AAYS_Portable\\AAYS\\england_map_web\\data\\north.pmtiles", "accessed_at": "2026-08-08", "licence": "OGLv3", "granularity": "cadastral_parcel_polygon", "fields_used": ["parcel_boundary", "INSPIRE_ID"], "supports_field": "geometry_binding", "match_method": "pmtiles_available", "match_score": 0.0, "note": "File available (2.51 GB). Polygon binding not yet performed."}], "source_evidence_excerpt": {"addr:city": "Manchester", "addr:housenumber": "85", "addr:postcode": "M4 1BD", "addr:street": "High Street", "amenity": "bar", "name": "Foundry Project"}, "building_type_secondary": "", "geometry_match_method": "none", "address_match_method": "none", "limitations": "OSM-only classification. EPC/VOA needed for A-level evidence.", "evidence_summary": {"osm_cache": true, "poi_available": true, "pilot_cross_ref": true, "pmtiles_available": true, "inspire_zips_available": false, "epc_voa_overture": false, "total_sources": 4}}}, {"type": "Feature", "id": "ENG_OSM_node_357207748", "geometry": {"type": "Point", "coordinates": [-2.2375022, 53.4847148]}, "properties": {"parcel_id": "ENG_OSM_node_357207748", "slot_id": "building_type_8", "region": "North West", "area": "Manchester", "building_type_primary": "unknown", "building_type_code": "U_UNKNOWN", "building_category": "unknown", "evidence_level": "U", "confidence_score": 0.0, "confidence_level_1_to_4": 1, "source_count": 4, "match_method": "no_specific_tag", "source": "OpenStreetMap via Overpass API", "source_url": "https://www.openstreetmap.org/node/357207748", "osm_tags_summary": {"addr:city": "Manchester", "addr:housename": "Market Buildings", "addr:housenumber": "13", "addr:postcode": "M4 1EU", "addr:street": "Thomas Street", "amenity": "arts_centre", "check_date:opening_hours": "2024-02-26", "fee": "no"}, "fake_data": false, "final_ready": false, "needs_manual_review": false, "updated_at": "2026-08-08T22:34:46Z", "sources": [{"source_name": "OSM Overpass API", "url": "https://overpass-api.de/api/interpreter", "local_cache": "osm_cache_england_884d5092.json", "cache_sha256": "36fa160894f2b7940be373783b59dacf324502d5a5bf829029f008109725d3a7", "accessed_at": "2026-08-08T00:52:00Z", "licence": "ODbL 1.0", "granularity": "building_point", "fields_used": ["building", "amenity", "shop", "office", "tourism", "landuse", "railway", "healthcare"], "supports_field": "building_type_primary", "match_method": "no_specific_tag", "match_score": 0.0}, {"source_name": "POI regional data (north)", "url_or_local_path": "F:\\TerraYield_AAYS_Portable\\AAYS\\england_map_web\\data\\poi\\north-points.geojson", "accessed_at": "2026-08-08", "licence": "ODbL 1.0", "granularity": "regional_point_geojson", "fields_used": ["amenity", "shop", "name", "tourism"], "supports_field": "building_type_primary (enrichment available)", "match_method": "poi_file_available", "match_score": 0.0, "note": "File exists (21.5 MB). Spatial proximity match not yet run."}, {"source_name": "England pilot GeoJSON cross-reference", "url_or_local_path": "F:\\TerraYield_AAYS_Portable\\AAYS\\england_map_web\\data\\parcel_building_type_england_pilot.geojson", "accessed_at": "2026-08-08", "licence": "ODbL 1.0", "granularity": "pilot_feature_match", "fields_used": ["building_type_primary", "evidence_level"], "supports_field": "building_type_primary (corroborating)", "match_method": "pilot_id_match", "match_score": 0.7}, {"source_name": "HMLR INSPIRE PMTiles (north)", "url_or_local_path": "F:\\TerraYield_AAYS_Portable\\AAYS\\england_map_web\\data\\north.pmtiles", "accessed_at": "2026-08-08", "licence": "OGLv3", "granularity": "cadastral_parcel_polygon", "fields_used": ["parcel_boundary", "INSPIRE_ID"], "supports_field": "geometry_binding", "match_method": "pmtiles_available", "match_score": 0.0, "note": "File available (2.51 GB). Polygon binding not yet performed."}], "source_evidence_excerpt": {"addr:city": "Manchester", "addr:housename": "Market Buildings", "addr:housenumber": "13", "addr:postcode": "M4 1EU", "addr:street": "Thomas Street", "amenity": "arts_centre"}, "building_type_secondary": "", "geometry_match_method": "none", "address_match_method": "none", "limitations": "OSM-only classification. EPC/VOA needed for A-level evidence.", "evidence_summary": {"osm_cache": true, "poi_available": true, "pilot_cross_ref": true, "pmtiles_available": true, "inspire_zips_available": false, "epc_voa_overture": false, "total_sources": 4}}}, {"type": "Feature", "id": "ENG_OSM_node_357208953", "geometry": {"type": "Point", "coordinates": [-2.2381287, 53.4847055]}, "properties": {"parcel_id": "ENG_OSM_node_357208953", "slot_id": "building_type_8", "region": "North West", "area": "Manchester", "building_type_primary": "commercial_retail", "building_type_code": "C_RETAIL", "building_category": "commercial", "evidence_level": "B", "confidence_score": 0.75, "confidence_level_1_to_4": 3, "source_count": 4, "match_method": "amenity=restaurant", "source": "OpenStreetMap via Overpass API", "source_url": "https://www.openstreetmap.org/node/357208953", "osm_tags_summary": {"addr:city": "Manchester", "addr:country": "GB", "addr:housenumber": "3", "addr:postcode": "M4 1EW", "addr:street": "Soap Street", "amenity": "restaurant", "cuisine": "indian", "fhrs:id": "1819090"}, "fake_data": false, "final_ready": false, "needs_manual_review": false, "updated_at": "2026-08-08T22:34:46Z", "sources": [{"source_name": "OSM Overpass API", "url": "https://overpass-api.de/api/interpreter", "local_cache": "osm_cache_england_884d5092.json", "cache_sha256": "36fa160894f2b7940be373783b59dacf324502d5a5bf829029f008109725d3a7", "accessed_at": "2026-08-08T00:52:00Z", "licence": "ODbL 1.0", "granularity": "building_point", "fields_used": ["building", "amenity", "shop", "office", "tourism", "landuse", "railway", "healthcare"], "supports_field": "building_type_primary", "match_method": "amenity=restaurant", "match_score": 0.75}, {"source_name": "POI regional data (north)", "url_or_local_path": "F:\\TerraYield_AAYS_Portable\\AAYS\\england_map_web\\data\\poi\\north-points.geojson", "accessed_at": "2026-08-08", "licence": "ODbL 1.0", "granularity": "regional_point_geojson", "fields_used": ["amenity", "shop", "name", "tourism"], "supports_field": "building_type_primary (enrichment available)", "match_method": "poi_file_available", "match_score": 0.0, "note": "File exists (21.5 MB). Spatial proximity match not yet run."}, {"source_name": "England pilot GeoJSON cross-reference", "url_or_local_path": "F:\\TerraYield_AAYS_Portable\\AAYS\\england_map_web\\data\\parcel_building_type_england_pilot.geojson", "accessed_at": "2026-08-08", "licence": "ODbL 1.0", "granularity": "pilot_feature_match", "fields_used": ["building_type_primary", "evidence_level"], "supports_field": "building_type_primary (corroborating)", "match_method": "pilot_id_match", "match_score": 0.7}, {"source_name": "HMLR INSPIRE PMTiles (north)", "url_or_local_path": "F:\\TerraYield_AAYS_Portable\\AAYS\\england_map_web\\data\\north.pmtiles", "accessed_at": "2026-08-08", "licence": "OGLv3", "granularity": "cadastral_parcel_polygon", "fields_used": ["parcel_boundary", "INSPIRE_ID"], "supports_field": "geometry_binding", "match_method": "pmtiles_available", "match_score": 0.0, "note": "File available (2.51 GB). Polygon binding not yet performed."}], "source_evidence_excerpt": {"addr:city": "Manchester", "addr:country": "GB", "addr:housenumber": "3", "addr:postcode": "M4 1EW", "addr:street": "Soap Street", "amenity": "restaurant"}, "building_type_secondary": "", "geometry_match_method": "none", "address_match_method": "none", "limitations": "OSM-only classification. EPC/VOA needed for A-level evidence.", "evidence_summary": {"osm_cache": true, "poi_available": true, "pilot_cross_ref": true, "pmtiles_available": true, "inspire_zips_available": false, "epc_voa_overture": false, "total_sources": 4}}}, {"type": "Feature", "id": "ENG_OSM_node_357286489", "geometry": {"type": "Point", "coordinates": [-2.2363427, 53.4848012]}, "properties": {"parcel_id": "ENG_OSM_node_357286489", "slot_id": "building_type_8", "region": "North West", "area": "Manchester", "building_type_primary": "commercial_retail", "building_type_code": "C_RETAIL", "building_category": "commercial", "evidence_level": "B", "confidence_score": 0.75, "confidence_level_1_to_4": 3, "source_count": 4, "match_method": "amenity=restaurant", "source": "OpenStreetMap via Overpass API", "source_url": "https://www.openstreetmap.org/node/357286489", "osm_tags_summary": {"addr:city": "Manchester", "addr:country": "GB", "addr:housenumber": "19", "addr:postcode": "M4 1HS", "addr:street": "Copperas Street", "amenity": "restaurant", "cuisine": "chinese", "fhrs:id": "1819908"}, "fake_data": false, "final_ready": false, "needs_manual_review": false, "updated_at": "2026-08-08T22:34:46Z", "sources": [{"source_name": "OSM Overpass API", "url": "https://overpass-api.de/api/interpreter", "local_cache": "osm_cache_england_884d5092.json", "cache_sha256": "36fa160894f2b7940be373783b59dacf324502d5a5bf829029f008109725d3a7", "accessed_at": "2026-08-08T00:52:00Z", "licence": "ODbL 1.0", "granularity": "building_point", "fields_used": ["building", "amenity", "shop", "office", "tourism", "landuse", "railway", "healthcare"], "supports_field": "building_type_primary", "match_method": "amenity=restaurant", "match_score": 0.75}, {"source_name": "POI regional data (north)", "url_or_local_path": "F:\\TerraYield_AAYS_Portable\\AAYS\\england_map_web\\data\\poi\\north-points.geojson", "accessed_at": "2026-08-08", "licence": "ODbL 1.0", "granularity": "regional_point_geojson", "fields_used": ["amenity", "shop", "name", "tourism"], "supports_field": "building_type_primary (enrichment available)", "match_method": "poi_file_available", "match_score": 0.0, "note": "File exists (21.5 MB). Spatial proximity match not yet run."}, {"source_name": "England pilot GeoJSON cross-reference", "url_or_local_path": "F:\\TerraYield_AAYS_Portable\\AAYS\\england_map_web\\data\\parcel_building_type_england_pilot.geojson", "accessed_at": "2026-08-08", "licence": "ODbL 1.0", "granularity": "pilot_feature_match", "fields_used": ["building_type_primary", "evidence_level"], "supports_field": "building_type_primary (corroborating)", "match_method": "pilot_id_match", "match_score": 0.7}, {"source_name": "HMLR INSPIRE PMTiles (north)", "url_or_local_path": "F:\\TerraYield_AAYS_Portable\\AAYS\\england_map_web\\data\\north.pmtiles", "accessed_at": "2026-08-08", "licence": "OGLv3", "granularity": "cadastral_parcel_polygon", "fields_used": ["parcel_boundary", "INSPIRE_ID"], "supports_field": "geometry_binding", "match_method": "pmtiles_available", "match_score": 0.0, "note": "File available (2.51 GB). Polygon binding not yet performed."}], "source_evidence_excerpt": {"addr:city": "Manchester", "addr:country": "GB", "addr:housenumber": "19", "addr:postcode": "M4 1HS", "addr:street": "Copperas Street", "amenity": "restaurant"}, "building_type_secondary": "", "geometry_match_method": "none", "address_match_method": "none", "limitations": "OSM-only classification. EPC/VOA needed for A-level evidence.", "evidence_summary": {"osm_cache": true, "poi_available": true, "pilot_cross_ref": true, "pmtiles_available": true, "inspire_zips_available": false, "epc_voa_overture": false, "total_sources": 4}}}, {"type": "Feature", "id": "ENG_OSM_node_357287951", "geometry": {"type": "Point", "coordinates": [-2.2362037, 53.4849164]}, "properties": {"parcel_id": "ENG_OSM_node_357287951", "slot_id": "building_type_8", "region": "North West", "area": "Manchester", "building_type_primary": "commercial_retail", "building_type_code": "C_RETAIL", "building_category": "commercial", "evidence_level": "D", "confidence_score": 0.6, "confidence_level_1_to_4": 2, "source_count": 4, "match_method": "shop=beauty", "source": "OpenStreetMap via Overpass API", "source_url": "https://www.openstreetmap.org/node/357287951", "osm_tags_summary": {"addr:city": "Manchester", "addr:housenumber": "110", "addr:postcode": "M4 1HQ", "addr:street": "High Street", "name": "Reubenwood Hair & Beauty", "opening_hours": "Tu,We,Fr 10:00-19:00; Th 10:00-20:00; Sa 09:00-17:00", "shop": "beauty"}, "fake_data": false, "final_ready": false, "needs_manual_review": true, "updated_at": "2026-08-08T22:34:46Z", "sources": [{"source_name": "OSM Overpass API", "url": "https://overpass-api.de/api/interpreter", "local_cache": "osm_cache_england_884d5092.json", "cache_sha256": "36fa160894f2b7940be373783b59dacf324502d5a5bf829029f008109725d3a7", "accessed_at": "2026-08-08T00:52:00Z", "licence": "ODbL 1.0", "granularity": "building_point", "fields_used": ["building", "amenity", "shop", "office", "tourism", "landuse", "railway", "healthcare"], "supports_field": "building_type_primary", "match_method": "shop=beauty", "match_score": 0.6}, {"source_name": "POI regional data (north)", "url_or_local_path": "F:\\TerraYield_AAYS_Portable\\AAYS\\england_map_web\\data\\poi\\north-points.geojson", "accessed_at": "2026-08-08", "licence": "ODbL 1.0", "granularity": "regional_point_geojson", "fields_used": ["amenity", "shop", "name", "tourism"], "supports_field": "building_type_primary (enrichment available)", "match_method": "poi_file_available", "match_score": 0.0, "note": "File exists (21.5 MB). Spatial proximity match not yet run."}, {"source_name": "England pilot GeoJSON cross-reference", "url_or_local_path": "F:\\TerraYield_AAYS_Portable\\AAYS\\england_map_web\\data\\parcel_building_type_england_pilot.geojson", "accessed_at": "2026-08-08", "licence": "ODbL 1.0", "granularity": "pilot_feature_match", "fields_used": ["building_type_primary", "evidence_level"], "supports_field": "building_type_primary (corroborating)", "match_method": "pilot_id_match", "match_score": 0.7}, {"source_name": "HMLR INSPIRE PMTiles (north)", "url_or_local_path": "F:\\TerraYield_AAYS_Portable\\AAYS\\england_map_web\\data\\north.pmtiles", "accessed_at": "2026-08-08", "licence": "OGLv3", "granularity": "cadastral_parcel_polygon", "fields_used": ["parcel_boundary", "INSPIRE_ID"], "supports_field": "geometry_binding", "match_method": "pmtiles_available", "match_score": 0.0, "note": "File available (2.51 GB). Polygon binding not yet performed."}], "source_evidence_excerpt": {"addr:city": "Manchester", "addr:housenumber": "110", "addr:postcode": "M4 1HQ", "addr:street": "High Street", "name": "Reubenwood Hair & Beauty", "opening_hours": "Tu,We,Fr 10:00-19:00; Th 10:00-20:00; Sa 09:00-17:00"}, "building_type_secondary": "", "geometry_match_method": "none", "address_match_method": "none", "limitations": "OSM-only classification. EPC/VOA needed for A-level evidence.", "evidence_summary": {"osm_cache": true, "poi_available": true, "pilot_cross_ref": true, "pmtiles_available": true, "inspire_zips_available": false, "epc_voa_overture": false, "total_sources": 4}}}, {"type": "Feature", "id": "ENG_OSM_node_357537447", "geometry": {"type": "Point", "coordinates": [-2.2381146, 53.4840612]}, "properties": {"parcel_id": "ENG_OSM_node_357537447", "slot_id": "building_type_8", "region": "North West", "area": "Manchester", "building_type_primary": "commercial_retail", "building_type_code": "C_RETAIL", "building_category": "commercial", "evidence_level": "B", "confidence_score": 0.75, "confidence_level_1_to_4": 3, "source_count": 4, "match_method": "amenity=fast_food", "source": "OpenStreetMap via Overpass API", "source_url": "https://www.openstreetmap.org/node/357537447", "osm_tags_summary": {"addr:city": "Manchester", "addr:country": "GB", "addr:housenumber": "72", "addr:postcode": "M4 1ES", "addr:street": "High Street", "amenity": "fast_food", "check_date": "2025-02-04", "cuisine": "indian;fast_food"}, "fake_data": false, "final_ready": false, "needs_manual_review": false, "updated_at": "2026-08-08T22:34:46Z", "sources": [{"source_name": "OSM Overpass API", "url": "https://overpass-api.de/api/interpreter", "local_cache": "osm_cache_england_884d5092.json", "cache_sha256": "36fa160894f2b7940be373783b59dacf324502d5a5bf829029f008109725d3a7", "accessed_at": "2026-08-08T00:52:00Z", "licence": "ODbL 1.0", "granularity": "building_point", "fields_used": ["building", "amenity", "shop", "office", "tourism", "landuse", "railway", "healthcare"], "supports_field": "building_type_primary", "match_method": "amenity=fast_food", "match_score": 0.75}, {"source_name": "POI regional data (north)", "url_or_local_path": "F:\\TerraYield_AAYS_Portable\\AAYS\\england_map_web\\data\\poi\\north-points.geojson", "accessed_at": "2026-08-08", "licence": "ODbL 1.0", "granularity": "regional_point_geojson", "fields_used": ["amenity", "shop", "name", "tourism"], "supports_field": "building_type_primary (enrichment available)", "match_method": "poi_file_available", "match_score": 0.0, "note": "File exists (21.5 MB). Spatial proximity match not yet run."}, {"source_name": "England pilot GeoJSON cross-reference", "url_or_local_path": "F:\\TerraYield_AAYS_Portable\\AAYS\\england_map_web\\data\\parcel_building_type_england_pilot.geojson", "accessed_at": "2026-08-08", "licence": "ODbL 1.0", "granularity": "pilot_feature_match", "fields_used": ["building_type_primary", "evidence_level"], "supports_field": "building_type_primary (corroborating)", "match_method": "pilot_id_match", "match_score": 0.7}, {"source_name": "HMLR INSPIRE PMTiles (north)", "url_or_local_path": "F:\\TerraYield_AAYS_Portable\\AAYS\\england_map_web\\data\\north.pmtiles", "accessed_at": "2026-08-08", "licence": "OGLv3", "granularity": "cadastral_parcel_polygon", "fields_used": ["parcel_boundary", "INSPIRE_ID"], "supports_field": "geometry_binding", "match_method": "pmtiles_available", "match_score": 0.0, "note": "File available (2.51 GB). Polygon binding not yet performed."}], "source_evidence_excerpt": {"addr:city": "Manchester", "addr:country": "GB", "addr:housenumber": "72", "addr:postcode": "M4 1ES", "addr:street": "High Street", "amenity": "fast_food"}, "building_type_secondary": "", "geometry_match_method": "none", "address_match_method": "none", "limitations": "OSM-only classification. EPC/VOA needed for A-level evidence.", "evidence_summary": {"osm_cache": true, "poi_available": true, "pilot_cross_ref": true, "pmtiles_available": true, "inspire_zips_available": false, "epc_voa_overture": false, "total_sources": 4}}}, {"type": "Feature", "id": "ENG_OSM_node_412820220", "geometry": {"type": "Point", "coordinates": [-2.2346505, 53.480925]}, "properties": {"parcel_id": "ENG_OSM_node_412820220", "slot_id": "building_type_8", "region": "North West", "area": "Manchester", "building_type_primary": "commercial_retail", "building_type_code": "C_RETAIL", "building_category": "commercial", "evidence_level": "B", "confidence_score": 0.75, "confidence_level_1_to_4": 3, "source_count": 4, "match_method": "amenity=fast_food", "source": "OpenStreetMap via Overpass API", "source_url": "https://www.openstreetmap.org/node/412820220", "osm_tags_summary": {"addr:city": "Manchester", "addr:country": "GB", "addr:housenumber": "59A", "addr:postcode": "M1 2AG", "addr:street": "Piccadilly", "amenity": "fast_food", "brand": "Subway", "brand:wikidata": "Q244457"}, "fake_data": false, "final_ready": false, "needs_manual_review": false, "updated_at": "2026-08-08T22:34:46Z", "sources": [{"source_name": "OSM Overpass API", "url": "https://overpass-api.de/api/interpreter", "local_cache": "osm_cache_england_884d5092.json", "cache_sha256": "36fa160894f2b7940be373783b59dacf324502d5a5bf829029f008109725d3a7", "accessed_at": "2026-08-08T00:52:00Z", "licence": "ODbL 1.0", "granularity": "building_point", "fields_used": ["building", "amenity", "shop", "office", "tourism", "landuse", "railway", "healthcare"], "supports_field": "building_type_primary", "match_method": "amenity=fast_food", "match_score": 0.75}, {"source_name": "POI regional data (north)", "url_or_local_path": "F:\\TerraYield_AAYS_Portable\\AAYS\\england_map_web\\data\\poi\\north-points.geojson", "accessed_at": "2026-08-08", "licence": "ODbL 1.0", "granularity": "regional_point_geojson", "fields_used": ["amenity", "shop", "name", "tourism"], "supports_field": "building_type_primary (enrichment available)", "match_method": "poi_file_available", "match_score": 0.0, "note": "File exists (21.5 MB). Spatial proximity match not yet run."}, {"source_name": "England pilot GeoJSON cross-reference", "url_or_local_path": "F:\\TerraYield_AAYS_Portable\\AAYS\\england_map_web\\data\\parcel_building_type_england_pilot.geojson", "accessed_at": "2026-08-08", "licence": "ODbL 1.0", "granularity": "pilot_feature_match", "fields_used": ["building_type_primary", "evidence_level"], "supports_field": "building_type_primary (corroborating)", "match_method": "pilot_id_match", "match_score": 0.7}, {"source_name": "HMLR INSPIRE PMTiles (north)", "url_or_local_path": "F:\\TerraYield_AAYS_Portable\\AAYS\\england_map_web\\data\\north.pmtiles", "accessed_at": "2026-08-08", "licence": "OGLv3", "granularity": "cadastral_parcel_polygon", "fields_used": ["parcel_boundary", "INSPIRE_ID"], "supports_field": "geometry_binding", "match_method": "pmtiles_available", "match_score": 0.0, "note": "File available (2.51 GB). Polygon binding not yet performed."}], "source_evidence_excerpt": {"addr:city": "Manchester", "addr:country": "GB", "addr:housenumber": "59A", "addr:postcode": "M1 2AG", "addr:street": "Piccadilly", "amenity": "fast_food"}, "building_type_secondary": "", "geometry_match_method": "none", "address_match_method": "none", "limitations": "OSM-only classification. EPC/VOA needed for A-level evidence.", "evidence_summary": {"osm_cache": true, "poi_available": true, "pilot_cross_ref": true, "pmtiles_available": true, "inspire_zips_available": false, "epc_voa_overture": false, "total_sources": 4}}}, {"type": "Feature", "id": "ENG_OSM_node_412821349", "geometry": {"type": "Point", "coordinates": [-2.2341689, 53.4811141]}, "properties": {"parcel_id": "ENG_OSM_node_412821349", "slot_id": "building_type_8", "region": "North West", "area": "Manchester", "building_type_primary": "commercial_retail", "building_type_code": "C_RETAIL", "building_category": "commercial", "evidence_level": "B", "confidence_score": 0.75, "confidence_level_1_to_4": 3, "source_count": 4, "match_method": "amenity=cafe", "source": "OpenStreetMap via Overpass API", "source_url": "https://www.openstreetmap.org/node/412821349", "osm_tags_summary": {"addr:city": "Manchester", "addr:country": "GB", "addr:housenumber": "11", "addr:postcode": "M1 1HF", "addr:street": "Newton Street", "amenity": "cafe", "fhrs:id": "1818965", "name": "Super Sandwich"}, "fake_data": false, "final_ready": false, "needs_manual_review": false, "updated_at": "2026-08-08T22:34:46Z", "sources": [{"source_name": "OSM Overpass API", "url": "https://overpass-api.de/api/interpreter", "local_cache": "osm_cache_england_884d5092.json", "cache_sha256": "36fa160894f2b7940be373783b59dacf324502d5a5bf829029f008109725d3a7", "accessed_at": "2026-08-08T00:52:00Z", "licence": "ODbL 1.0", "granularity": "building_point", "fields_used": ["building", "amenity", "shop", "office", "tourism", "landuse", "railway", "healthcare"], "supports_field": "building_type_primary", "match_method": "amenity=cafe", "match_score": 0.75}, {"source_name": "POI regional data (north)", "url_or_local_path": "F:\\TerraYield_AAYS_Portable\\AAYS\\england_map_web\\data\\poi\\north-points.geojson", "accessed_at": "2026-08-08", "licence": "ODbL 1.0", "granularity": "regional_point_geojson", "fields_used": ["amenity", "shop", "name", "tourism"], "supports_field": "building_type_primary (enrichment available)", "match_method": "poi_file_available", "match_score": 0.0, "note": "File exists (21.5 MB). Spatial proximity match not yet run."}, {"source_name": "England pilot GeoJSON cross-reference", "url_or_local_path": "F:\\TerraYield_AAYS_Portable\\AAYS\\england_map_web\\data\\parcel_building_type_england_pilot.geojson", "accessed_at": "2026-08-08", "licence": "ODbL 1.0", "granularity": "pilot_feature_match", "fields_used": ["building_type_primary", "evidence_level"], "supports_field": "building_type_primary (corroborating)", "match_method": "pilot_id_match", "match_score": 0.7}, {"source_name": "HMLR INSPIRE PMTiles (north)", "url_or_local_path": "F:\\TerraYield_AAYS_Portable\\AAYS\\england_map_web\\data\\north.pmtiles", "accessed_at": "2026-08-08", "licence": "OGLv3", "granularity": "cadastral_parcel_polygon", "fields_used": ["parcel_boundary", "INSPIRE_ID"], "supports_field": "geometry_binding", "match_method": "pmtiles_available", "match_score": 0.0, "note": "File available (2.51 GB). Polygon binding not yet performed."}], "source_evidence_excerpt": {"addr:city": "Manchester", "addr:country": "GB", "addr:housenumber": "11", "addr:postcode": "M1 1HF", "addr:street": "Newton Street", "amenity": "cafe"}, "building_type_secondary": "", "geometry_match_method": "none", "address_match_method": "none", "limitations": "OSM-only classification. EPC/VOA needed for A-level evidence.", "evidence_summary": {"osm_cache": true, "poi_available": true, "pilot_cross_ref": true, "pmtiles_available": true, "inspire_zips_available": false, "epc_voa_overture": false, "total_sources": 4}}}, {"type": "Feature", "id": "ENG_OSM_node_412839072", "geometry": {"type": "Point", "coordinates": [-2.2352622, 53.4817641]}, "properties": {"parcel_id": "ENG_OSM_node_412839072", "slot_id": "building_type_8", "region": "North West", "area": "Manchester", "building_type_primary": "commercial_retail", "building_type_code": "C_RETAIL", "building_category": "commercial", "evidence_level": "B", "confidence_score": 0.75, "confidence_level_1_to_4": 3, "source_count": 4, "match_method": "amenity=restaurant", "source": "OpenStreetMap via Overpass API", "source_url": "https://www.openstreetmap.org/node/412839072", "osm_tags_summary": {"addr:city": "Manchester", "addr:country": "GB", "addr:housename": "Chatsworth House", "addr:housenumber": "19", "addr:postcode": "M1 1BY", "addr:street": "Lever Street", "amenity": "restaurant", "bar": "yes"}, "fake_data": false, "final_ready": false, "needs_manual_review": false, "updated_at": "2026-08-08T22:34:46Z", "sources": [{"source_name": "OSM Overpass API", "url": "https://overpass-api.de/api/interpreter", "local_cache": "osm_cache_england_884d5092.json", "cache_sha256": "36fa160894f2b7940be373783b59dacf324502d5a5bf829029f008109725d3a7", "accessed_at": "2026-08-08T00:52:00Z", "licence": "ODbL 1.0", "granularity": "building_point", "fields_used": ["building", "amenity", "shop", "office", "tourism", "landuse", "railway", "healthcare"], "supports_field": "building_type_primary", "match_method": "amenity=restaurant", "match_score": 0.75}, {"source_name": "POI regional data (north)", "url_or_local_path": "F:\\TerraYield_AAYS_Portable\\AAYS\\england_map_web\\data\\poi\\north-points.geojson", "accessed_at": "2026-08-08", "licence": "ODbL 1.0", "granularity": "regional_point_geojson", "fields_used": ["amenity", "shop", "name", "tourism"], "supports_field": "building_type_primary (enrichment available)", "match_method": "poi_file_available", "match_score": 0.0, "note": "File exists (21.5 MB). Spatial proximity match not yet run."}, {"source_name": "England pilot GeoJSON cross-reference", "url_or_local_path": "F:\\TerraYield_AAYS_Portable\\AAYS\\england_map_web\\data\\parcel_building_type_england_pilot.geojson", "accessed_at": "2026-08-08", "licence": "ODbL 1.0", "granularity": "pilot_feature_match", "fields_used": ["building_type_primary", "evidence_level"], "supports_field": "building_type_primary (corroborating)", "match_method": "pilot_id_match", "match_score": 0.7}, {"source_name": "HMLR INSPIRE PMTiles (north)", "url_or_local_path": "F:\\TerraYield_AAYS_Portable\\AAYS\\england_map_web\\data\\north.pmtiles", "accessed_at": "2026-08-08", "licence": "OGLv3", "granularity": "cadastral_parcel_polygon", "fields_used": ["parcel_boundary", "INSPIRE_ID"], "supports_field": "geometry_binding", "match_method": "pmtiles_available", "match_score": 0.0, "note": "File available (2.51 GB). Polygon binding not yet performed."}], "source_evidence_excerpt": {"addr:city": "Manchester", "addr:country": "GB", "addr:housename": "Chatsworth House", "addr:housenumber": "19", "addr:postcode": "M1 1BY", "addr:street": "Lever Street"}, "building_type_secondary": "", "geometry_match_method": "none", "address_match_method": "none", "limitations": "OSM-only classification. EPC/VOA needed for A-level evidence.", "evidence_summary": {"osm_cache": true, "poi_available": true, "pilot_cross_ref": true, "pmtiles_available": true, "inspire_zips_available": false, "epc_voa_overture": false, "total_sources": 4}}}, {"type": "Feature", "id": "ENG_OSM_node_412843164", "geometry": {"type": "Point", "coordinates": [-2.2351398, 53.4835997]}, "properties": {"parcel_id": "ENG_OSM_node_412843164", "slot_id": "building_type_8", "region": "North West", "area": "Manchester", "building_type_primary": "commercial_retail", "building_type_code": "C_RETAIL", "building_category": "commercial", "evidence_level": "D", "confidence_score": 0.6, "confidence_level_1_to_4": 2, "source_count": 4, "match_method": "shop=military_surplus", "source": "OpenStreetMap via Overpass API", "source_url": "https://www.openstreetmap.org/node/412843164", "osm_tags_summary": {"addr:city": "Manchester", "addr:housenumber": "25-27", "addr:postcode": "M4 1LX", "addr:street": "Tib Street", "name": "MiltaryKit.com", "shop": "military_surplus"}, "fake_data": false, "final_ready": false, "needs_manual_review": true, "updated_at": "2026-08-08T22:34:46Z", "sources": [{"source_name": "OSM Overpass API", "url": "https://overpass-api.de/api/interpreter", "local_cache": "osm_cache_england_884d5092.json", "cache_sha256": "36fa160894f2b7940be373783b59dacf324502d5a5bf829029f008109725d3a7", "accessed_at": "2026-08-08T00:52:00Z", "licence": "ODbL 1.0", "granularity": "building_point", "fields_used": ["building", "amenity", "shop", "office", "tourism", "landuse", "railway", "healthcare"], "supports_field": "building_type_primary", "match_method": "shop=military_surplus", "match_score": 0.6}, {"source_name": "POI regional data (north)", "url_or_local_path": "F:\\TerraYield_AAYS_Portable\\AAYS\\england_map_web\\data\\poi\\north-points.geojson", "accessed_at": "2026-08-08", "licence": "ODbL 1.0", "granularity": "regional_point_geojson", "fields_used": ["amenity", "shop", "name", "tourism"], "supports_field": "building_type_primary (enrichment available)", "match_method": "poi_file_available", "match_score": 0.0, "note": "File exists (21.5 MB). Spatial proximity match not yet run."}, {"source_name": "England pilot GeoJSON cross-reference", "url_or_local_path": "F:\\TerraYield_AAYS_Portable\\AAYS\\england_map_web\\data\\parcel_building_type_england_pilot.geojson", "accessed_at": "2026-08-08", "licence": "ODbL 1.0", "granularity": "pilot_feature_match", "fields_used": ["building_type_primary", "evidence_level"], "supports_field": "building_type_primary (corroborating)", "match_method": "pilot_id_match", "match_score": 0.7}, {"source_name": "HMLR INSPIRE PMTiles (north)", "url_or_local_path": "F:\\TerraYield_AAYS_Portable\\AAYS\\england_map_web\\data\\north.pmtiles", "accessed_at": "2026-08-08", "licence": "OGLv3", "granularity": "cadastral_parcel_polygon", "fields_used": ["parcel_boundary", "INSPIRE_ID"], "supports_field": "geometry_binding", "match_method": "pmtiles_available", "match_score": 0.0, "note": "File available (2.51 GB). Polygon binding not yet performed."}], "source_evidence_excerpt": {"addr:city": "Manchester", "addr:housenumber": "25-27", "addr:postcode": "M4 1LX", "addr:street": "Tib Street", "name": "MiltaryKit.com", "shop": "military_surplus"}, "building_type_secondary": "", "geometry_match_method": "none", "address_match_method": "none", "limitations": "OSM-only classification. EPC/VOA needed for A-level evidence.", "evidence_summary": {"osm_cache": true, "poi_available": true, "pilot_cross_ref": true, "pmtiles_available": true, "inspire_zips_available": false, "epc_voa_overture": false, "total_sources": 4}}}, {"type": "Feature", "id": "ENG_OSM_node_412862827", "geometry": {"type": "Point", "coordinates": [-2.23449, 53.4811645]}, "properties": {"parcel_id": "ENG_OSM_node_412862827", "slot_id": "building_type_8", "region": "North West", "area": "Manchester", "building_type_primary": "commercial_retail", "building_type_code": "C_RETAIL", "building_category": "commercial", "evidence_level": "B", "confidence_score": 0.75, "confidence_level_1_to_4": 3, "source_count": 4, "match_method": "amenity=fast_food", "source": "OpenStreetMap via Overpass API", "source_url": "https://www.openstreetmap.org/node/412862827", "osm_tags_summary": {"amenity": "fast_food", "cuisine": "asian", "name": "Cafe Marhaba"}, "fake_data": false, "final_ready": false, "needs_manual_review": false, "updated_at": "2026-08-08T22:34:46Z", "sources": [{"source_name": "OSM Overpass API", "url": "https://overpass-api.de/api/interpreter", "local_cache": "osm_cache_england_884d5092.json", "cache_sha256": "36fa160894f2b7940be373783b59dacf324502d5a5bf829029f008109725d3a7", "accessed_at": "2026-08-08T00:52:00Z", "licence": "ODbL 1.0", "granularity": "building_point", "fields_used": ["building", "amenity", "shop", "office", "tourism", "landuse", "railway", "healthcare"], "supports_field": "building_type_primary", "match_method": "amenity=fast_food", "match_score": 0.75}, {"source_name": "POI regional data (north)", "url_or_local_path": "F:\\TerraYield_AAYS_Portable\\AAYS\\england_map_web\\data\\poi\\north-points.geojson", "accessed_at": "2026-08-08", "licence": "ODbL 1.0", "granularity": "regional_point_geojson", "fields_used": ["amenity", "shop", "name", "tourism"], "supports_field": "building_type_primary (enrichment available)", "match_method": "poi_file_available", "match_score": 0.0, "note": "File exists (21.5 MB). Spatial proximity match not yet run."}, {"source_name": "England pilot GeoJSON cross-reference", "url_or_local_path": "F:\\TerraYield_AAYS_Portable\\AAYS\\england_map_web\\data\\parcel_building_type_england_pilot.geojson", "accessed_at": "2026-08-08", "licence": "ODbL 1.0", "granularity": "pilot_feature_match", "fields_used": ["building_type_primary", "evidence_level"], "supports_field": "building_type_primary (corroborating)", "match_method": "pilot_id_match", "match_score": 0.7}, {"source_name": "HMLR INSPIRE PMTiles (north)", "url_or_local_path": "F:\\TerraYield_AAYS_Portable\\AAYS\\england_map_web\\data\\north.pmtiles", "accessed_at": "2026-08-08", "licence": "OGLv3", "granularity": "cadastral_parcel_polygon", "fields_used": ["parcel_boundary", "INSPIRE_ID"], "supports_field": "geometry_binding", "match_method": "pmtiles_available", "match_score": 0.0, "note": "File available (2.51 GB). Polygon binding not yet performed."}], "source_evidence_excerpt": {"amenity": "fast_food", "cuisine": "asian", "name": "Cafe Marhaba"}, "building_type_secondary": "", "geometry_match_method": "none", "address_match_method": "none", "limitations": "OSM-only classification. EPC/VOA needed for A-level evidence.", "evidence_summary": {"osm_cache": true, "poi_available": true, "pilot_cross_ref": true, "pmtiles_available": true, "inspire_zips_available": false, "epc_voa_overture": false, "total_sources": 4}}}, {"type": "Feature", "id": "ENG_OSM_node_413363131", "geometry": {"type": "Point", "coordinates": [-2.2346353, 53.4821306]}, "properties": {"parcel_id": "ENG_OSM_node_413363131", "slot_id": "building_type_8", "region": "North West", "area": "Manchester", "building_type_primary": "commercial_retail", "building_type_code": "C_RETAIL", "building_category": "commercial", "evidence_level": "D", "confidence_score": 0.6, "confidence_level_1_to_4": 2, "source_count": 4, "match_method": "shop=photo", "source": "OpenStreetMap via Overpass API", "source_url": "https://www.openstreetmap.org/node/413363131", "osm_tags_summary": {"addr:city": "Manchester", "addr:country": "GB", "addr:housename": "Sevendale House", "addr:housenumber": "7", "addr:postcode": "M1 1JA", "addr:street": "Dale Street", "check_date": "2026-04-18", "check_date:opening_hours": "2026-04-18"}, "fake_data": false, "final_ready": false, "needs_manual_review": true, "updated_at": "2026-08-08T22:34:46Z", "sources": [{"source_name": "OSM Overpass API", "url": "https://overpass-api.de/api/interpreter", "local_cache": "osm_cache_england_884d5092.json", "cache_sha256": "36fa160894f2b7940be373783b59dacf324502d5a5bf829029f008109725d3a7", "accessed_at": "2026-08-08T00:52:00Z", "licence": "ODbL 1.0", "granularity": "building_point", "fields_used": ["building", "amenity", "shop", "office", "tourism", "landuse", "railway", "healthcare"], "supports_field": "building_type_primary", "match_method": "shop=photo", "match_score": 0.6}, {"source_name": "POI regional data (north)", "url_or_local_path": "F:\\TerraYield_AAYS_Portable\\AAYS\\england_map_web\\data\\poi\\north-points.geojson", "accessed_at": "2026-08-08", "licence": "ODbL 1.0", "granularity": "regional_point_geojson", "fields_used": ["amenity", "shop", "name", "tourism"], "supports_field": "building_type_primary (enrichment available)", "match_method": "poi_file_available", "match_score": 0.0, "note": "File exists (21.5 MB). Spatial proximity match not yet run."}, {"source_name": "England pilot GeoJSON cross-reference", "url_or_local_path": "F:\\TerraYield_AAYS_Portable\\AAYS\\england_map_web\\data\\parcel_building_type_england_pilot.geojson", "accessed_at": "2026-08-08", "licence": "ODbL 1.0", "granularity": "pilot_feature_match", "fields_used": ["building_type_primary", "evidence_level"], "supports_field": "building_type_primary (corroborating)", "match_method": "pilot_id_match", "match_score": 0.7}, {"source_name": "HMLR INSPIRE PMTiles (north)", "url_or_local_path": "F:\\TerraYield_AAYS_Portable\\AAYS\\england_map_web\\data\\north.pmtiles", "accessed_at": "2026-08-08", "licence": "OGLv3", "granularity": "cadastral_parcel_polygon", "fields_used": ["parcel_boundary", "INSPIRE_ID"], "supports_field": "geometry_binding", "match_method": "pmtiles_available", "match_score": 0.0, "note": "File available (2.51 GB). Polygon binding not yet performed."}], "source_evidence_excerpt": {"addr:city": "Manchester", "addr:country": "GB", "addr:housename": "Sevendale House", "addr:housenumber": "7", "addr:postcode": "M1 1JA", "addr:street": "Dale Street"}, "building_type_secondary": "", "geometry_match_method": "none", "address_match_method": "none", "limitations": "OSM-only classification. EPC/VOA needed for A-level evidence.", "evidence_summary": {"osm_cache": true, "poi_available": true, "pilot_cross_ref": true, "pmtiles_available": true, "inspire_zips_available": false, "epc_voa_overture": false, "total_sources": 4}}}, {"type": "Feature", "id": "ENG_OSM_node_413373377", "geometry": {"type": "Point", "coordinates": [-2.2332547, 53.4841433]}, "properties": {"parcel_id": "ENG_OSM_node_413373377", "slot_id": "building_type_8", "region": "North West", "area": "Manchester", "building_type_primary": "commercial_retail", "building_type_code": "C_RETAIL", "building_category": "commercial", "evidence_level": "B", "confidence_score": 0.75, "confidence_level_1_to_4": 3, "source_count": 4, "match_method": "amenity=cafe", "source": "OpenStreetMap via Overpass API", "source_url": "https://www.openstreetmap.org/node/413373377", "osm_tags_summary": {"addr:city": "Manchester", "addr:country": "GB", "addr:housenumber": "80-82", "addr:postcode": "M4 1LF", "addr:street": "Oldham Street", "amenity": "cafe", "cuisine": "british", "fhrs:id": "1819218"}, "fake_data": false, "final_ready": false, "needs_manual_review": false, "updated_at": "2026-08-08T22:34:46Z", "sources": [{"source_name": "OSM Overpass API", "url": "https://overpass-api.de/api/interpreter", "local_cache": "osm_cache_england_884d5092.json", "cache_sha256": "36fa160894f2b7940be373783b59dacf324502d5a5bf829029f008109725d3a7", "accessed_at": "2026-08-08T00:52:00Z", "licence": "ODbL 1.0", "granularity": "building_point", "fields_used": ["building", "amenity", "shop", "office", "tourism", "landuse", "railway", "healthcare"], "supports_field": "building_type_primary", "match_method": "amenity=cafe", "match_score": 0.75}, {"source_name": "POI regional data (north)", "url_or_local_path": "F:\\TerraYield_AAYS_Portable\\AAYS\\england_map_web\\data\\poi\\north-points.geojson", "accessed_at": "2026-08-08", "licence": "ODbL 1.0", "granularity": "regional_point_geojson", "fields_used": ["amenity", "shop", "name", "tourism"], "supports_field": "building_type_primary (enrichment available)", "match_method": "poi_file_available", "match_score": 0.0, "note": "File exists (21.5 MB). Spatial proximity match not yet run."}, {"source_name": "England pilot GeoJSON cross-reference", "url_or_local_path": "F:\\TerraYield_AAYS_Portable\\AAYS\\england_map_web\\data\\parcel_building_type_england_pilot.geojson", "accessed_at": "2026-08-08", "licence": "ODbL 1.0", "granularity": "pilot_feature_match", "fields_used": ["building_type_primary", "evidence_level"], "supports_field": "building_type_primary (corroborating)", "match_method": "pilot_id_match", "match_score": 0.7}, {"source_name": "HMLR INSPIRE PMTiles (north)", "url_or_local_path": "F:\\TerraYield_AAYS_Portable\\AAYS\\england_map_web\\data\\north.pmtiles", "accessed_at": "2026-08-08", "licence": "OGLv3", "granularity": "cadastral_parcel_polygon", "fields_used": ["parcel_boundary", "INSPIRE_ID"], "supports_field": "geometry_binding", "match_method": "pmtiles_available", "match_score": 0.0, "note": "File available (2.51 GB). Polygon binding not yet performed."}], "source_evidence_excerpt": {"addr:city": "Manchester", "addr:country": "GB", "addr:housenumber": "80-82", "addr:postcode": "M4 1LF", "addr:street": "Oldham Street", "amenity": "cafe"}, "building_type_secondary": "", "geometry_match_method": "none", "address_match_method": "none", "limitations": "OSM-only classification. EPC/VOA needed for A-level evidence.", "evidence_summary": {"osm_cache": true, "poi_available": true, "pilot_cross_ref": true, "pmtiles_available": true, "inspire_zips_available": false, "epc_voa_overture": false, "total_sources": 4}}}, {"type": "Feature", "id": "ENG_OSM_node_413517181", "geometry": {"type": "Point", "coordinates": [-2.2487982, 53.4793147]}, "properties": {"parcel_id": "ENG_OSM_node_413517181", "slot_id": "building_type_8", "region": "North West", "area": "Manchester", "building_type_primary": "commercial_retail", "building_type_code": "C_RETAIL", "building_category": "commercial", "evidence_level": "B", "confidence_score": 0.75, "confidence_level_1_to_4": 3, "source_count": 4, "match_method": "amenity=restaurant", "source": "OpenStreetMap via Overpass API", "source_url": "https://www.openstreetmap.org/node/413517181", "osm_tags_summary": {"amenity": "restaurant", "name": "The Olive Press"}, "fake_data": false, "final_ready": false, "needs_manual_review": false, "updated_at": "2026-08-08T22:34:46Z", "sources": [{"source_name": "OSM Overpass API", "url": "https://overpass-api.de/api/interpreter", "local_cache": "osm_cache_england_884d5092.json", "cache_sha256": "36fa160894f2b7940be373783b59dacf324502d5a5bf829029f008109725d3a7", "accessed_at": "2026-08-08T00:52:00Z", "licence": "ODbL 1.0", "granularity": "building_point", "fields_used": ["building", "amenity", "shop", "office", "tourism", "landuse", "railway", "healthcare"], "supports_field": "building_type_primary", "match_method": "amenity=restaurant", "match_score": 0.75}, {"source_name": "POI regional data (north)", "url_or_local_path": "F:\\TerraYield_AAYS_Portable\\AAYS\\england_map_web\\data\\poi\\north-points.geojson", "accessed_at": "2026-08-08", "licence": "ODbL 1.0", "granularity": "regional_point_geojson", "fields_used": ["amenity", "shop", "name", "tourism"], "supports_field": "building_type_primary (enrichment available)", "match_method": "poi_file_available", "match_score": 0.0, "note": "File exists (21.5 MB). Spatial proximity match not yet run."}, {"source_name": "England pilot GeoJSON cross-reference", "url_or_local_path": "F:\\TerraYield_AAYS_Portable\\AAYS\\england_map_web\\data\\parcel_building_type_england_pilot.geojson", "accessed_at": "2026-08-08", "licence": "ODbL 1.0", "granularity": "pilot_feature_match", "fields_used": ["building_type_primary", "evidence_level"], "supports_field": "building_type_primary (corroborating)", "match_method": "pilot_id_match", "match_score": 0.7}, {"source_name": "HMLR INSPIRE PMTiles (north)", "url_or_local_path": "F:\\TerraYield_AAYS_Portable\\AAYS\\england_map_web\\data\\north.pmtiles", "accessed_at": "2026-08-08", "licence": "OGLv3", "granularity": "cadastral_parcel_polygon", "fields_used": ["parcel_boundary", "INSPIRE_ID"], "supports_field": "geometry_binding", "match_method": "pmtiles_available", "match_score": 0.0, "note": "File available (2.51 GB). Polygon binding not yet performed."}], "source_evidence_excerpt": {"amenity": "restaurant", "name": "The Olive Press"}, "building_type_secondary": "", "geometry_match_method": "none", "address_match_method": "none", "limitations": "OSM-only classification. EPC/VOA needed for A-level evidence.", "evidence_summary": {"osm_cache": true, "poi_available": true, "pilot_cross_ref": true, "pmtiles_available": true, "inspire_zips_available": false, "epc_voa_overture": false, "total_sources": 4}}}, {"type": "Feature", "id": "ENG_OSM_node_413520783", "geometry": {"type": "Point", "coordinates": [-2.2470493, 53.4794398]}, "properties": {"parcel_id": "ENG_OSM_node_413520783", "slot_id": "building_type_8", "region": "North West", "area": "Manchester", "building_type_primary": "commercial_retail", "building_type_code": "C_RETAIL", "building_category": "commercial", "evidence_level": "C", "confidence_score": 0.6, "confidence_level_1_to_4": 2, "source_count": 4, "match_method": "shop=hairdresser", "source": "OpenStreetMap via Overpass API", "source_url": "https://www.openstreetmap.org/node/413520783", "osm_tags_summary": {"addr:city": "Manchester", "addr:housename": "Queens House", "addr:postcode": "M2 5HT", "addr:street": "Queen Street", "brand": "Toni & Guy", "brand:wikidata": "Q324784", "name": "Toni & Guy Academy", "shop": "hairdresser"}, "fake_data": false, "final_ready": false, "needs_manual_review": true, "updated_at": "2026-08-08T22:34:46Z", "sources": [{"source_name": "OSM Overpass API", "url": "https://overpass-api.de/api/interpreter", "local_cache": "osm_cache_england_884d5092.json", "cache_sha256": "36fa160894f2b7940be373783b59dacf324502d5a5bf829029f008109725d3a7", "accessed_at": "2026-08-08T00:52:00Z", "licence": "ODbL 1.0", "granularity": "building_point", "fields_used": ["building", "amenity", "shop", "office", "tourism", "landuse", "railway", "healthcare"], "supports_field": "building_type_primary", "match_method": "shop=hairdresser", "match_score": 0.6}, {"source_name": "POI regional data (north)", "url_or_local_path": "F:\\TerraYield_AAYS_Portable\\AAYS\\england_map_web\\data\\poi\\north-points.geojson", "accessed_at": "2026-08-08", "licence": "ODbL 1.0", "granularity": "regional_point_geojson", "fields_used": ["amenity", "shop", "name", "tourism"], "supports_field": "building_type_primary (enrichment available)", "match_method": "poi_file_available", "match_score": 0.0, "note": "File exists (21.5 MB). Spatial proximity match not yet run."}, {"source_name": "England pilot GeoJSON cross-reference", "url_or_local_path": "F:\\TerraYield_AAYS_Portable\\AAYS\\england_map_web\\data\\parcel_building_type_england_pilot.geojson", "accessed_at": "2026-08-08", "licence": "ODbL 1.0", "granularity": "pilot_feature_match", "fields_used": ["building_type_primary", "evidence_level"], "supports_field": "building_type_primary (corroborating)", "match_method": "pilot_id_match", "match_score": 0.7}, {"source_name": "HMLR INSPIRE PMTiles (north)", "url_or_local_path": "F:\\TerraYield_AAYS_Portable\\AAYS\\england_map_web\\data\\north.pmtiles", "accessed_at": "2026-08-08", "licence": "OGLv3", "granularity": "cadastral_parcel_polygon", "fields_used": ["parcel_boundary", "INSPIRE_ID"], "supports_field": "geometry_binding", "match_method": "pmtiles_available", "match_score": 0.0, "note": "File available (2.51 GB). Polygon binding not yet performed."}], "source_evidence_excerpt": {"addr:city": "Manchester", "addr:housename": "Queens House", "addr:postcode": "M2 5HT", "addr:street": "Queen Street", "brand": "Toni & Guy", "brand:wikidata": "Q324784"}, "building_type_secondary": "", "geometry_match_method": "none", "address_match_method": "none", "limitations": "OSM-only classification. EPC/VOA needed for A-level evidence.", "evidence_summary": {"osm_cache": true, "poi_available": true, "pilot_cross_ref": true, "pmtiles_available": true, "inspire_zips_available": false, "epc_voa_overture": false, "total_sources": 4}}}, {"type": "Feature", "id": "ENG_OSM_node_432538431", "geometry": {"type": "Point", "coordinates": [-2.2452263, 53.4810661]}, "properties": {"parcel_id": "ENG_OSM_node_432538431", "slot_id": "building_type_8", "region": "North West", "area": "Manchester", "building_type_primary": "commercial_retail", "building_type_code": "C_RETAIL", "building_category": "commercial", "evidence_level": "D", "confidence_score": 0.6, "confidence_level_1_to_4": 2, "source_count": 4, "match_method": "shop=travel_agency", "source": "OpenStreetMap via Overpass API", "source_url": "https://www.openstreetmap.org/node/432538431", "osm_tags_summary": {"addr:city": "Manchester", "addr:housenumber": "64-66", "addr:postcode": "M2 4ND", "addr:street": "King Street", "brand": "Kuoni", "brand:wikidata": "Q684355", "brand:wikipedia": "en:Kuoni Travel", "name": "Kuoni"}, "fake_data": false, "final_ready": false, "needs_manual_review": true, "updated_at": "2026-08-08T22:34:46Z", "sources": [{"source_name": "OSM Overpass API", "url": "https://overpass-api.de/api/interpreter", "local_cache": "osm_cache_england_884d5092.json", "cache_sha256": "36fa160894f2b7940be373783b59dacf324502d5a5bf829029f008109725d3a7", "accessed_at": "2026-08-08T00:52:00Z", "licence": "ODbL 1.0", "granularity": "building_point", "fields_used": ["building", "amenity", "shop", "office", "tourism", "landuse", "railway", "healthcare"], "supports_field": "building_type_primary", "match_method": "shop=travel_agency", "match_score": 0.6}, {"source_name": "POI regional data (north)", "url_or_local_path": "F:\\TerraYield_AAYS_Portable\\AAYS\\england_map_web\\data\\poi\\north-points.geojson", "accessed_at": "2026-08-08", "licence": "ODbL 1.0", "granularity": "regional_point_geojson", "fields_used": ["amenity", "shop", "name", "tourism"], "supports_field": "building_type_primary (enrichment available)", "match_method": "poi_file_available", "match_score": 0.0, "note": "File exists (21.5 MB). Spatial proximity match not yet run."}, {"source_name": "England pilot GeoJSON cross-reference", "url_or_local_path": "F:\\TerraYield_AAYS_Portable\\AAYS\\england_map_web\\data\\parcel_building_type_england_pilot.geojson", "accessed_at": "2026-08-08", "licence": "ODbL 1.0", "granularity": "pilot_feature_match", "fields_used": ["building_type_primary", "evidence_level"], "supports_field": "building_type_primary (corroborating)", "match_method": "pilot_id_match", "match_score": 0.7}, {"source_name": "HMLR INSPIRE PMTiles (north)", "url_or_local_path": "F:\\TerraYield_AAYS_Portable\\AAYS\\england_map_web\\data\\north.pmtiles", "accessed_at": "2026-08-08", "licence": "OGLv3", "granularity": "cadastral_parcel_polygon", "fields_used": ["parcel_boundary", "INSPIRE_ID"], "supports_field": "geometry_binding", "match_method": "pmtiles_available", "match_score": 0.0, "note": "File available (2.51 GB). Polygon binding not yet performed."}], "source_evidence_excerpt": {"addr:city": "Manchester", "addr:housenumber": "64-66", "addr:postcode": "M2 4ND", "addr:street": "King Street", "brand": "Kuoni", "brand:wikidata": "Q684355"}, "building_type_secondary": "", "geometry_match_method": "none", "address_match_method": "none", "limitations": "OSM-only classification. EPC/VOA needed for A-level evidence.", "evidence_summary": {"osm_cache": true, "poi_available": true, "pilot_cross_ref": true, "pmtiles_available": true, "inspire_zips_available": false, "epc_voa_overture": false, "total_sources": 4}}}, {"type": "Feature", "id": "ENG_OSM_node_432541251", "geometry": {"type": "Point", "coordinates": [-2.2456664, 53.4811121]}, "properties": {"parcel_id": "ENG_OSM_node_432541251", "slot_id": "building_type_8", "region": "North West", "area": "Manchester", "building_type_primary": "commercial_retail", "building_type_code": "C_RETAIL", "building_category": "commercial", "evidence_level": "D", "confidence_score": 0.6, "confidence_level_1_to_4": 2, "source_count": 4, "match_method": "shop=stationery", "source": "OpenStreetMap via Overpass API", "source_url": "https://www.openstreetmap.org/node/432541251", "osm_tags_summary": {"addr:city": "Manchester", "addr:housenumber": "54", "addr:postcode": "M2 4LY", "addr:street": "King Street", "name": "The Pen Shop", "shop": "stationery"}, "fake_data": false, "final_ready": false, "needs_manual_review": true, "updated_at": "2026-08-08T22:34:46Z", "sources": [{"source_name": "OSM Overpass API", "url": "https://overpass-api.de/api/interpreter", "local_cache": "osm_cache_england_884d5092.json", "cache_sha256": "36fa160894f2b7940be373783b59dacf324502d5a5bf829029f008109725d3a7", "accessed_at": "2026-08-08T00:52:00Z", "licence": "ODbL 1.0", "granularity": "building_point", "fields_used": ["building", "amenity", "shop", "office", "tourism", "landuse", "railway", "healthcare"], "supports_field": "building_type_primary", "match_method": "shop=stationery", "match_score": 0.6}, {"source_name": "POI regional data (north)", "url_or_local_path": "F:\\TerraYield_AAYS_Portable\\AAYS\\england_map_web\\data\\poi\\north-points.geojson", "accessed_at": "2026-08-08", "licence": "ODbL 1.0", "granularity": "regional_point_geojson", "fields_used": ["amenity", "shop", "name", "tourism"], "supports_field": "building_type_primary (enrichment available)", "match_method": "poi_file_available", "match_score": 0.0, "note": "File exists (21.5 MB). Spatial proximity match not yet run."}, {"source_name": "England pilot GeoJSON cross-reference", "url_or_local_path": "F:\\TerraYield_AAYS_Portable\\AAYS\\england_map_web\\data\\parcel_building_type_england_pilot.geojson", "accessed_at": "2026-08-08", "licence": "ODbL 1.0", "granularity": "pilot_feature_match", "fields_used": ["building_type_primary", "evidence_level"], "supports_field": "building_type_primary (corroborating)", "match_method": "pilot_id_match", "match_score": 0.7}, {"source_name": "HMLR INSPIRE PMTiles (north)", "url_or_local_path": "F:\\TerraYield_AAYS_Portable\\AAYS\\england_map_web\\data\\north.pmtiles", "accessed_at": "2026-08-08", "licence": "OGLv3", "granularity": "cadastral_parcel_polygon", "fields_used": ["parcel_boundary", "INSPIRE_ID"], "supports_field": "geometry_binding", "match_method": "pmtiles_available", "match_score": 0.0, "note": "File available (2.51 GB). Polygon binding not yet performed."}], "source_evidence_excerpt": {"addr:city": "Manchester", "addr:housenumber": "54", "addr:postcode": "M2 4LY", "addr:street": "King Street", "name": "The Pen Shop", "shop": "stationery"}, "building_type_secondary": "", "geometry_match_method": "none", "address_match_method": "none", "limitations": "OSM-only classification. EPC/VOA needed for A-level evidence.", "evidence_summary": {"osm_cache": true, "poi_available": true, "pilot_cross_ref": true, "pmtiles_available": true, "inspire_zips_available": false, "epc_voa_overture": false, "total_sources": 4}}}, {"type": "Feature", "id": "ENG_OSM_node_433743946", "geometry": {"type": "Point", "coordinates": [-2.2468981, 53.4828248]}, "properties": {"parcel_id": "ENG_OSM_node_433743946", "slot_id": "building_type_8", "region": "North West", "area": "Manchester", "building_type_primary": "commercial_retail", "building_type_code": "C_RETAIL", "building_category": "commercial", "evidence_level": "B", "confidence_score": 0.75, "confidence_level_1_to_4": 3, "source_count": 4, "match_method": "amenity=pub", "source": "OpenStreetMap via Overpass API", "source_url": "https://www.openstreetmap.org/node/433743946", "osm_tags_summary": {"addr:city": "Manchester", "addr:country": "GB", "addr:housenumber": "68-74", "addr:postcode": "M3 2FN", "addr:street": "Deansgate", "amenity": "pub", "brand": "Wetherspoon", "brand:wikidata": "Q6109362"}, "fake_data": false, "final_ready": false, "needs_manual_review": false, "updated_at": "2026-08-08T22:34:46Z", "sources": [{"source_name": "OSM Overpass API", "url": "https://overpass-api.de/api/interpreter", "local_cache": "osm_cache_england_884d5092.json", "cache_sha256": "36fa160894f2b7940be373783b59dacf324502d5a5bf829029f008109725d3a7", "accessed_at": "2026-08-08T00:52:00Z", "licence": "ODbL 1.0", "granularity": "building_point", "fields_used": ["building", "amenity", "shop", "office", "tourism", "landuse", "railway", "healthcare"], "supports_field": "building_type_primary", "match_method": "amenity=pub", "match_score": 0.75}, {"source_name": "POI regional data (north)", "url_or_local_path": "F:\\TerraYield_AAYS_Portable\\AAYS\\england_map_web\\data\\poi\\north-points.geojson", "accessed_at": "2026-08-08", "licence": "ODbL 1.0", "granularity": "regional_point_geojson", "fields_used": ["amenity", "shop", "name", "tourism"], "supports_field": "building_type_primary (enrichment available)", "match_method": "poi_file_available", "match_score": 0.0, "note": "File exists (21.5 MB). Spatial proximity match not yet run."}, {"source_name": "England pilot GeoJSON cross-reference", "url_or_local_path": "F:\\TerraYield_AAYS_Portable\\AAYS\\england_map_web\\data\\parcel_building_type_england_pilot.geojson", "accessed_at": "2026-08-08", "licence": "ODbL 1.0", "granularity": "pilot_feature_match", "fields_used": ["building_type_primary", "evidence_level"], "supports_field": "building_type_primary (corroborating)", "match_method": "pilot_id_match", "match_score": 0.7}, {"source_name": "HMLR INSPIRE PMTiles (north)", "url_or_local_path": "F:\\TerraYield_AAYS_Portable\\AAYS\\england_map_web\\data\\north.pmtiles", "accessed_at": "2026-08-08", "licence": "OGLv3", "granularity": "cadastral_parcel_polygon", "fields_used": ["parcel_boundary", "INSPIRE_ID"], "supports_field": "geometry_binding", "match_method": "pmtiles_available", "match_score": 0.0, "note": "File available (2.51 GB). Polygon binding not yet performed."}], "source_evidence_excerpt": {"addr:city": "Manchester", "addr:country": "GB", "addr:housenumber": "68-74", "addr:postcode": "M3 2FN", "addr:street": "Deansgate", "amenity": "pub"}, "building_type_secondary": "", "geometry_match_method": "none", "address_match_method": "none", "limitations": "OSM-only classification. EPC/VOA needed for A-level evidence.", "evidence_summary": {"osm_cache": true, "poi_available": true, "pilot_cross_ref": true, "pmtiles_available": true, "inspire_zips_available": false, "epc_voa_overture": false, "total_sources": 4}}}, {"type": "Feature", "id": "ENG_OSM_node_451648868", "geometry": {"type": "Point", "coordinates": [-2.2378204, 53.4837401]}, "properties": {"parcel_id": "ENG_OSM_node_451648868", "slot_id": "building_type_8", "region": "North West", "area": "Manchester", "building_type_primary": "religious_or_community", "building_type_code": "P_RELIGIOUS", "building_category": "institutional", "evidence_level": "B", "confidence_score": 0.75, "confidence_level_1_to_4": 3, "source_count": 4, "match_method": "amenity=place_of_worship", "source": "OpenStreetMap via Overpass API", "source_url": "https://www.openstreetmap.org/node/451648868", "osm_tags_summary": {"addr:city": "Manchester", "addr:country": "GB", "addr:housenumber": "16-20", "addr:postcode": "M4 1DZ", "addr:street": "Turner Street", "amenity": "place_of_worship", "check_date": "2026-04-14", "name": "Manchester Buddhist Centre"}, "fake_data": false, "final_ready": false, "needs_manual_review": false, "updated_at": "2026-08-08T22:34:46Z", "sources": [{"source_name": "OSM Overpass API", "url": "https://overpass-api.de/api/interpreter", "local_cache": "osm_cache_england_884d5092.json", "cache_sha256": "36fa160894f2b7940be373783b59dacf324502d5a5bf829029f008109725d3a7", "accessed_at": "2026-08-08T00:52:00Z", "licence": "ODbL 1.0", "granularity": "building_point", "fields_used": ["building", "amenity", "shop", "office", "tourism", "landuse", "railway", "healthcare"], "supports_field": "building_type_primary", "match_method": "amenity=place_of_worship", "match_score": 0.75}, {"source_name": "POI regional data (north)", "url_or_local_path": "F:\\TerraYield_AAYS_Portable\\AAYS\\england_map_web\\data\\poi\\north-points.geojson", "accessed_at": "2026-08-08", "licence": "ODbL 1.0", "granularity": "regional_point_geojson", "fields_used": ["amenity", "shop", "name", "tourism"], "supports_field": "building_type_primary (enrichment available)", "match_method": "poi_file_available", "match_score": 0.0, "note": "File exists (21.5 MB). Spatial proximity match not yet run."}, {"source_name": "England pilot GeoJSON cross-reference", "url_or_local_path": "F:\\TerraYield_AAYS_Portable\\AAYS\\england_map_web\\data\\parcel_building_type_england_pilot.geojson", "accessed_at": "2026-08-08", "licence": "ODbL 1.0", "granularity": "pilot_feature_match", "fields_used": ["building_type_primary", "evidence_level"], "supports_field": "building_type_primary (corroborating)", "match_method": "pilot_id_match", "match_score": 0.7}, {"source_name": "HMLR INSPIRE PMTiles (north)", "url_or_local_path": "F:\\TerraYield_AAYS_Portable\\AAYS\\england_map_web\\data\\north.pmtiles", "accessed_at": "2026-08-08", "licence": "OGLv3", "granularity": "cadastral_parcel_polygon", "fields_used": ["parcel_boundary", "INSPIRE_ID"], "supports_field": "geometry_binding", "match_method": "pmtiles_available", "match_score": 0.0, "note": "File available (2.51 GB). Polygon binding not yet performed."}], "source_evidence_excerpt": {"addr:city": "Manchester", "addr:country": "GB", "addr:housenumber": "16-20", "addr:postcode": "M4 1DZ", "addr:street": "Turner Street", "amenity": "place_of_worship"}, "building_type_secondary": "", "geometry_match_method": "none", "address_match_method": "none", "limitations": "OSM-only classification. EPC/VOA needed for A-level evidence.", "evidence_summary": {"osm_cache": true, "poi_available": true, "pilot_cross_ref": true, "pmtiles_available": true, "inspire_zips_available": false, "epc_voa_overture": false, "total_sources": 4}}}], "enhanced_at": "2026-08-08T22:42:40Z", "evidence_policy": "OSM_only_B_C_D_U_levels_A_requires_EPC_VOA_HMLR"}