{"type":"FeatureCollection","name":"future_growth_6","features":[{"type":"Feature","id":"housing-allocation:local-authority-eng:ESK:WAVENEY:WLP7.4:FID-1:2021-06-23","geometry":{"type":"Polygon","coordinates":[[[1.70759704881157,52.5205750801101],[1.70788025065998,52.5205754644054],[1.70815858177467,52.5205772447841],[1.70840684095456,52.5205791161228],[1.70861961661039,52.5205802922543],[1.7088731202761,52.5205813693427],[1.70920918015728,52.52059260273],[1.70972328847292,52.5206116722233],[1.71005765872918,52.520624073371],[1.7100467937151,52.5209672932157],[1.71049377332777,52.5209694541353],[1.71057160110809,52.5209481222193],[1.71057209521118,52.5208030011143],[1.71057013683982,52.5206496782461],[1.71056949098494,52.5205993694365],[1.71056711429652,52.5204142192698],[1.71056662328087,52.5203758146146],[1.71056388151297,52.5201617578627],[1.7105615708314,52.5199812343022],[1.71055892772122,52.5197739042993],[1.71055704396884,52.5196270741659],[1.71034868459933,52.519615269734],[1.71027668774284,52.5196107790577],[1.71023051598996,52.5196078631512],[1.7101553742675,52.5196031311107],[1.71011940439721,52.5196008744791],[1.71004100746669,52.5196014461853],[1.70997000217891,52.5195947249913],[1.70989586057131,52.51958770642],[1.70971697315094,52.5195707798635],[1.70974484471195,52.5193449651219],[1.7097333874918,52.5193405394981],[1.70925930328179,52.5192755438664],[1.70923195920357,52.5193744443733],[1.70921371587087,52.5194501227587],[1.70921107471708,52.5194590204626],[1.70919647148111,52.5195096692428],[1.70903513547768,52.5194866681568],[1.7090146043785,52.5195405692129],[1.70900733786089,52.5195596483525],[1.70899431705141,52.5195938293872],[1.70895943846106,52.5196853980689],[1.70881706822208,52.5196722354639],[1.70872480961871,52.5196637715708],[1.70867321228887,52.5196589394069],[1.70865165012461,52.5196585365396],[1.7085713201948,52.5196501731946],[1.70854572595963,52.5196456692905],[1.70840045921736,52.5196296288027],[1.70821945212612,52.5196178125176],[1.70811113070067,52.5196102640057],[1.7080808818947,52.5196065176551],[1.70804657726754,52.51960181646],[1.70789500281506,52.5199009349246],[1.70791801176614,52.5199289962768],[1.70789355742613,52.519978216096],[1.70777166338275,52.520223556692],[1.70759704881157,52.5205750801101]]]},"properties":{"semantic_identity":"housing-allocation:local-authority-eng:ESK:WAVENEY:WLP7.4:FID-1:2021-06-23","source_area_id":"ESK:WAVENEY:WLP7.4:1","source_area_type":"local_plan_housing_allocation","name":"Land north of Pickwick Drive, Blundeston","allocated_use":"Housing","policy":"WLP7.4","organisation":"local-authority-eng:ESK","source_url":"https://github.com/digital-land-attic/housing-allocation-collection/blob/cb5baefd10bd0c82ef8eabdee464a26a8dc32145/collection/resource/3270362b73afba989aed0900234f32aa29414c9581db8dde79fa4c3436c15795","source_final_url":"https://raw.githubusercontent.com/digital-land-attic/housing-allocation-collection/cb5baefd10bd0c82ef8eabdee464a26a8dc32145/collection/resource/3270362b73afba989aed0900234f32aa29414c9581db8dde79fa4c3436c15795","source_native_url":"https://opendata.arcgis.com/datasets/186310c22c604de1903b3ad1a4c13b84_1.geojson","http_status":200,"source_data_date":"2021-06-23","source_version":"2021-06-23:sha256:3270362b73afba989aed0900234f32aa29414c9581db8dde79fa4c3436c15795","source_repository_commit":"cb5baefd10bd0c82ef8eabdee464a26a8dc32145","licence":"Open Government Licence v3.0 (repository default); Crown copyright and database rights 2020, Ordnance Survey 100019684","source_sha256":"3270362b73afba989aed0900234f32aa29414c9581db8dde79fa4c3436c15795","source_copyright":"© Crown Copyright and database rights 2020 Ordnance Survey 100019684","evidence_slice_sha256":"3a0c517cf8cbee2f1ce637fc43663509c16c9f0f80cee545f95e5bb70ad1940b","field_evidence":{"geometry":"collection/resource/3270362b73afba989aed0900234f32aa29414c9581db8dde79fa4c3436c15795:features[0].geometry","identifier":"collection/resource/3270362b73afba989aed0900234f32aa29414c9581db8dde79fa4c3436c15795:features[0].properties.FID","policy":"collection/resource/3270362b73afba989aed0900234f32aa29414c9581db8dde79fa4c3436c15795:features[0].properties.Policy_Num","use":"collection/resource/3270362b73afba989aed0900234f32aa29414c9581db8dde79fa4c3436c15795:features[0].properties.Primary_Pr","data_date":"collection/source.csv:entry-date","adopted_local_plan":"https://eastsuffolk.inconsult.uk/gf2.ti/f/911330/48559909.1/PDF/-/Adopted_Waveney_Local_Plan_Website.pdf","allocation_reference":"https://eastsuffolk.inconsult.uk/consult.ti/eastsuffolkwaveneylocalplan/viewCompoundDoc?docid=11491476&partid=11495060#11495060"},"confidence":0.98,"evidence_grade":"A_OFFICIAL_LOCAL_PLAN_GIS","fake_data":false}},{"type":"Feature","id":"housing-allocation:local-authority-eng:ESK:WAVENEY:WLP4.3:FID-2:2021-06-23","geometry":{"type":"Polygon","coordinates":[[[1.50173201755489,52.3504220318735],[1.50170745014176,52.3504526132002],[1.50169056595841,52.3504736303799],[1.50168485114633,52.3504885832219],[1.50167246232492,52.3505286091806],[1.50166727772555,52.3505460503663],[1.50166235266179,52.3505626131871],[1.50165854108079,52.350572585096],[1.50165131480292,52.3505879830156],[1.50164388031205,52.3506004513047],[1.50163430206702,52.3506165126103],[1.50162080410489,52.350638318916],[1.50160138413215,52.350669691999],[1.50159407458373,52.3506823103852],[1.5015781813675,52.3507105288405],[1.50156925226764,52.3507263856027],[1.50155861771634,52.3507452674209],[1.50154801281441,52.3507640970901],[1.50154246819171,52.3507739413977],[1.50155601136465,52.3507780370212],[1.50155049752949,52.3508012705278],[1.50154498343261,52.3508229407977],[1.50153987411317,52.350840851955],[1.50153569001445,52.350854322973],[1.50152217406833,52.3508887733666],[1.50151669244187,52.3509123216227],[1.5015141415582,52.3509357829676],[1.50151208746722,52.3509655257295],[1.50151303509717,52.3509960789256],[1.50151802400559,52.3510220150281],[1.50152740905366,52.3510478207629],[1.50153442279956,52.3510633855241],[1.50154700581832,52.3510913126661],[1.50155939190804,52.3511244381713],[1.50156983528989,52.3511565302542],[1.50157390863329,52.3511714653502],[1.50158078882053,52.3512027420633],[1.50158402852261,52.3512251322369],[1.50158494769192,52.3512367537546],[1.50158544838246,52.3512611166978],[1.50158356168052,52.3512934952814],[1.50158044655338,52.3513223763554],[1.50157594042576,52.351360301274],[1.50157205879594,52.3513913952389],[1.50157024841824,52.3514056107651],[1.50156955872303,52.3514117474776],[1.50165985908858,52.3514101668906],[1.50186935934051,52.3514072889184],[1.50202864682154,52.3514053278028],[1.50214999331516,52.3514036859077],[1.50230810494365,52.3514014921534],[1.50251883641921,52.3513984334928],[1.50251158882068,52.3512640655545],[1.5024946399166,52.351229121883],[1.50245589364625,52.3511610729166],[1.50243790041908,52.3511294701917],[1.50242590854243,52.3511084099948],[1.50241538005349,52.3510899174928],[1.50240551706025,52.3510725961216],[1.50235881632557,52.3510645785192],[1.5023161746804,52.3510572571997],[1.50233895878965,52.3510241130313],[1.50238888558318,52.3509514837914],[1.50219258387514,52.35091114302],[1.50221707724478,52.3508646057339],[1.50205894081177,52.3508306242421],[1.50219547646572,52.3505546824919],[1.5021960391568,52.3505473127972],[1.50215593186707,52.3505364839527],[1.5020570194098,52.3505092537431],[1.50199101423538,52.350490902731],[1.50183430936181,52.3504482230923],[1.50178827330471,52.3504364357562],[1.50176063636618,52.3504293591229],[1.50173201755489,52.3504220318735]]]},"properties":{"semantic_identity":"housing-allocation:local-authority-eng:ESK:WAVENEY:WLP4.3:FID-2:2021-06-23","source_area_id":"ESK:WAVENEY:WLP4.3:2","source_area_type":"local_plan_housing_allocation","name":"Land north of Old Station Road, Halesworth","allocated_use":"Housing","policy":"WLP4.3","organisation":"local-authority-eng:ESK","source_url":"https://github.com/digital-land-attic/housing-allocation-collection/blob/cb5baefd10bd0c82ef8eabdee464a26a8dc32145/collection/resource/3270362b73afba989aed0900234f32aa29414c9581db8dde79fa4c3436c15795","source_final_url":"https://raw.githubusercontent.com/digital-land-attic/housing-allocation-collection/cb5baefd10bd0c82ef8eabdee464a26a8dc32145/collection/resource/3270362b73afba989aed0900234f32aa29414c9581db8dde79fa4c3436c15795","source_native_url":"https://opendata.arcgis.com/datasets/186310c22c604de1903b3ad1a4c13b84_1.geojson","http_status":200,"source_data_date":"2021-06-23","source_version":"2021-06-23:sha256:3270362b73afba989aed0900234f32aa29414c9581db8dde79fa4c3436c15795","source_repository_commit":"cb5baefd10bd0c82ef8eabdee464a26a8dc32145","licence":"Open Government Licence v3.0 (repository default); Crown copyright and database rights 2020, Ordnance Survey 100019684","source_sha256":"3270362b73afba989aed0900234f32aa29414c9581db8dde79fa4c3436c15795","source_copyright":"© Crown Copyright and database rights 2020 Ordnance Survey 100019684","evidence_slice_sha256":"3a0c517cf8cbee2f1ce637fc43663509c16c9f0f80cee545f95e5bb70ad1940b","field_evidence":{"geometry":"collection/resource/3270362b73afba989aed0900234f32aa29414c9581db8dde79fa4c3436c15795:features[1].geometry","identifier":"collection/resource/3270362b73afba989aed0900234f32aa29414c9581db8dde79fa4c3436c15795:features[1].properties.FID","policy":"collection/resource/3270362b73afba989aed0900234f32aa29414c9581db8dde79fa4c3436c15795:features[1].properties.Policy_Num","use":"collection/resource/3270362b73afba989aed0900234f32aa29414c9581db8dde79fa4c3436c15795:features[1].properties.Primary_Pr","data_date":"collection/source.csv:entry-date","adopted_local_plan":"https://eastsuffolk.inconsult.uk/gf2.ti/f/911330/48559909.1/PDF/-/Adopted_Waveney_Local_Plan_Website.pdf","allocation_reference":"https://eastsuffolk.inconsult.uk/consult.ti/eastsuffolkwaveneylocalplan/viewCompoundDoc?docid=11491476&partid=11494004#11494004"},"confidence":0.98,"evidence_grade":"A_OFFICIAL_LOCAL_PLAN_GIS","fake_data":false}},{"type":"Feature","id":"housing-allocation:local-authority-eng:ESK:WAVENEY:WLP7.10:FID-3:2021-06-23","geometry":{"type":"Polygon","coordinates":[[[1.5421237497374,52.3952682444677],[1.54152887836962,52.3959267626111],[1.5419878764166,52.3960694613507],[1.54221334589044,52.3961396757072],[1.54229190907198,52.3961641235449],[1.54244210623854,52.3960499145026],[1.54280946276067,52.3957705453734],[1.54291931090666,52.3956873942994],[1.54297295016514,52.3956723835603],[1.54297728758073,52.3956329472439],[1.54291411331011,52.3955440258282],[1.54288060521743,52.3955054152198],[1.54285308775513,52.3954830453903],[1.54274108397181,52.3954472486685],[1.54213638633981,52.3952556329365],[1.5421237497374,52.3952682444677]]]},"properties":{"semantic_identity":"housing-allocation:local-authority-eng:ESK:WAVENEY:WLP7.10:FID-3:2021-06-23","source_area_id":"ESK:WAVENEY:WLP7.10:3","source_area_type":"local_plan_housing_allocation","name":"Land at Toodley Farm, Station Road, Brampton","allocated_use":"Housing","policy":"WLP7.10","organisation":"local-authority-eng:ESK","source_url":"https://github.com/digital-land-attic/housing-allocation-collection/blob/cb5baefd10bd0c82ef8eabdee464a26a8dc32145/collection/resource/3270362b73afba989aed0900234f32aa29414c9581db8dde79fa4c3436c15795","source_final_url":"https://raw.githubusercontent.com/digital-land-attic/housing-allocation-collection/cb5baefd10bd0c82ef8eabdee464a26a8dc32145/collection/resource/3270362b73afba989aed0900234f32aa29414c9581db8dde79fa4c3436c15795","source_native_url":"https://opendata.arcgis.com/datasets/186310c22c604de1903b3ad1a4c13b84_1.geojson","http_status":200,"source_data_date":"2021-06-23","source_version":"2021-06-23:sha256:3270362b73afba989aed0900234f32aa29414c9581db8dde79fa4c3436c15795","source_repository_commit":"cb5baefd10bd0c82ef8eabdee464a26a8dc32145","licence":"Open Government Licence v3.0 (repository default); Crown copyright and database rights 2020, Ordnance Survey 100019684","source_sha256":"3270362b73afba989aed0900234f32aa29414c9581db8dde79fa4c3436c15795","source_copyright":"© Crown Copyright and database rights 2020 Ordnance Survey 100019684","evidence_slice_sha256":"3a0c517cf8cbee2f1ce637fc43663509c16c9f0f80cee545f95e5bb70ad1940b","field_evidence":{"geometry":"collection/resource/3270362b73afba989aed0900234f32aa29414c9581db8dde79fa4c3436c15795:features[2].geometry","identifier":"collection/resource/3270362b73afba989aed0900234f32aa29414c9581db8dde79fa4c3436c15795:features[2].properties.FID","policy":"collection/resource/3270362b73afba989aed0900234f32aa29414c9581db8dde79fa4c3436c15795:features[2].properties.Policy_Num","use":"collection/resource/3270362b73afba989aed0900234f32aa29414c9581db8dde79fa4c3436c15795:features[2].properties.Primary_Pr","data_date":"collection/source.csv:entry-date","adopted_local_plan":"https://eastsuffolk.inconsult.uk/gf2.ti/f/911330/48559909.1/PDF/-/Adopted_Waveney_Local_Plan_Website.pdf","allocation_reference":"https://eastsuffolk.inconsult.uk/consult.ti/eastsuffolkwaveneylocalplan/viewCompoundDoc?docid=11491476&partid=11495732#11495732"},"confidence":0.98,"evidence_grade":"A_OFFICIAL_LOCAL_PLAN_GIS","fake_data":false}},{"type":"Feature","id":"housing-allocation:local-authority-eng:ESK:WAVENEY:WLP7.2:FID-4:2021-06-23","geometry":{"type":"Polygon","coordinates":[[[1.63612761610566,52.4456570632117],[1.63612465626259,52.4457462027406],[1.63633190103875,52.4461176069706],[1.63645588584644,52.4463368562709],[1.63656745828459,52.4465341524497],[1.63665412528367,52.4466874056149],[1.63666576101299,52.4466856983142],[1.63674608060237,52.4468297274049],[1.63681956719197,52.4469614999499],[1.63689808431484,52.4471022932197],[1.63693384715711,52.4471664947703],[1.63697617778127,52.4472427801637],[1.63699732496886,52.4472812827548],[1.63701513785042,52.4473137112381],[1.63703763944059,52.4473546789867],[1.63705035887405,52.4473778358851],[1.63707336604553,52.4474197217264],[1.6373781040769,52.4474509276187],[1.63762710280102,52.4474764251235],[1.63775955234387,52.4474899876332],[1.63776534096716,52.4474709203696],[1.63802040983295,52.4474804767017],[1.63843389794793,52.4474962257835],[1.63869429576604,52.4475064567004],[1.63898221651429,52.4475177679942],[1.6391064159742,52.4475220341704],[1.63931508178542,52.4475290463716],[1.63936158120051,52.4475306087038],[1.63938355857093,52.4475320447414],[1.63950805797909,52.4475395897561],[1.63955175958729,52.4475147961719],[1.63957653818635,52.4474989883211],[1.63961153629381,52.4474734391638],[1.63966921113026,52.4474230908977],[1.63974023732789,52.4473561407383],[1.63980202090471,52.4473020679334],[1.63984179086434,52.4472666627409],[1.63986741988583,52.4472418572193],[1.63987524572462,52.4472296530889],[1.63988313934195,52.4471927129707],[1.63988034327673,52.4471625252974],[1.63986913054704,52.4471287398997],[1.63985916502009,52.4471111822808],[1.639851218021,52.4470971801962],[1.63984085866318,52.4470858060382],[1.63982779087079,52.4470755047302],[1.63973775933547,52.4470314022709],[1.63933176176089,52.4468336854084],[1.63909821763017,52.4467205533107],[1.63881220041697,52.4465827114802],[1.63838991179853,52.4463775192013],[1.63826383913813,52.4463170655081],[1.63813214694717,52.4462556162671],[1.63802371209219,52.4462051342254],[1.63796628850691,52.4461815520187],[1.63782556274306,52.446124614396],[1.63768010767099,52.4460675334584],[1.63753448075314,52.4460106132445],[1.63748529219837,52.445991442019],[1.63741232516876,52.4459680636555],[1.63728404185932,52.4459269618236],[1.63720149833359,52.4459005149397],[1.63713663509337,52.4458826733324],[1.63702446301031,52.4458518169255],[1.63689512590254,52.4458177999288],[1.63678239025564,52.4457899073339],[1.63658432282259,52.4457429146277],[1.63640648562765,52.4457061386877],[1.63632101453126,52.4456909744056],[1.63625001231093,52.4456775829563],[1.63612761610566,52.4456570632117]]]},"properties":{"semantic_identity":"housing-allocation:local-authority-eng:ESK:WAVENEY:WLP7.2:FID-4:2021-06-23","source_area_id":"ESK:WAVENEY:WLP7.2:4","source_area_type":"local_plan_housing_allocation","name":"Land between The Street and A146, Barnby","allocated_use":"Housing","policy":"WLP7.2","organisation":"local-authority-eng:ESK","source_url":"https://github.com/digital-land-attic/housing-allocation-collection/blob/cb5baefd10bd0c82ef8eabdee464a26a8dc32145/collection/resource/3270362b73afba989aed0900234f32aa29414c9581db8dde79fa4c3436c15795","source_final_url":"https://raw.githubusercontent.com/digital-land-attic/housing-allocation-collection/cb5baefd10bd0c82ef8eabdee464a26a8dc32145/collection/resource/3270362b73afba989aed0900234f32aa29414c9581db8dde79fa4c3436c15795","source_native_url":"https://opendata.arcgis.com/datasets/186310c22c604de1903b3ad1a4c13b84_1.geojson","http_status":200,"source_data_date":"2021-06-23","source_version":"2021-06-23:sha256:3270362b73afba989aed0900234f32aa29414c9581db8dde79fa4c3436c15795","source_repository_commit":"cb5baefd10bd0c82ef8eabdee464a26a8dc32145","licence":"Open Government Licence v3.0 (repository default); Crown copyright and database rights 2020, Ordnance Survey 100019684","source_sha256":"3270362b73afba989aed0900234f32aa29414c9581db8dde79fa4c3436c15795","source_copyright":"© Crown Copyright and database rights 2020 Ordnance Survey 100019684","evidence_slice_sha256":"3a0c517cf8cbee2f1ce637fc43663509c16c9f0f80cee545f95e5bb70ad1940b","field_evidence":{"geometry":"collection/resource/3270362b73afba989aed0900234f32aa29414c9581db8dde79fa4c3436c15795:features[3].geometry","identifier":"collection/resource/3270362b73afba989aed0900234f32aa29414c9581db8dde79fa4c3436c15795:features[3].properties.FID","policy":"collection/resource/3270362b73afba989aed0900234f32aa29414c9581db8dde79fa4c3436c15795:features[3].properties.Policy_Num","use":"collection/resource/3270362b73afba989aed0900234f32aa29414c9581db8dde79fa4c3436c15795:features[3].properties.Primary_Pr","data_date":"collection/source.csv:entry-date","adopted_local_plan":"https://eastsuffolk.inconsult.uk/gf2.ti/f/911330/48559909.1/PDF/-/Adopted_Waveney_Local_Plan_Website.pdf","allocation_reference":"https://eastsuffolk.inconsult.uk/consult.ti/eastsuffolkwaveneylocalplan/viewCompoundDoc?docid=11491476&partid=11495700#11495700"},"confidence":0.98,"evidence_grade":"A_OFFICIAL_LOCAL_PLAN_GIS","fake_data":false}},{"type":"Feature","id":"housing-allocation:local-authority-eng:ESK:WAVENEY:WLP7.16:FID-5:2021-06-23","geometry":{"type":"Polygon","coordinates":[[[1.5814834252818,52.4076849497122],[1.58148503178368,52.4076280279014],[1.58149015319753,52.4074567415187],[1.58149732046574,52.407225880072],[1.58150442226043,52.407034829982],[1.58151039891081,52.4068740755669],[1.58151356577748,52.4066489273522],[1.58151614821446,52.406419581062],[1.58134475302784,52.4064216605467],[1.58099897098861,52.4064257250641],[1.58099774269956,52.4065219221907],[1.58099748193462,52.4065416211602],[1.58099686027857,52.4065811264721],[1.58099509939564,52.4067081841591],[1.58098778487157,52.407026186488],[1.58056135029967,52.4070142869092],[1.58056126488501,52.4070313793105],[1.58045479408539,52.4070336438706],[1.58044205768936,52.4071374412375],[1.58043166075786,52.4072221980061],[1.5809833878372,52.4072205140301],[1.5809825575406,52.4072647028756],[1.58101995689982,52.4072906430603],[1.58102003349018,52.4073387620568],[1.58099369078179,52.4073621371217],[1.58096107372091,52.407602675541],[1.58095452056544,52.4076355022334],[1.58095672199441,52.4076554036004],[1.58097104346953,52.4076724190814],[1.58101046973931,52.4076743720929],[1.5814834252818,52.4076849497122]]]},"properties":{"semantic_identity":"housing-allocation:local-authority-eng:ESK:WAVENEY:WLP7.16:FID-5:2021-06-23","source_area_id":"ESK:WAVENEY:WLP7.16:5","source_area_type":"local_plan_housing_allocation","name":"Land east of Woodfield Close, Willingham","allocated_use":"Housing","policy":"WLP7.16","organisation":"local-authority-eng:ESK","source_url":"https://github.com/digital-land-attic/housing-allocation-collection/blob/cb5baefd10bd0c82ef8eabdee464a26a8dc32145/collection/resource/3270362b73afba989aed0900234f32aa29414c9581db8dde79fa4c3436c15795","source_final_url":"https://raw.githubusercontent.com/digital-land-attic/housing-allocation-collection/cb5baefd10bd0c82ef8eabdee464a26a8dc32145/collection/resource/3270362b73afba989aed0900234f32aa29414c9581db8dde79fa4c3436c15795","source_native_url":"https://opendata.arcgis.com/datasets/186310c22c604de1903b3ad1a4c13b84_1.geojson","http_status":200,"source_data_date":"2021-06-23","source_version":"2021-06-23:sha256:3270362b73afba989aed0900234f32aa29414c9581db8dde79fa4c3436c15795","source_repository_commit":"cb5baefd10bd0c82ef8eabdee464a26a8dc32145","licence":"Open Government Licence v3.0 (repository default); Crown copyright and database rights 2020, Ordnance Survey 100019684","source_sha256":"3270362b73afba989aed0900234f32aa29414c9581db8dde79fa4c3436c15795","source_copyright":"© Crown Copyright and database rights 2020 Ordnance Survey 100019684","evidence_slice_sha256":"3a0c517cf8cbee2f1ce637fc43663509c16c9f0f80cee545f95e5bb70ad1940b","field_evidence":{"geometry":"collection/resource/3270362b73afba989aed0900234f32aa29414c9581db8dde79fa4c3436c15795:features[4].geometry","identifier":"collection/resource/3270362b73afba989aed0900234f32aa29414c9581db8dde79fa4c3436c15795:features[4].properties.FID","policy":"collection/resource/3270362b73afba989aed0900234f32aa29414c9581db8dde79fa4c3436c15795:features[4].properties.Policy_Num","use":"collection/resource/3270362b73afba989aed0900234f32aa29414c9581db8dde79fa4c3436c15795:features[4].properties.Primary_Pr","data_date":"collection/source.csv:entry-date","adopted_local_plan":"https://eastsuffolk.inconsult.uk/gf2.ti/f/911330/48559909.1/PDF/-/Adopted_Waveney_Local_Plan_Website.pdf","allocation_reference":"https://eastsuffolk.inconsult.uk/consult.ti/eastsuffolkwaveneylocalplan/viewCompoundDoc?docid=11491476&partid=11496404#11496404"},"confidence":0.98,"evidence_grade":"A_OFFICIAL_LOCAL_PLAN_GIS","fake_data":false}},{"type":"Feature","id":"housing-allocation:local-authority-eng:ESK:WAVENEY:WLP7.6:FID-6:2021-06-23","geometry":{"type":"Polygon","coordinates":[[[1.65925648073081,52.515191531689],[1.65922376695509,52.515154496279],[1.65925005081672,52.5150849601352],[1.65928552345766,52.5149964601754],[1.65934663153086,52.5148440001717],[1.65939578714432,52.5147244180404],[1.65942085340035,52.5146644827741],[1.65943474811547,52.5146312623163],[1.65946801578595,52.5145517146711],[1.65953077442558,52.514401654553],[1.6595728462541,52.5143010591699],[1.65959102398557,52.5142554138813],[1.65960845477369,52.5142062648614],[1.6596217489135,52.5141687328888],[1.65963725034239,52.5141249630854],[1.65965633169705,52.5140710910886],[1.65963637515436,52.5140704495156],[1.65963251801921,52.514062927848],[1.65962665865811,52.5140515041598],[1.65961812665172,52.5140310236132],[1.65960610755153,52.5139972586911],[1.6596012380182,52.5139795296164],[1.65958988349135,52.5139216291569],[1.6595830255996,52.5138866538963],[1.65957655846415,52.5138507041008],[1.65956672793803,52.5137824961394],[1.65956494525133,52.5137539290724],[1.65956454201293,52.5137331042792],[1.65956426537372,52.5137188552386],[1.65956391555879,52.5137008360582],[1.65956548950247,52.5136623356191],[1.65956773480868,52.5136073701696],[1.6595690580616,52.5135750038243],[1.65956984646435,52.5135556910465],[1.6595699488494,52.5134272228336],[1.65956931756028,52.5133454277812],[1.65956436886099,52.513209509929],[1.65955988885269,52.5131328638707],[1.65942774673384,52.5131216626556],[1.65934555841254,52.5131359868098],[1.659255306723,52.5131511208313],[1.65906256087756,52.5131814437241],[1.65896168820732,52.5131974989632],[1.65886610239687,52.5132110024021],[1.65879375265213,52.5132315815961],[1.65872335713691,52.5132495997288],[1.65866265857205,52.5132483298101],[1.65860930242171,52.5134161906136],[1.65855625993602,52.5135834309399],[1.65853310285907,52.513656444709],[1.65851479951703,52.5137141575038],[1.65846865187635,52.5138532709871],[1.65841496881212,52.5140034877822],[1.65835768179969,52.5141648562353],[1.65831669809108,52.5142727392584],[1.65827323975791,52.5143868593463],[1.65822821023882,52.514507354947],[1.65818449655082,52.5146243324418],[1.65814615480077,52.5147273646353],[1.65808191074264,52.5149032687533],[1.65806050381274,52.5149618798245],[1.65801900324281,52.5150775564994],[1.65799799225746,52.5151373678027],[1.65798678840421,52.5151692572665],[1.6579821352799,52.5151825065958],[1.65797684394433,52.515197567427],[1.65797109007788,52.5152139459088],[1.65796947522364,52.5152303483502],[1.65796869177918,52.5152383059703],[1.65797222948084,52.5152453923331],[1.65797716318171,52.5152515360303],[1.65797878289204,52.5152532848728],[1.65798233046939,52.5152556297896],[1.65798658316174,52.5152584404077],[1.65799570486002,52.5152617561069],[1.65800573271189,52.5152640183677],[1.65801514906766,52.5152661430372],[1.65802725795553,52.5152688752017],[1.65803019909398,52.515268784208],[1.65805979655442,52.5152769064493],[1.65815560257102,52.5153027462479],[1.65819749240712,52.515313944824],[1.65823810276107,52.5153246495829],[1.6582865348692,52.515337308841],[1.65830161500284,52.515342528744],[1.65831503280891,52.5153471722441],[1.65833335410555,52.5153543849408],[1.65835046163609,52.5153614157176],[1.65836377313607,52.5153672633023],[1.65838717237055,52.5153773698976],[1.65841246883289,52.515385557668],[1.65846405952173,52.515402992485],[1.65849510776502,52.5154141810159],[1.65854296623434,52.5154318203295],[1.65856319796086,52.5154392940904],[1.65858413513571,52.5154492591562],[1.65860868719866,52.5154607287213],[1.65862486583385,52.5154681479917],[1.65865200210571,52.5154771125954],[1.65866817843326,52.5154766120416],[1.6586812644381,52.515474408159],[1.65870272637327,52.5154665482323],[1.65875806492544,52.5154405499622],[1.65889429688929,52.5153724165695],[1.65903249110972,52.5153037194862],[1.65913671936223,52.5152515731899],[1.65925648073081,52.515191531689]]]},"properties":{"semantic_identity":"housing-allocation:local-authority-eng:ESK:WAVENEY:WLP7.6:FID-6:2021-06-23","source_area_id":"ESK:WAVENEY:WLP7.6:6","source_area_type":"local_plan_housing_allocation","name":"Mill Farm Field, Somerleyton","allocated_use":"Housing","policy":"WLP7.6","organisation":"local-authority-eng:ESK","source_url":"https://github.com/digital-land-attic/housing-allocation-collection/blob/cb5baefd10bd0c82ef8eabdee464a26a8dc32145/collection/resource/3270362b73afba989aed0900234f32aa29414c9581db8dde79fa4c3436c15795","source_final_url":"https://raw.githubusercontent.com/digital-land-attic/housing-allocation-collection/cb5baefd10bd0c82ef8eabdee464a26a8dc32145/collection/resource/3270362b73afba989aed0900234f32aa29414c9581db8dde79fa4c3436c15795","source_native_url":"https://opendata.arcgis.com/datasets/186310c22c604de1903b3ad1a4c13b84_1.geojson","http_status":200,"source_data_date":"2021-06-23","source_version":"2021-06-23:sha256:3270362b73afba989aed0900234f32aa29414c9581db8dde79fa4c3436c15795","source_repository_commit":"cb5baefd10bd0c82ef8eabdee464a26a8dc32145","licence":"Open Government Licence v3.0 (repository default); Crown copyright and database rights 2020, Ordnance Survey 100019684","source_sha256":"3270362b73afba989aed0900234f32aa29414c9581db8dde79fa4c3436c15795","source_copyright":"© Crown Copyright and database rights 2020 Ordnance Survey 100019684","evidence_slice_sha256":"3a0c517cf8cbee2f1ce637fc43663509c16c9f0f80cee545f95e5bb70ad1940b","field_evidence":{"geometry":"collection/resource/3270362b73afba989aed0900234f32aa29414c9581db8dde79fa4c3436c15795:features[5].geometry","identifier":"collection/resource/3270362b73afba989aed0900234f32aa29414c9581db8dde79fa4c3436c15795:features[5].properties.FID","policy":"collection/resource/3270362b73afba989aed0900234f32aa29414c9581db8dde79fa4c3436c15795:features[5].properties.Policy_Num","use":"collection/resource/3270362b73afba989aed0900234f32aa29414c9581db8dde79fa4c3436c15795:features[5].properties.Primary_Pr","data_date":"collection/source.csv:entry-date","adopted_local_plan":"https://eastsuffolk.inconsult.uk/gf2.ti/f/911330/48559909.1/PDF/-/Adopted_Waveney_Local_Plan_Website.pdf","allocation_reference":"https://eastsuffolk.inconsult.uk/consult.ti/eastsuffolkwaveneylocalplan/viewCompoundDoc?docid=11491476&partid=11495252#11495252"},"confidence":0.98,"evidence_grade":"A_OFFICIAL_LOCAL_PLAN_GIS","fake_data":false}},{"type":"Feature","id":"housing-allocation:local-authority-eng:ESK:WAVENEY:WLP7.5:FID-7:2021-06-23","geometry":{"type":"Polygon","coordinates":[[[1.65873975863354,52.5172774858734],[1.65950806210206,52.5173586373044],[1.66015250761952,52.5174258876026],[1.66022271971057,52.5174332070764],[1.66044388483916,52.5173447300331],[1.6605372369884,52.5173148559191],[1.66061672715501,52.5172725485103],[1.66065067881346,52.5172553069437],[1.66075746800838,52.5172097256928],[1.66085442979448,52.5171690862795],[1.66097660061197,52.5171163572379],[1.66099948792685,52.5171059890974],[1.66101955422753,52.5170990714405],[1.66105006418279,52.5170936293572],[1.66106763705599,52.5170921857556],[1.66109881876312,52.5170948181458],[1.66111683947937,52.5170987575273],[1.66085495996422,52.5169230132384],[1.6608504195412,52.5169322385302],[1.66082494541224,52.5169485882011],[1.66067269270957,52.5170206639209],[1.66059663985519,52.5170560455123],[1.66054611769416,52.5170795496933],[1.66047264294367,52.5171161844102],[1.66038405740338,52.5171590431354],[1.66035163504097,52.5171521315431],[1.6602713695107,52.5171798014505],[1.66021088588429,52.5172325837101],[1.66015907443626,52.517251367437],[1.66013350781786,52.5172524287165],[1.66005048950313,52.5172540991215],[1.6599932139926,52.517253015369],[1.65996042137366,52.5172523943165],[1.65991344761179,52.5172515052367],[1.6598591404468,52.5172498582156],[1.65984368050913,52.5172219315543],[1.65987528007528,52.5171125944939],[1.65990156124928,52.5171156937078],[1.65999773834,52.5170960636874],[1.66032910790497,52.5170284317043],[1.66026809171773,52.5169879552806],[1.66015752650149,52.5169154622251],[1.66005235412403,52.5168510773097],[1.65997376579191,52.5168042457015],[1.65989567359599,52.5167577045051],[1.65993431827597,52.5167295239998],[1.65985460620137,52.5166832523905],[1.65979427151186,52.516648228838],[1.65977945367776,52.5166597510551],[1.65972725711788,52.5167004939071],[1.6597056361297,52.5167170838622],[1.65963878810899,52.5167181635304],[1.65960867281865,52.5167460799406],[1.65946396563907,52.5166902938656],[1.6594364968964,52.5167140446978],[1.65935574609599,52.5167837527904],[1.65909527858341,52.5170084257181],[1.65891405057558,52.5169744571393],[1.65885926447165,52.5170695253559],[1.65873975863354,52.5172774858734]]]},"properties":{"semantic_identity":"housing-allocation:local-authority-eng:ESK:WAVENEY:WLP7.5:FID-7:2021-06-23","source_area_id":"ESK:WAVENEY:WLP7.5:7","source_area_type":"local_plan_housing_allocation","name":"Land north of The Street, Somerleyton","allocated_use":"Housing","policy":"WLP7.5","organisation":"local-authority-eng:ESK","source_url":"https://github.com/digital-land-attic/housing-allocation-collection/blob/cb5baefd10bd0c82ef8eabdee464a26a8dc32145/collection/resource/3270362b73afba989aed0900234f32aa29414c9581db8dde79fa4c3436c15795","source_final_url":"https://raw.githubusercontent.com/digital-land-attic/housing-allocation-collection/cb5baefd10bd0c82ef8eabdee464a26a8dc32145/collection/resource/3270362b73afba989aed0900234f32aa29414c9581db8dde79fa4c3436c15795","source_native_url":"https://opendata.arcgis.com/datasets/186310c22c604de1903b3ad1a4c13b84_1.geojson","http_status":200,"source_data_date":"2021-06-23","source_version":"2021-06-23:sha256:3270362b73afba989aed0900234f32aa29414c9581db8dde79fa4c3436c15795","source_repository_commit":"cb5baefd10bd0c82ef8eabdee464a26a8dc32145","licence":"Open Government Licence v3.0 (repository default); Crown copyright and database rights 2020, Ordnance Survey 100019684","source_sha256":"3270362b73afba989aed0900234f32aa29414c9581db8dde79fa4c3436c15795","source_copyright":"© Crown Copyright and database rights 2020 Ordnance Survey 100019684","evidence_slice_sha256":"3a0c517cf8cbee2f1ce637fc43663509c16c9f0f80cee545f95e5bb70ad1940b","field_evidence":{"geometry":"collection/resource/3270362b73afba989aed0900234f32aa29414c9581db8dde79fa4c3436c15795:features[6].geometry","identifier":"collection/resource/3270362b73afba989aed0900234f32aa29414c9581db8dde79fa4c3436c15795:features[6].properties.FID","policy":"collection/resource/3270362b73afba989aed0900234f32aa29414c9581db8dde79fa4c3436c15795:features[6].properties.Policy_Num","use":"collection/resource/3270362b73afba989aed0900234f32aa29414c9581db8dde79fa4c3436c15795:features[6].properties.Primary_Pr","data_date":"collection/source.csv:entry-date","adopted_local_plan":"https://eastsuffolk.inconsult.uk/gf2.ti/f/911330/48559909.1/PDF/-/Adopted_Waveney_Local_Plan_Website.pdf","allocation_reference":"https://eastsuffolk.inconsult.uk/consult.ti/eastsuffolkwaveneylocalplan/viewCompoundDoc?docid=11491476&partid=11495188#11495188"},"confidence":0.98,"evidence_grade":"A_OFFICIAL_LOCAL_PLAN_GIS","fake_data":false}},{"type":"Feature","id":"housing-allocation:local-authority-eng:ESK:WAVENEY:WLP7.3:FID-8:2021-06-23","geometry":{"type":"Polygon","coordinates":[[[1.69793599269205,52.5205748511878],[1.69805990229416,52.5203627569862],[1.69828584053183,52.519976013902],[1.69862284406694,52.5200487606642],[1.69864956071478,52.5200034909733],[1.69872576981635,52.5198751808096],[1.69875927062933,52.5198197578853],[1.69879398813379,52.5197623216456],[1.69889327759601,52.5195981199283],[1.69897110588165,52.5194694593886],[1.69898467410334,52.5194470275057],[1.69900704167538,52.5194187669472],[1.69902985967944,52.519389936417],[1.69877277300201,52.5193580959304],[1.69870355700029,52.5193507588284],[1.69853603616267,52.5193330028123],[1.69838932791427,52.519317452105],[1.69824643168815,52.5193029746491],[1.69814173565629,52.5192931070817],[1.6980309966124,52.5192826710575],[1.69795361795793,52.5192742980891],[1.69792805114044,52.5193209707835],[1.69781555076111,52.5195251218772],[1.69766034874621,52.5198067575698],[1.69759755410855,52.5199207073974],[1.69749101646765,52.5201140309139],[1.69742770801414,52.5202204393772],[1.69741854055634,52.5202359271326],[1.69742617286318,52.5202460322935],[1.69738696813272,52.5203121398855],[1.69735848546546,52.5203601691919],[1.69732299234911,52.5204201585177],[1.69728856331744,52.5204140396126],[1.69727684927916,52.520434948947],[1.69726804848922,52.5204506599823],[1.69726412624081,52.5204741688319],[1.69726083273707,52.5205120000372],[1.69725737477984,52.5205517342637],[1.69725249457487,52.5205813894581],[1.69737036108277,52.5205802214435],[1.6974484805956,52.5205794888133],[1.69761600723666,52.5205779167792],[1.69775241274894,52.52057663621],[1.69787661826098,52.5205754492933],[1.69793599269205,52.5205748511878]]]},"properties":{"semantic_identity":"housing-allocation:local-authority-eng:ESK:WAVENEY:WLP7.3:FID-8:2021-06-23","source_area_id":"ESK:WAVENEY:WLP7.3:8","source_area_type":"local_plan_housing_allocation","name":"Land south of Lound Road, Blundeston","allocated_use":"Housing","policy":"WLP7.3","organisation":"local-authority-eng:ESK","source_url":"https://github.com/digital-land-attic/housing-allocation-collection/blob/cb5baefd10bd0c82ef8eabdee464a26a8dc32145/collection/resource/3270362b73afba989aed0900234f32aa29414c9581db8dde79fa4c3436c15795","source_final_url":"https://raw.githubusercontent.com/digital-land-attic/housing-allocation-collection/cb5baefd10bd0c82ef8eabdee464a26a8dc32145/collection/resource/3270362b73afba989aed0900234f32aa29414c9581db8dde79fa4c3436c15795","source_native_url":"https://opendata.arcgis.com/datasets/186310c22c604de1903b3ad1a4c13b84_1.geojson","http_status":200,"source_data_date":"2021-06-23","source_version":"2021-06-23:sha256:3270362b73afba989aed0900234f32aa29414c9581db8dde79fa4c3436c15795","source_repository_commit":"cb5baefd10bd0c82ef8eabdee464a26a8dc32145","licence":"Open Government Licence v3.0 (repository default); Crown copyright and database rights 2020, Ordnance Survey 100019684","source_sha256":"3270362b73afba989aed0900234f32aa29414c9581db8dde79fa4c3436c15795","source_copyright":"© Crown Copyright and database rights 2020 Ordnance Survey 100019684","evidence_slice_sha256":"3a0c517cf8cbee2f1ce637fc43663509c16c9f0f80cee545f95e5bb70ad1940b","field_evidence":{"geometry":"collection/resource/3270362b73afba989aed0900234f32aa29414c9581db8dde79fa4c3436c15795:features[7].geometry","identifier":"collection/resource/3270362b73afba989aed0900234f32aa29414c9581db8dde79fa4c3436c15795:features[7].properties.FID","policy":"collection/resource/3270362b73afba989aed0900234f32aa29414c9581db8dde79fa4c3436c15795:features[7].properties.Policy_Num","use":"collection/resource/3270362b73afba989aed0900234f32aa29414c9581db8dde79fa4c3436c15795:features[7].properties.Primary_Pr","data_date":"collection/source.csv:entry-date","adopted_local_plan":"https://eastsuffolk.inconsult.uk/gf2.ti/f/911330/48559909.1/PDF/-/Adopted_Waveney_Local_Plan_Website.pdf","allocation_reference":"https://eastsuffolk.inconsult.uk/consult.ti/eastsuffolkwaveneylocalplan/viewCompoundDoc?docid=11491476&partid=11494996#11494996"},"confidence":0.98,"evidence_grade":"A_OFFICIAL_LOCAL_PLAN_GIS","fake_data":false}},{"type":"Feature","id":"housing-allocation:local-authority-eng:ESK:WAVENEY:WLP7.12:FID-9:2021-06-23","geometry":{"type":"Polygon","coordinates":[[[1.69155760302903,52.5314741097386],[1.69192005945909,52.5315351704644],[1.69256551022394,52.5316439030684],[1.69259732619969,52.5316492631561],[1.69264424517995,52.5316571665112],[1.69263392829748,52.5316916099926],[1.69260926554809,52.5317739393863],[1.69258850467193,52.531841068256],[1.6925991297003,52.5318427143192],[1.69265535114327,52.5318514235672],[1.69269046896124,52.5318568630918],[1.69278317806883,52.5318696368974],[1.69285490980532,52.5318795201918],[1.69296850181189,52.5317445599716],[1.69307149158563,52.5316220529296],[1.69316428997307,52.5315117784851],[1.69323465733889,52.5314171151477],[1.69315009434229,52.5314029808885],[1.69307305296966,52.5313901047211],[1.69299415810368,52.5313769176215],[1.69292571230951,52.5313654773419],[1.69280872248141,52.5313459227717],[1.69263344737635,52.5313166259785],[1.69255302789552,52.5313033180076],[1.69240034304616,52.5312786239374],[1.69230883836228,52.5312638244118],[1.69221273294147,52.5312482807287],[1.69207468607199,52.5312255954179],[1.69199850771019,52.531212994725],[1.69186331247095,52.5311906302719],[1.69177965277664,52.5311767915402],[1.69166076974124,52.5311571258646],[1.69165242480862,52.5311843218454],[1.69164145002752,52.531220090002],[1.69163252079496,52.5312493037386],[1.69161646685223,52.5312898384568],[1.69158774471093,52.5313634697192],[1.69157536458438,52.5313971338266],[1.6915635939579,52.5314396566264],[1.69155760302903,52.5314741097386]]]},"properties":{"semantic_identity":"housing-allocation:local-authority-eng:ESK:WAVENEY:WLP7.12:FID-9:2021-06-23","source_area_id":"ESK:WAVENEY:WLP7.12:9","source_area_type":"local_plan_housing_allocation","name":"Land east of The Street, Lound","allocated_use":"Housing","policy":"WLP7.12","organisation":"local-authority-eng:ESK","source_url":"https://github.com/digital-land-attic/housing-allocation-collection/blob/cb5baefd10bd0c82ef8eabdee464a26a8dc32145/collection/resource/3270362b73afba989aed0900234f32aa29414c9581db8dde79fa4c3436c15795","source_final_url":"https://raw.githubusercontent.com/digital-land-attic/housing-allocation-collection/cb5baefd10bd0c82ef8eabdee464a26a8dc32145/collection/resource/3270362b73afba989aed0900234f32aa29414c9581db8dde79fa4c3436c15795","source_native_url":"https://opendata.arcgis.com/datasets/186310c22c604de1903b3ad1a4c13b84_1.geojson","http_status":200,"source_data_date":"2021-06-23","source_version":"2021-06-23:sha256:3270362b73afba989aed0900234f32aa29414c9581db8dde79fa4c3436c15795","source_repository_commit":"cb5baefd10bd0c82ef8eabdee464a26a8dc32145","licence":"Open Government Licence v3.0 (repository default); Crown copyright and database rights 2020, Ordnance Survey 100019684","source_sha256":"3270362b73afba989aed0900234f32aa29414c9581db8dde79fa4c3436c15795","source_copyright":"© Crown Copyright and database rights 2020 Ordnance Survey 100019684","evidence_slice_sha256":"3a0c517cf8cbee2f1ce637fc43663509c16c9f0f80cee545f95e5bb70ad1940b","field_evidence":{"geometry":"collection/resource/3270362b73afba989aed0900234f32aa29414c9581db8dde79fa4c3436c15795:features[8].geometry","identifier":"collection/resource/3270362b73afba989aed0900234f32aa29414c9581db8dde79fa4c3436c15795:features[8].properties.FID","policy":"collection/resource/3270362b73afba989aed0900234f32aa29414c9581db8dde79fa4c3436c15795:features[8].properties.Policy_Num","use":"collection/resource/3270362b73afba989aed0900234f32aa29414c9581db8dde79fa4c3436c15795:features[8].properties.Primary_Pr","data_date":"collection/source.csv:entry-date","adopted_local_plan":"https://eastsuffolk.inconsult.uk/gf2.ti/f/911330/48559909.1/PDF/-/Adopted_Waveney_Local_Plan_Website.pdf","allocation_reference":"https://eastsuffolk.inconsult.uk/consult.ti/eastsuffolkwaveneylocalplan/viewCompoundDoc?docid=11491476&partid=11495956#11495956"},"confidence":0.98,"evidence_grade":"A_OFFICIAL_LOCAL_PLAN_GIS","fake_data":false}},{"type":"Feature","id":"housing-allocation:local-authority-eng:ESK:WAVENEY:WLP7.14:FID-10:2021-06-23","geometry":{"type":"Polygon","coordinates":[[[1.53940591083379,52.429327643585],[1.53940214108923,52.4293120052324],[1.53898077745078,52.429290390653],[1.53869059048159,52.4292731863451],[1.53853632901909,52.4292652313341],[1.53806928995224,52.4292415536712],[1.53774085398693,52.4292232456096],[1.53771379461667,52.4293717033856],[1.53770167655167,52.4294381897571],[1.5376891128528,52.4295071215992],[1.53767725108371,52.4295721980396],[1.53766598218601,52.4296532688428],[1.53750309774099,52.4296478022083],[1.53742072352475,52.4296450247551],[1.53725581732945,52.4296394654052],[1.53725374344196,52.4296594954181],[1.53724650705709,52.4297434325299],[1.53723195209482,52.429883392796],[1.53720829577979,52.430028913442],[1.53718672656641,52.4301519436614],[1.53710678017935,52.4306079335899],[1.5370557918661,52.4308987556129],[1.53731737175,52.430905788762],[1.53741407366603,52.4309083891992],[1.5375306302988,52.4309115230023],[1.53762529415113,52.4309177767159],[1.53780417505245,52.4309295938376],[1.53800918508246,52.4309431368315],[1.538626621253,52.4309831339603],[1.53913281118619,52.4310221150095],[1.5391443700638,52.4309009303887],[1.53915056085433,52.4308360254535],[1.53919177518864,52.4307168721254],[1.5392179242288,52.4305500635376],[1.53924618658644,52.4303697690413],[1.53929848923104,52.430041781366],[1.53934538970482,52.4297384287925],[1.53936897697593,52.42957833217],[1.53940591083379,52.429327643585]]]},"properties":{"semantic_identity":"housing-allocation:local-authority-eng:ESK:WAVENEY:WLP7.14:FID-10:2021-06-23","source_area_id":"ESK:WAVENEY:WLP7.14:10","source_area_type":"local_plan_housing_allocation","name":"Land north of School Road, Ringsfield","allocated_use":"Housing","policy":"WLP7.14","organisation":"local-authority-eng:ESK","source_url":"https://github.com/digital-land-attic/housing-allocation-collection/blob/cb5baefd10bd0c82ef8eabdee464a26a8dc32145/collection/resource/3270362b73afba989aed0900234f32aa29414c9581db8dde79fa4c3436c15795","source_final_url":"https://raw.githubusercontent.com/digital-land-attic/housing-allocation-collection/cb5baefd10bd0c82ef8eabdee464a26a8dc32145/collection/resource/3270362b73afba989aed0900234f32aa29414c9581db8dde79fa4c3436c15795","source_native_url":"https://opendata.arcgis.com/datasets/186310c22c604de1903b3ad1a4c13b84_1.geojson","http_status":200,"source_data_date":"2021-06-23","source_version":"2021-06-23:sha256:3270362b73afba989aed0900234f32aa29414c9581db8dde79fa4c3436c15795","source_repository_commit":"cb5baefd10bd0c82ef8eabdee464a26a8dc32145","licence":"Open Government Licence v3.0 (repository default); Crown copyright and database rights 2020, Ordnance Survey 100019684","source_sha256":"3270362b73afba989aed0900234f32aa29414c9581db8dde79fa4c3436c15795","source_copyright":"© Crown Copyright and database rights 2020 Ordnance Survey 100019684","evidence_slice_sha256":"3a0c517cf8cbee2f1ce637fc43663509c16c9f0f80cee545f95e5bb70ad1940b","field_evidence":{"geometry":"collection/resource/3270362b73afba989aed0900234f32aa29414c9581db8dde79fa4c3436c15795:features[9].geometry","identifier":"collection/resource/3270362b73afba989aed0900234f32aa29414c9581db8dde79fa4c3436c15795:features[9].properties.FID","policy":"collection/resource/3270362b73afba989aed0900234f32aa29414c9581db8dde79fa4c3436c15795:features[9].properties.Policy_Num","use":"collection/resource/3270362b73afba989aed0900234f32aa29414c9581db8dde79fa4c3436c15795:features[9].properties.Primary_Pr","data_date":"collection/source.csv:entry-date","adopted_local_plan":"https://eastsuffolk.inconsult.uk/gf2.ti/f/911330/48559909.1/PDF/-/Adopted_Waveney_Local_Plan_Website.pdf","allocation_reference":"https://eastsuffolk.inconsult.uk/consult.ti/eastsuffolkwaveneylocalplan/viewCompoundDoc?docid=11491476&partid=11496212#11496212"},"confidence":0.98,"evidence_grade":"A_OFFICIAL_LOCAL_PLAN_GIS","fake_data":false}},{"type":"Feature","id":"housing-allocation:local-authority-eng:ESK:WAVENEY:WLP7.15:FID-11:2021-06-23","geometry":{"type":"Polygon","coordinates":[[[1.446869871764,52.3786390748573],[1.44685191763828,52.3786817341195],[1.4468321370043,52.3787203245448],[1.44680119415244,52.3787710836928],[1.44676678434622,52.3788164700131],[1.44672203791571,52.3788694191901],[1.44665215691415,52.3789444636288],[1.44661200178749,52.3789850607517],[1.44651011208262,52.3790814106964],[1.44644277081252,52.3791448455505],[1.44636270087377,52.3792190808388],[1.44628768801624,52.3792853559493],[1.44621246651937,52.3793518988372],[1.44610593515255,52.3794489847],[1.44599980102263,52.3795449876392],[1.44586847749642,52.3796613404746],[1.44581867370667,52.3797079761733],[1.44580415116351,52.3797290870585],[1.44581239391182,52.3797594275779],[1.44582231104541,52.3797735292919],[1.44583474153196,52.379782161022],[1.44584835878071,52.3797871603573],[1.44587363745965,52.3797909199972],[1.44589559931412,52.3797940433643],[1.44604994325782,52.3798159942272],[1.44613257569511,52.3798277465665],[1.44622819173026,52.3798413442987],[1.44644812218331,52.3798711963749],[1.44665828082362,52.3798987698157],[1.44714907585894,52.3799642581635],[1.44720340563567,52.3798280906824],[1.44725353005031,52.37970246326],[1.44730535342342,52.3795725768347],[1.44745637570841,52.3795924533612],[1.44752122615991,52.3796010064078],[1.44760992599479,52.379612705617],[1.44774063858924,52.3796298539262],[1.44792667057015,52.3796543670789],[1.44805487648484,52.3793017233666],[1.44818536748606,52.3789427850458],[1.4482175729761,52.378854211226],[1.44761763811729,52.378759449867],[1.44754344803514,52.3787471714958],[1.44750062221484,52.3787400847244],[1.44743685765076,52.3787295319901],[1.44736560091757,52.3787177399249],[1.44730347572901,52.3787074585665],[1.44726104672564,52.3787007666728],[1.4471849933772,52.3786887727208],[1.446869871764,52.3786390748573]]]},"properties":{"semantic_identity":"housing-allocation:local-authority-eng:ESK:WAVENEY:WLP7.15:FID-11:2021-06-23","source_area_id":"ESK:WAVENEY:WLP7.15:11","source_area_type":"local_plan_housing_allocation","name":"Land east of Mill Road, Rumburgh","allocated_use":"Housing","policy":"WLP7.15","organisation":"local-authority-eng:ESK","source_url":"https://github.com/digital-land-attic/housing-allocation-collection/blob/cb5baefd10bd0c82ef8eabdee464a26a8dc32145/collection/resource/3270362b73afba989aed0900234f32aa29414c9581db8dde79fa4c3436c15795","source_final_url":"https://raw.githubusercontent.com/digital-land-attic/housing-allocation-collection/cb5baefd10bd0c82ef8eabdee464a26a8dc32145/collection/resource/3270362b73afba989aed0900234f32aa29414c9581db8dde79fa4c3436c15795","source_native_url":"https://opendata.arcgis.com/datasets/186310c22c604de1903b3ad1a4c13b84_1.geojson","http_status":200,"source_data_date":"2021-06-23","source_version":"2021-06-23:sha256:3270362b73afba989aed0900234f32aa29414c9581db8dde79fa4c3436c15795","source_repository_commit":"cb5baefd10bd0c82ef8eabdee464a26a8dc32145","licence":"Open Government Licence v3.0 (repository default); Crown copyright and database rights 2020, Ordnance Survey 100019684","source_sha256":"3270362b73afba989aed0900234f32aa29414c9581db8dde79fa4c3436c15795","source_copyright":"© Crown Copyright and database rights 2020 Ordnance Survey 100019684","evidence_slice_sha256":"3a0c517cf8cbee2f1ce637fc43663509c16c9f0f80cee545f95e5bb70ad1940b","field_evidence":{"geometry":"collection/resource/3270362b73afba989aed0900234f32aa29414c9581db8dde79fa4c3436c15795:features[10].geometry","identifier":"collection/resource/3270362b73afba989aed0900234f32aa29414c9581db8dde79fa4c3436c15795:features[10].properties.FID","policy":"collection/resource/3270362b73afba989aed0900234f32aa29414c9581db8dde79fa4c3436c15795:features[10].properties.Policy_Num","use":"collection/resource/3270362b73afba989aed0900234f32aa29414c9581db8dde79fa4c3436c15795:features[10].properties.Primary_Pr","data_date":"collection/source.csv:entry-date","adopted_local_plan":"https://eastsuffolk.inconsult.uk/gf2.ti/f/911330/48559909.1/PDF/-/Adopted_Waveney_Local_Plan_Website.pdf","allocation_reference":"https://eastsuffolk.inconsult.uk/consult.ti/eastsuffolkwaveneylocalplan/viewCompoundDoc?docid=11491476&partid=11496340#11496340"},"confidence":0.98,"evidence_grade":"A_OFFICIAL_LOCAL_PLAN_GIS","fake_data":false}},{"type":"Feature","id":"housing-allocation:local-authority-eng:ESK:WAVENEY:WLP4.2:FID-12:2021-06-23","geometry":{"type":"Polygon","coordinates":[[[1.4934007581349,52.3396993254946],[1.49318916019259,52.3400214726524],[1.49312431583407,52.3401370868973],[1.4900026869948,52.3400901853007],[1.48891651242466,52.3413548033253],[1.48896873154752,52.3413765909839],[1.48913740085072,52.3414415358832],[1.48931671494694,52.341505296187],[1.48947027150513,52.3415598965858],[1.48958762762748,52.341601625299],[1.48968986664019,52.3416379785896],[1.48979101200376,52.3416739431777],[1.49000522214522,52.3417501096481],[1.48997840153773,52.3417750076502],[1.49021393710666,52.3418626211671],[1.49036713108074,52.3419176772675],[1.4904388442831,52.3419428896353],[1.49048938687165,52.3419606588965],[1.49056610084167,52.341982764164],[1.49064826340165,52.3420064388327],[1.49072962765036,52.3420291692418],[1.49080448541395,52.3420466880856],[1.49094107706144,52.3420779069551],[1.49105452208996,52.3420991947948],[1.49114216539458,52.342111893904],[1.49118104661555,52.3421168415705],[1.49131849279564,52.3421318644638],[1.49143662032757,52.3421400641219],[1.49160106662539,52.3421407983239],[1.49180385552901,52.3421397777096],[1.49234921408661,52.3421370313809],[1.49249383759725,52.3421363026376],[1.49260081301409,52.3421357627786],[1.4926849689888,52.3421372128688],[1.49274798789331,52.3421382997006],[1.49289859198299,52.3421408950909],[1.49311425953239,52.3421484542215],[1.49332461897017,52.3421569876119],[1.49367103743577,52.3421753992102],[1.4939283660501,52.3421891616107],[1.49416670296476,52.3422028181177],[1.49429312639826,52.3422101730692],[1.49429584747758,52.3421981298679],[1.49446244475782,52.3422068383905],[1.49465179070361,52.3422167352029],[1.49474210403452,52.3422214554585],[1.49477920498117,52.3422233947141],[1.49481139018705,52.3422221811866],[1.49483102709412,52.3422195743677],[1.49485946077296,52.3422157996113],[1.49489640176728,52.3422084171791],[1.49491284228375,52.3422022262169],[1.49494332165758,52.3421907482677],[1.49496244548314,52.3421669763918],[1.49498882295979,52.3421184636183],[1.49501869883239,52.3420672397768],[1.49504606525604,52.3420247842855],[1.49509010033533,52.341958301269],[1.49512227503536,52.3419148660326],[1.49515292140386,52.3418749532998],[1.49519876119698,52.3418221495995],[1.49523338545746,52.3417833513284],[1.49528519259674,52.3417308953128],[1.49531886144857,52.3416980418746],[1.4953760137776,52.3416446747341],[1.49540655083404,52.3416184161037],[1.49545232688003,52.3415824131939],[1.49548754264495,52.3415558217426],[1.4955359043499,52.3415209322181],[1.49561125808634,52.3414682709099],[1.49566874593375,52.3414280931006],[1.49568885950106,52.3414132602],[1.49575317768439,52.3413717495073],[1.49581290765605,52.3413322041101],[1.49586179307804,52.3413022441098],[1.49584158114745,52.3412843139195],[1.49594680474005,52.3411495189093],[1.49591591222993,52.341020463227],[1.49590843171532,52.3409893191313],[1.49589395934626,52.3409290726104],[1.49588682234891,52.3408993592596],[1.49587871110703,52.3408653214213],[1.49587085158467,52.3408323329819],[1.49586655112804,52.3408127515853],[1.49585672190237,52.3407715150535],[1.49585210841904,52.3407479304819],[1.49584810991969,52.3407177374361],[1.49584101159703,52.3406521043314],[1.49583574575808,52.3406265800745],[1.49583180845001,52.3405670226954],[1.49576014749855,52.340555284],[1.49566794746585,52.34054081373],[1.49548250053289,52.3405117051915],[1.49540579866304,52.3404962838729],[1.49518388180653,52.3404515122394],[1.49505863075771,52.3404233355276],[1.49493887843568,52.3403703051359],[1.49479858373376,52.3403081686469],[1.4947050976897,52.3402679350051],[1.49459472036583,52.3402207799035],[1.49450710036405,52.3401798103238],[1.49444484961278,52.3401523550711],[1.49434627722487,52.3401088789744],[1.49428178264273,52.3400804340952],[1.49410874795383,52.3400053243282],[1.49392082012766,52.3399234099918],[1.49384815299029,52.3398914497364],[1.49374799322454,52.3398476234699],[1.49363649666816,52.339799842217],[1.49356881219847,52.339770895914],[1.4934007581349,52.3396993254946]]]},"properties":{"semantic_identity":"housing-allocation:local-authority-eng:ESK:WAVENEY:WLP4.2:FID-12:2021-06-23","source_area_id":"ESK:WAVENEY:WLP4.2:12","source_area_type":"local_plan_housing_allocation","name":"Land adjacent to Chediston Street, Halesworth","allocated_use":"Housing","policy":"WLP4.2","organisation":"local-authority-eng:ESK","source_url":"https://github.com/digital-land-attic/housing-allocation-collection/blob/cb5baefd10bd0c82ef8eabdee464a26a8dc32145/collection/resource/3270362b73afba989aed0900234f32aa29414c9581db8dde79fa4c3436c15795","source_final_url":"https://raw.githubusercontent.com/digital-land-attic/housing-allocation-collection/cb5baefd10bd0c82ef8eabdee464a26a8dc32145/collection/resource/3270362b73afba989aed0900234f32aa29414c9581db8dde79fa4c3436c15795","source_native_url":"https://opendata.arcgis.com/datasets/186310c22c604de1903b3ad1a4c13b84_1.geojson","http_status":200,"source_data_date":"2021-06-23","source_version":"2021-06-23:sha256:3270362b73afba989aed0900234f32aa29414c9581db8dde79fa4c3436c15795","source_repository_commit":"cb5baefd10bd0c82ef8eabdee464a26a8dc32145","licence":"Open Government Licence v3.0 (repository default); Crown copyright and database rights 2020, Ordnance Survey 100019684","source_sha256":"3270362b73afba989aed0900234f32aa29414c9581db8dde79fa4c3436c15795","source_copyright":"© Crown Copyright and database rights 2020 Ordnance Survey 100019684","evidence_slice_sha256":"3a0c517cf8cbee2f1ce637fc43663509c16c9f0f80cee545f95e5bb70ad1940b","field_evidence":{"geometry":"collection/resource/3270362b73afba989aed0900234f32aa29414c9581db8dde79fa4c3436c15795:features[11].geometry","identifier":"collection/resource/3270362b73afba989aed0900234f32aa29414c9581db8dde79fa4c3436c15795:features[11].properties.FID","policy":"collection/resource/3270362b73afba989aed0900234f32aa29414c9581db8dde79fa4c3436c15795:features[11].properties.Policy_Num","use":"collection/resource/3270362b73afba989aed0900234f32aa29414c9581db8dde79fa4c3436c15795:features[11].properties.Primary_Pr","data_date":"collection/source.csv:entry-date","adopted_local_plan":"https://eastsuffolk.inconsult.uk/gf2.ti/f/911330/48559909.1/PDF/-/Adopted_Waveney_Local_Plan_Website.pdf","allocation_reference":"https://eastsuffolk.inconsult.uk/consult.ti/eastsuffolkwaveneylocalplan/viewCompoundDoc?docid=11491476&partid=11493940#11493940"},"confidence":0.98,"evidence_grade":"A_OFFICIAL_LOCAL_PLAN_GIS","fake_data":false}},{"type":"Feature","id":"housing-allocation:local-authority-eng:ESK:WAVENEY:WLP5.2:FID-13:2021-06-23","geometry":{"type":"Polygon","coordinates":[[[1.44684991364247,52.4440087966836],[1.44686741865932,52.4440119953073],[1.44685552549468,52.4440531045145],[1.44683834294369,52.4441123098909],[1.44682302136489,52.4441736133201],[1.44680237117216,52.4442652670257],[1.44677704139876,52.4443737425978],[1.4467526880101,52.444468509316],[1.44673937373311,52.4445124760828],[1.4467216262651,52.4445710863],[1.44669208599214,52.4446498424015],[1.44667998238329,52.4446814597183],[1.4466668606798,52.4447153067417],[1.44665428569835,52.444739967205],[1.44663704573923,52.4447682211558],[1.44659272042359,52.4448383386126],[1.44653350522539,52.444932748695],[1.44613703263034,52.444812995173],[1.44608221676388,52.4448703640215],[1.44603588243659,52.4449224045992],[1.44598176872814,52.4449810400073],[1.44594130052994,52.4450302624415],[1.44591459220064,52.4450649202329],[1.44590033354374,52.4450843131666],[1.44585042223883,52.4451521881447],[1.4458040095568,52.4452163309668],[1.44576770350977,52.4452669654924],[1.44569999510097,52.4453642311499],[1.44556368494313,52.4455627521811],[1.44621786770311,52.4457331788198],[1.44681590034051,52.4458925488053],[1.44739987261795,52.4460437229446],[1.44815206964113,52.446241002061],[1.44831483373141,52.446284165097],[1.44845617412282,52.4463214799295],[1.44854478339563,52.4463449100551],[1.44860303806231,52.4463603818895],[1.44864451731106,52.4463703647603],[1.44874675342531,52.4463940833029],[1.44893845739846,52.4464385568054],[1.44910756621215,52.4464777892544],[1.44924308239731,52.446371043732],[1.44943330159019,52.4462212094443],[1.44949446435817,52.44617130792],[1.44955564202442,52.4461197725568],[1.44960273058071,52.4460801072424],[1.4496432205258,52.4460459996625],[1.44968049809439,52.4460145969035],[1.44970738914284,52.445991944832],[1.44974332785023,52.4459621137722],[1.449759758398,52.44594634373],[1.44977465014665,52.4459297191773],[1.44978807326698,52.4459131374991],[1.4498060431826,52.4458885728248],[1.44982121000199,52.4458662989916],[1.44982778120435,52.4458562133817],[1.44983616690319,52.4458316838697],[1.4498381217429,52.4458190347364],[1.44984000641101,52.4458054882189],[1.44983706421538,52.4457866860258],[1.44982727015277,52.4457743799056],[1.44981467921137,52.4457639543059],[1.44976389696272,52.4457380959301],[1.44945691184956,52.4455840239909],[1.44919722073617,52.4454536865359],[1.44923014172795,52.4454266779925],[1.44920910048932,52.4454173624531],[1.4492570638147,52.445371890179],[1.44920648452131,52.4453392601147],[1.4491767354796,52.4453263698665],[1.44913569717421,52.4453111522157],[1.44892988010465,52.4452348328681],[1.44969491717012,52.4445523167976],[1.45086509448303,52.4450302855222],[1.45124075554776,52.4446428210628],[1.45147993343325,52.4443910460758],[1.4518157983622,52.4440409658353],[1.45189438961931,52.4439617818588],[1.45207446111191,52.4437795630314],[1.45208860811498,52.4437633727588],[1.45210180403389,52.4437482707029],[1.45210729292867,52.4437419896968],[1.45210335902486,52.4437294666831],[1.45209259572577,52.4437046428609],[1.45207944318684,52.4436870384385],[1.45204418649042,52.4436502922419],[1.45191213260139,52.4435547770555],[1.45168934394747,52.4433934186161],[1.45164202679054,52.4433565730975],[1.45155367631445,52.4432877757539],[1.45145022785818,52.4432095174933],[1.45123819731202,52.4430559254091],[1.45118829001109,52.4430201096693],[1.45113740342808,52.4429835903726],[1.4510948866511,52.4429519722584],[1.45106392642504,52.4429281744641],[1.45102283087791,52.4428965849716],[1.45094371841087,52.4428358623286],[1.4508959367822,52.4427993664783],[1.4508696727695,52.4427793044419],[1.45084225210494,52.4427583605564],[1.45083441892298,52.4427523769358],[1.45079531846935,52.442728809612],[1.45060324911868,52.442613041989],[1.45041850315043,52.4425062883999],[1.450344398257,52.4424636758442],[1.45022678842623,52.4423960467437],[1.45019066378763,52.4423726369801],[1.45010845640951,52.4423245791487],[1.4495624167967,52.4420518034792],[1.44905747311583,52.4418057081737],[1.44871008836549,52.4416452253374],[1.44834287835894,52.441470209612],[1.447727371052,52.4411519629296],[1.44755589213347,52.44106702307],[1.44739385558729,52.4409899023725],[1.44715244553641,52.4408764215162],[1.44685439088002,52.4407349113178],[1.44663578129171,52.4406306580624],[1.44654505040365,52.4405845553652],[1.44656731036262,52.4406358932803],[1.44626822526387,52.4408957385871],[1.44598282616989,52.4411424120095],[1.44586431694205,52.4412457051846],[1.44578293311166,52.4413155360027],[1.44568199801378,52.4413046282023],[1.44568069772336,52.4413068247589],[1.44566986093395,52.4413188333987],[1.44556799421933,52.44142793697],[1.44552716330819,52.4414705015091],[1.44549849753847,52.4414992198117],[1.44542578339815,52.4415669986984],[1.44534754545602,52.4416394357662],[1.44495384108433,52.4415735637816],[1.44459608183587,52.4415156369425],[1.44414405834219,52.4414379709117],[1.44376803558213,52.4413760767723],[1.4437204629508,52.4414284403949],[1.44367883354428,52.4414740163609],[1.44363223750309,52.4415220171195],[1.44358732670016,52.44156826522],[1.44356019034962,52.44159615416],[1.44352998648236,52.4416250777936],[1.4434971710234,52.44165261775],[1.4434700104422,52.4416774627964],[1.44344860050135,52.4416991424415],[1.44343409249719,52.441713832031],[1.44341267648189,52.4417315678365],[1.44340117835277,52.4417410897151],[1.44338399342682,52.4417566703954],[1.44336538108416,52.4417763661983],[1.4433424475927,52.4418031180469],[1.44325237005466,52.4419039690806],[1.4432303427244,52.4419283397864],[1.4432124665992,52.4419481166449],[1.44319378127451,52.4419746313404],[1.44316449280789,52.4420169144454],[1.44311846580635,52.4420789556272],[1.4430631308514,52.4421520890694],[1.44301400670604,52.4422148266511],[1.44296952293329,52.4422716384573],[1.44290581396003,52.4423542196934],[1.44285165692555,52.4424246887541],[1.44276113999053,52.4425453099631],[1.44272881236518,52.4425909635107],[1.4427018732561,52.4426346000249],[1.44269194555696,52.4426582744964],[1.4426811094647,52.4426891708856],[1.44266822176941,52.4427338595685],[1.44265846480119,52.4427726826841],[1.44264394230223,52.4428404300496],[1.44262335228584,52.4429329221614],[1.44261059101701,52.4429896838183],[1.44259223190835,52.4430658537005],[1.44257256286004,52.443140402292],[1.44254575640645,52.4432420005555],[1.44253278361595,52.4432911672676],[1.44252788197253,52.4433097457192],[1.44251082138032,52.4433363262762],[1.44248842500315,52.4433624326806],[1.4425259362178,52.4433659269279],[1.44277835505115,52.4434016554062],[1.44292269442395,52.4434217344495],[1.4431073148745,52.4434487344538],[1.44361495217659,52.4435220855656],[1.44385894569472,52.4435554489406],[1.44410154106039,52.4435897519993],[1.44450183456809,52.4436455411504],[1.44491129065747,52.4437055589848],[1.44549991724894,52.4437981272014],[1.44592755930216,52.4438648067037],[1.44618687263218,52.4439058134209],[1.44684991364247,52.4440087966836]]]},"properties":{"semantic_identity":"housing-allocation:local-authority-eng:ESK:WAVENEY:WLP5.2:FID-13:2021-06-23","source_area_id":"ESK:WAVENEY:WLP5.2:13","source_area_type":"local_plan_housing_allocation","name":"Land west of St Johns Road, Bungay","allocated_use":"Housing","policy":"WLP5.2","organisation":"local-authority-eng:ESK","source_url":"https://github.com/digital-land-attic/housing-allocation-collection/blob/cb5baefd10bd0c82ef8eabdee464a26a8dc32145/collection/resource/3270362b73afba989aed0900234f32aa29414c9581db8dde79fa4c3436c15795","source_final_url":"https://raw.githubusercontent.com/digital-land-attic/housing-allocation-collection/cb5baefd10bd0c82ef8eabdee464a26a8dc32145/collection/resource/3270362b73afba989aed0900234f32aa29414c9581db8dde79fa4c3436c15795","source_native_url":"https://opendata.arcgis.com/datasets/186310c22c604de1903b3ad1a4c13b84_1.geojson","http_status":200,"source_data_date":"2021-06-23","source_version":"2021-06-23:sha256:3270362b73afba989aed0900234f32aa29414c9581db8dde79fa4c3436c15795","source_repository_commit":"cb5baefd10bd0c82ef8eabdee464a26a8dc32145","licence":"Open Government Licence v3.0 (repository default); Crown copyright and database rights 2020, Ordnance Survey 100019684","source_sha256":"3270362b73afba989aed0900234f32aa29414c9581db8dde79fa4c3436c15795","source_copyright":"© Crown Copyright and database rights 2020 Ordnance Survey 100019684","evidence_slice_sha256":"3a0c517cf8cbee2f1ce637fc43663509c16c9f0f80cee545f95e5bb70ad1940b","field_evidence":{"geometry":"collection/resource/3270362b73afba989aed0900234f32aa29414c9581db8dde79fa4c3436c15795:features[12].geometry","identifier":"collection/resource/3270362b73afba989aed0900234f32aa29414c9581db8dde79fa4c3436c15795:features[12].properties.FID","policy":"collection/resource/3270362b73afba989aed0900234f32aa29414c9581db8dde79fa4c3436c15795:features[12].properties.Policy_Num","use":"collection/resource/3270362b73afba989aed0900234f32aa29414c9581db8dde79fa4c3436c15795:features[12].properties.Primary_Pr","data_date":"collection/source.csv:entry-date","adopted_local_plan":"https://eastsuffolk.inconsult.uk/gf2.ti/f/911330/48559909.1/PDF/-/Adopted_Waveney_Local_Plan_Website.pdf","allocation_reference":"https://eastsuffolk.inconsult.uk/consult.ti/eastsuffolkwaveneylocalplan/viewCompoundDoc?docid=11491476&partid=11494452#11494452"},"confidence":0.98,"evidence_grade":"A_OFFICIAL_LOCAL_PLAN_GIS","fake_data":false}},{"type":"Feature","id":"housing-allocation:local-authority-eng:ESK:WAVENEY:WLP7.13:FID-14:2021-06-23","geometry":{"type":"Polygon","coordinates":[[[1.66251246927684,52.4366470371609],[1.66253126294233,52.4366843104003],[1.66335215147245,52.4360420848802],[1.66327606096783,52.4358168738683],[1.66323866137387,52.4358326050495],[1.66309316809203,52.4358783589191],[1.66288009801037,52.4359453629539],[1.66284148063051,52.4359598122109],[1.66278801145603,52.4359798183364],[1.66253411801731,52.436081254869],[1.66238724429419,52.4361408964319],[1.66228148301821,52.4361838427567],[1.66235299546407,52.4363273430062],[1.66237095075583,52.4363663638718],[1.66243385815956,52.4364911300438],[1.662464692609,52.4365522829259],[1.66249178198501,52.4366060096919],[1.66251246927684,52.4366470371609]]]},"properties":{"semantic_identity":"housing-allocation:local-authority-eng:ESK:WAVENEY:WLP7.13:FID-14:2021-06-23","source_area_id":"ESK:WAVENEY:WLP7.13:14","source_area_type":"local_plan_housing_allocation","name":"Land north of Chapel Road, Mutford","allocated_use":"Housing","policy":"WLP7.13","organisation":"local-authority-eng:ESK","source_url":"https://github.com/digital-land-attic/housing-allocation-collection/blob/cb5baefd10bd0c82ef8eabdee464a26a8dc32145/collection/resource/3270362b73afba989aed0900234f32aa29414c9581db8dde79fa4c3436c15795","source_final_url":"https://raw.githubusercontent.com/digital-land-attic/housing-allocation-collection/cb5baefd10bd0c82ef8eabdee464a26a8dc32145/collection/resource/3270362b73afba989aed0900234f32aa29414c9581db8dde79fa4c3436c15795","source_native_url":"https://opendata.arcgis.com/datasets/186310c22c604de1903b3ad1a4c13b84_1.geojson","http_status":200,"source_data_date":"2021-06-23","source_version":"2021-06-23:sha256:3270362b73afba989aed0900234f32aa29414c9581db8dde79fa4c3436c15795","source_repository_commit":"cb5baefd10bd0c82ef8eabdee464a26a8dc32145","licence":"Open Government Licence v3.0 (repository default); Crown copyright and database rights 2020, Ordnance Survey 100019684","source_sha256":"3270362b73afba989aed0900234f32aa29414c9581db8dde79fa4c3436c15795","source_copyright":"© Crown Copyright and database rights 2020 Ordnance Survey 100019684","evidence_slice_sha256":"3a0c517cf8cbee2f1ce637fc43663509c16c9f0f80cee545f95e5bb70ad1940b","field_evidence":{"geometry":"collection/resource/3270362b73afba989aed0900234f32aa29414c9581db8dde79fa4c3436c15795:features[13].geometry","identifier":"collection/resource/3270362b73afba989aed0900234f32aa29414c9581db8dde79fa4c3436c15795:features[13].properties.FID","policy":"collection/resource/3270362b73afba989aed0900234f32aa29414c9581db8dde79fa4c3436c15795:features[13].properties.Policy_Num","use":"collection/resource/3270362b73afba989aed0900234f32aa29414c9581db8dde79fa4c3436c15795:features[13].properties.Primary_Pr","data_date":"collection/source.csv:entry-date","adopted_local_plan":"https://eastsuffolk.inconsult.uk/gf2.ti/f/911330/48559909.1/PDF/-/Adopted_Waveney_Local_Plan_Website.pdf","allocation_reference":"https://eastsuffolk.inconsult.uk/consult.ti/eastsuffolkwaveneylocalplan/viewCompoundDoc?docid=11491476&partid=11496084#11496084"},"confidence":0.98,"evidence_grade":"A_OFFICIAL_LOCAL_PLAN_GIS","fake_data":false}},{"type":"Feature","id":"housing-allocation:local-authority-eng:ESK:WAVENEY:WLP7.8:FID-15:2021-06-23","geometry":{"type":"Polygon","coordinates":[[[1.66558348181429,52.3867945678321],[1.66560438152171,52.3868369245532],[1.6656701272642,52.3869701695598],[1.66573764348494,52.3871283607919],[1.665800730333,52.3872956222465],[1.66585517154148,52.3874433390177],[1.66590753121497,52.3875752741237],[1.66595693526941,52.38770435962],[1.66597742249895,52.3877670475603],[1.66598771459261,52.3878771553001],[1.66600767622301,52.3880906943239],[1.66599117066115,52.388218252685],[1.66608948871426,52.3882161006113],[1.66620431323746,52.3882038116138],[1.66630703189587,52.3881928751114],[1.66673574589031,52.3881436551213],[1.66694866248646,52.3881188045711],[1.6670681664277,52.3881048565213],[1.66725541938156,52.3880852708216],[1.66752594996522,52.388060510342],[1.66778095977569,52.3880333312565],[1.66796675805438,52.3880133713353],[1.6681730551221,52.3879908424217],[1.66833894217569,52.387972299912],[1.6684291089869,52.3879605046938],[1.66860313050599,52.3879317131847],[1.66892714087598,52.3878697488329],[1.66887044056259,52.3877516085757],[1.6692275186206,52.3876677148952],[1.66944021263947,52.3876166161494],[1.6691748138672,52.3870740156365],[1.66906977187761,52.3868579830498],[1.66903065496158,52.3867717690038],[1.66903871383152,52.3867094541324],[1.66905665845752,52.3866954044234],[1.66902825894068,52.3865710781428],[1.66900810641961,52.3864752162693],[1.66897361287202,52.386475900955],[1.66861583647579,52.3864961220775],[1.66821511970882,52.3865187685599],[1.66786633526809,52.3865384796797],[1.66768396557995,52.3865487849505],[1.66740885034982,52.3865643479031],[1.66725744950906,52.3865729119924],[1.66704074498451,52.386180227781],[1.66687776222959,52.3858848881165],[1.66682013808826,52.3857804648237],[1.66677753111421,52.3857032569933],[1.66676795763296,52.385692400565],[1.66658683853871,52.3857380061286],[1.66656896018395,52.3857425080588],[1.6665263420463,52.385753238738],[1.66650546140116,52.3857584967766],[1.66647777061092,52.3857649655374],[1.66642979413079,52.3857751456219],[1.66638504125223,52.3857843315349],[1.66628899642522,52.385803567404],[1.66621437108585,52.3858185125242],[1.66610720474563,52.3858417111802],[1.66606246230054,52.3858513967608],[1.66602519448073,52.385859464222],[1.66595602536473,52.3858716753952],[1.66590351768014,52.3858812304373],[1.66587582949178,52.3858847540583],[1.66582940862021,52.38589162588],[1.66579276629603,52.3858950226126],[1.66575015427989,52.3858987215382],[1.66570371988588,52.3859024698151],[1.66566539642269,52.3859050048043],[1.66561021540005,52.3859074234066],[1.66559262922373,52.3859079691764],[1.66556469720168,52.3859088360138],[1.66553690300552,52.3859096985675],[1.66548770736533,52.3859078908741],[1.66544557316153,52.3859063425516],[1.66539818309535,52.3859032096143],[1.66534201938435,52.3858995555737],[1.66530720122448,52.3858992985037],[1.66527134196015,52.3858981508575],[1.66524959847749,52.3858985359477],[1.66523262558157,52.385898836862],[1.66518173188427,52.3859006616873],[1.66518410598274,52.3859183762525],[1.66519223327942,52.3859614774831],[1.66519798733829,52.3859885767429],[1.66520667871453,52.3860224875107],[1.66521793071899,52.3860518213897],[1.66523454842864,52.3860926820826],[1.66524687379539,52.3861204580227],[1.66525903869059,52.38614897562],[1.66526910144207,52.3861725636026],[1.66528094045676,52.3861956251339],[1.66530057240944,52.3862338683237],[1.66531856586552,52.3862693343715],[1.665391968979,52.3864147638176],[1.66543068512984,52.3864914290615],[1.66552884734249,52.3866862175311],[1.66558348181429,52.3867945678321]]]},"properties":{"semantic_identity":"housing-allocation:local-authority-eng:ESK:WAVENEY:WLP7.8:FID-15:2021-06-23","source_area_id":"ESK:WAVENEY:WLP7.8:15","source_area_type":"local_plan_housing_allocation","name":"Land north of Chapel Road, Wrentham","allocated_use":"Housing","policy":"WLP7.8","organisation":"local-authority-eng:ESK","source_url":"https://github.com/digital-land-attic/housing-allocation-collection/blob/cb5baefd10bd0c82ef8eabdee464a26a8dc32145/collection/resource/3270362b73afba989aed0900234f32aa29414c9581db8dde79fa4c3436c15795","source_final_url":"https://raw.githubusercontent.com/digital-land-attic/housing-allocation-collection/cb5baefd10bd0c82ef8eabdee464a26a8dc32145/collection/resource/3270362b73afba989aed0900234f32aa29414c9581db8dde79fa4c3436c15795","source_native_url":"https://opendata.arcgis.com/datasets/186310c22c604de1903b3ad1a4c13b84_1.geojson","http_status":200,"source_data_date":"2021-06-23","source_version":"2021-06-23:sha256:3270362b73afba989aed0900234f32aa29414c9581db8dde79fa4c3436c15795","source_repository_commit":"cb5baefd10bd0c82ef8eabdee464a26a8dc32145","licence":"Open Government Licence v3.0 (repository default); Crown copyright and database rights 2020, Ordnance Survey 100019684","source_sha256":"3270362b73afba989aed0900234f32aa29414c9581db8dde79fa4c3436c15795","source_copyright":"© Crown Copyright and database rights 2020 Ordnance Survey 100019684","evidence_slice_sha256":"3a0c517cf8cbee2f1ce637fc43663509c16c9f0f80cee545f95e5bb70ad1940b","field_evidence":{"geometry":"collection/resource/3270362b73afba989aed0900234f32aa29414c9581db8dde79fa4c3436c15795:features[14].geometry","identifier":"collection/resource/3270362b73afba989aed0900234f32aa29414c9581db8dde79fa4c3436c15795:features[14].properties.FID","policy":"collection/resource/3270362b73afba989aed0900234f32aa29414c9581db8dde79fa4c3436c15795:features[14].properties.Policy_Num","use":"collection/resource/3270362b73afba989aed0900234f32aa29414c9581db8dde79fa4c3436c15795:features[14].properties.Primary_Pr","data_date":"collection/source.csv:entry-date","adopted_local_plan":"https://eastsuffolk.inconsult.uk/gf2.ti/f/911330/48559909.1/PDF/-/Adopted_Waveney_Local_Plan_Website.pdf","allocation_reference":"https://eastsuffolk.inconsult.uk/consult.ti/eastsuffolkwaveneylocalplan/viewCompoundDoc?docid=11491476&partid=11495508#11495508"},"confidence":0.98,"evidence_grade":"A_OFFICIAL_LOCAL_PLAN_GIS","fake_data":false}},{"type":"Feature","id":"housing-allocation:local-authority-eng:ESK:WAVENEY:WLP7.7:FID-16:2021-06-23","geometry":{"type":"Polygon","coordinates":[[[1.62578054370205,52.3571233286745],[1.62567247488344,52.35710799628],[1.62553961916654,52.3570900122169],[1.6254033855392,52.3570715713398],[1.62521769768171,52.3570464345736],[1.62496033863746,52.3570115068119],[1.62481169038694,52.3569910357633],[1.62452492846163,52.3569515426158],[1.62437171415927,52.356928569404],[1.62429726342182,52.3569182195867],[1.62425888267831,52.3569111610888],[1.62418375388761,52.356898145275],[1.62409575394369,52.3568850279331],[1.62407505821882,52.356881942872],[1.62405310290189,52.3568786706965],[1.62402870337493,52.3568731231992],[1.62400052892384,52.3568695552658],[1.62398639715154,52.3568677654678],[1.62395412224296,52.3568665072957],[1.6239345673104,52.3568680968575],[1.62391280043239,52.35687317231],[1.62390902919136,52.3568827325499],[1.62390547099015,52.3568948947331],[1.62390525415161,52.3569593308817],[1.62390444539871,52.3571999386485],[1.62392017747918,52.3572395724838],[1.6239393765173,52.3572515759401],[1.62393525096813,52.3572741229],[1.62391758252439,52.3573673993521],[1.62390547009386,52.3574313424675],[1.6240089972699,52.3574218688909],[1.6240354474323,52.3574219565989],[1.62409025393436,52.3574274703527],[1.62411428763232,52.3574339285413],[1.62415259066303,52.3574490208958],[1.62420168772063,52.3574712637923],[1.62424215448725,52.3574884700389],[1.624268593711,52.3574967477626],[1.62429974763996,52.3575065025285],[1.6243473393764,52.3575213582943],[1.62438386719372,52.3575326921805],[1.62441767190342,52.3575456288536],[1.6244521602754,52.3575593792466],[1.62448740691488,52.3575771863796],[1.62450331625763,52.3575864177917],[1.62453210713676,52.3576027986136],[1.62457660697293,52.3576345199286],[1.62462614237333,52.3576771421208],[1.62465962022818,52.3577068217157],[1.62468616946099,52.3577340011625],[1.62469453497935,52.3577425655377],[1.62472231746195,52.3577710086625],[1.62481685537644,52.357762979634],[1.62489583122659,52.3577790907773],[1.62512484067077,52.3578258077569],[1.62527717189328,52.3578574519697],[1.62538104398865,52.3578791892219],[1.62578054370205,52.3571233286745]]]},"properties":{"semantic_identity":"housing-allocation:local-authority-eng:ESK:WAVENEY:WLP7.7:FID-16:2021-06-23","source_area_id":"ESK:WAVENEY:WLP7.7:16","source_area_type":"local_plan_housing_allocation","name":"Land north of Elms Lane, Wangford","allocated_use":"Housing","policy":"WLP7.7","organisation":"local-authority-eng:ESK","source_url":"https://github.com/digital-land-attic/housing-allocation-collection/blob/cb5baefd10bd0c82ef8eabdee464a26a8dc32145/collection/resource/3270362b73afba989aed0900234f32aa29414c9581db8dde79fa4c3436c15795","source_final_url":"https://raw.githubusercontent.com/digital-land-attic/housing-allocation-collection/cb5baefd10bd0c82ef8eabdee464a26a8dc32145/collection/resource/3270362b73afba989aed0900234f32aa29414c9581db8dde79fa4c3436c15795","source_native_url":"https://opendata.arcgis.com/datasets/186310c22c604de1903b3ad1a4c13b84_1.geojson","http_status":200,"source_data_date":"2021-06-23","source_version":"2021-06-23:sha256:3270362b73afba989aed0900234f32aa29414c9581db8dde79fa4c3436c15795","source_repository_commit":"cb5baefd10bd0c82ef8eabdee464a26a8dc32145","licence":"Open Government Licence v3.0 (repository default); Crown copyright and database rights 2020, Ordnance Survey 100019684","source_sha256":"3270362b73afba989aed0900234f32aa29414c9581db8dde79fa4c3436c15795","source_copyright":"© Crown Copyright and database rights 2020 Ordnance Survey 100019684","evidence_slice_sha256":"3a0c517cf8cbee2f1ce637fc43663509c16c9f0f80cee545f95e5bb70ad1940b","field_evidence":{"geometry":"collection/resource/3270362b73afba989aed0900234f32aa29414c9581db8dde79fa4c3436c15795:features[15].geometry","identifier":"collection/resource/3270362b73afba989aed0900234f32aa29414c9581db8dde79fa4c3436c15795:features[15].properties.FID","policy":"collection/resource/3270362b73afba989aed0900234f32aa29414c9581db8dde79fa4c3436c15795:features[15].properties.Policy_Num","use":"collection/resource/3270362b73afba989aed0900234f32aa29414c9581db8dde79fa4c3436c15795:features[15].properties.Primary_Pr","data_date":"collection/source.csv:entry-date","adopted_local_plan":"https://eastsuffolk.inconsult.uk/gf2.ti/f/911330/48559909.1/PDF/-/Adopted_Waveney_Local_Plan_Website.pdf","allocation_reference":"https://eastsuffolk.inconsult.uk/consult.ti/eastsuffolkwaveneylocalplan/viewCompoundDoc?docid=11491476&partid=11495380#11495380"},"confidence":0.98,"evidence_grade":"A_OFFICIAL_LOCAL_PLAN_GIS","fake_data":false}},{"type":"Feature","id":"housing-allocation:local-authority-eng:ESK:WAVENEY:WLP7.11:FID-17:2021-06-23","geometry":{"type":"Polygon","coordinates":[[[1.50258741154682,52.3935826808017],[1.50256875541737,52.3936123663856],[1.50253138061238,52.3936707634932],[1.50250409635174,52.3937133925933],[1.50248895045154,52.3937370583778],[1.50247164082975,52.393759394168],[1.50245827136374,52.3937766445455],[1.50243341334704,52.3938028010674],[1.50241077274148,52.3938266234145],[1.50238602206149,52.3938539127525],[1.50236885681784,52.3938728389195],[1.50233540311499,52.3939311673711],[1.50228543244113,52.3940075320766],[1.50226309018231,52.3940466470376],[1.50224153292103,52.3940843877412],[1.50277494837397,52.3942756245345],[1.50281114722001,52.3942871433897],[1.50285650246132,52.3943028879579],[1.50290207105245,52.3943213245388],[1.5030026491846,52.3943660127305],[1.50305172039809,52.3943915409954],[1.50315973054833,52.3944557965907],[1.50321090878335,52.3944893573693],[1.50329641936189,52.3945479839739],[1.50345606224507,52.3946700717423],[1.50356871423215,52.3947557761289],[1.50361703061439,52.3947903210656],[1.50367303681546,52.3948291351437],[1.50369284347039,52.3948415896835],[1.50374164747144,52.3947765507299],[1.50397443265578,52.3944116633194],[1.50406435983697,52.3942848711613],[1.50419546246491,52.3940840017532],[1.50429401984595,52.3939362659881],[1.50441842670171,52.3937436900575],[1.50459358061107,52.3934846678723],[1.50434971251659,52.3934147302305],[1.50393619571035,52.3932911804696],[1.50361971027269,52.3931935336232],[1.50337744453866,52.3931233665275],[1.50319550439364,52.3930704781826],[1.50318933421161,52.3930686823841],[1.50315782103361,52.3930606224805],[1.50314558914944,52.393054689085],[1.50315937701935,52.3930245982296],[1.50317312026635,52.3930124977479],[1.50319140601536,52.3930020614469],[1.50321298082739,52.3929960248577],[1.50321575345744,52.3929957627352],[1.50325197498204,52.3929296580325],[1.50318677097865,52.3929046083081],[1.50304968410173,52.3928534889666],[1.50299907143338,52.3929270091499],[1.50295693292296,52.3929887290286],[1.50295662794365,52.3929886652175],[1.50290254384855,52.3930636518801],[1.5028890113924,52.3930823102849],[1.50287907474197,52.3930960104049],[1.50285299434939,52.3931330614554],[1.5028223474811,52.3931858480261],[1.50258741154682,52.3935826808017]]]},"properties":{"semantic_identity":"housing-allocation:local-authority-eng:ESK:WAVENEY:WLP7.11:FID-17:2021-06-23","source_area_id":"ESK:WAVENEY:WLP7.11:17","source_area_type":"local_plan_housing_allocation","name":"Land south of Hogg Lane, Ilketshall St Lawrence","allocated_use":"Housing","policy":"WLP7.11","organisation":"local-authority-eng:ESK","source_url":"https://github.com/digital-land-attic/housing-allocation-collection/blob/cb5baefd10bd0c82ef8eabdee464a26a8dc32145/collection/resource/3270362b73afba989aed0900234f32aa29414c9581db8dde79fa4c3436c15795","source_final_url":"https://raw.githubusercontent.com/digital-land-attic/housing-allocation-collection/cb5baefd10bd0c82ef8eabdee464a26a8dc32145/collection/resource/3270362b73afba989aed0900234f32aa29414c9581db8dde79fa4c3436c15795","source_native_url":"https://opendata.arcgis.com/datasets/186310c22c604de1903b3ad1a4c13b84_1.geojson","http_status":200,"source_data_date":"2021-06-23","source_version":"2021-06-23:sha256:3270362b73afba989aed0900234f32aa29414c9581db8dde79fa4c3436c15795","source_repository_commit":"cb5baefd10bd0c82ef8eabdee464a26a8dc32145","licence":"Open Government Licence v3.0 (repository default); Crown copyright and database rights 2020, Ordnance Survey 100019684","source_sha256":"3270362b73afba989aed0900234f32aa29414c9581db8dde79fa4c3436c15795","source_copyright":"© Crown Copyright and database rights 2020 Ordnance Survey 100019684","evidence_slice_sha256":"3a0c517cf8cbee2f1ce637fc43663509c16c9f0f80cee545f95e5bb70ad1940b","field_evidence":{"geometry":"collection/resource/3270362b73afba989aed0900234f32aa29414c9581db8dde79fa4c3436c15795:features[16].geometry","identifier":"collection/resource/3270362b73afba989aed0900234f32aa29414c9581db8dde79fa4c3436c15795:features[16].properties.FID","policy":"collection/resource/3270362b73afba989aed0900234f32aa29414c9581db8dde79fa4c3436c15795:features[16].properties.Policy_Num","use":"collection/resource/3270362b73afba989aed0900234f32aa29414c9581db8dde79fa4c3436c15795:features[16].properties.Primary_Pr","data_date":"collection/source.csv:entry-date","adopted_local_plan":"https://eastsuffolk.inconsult.uk/gf2.ti/f/911330/48559909.1/PDF/-/Adopted_Waveney_Local_Plan_Website.pdf","allocation_reference":"https://eastsuffolk.inconsult.uk/consult.ti/eastsuffolkwaveneylocalplan/viewCompoundDoc?docid=11491476&partid=11495828#11495828"},"confidence":0.98,"evidence_grade":"A_OFFICIAL_LOCAL_PLAN_GIS","fake_data":false}},{"type":"Feature","id":"housing-allocation:local-authority-eng:ESK:WAVENEY:WLP7.17:FID-18:2021-06-23","geometry":{"type":"Polygon","coordinates":[[[1.5414516645447,52.3807097899957],[1.54168293327258,52.3806174796181],[1.54177321407996,52.3805810624844],[1.54197431352211,52.380508182339],[1.54187423696048,52.3804129629009],[1.54171042115032,52.3804835357628],[1.54153839072236,52.3805561536274],[1.54134996742644,52.3806333103189],[1.54112028139821,52.3804605495493],[1.54092768170402,52.3803156011932],[1.5408402599427,52.3802498832414],[1.54069058108431,52.3801372415292],[1.54039976403549,52.3802333866863],[1.54026187167634,52.3802844717346],[1.54012589703446,52.3803283034865],[1.53999909799885,52.3803692516359],[1.53971984889169,52.3804593817816],[1.53954125133751,52.3805171627069],[1.53921941052302,52.3806213502372],[1.53992572911347,52.3812004875065],[1.54010228994566,52.3811437124031],[1.54062033277345,52.3809771262599],[1.54089843990934,52.3808876947347],[1.54118589132856,52.3807952570191],[1.5414516645447,52.3807097899957]]]},"properties":{"semantic_identity":"housing-allocation:local-authority-eng:ESK:WAVENEY:WLP7.17:FID-18:2021-06-23","source_area_id":"ESK:WAVENEY:WLP7.17:18","source_area_type":"local_plan_housing_allocation","name":"Land west of Lock's Road, Westhall","allocated_use":"Housing","policy":"WLP7.17","organisation":"local-authority-eng:ESK","source_url":"https://github.com/digital-land-attic/housing-allocation-collection/blob/cb5baefd10bd0c82ef8eabdee464a26a8dc32145/collection/resource/3270362b73afba989aed0900234f32aa29414c9581db8dde79fa4c3436c15795","source_final_url":"https://raw.githubusercontent.com/digital-land-attic/housing-allocation-collection/cb5baefd10bd0c82ef8eabdee464a26a8dc32145/collection/resource/3270362b73afba989aed0900234f32aa29414c9581db8dde79fa4c3436c15795","source_native_url":"https://opendata.arcgis.com/datasets/186310c22c604de1903b3ad1a4c13b84_1.geojson","http_status":200,"source_data_date":"2021-06-23","source_version":"2021-06-23:sha256:3270362b73afba989aed0900234f32aa29414c9581db8dde79fa4c3436c15795","source_repository_commit":"cb5baefd10bd0c82ef8eabdee464a26a8dc32145","licence":"Open Government Licence v3.0 (repository default); Crown copyright and database rights 2020, Ordnance Survey 100019684","source_sha256":"3270362b73afba989aed0900234f32aa29414c9581db8dde79fa4c3436c15795","source_copyright":"© Crown Copyright and database rights 2020 Ordnance Survey 100019684","evidence_slice_sha256":"3a0c517cf8cbee2f1ce637fc43663509c16c9f0f80cee545f95e5bb70ad1940b","field_evidence":{"geometry":"collection/resource/3270362b73afba989aed0900234f32aa29414c9581db8dde79fa4c3436c15795:features[17].geometry","identifier":"collection/resource/3270362b73afba989aed0900234f32aa29414c9581db8dde79fa4c3436c15795:features[17].properties.FID","policy":"collection/resource/3270362b73afba989aed0900234f32aa29414c9581db8dde79fa4c3436c15795:features[17].properties.Policy_Num","use":"collection/resource/3270362b73afba989aed0900234f32aa29414c9581db8dde79fa4c3436c15795:features[17].properties.Primary_Pr","data_date":"collection/source.csv:entry-date","adopted_local_plan":"https://eastsuffolk.inconsult.uk/gf2.ti/f/911330/48559909.1/PDF/-/Adopted_Waveney_Local_Plan_Website.pdf","allocation_reference":"https://eastsuffolk.inconsult.uk/consult.ti/eastsuffolkwaveneylocalplan/viewCompoundDoc?docid=11491476&partid=11496532#11496532"},"confidence":0.98,"evidence_grade":"A_OFFICIAL_LOCAL_PLAN_GIS","fake_data":false}},{"type":"Feature","id":"housing-allocation:local-authority-eng:ESK:WAVENEY:WLP2.14:FID-19:2021-06-23","geometry":{"type":"Polygon","coordinates":[[[1.71975500466803,52.4978005105929],[1.71971060210759,52.4978135045397],[1.71959540543836,52.4978476638547],[1.71945395970816,52.497889606833],[1.71930882577786,52.4979326443742],[1.71923747235271,52.4979538046649],[1.71916756231605,52.4979745354021],[1.71909617562794,52.4979957047507],[1.71903974520691,52.4980124392929],[1.71899463043779,52.4980258178815],[1.71895420578132,52.4980378048519],[1.7189012030532,52.4980535229679],[1.71879746055203,52.4980842870534],[1.71873158613003,52.4981038210385],[1.71869480222134,52.4981147317919],[1.71866070993893,52.4981248445346],[1.71863151345698,52.4981335052369],[1.71861138888724,52.4981395354778],[1.71862646540928,52.4981662254202],[1.71848640187892,52.4981799321287],[1.71839670492518,52.4981879943271],[1.71834470787341,52.4981929020323],[1.71831181639833,52.4981962226627],[1.71828776330836,52.4981986499106],[1.71826459739461,52.4982009889706],[1.71825278641366,52.4982021809656],[1.71823988084426,52.4982041116994],[1.71822029467682,52.498207041501],[1.71820272430164,52.4982096695046],[1.71819003702215,52.4982115672789],[1.71816983301435,52.4982146856169],[1.71814168809154,52.4982185566385],[1.71808645446999,52.4982261529907],[1.71803099356268,52.498233780755],[1.71798974784142,52.4982394527712],[1.71794516872301,52.4982455840557],[1.71789795541482,52.4982520770476],[1.71786496032545,52.4982566151176],[1.71780554961605,52.4982647862144],[1.71774838539047,52.4982726473366],[1.71768506135652,52.4982813570614],[1.71757714582336,52.4982962972314],[1.71746649276557,52.4983117201013],[1.71737861820118,52.4983239679604],[1.71732470678859,52.498331481884],[1.71727621147032,52.4983382416303],[1.71719385915785,52.4983497192672],[1.7171255617113,52.4983592444727],[1.717068036814,52.4983672704248],[1.7170122512625,52.4983750545413],[1.71696906741942,52.4982682050384],[1.71695605394226,52.4982360000058],[1.71694425168826,52.4982067944284],[1.7169292706884,52.4981697185129],[1.71692055358799,52.4981481469507],[1.7169106260423,52.4981228689114],[1.71689961877,52.4980939837235],[1.71688868542492,52.4980652931959],[1.71687258702313,52.4980230453072],[1.71685802533269,52.4979848417304],[1.71684836495442,52.4979594977139],[1.71681237079067,52.4978579322259],[1.71678040239556,52.4977888841742],[1.71675913280854,52.4977343824477],[1.71667581091865,52.4977452048069],[1.71655440437387,52.4977588116915],[1.71652847655174,52.4977232934369],[1.71652463542444,52.4977262755115],[1.71640285463365,52.4977404597868],[1.71633386471454,52.497748494275],[1.71588101954502,52.4978121177194],[1.71592377989391,52.4979153830303],[1.71584354031348,52.4979286102388],[1.71583635657343,52.4979395400115],[1.71535810319714,52.4980199713063],[1.71535121929744,52.4980265785947],[1.71544261341092,52.4981506562702],[1.71556200987947,52.4983149768648],[1.71563768271279,52.4984230108119],[1.71579369522997,52.4986485032022],[1.71588157799192,52.4987780266723],[1.71598293404109,52.4989413085552],[1.71608972890817,52.4991198814275],[1.71614151993136,52.4992055592437],[1.7162382514892,52.4993647902321],[1.71636525852244,52.4995675654929],[1.71650630262772,52.4997879580351],[1.71651903704781,52.4997851459789],[1.71653480720562,52.4997816645661],[1.7165885087659,52.4997657060381],[1.71680063863425,52.4997026646651],[1.71691223685645,52.4996695000217],[1.71693367707773,52.4996627369748],[1.716962452155,52.4996536608858],[1.71698976568302,52.4996450454284],[1.71701201564288,52.4996380275268],[1.71704269654482,52.4996276258919],[1.71707461407304,52.4996168057652],[1.71710570622927,52.4996062652491],[1.71713486545184,52.499596275751],[1.71716805913581,52.4995848074021],[1.71721042122873,52.4995701713656],[1.71723937195794,52.4995588301802],[1.71727533645289,52.4995447425861],[1.71733599289698,52.4995195332045],[1.7173591315906,52.4995104040737],[1.71739954588427,52.4994942938297],[1.71744372876132,52.4994763317027],[1.71746324674286,52.4994683976431],[1.71751761811459,52.499446293038],[1.7175511404404,52.4994327319378],[1.71759978960601,52.4994131351918],[1.7176735741142,52.4993833758712],[1.71774297256051,52.499355348392],[1.71777804866773,52.4993411815602],[1.71780407429417,52.4993306707497],[1.71782591087241,52.4993210994759],[1.71784387020575,52.4993132278883],[1.71788234494915,52.4992973844902],[1.71790654184648,52.4992874196178],[1.71791869577429,52.4992829895162],[1.71793786510775,52.4992744717907],[1.71795829730686,52.4992653926249],[1.71799001327176,52.4992513008768],[1.71803220018382,52.4992325549228],[1.71807357747614,52.499214187927],[1.71811390346733,52.4991962875492],[1.71820248338827,52.49915738052],[1.71824373180748,52.4991397928759],[1.71827752616205,52.4991257058091],[1.71830248320662,52.4991153022743],[1.71834097284574,52.4990993773066],[1.71837315073802,52.4990860633662],[1.71839854424021,52.4990759069269],[1.71843431139121,52.4990619520221],[1.71847284140432,52.4990469773954],[1.71851774380706,52.4990289238681],[1.71855212440248,52.4990146599656],[1.71859884650833,52.4989952745726],[1.71863630703356,52.4989797317962],[1.718674240408,52.4989639942301],[1.71870072489894,52.4989530055496],[1.71874026675868,52.4989383911672],[1.71876971237798,52.4989275089641],[1.71880048716525,52.4989161351796],[1.7188368464532,52.4989034702674],[1.71886724824379,52.4988928808616],[1.71891537644278,52.4988761162614],[1.71898116814992,52.4988532000127],[1.71903879738834,52.4988331266537],[1.71909714524775,52.4988128021794],[1.71914820868355,52.4987944258707],[1.71916151273721,52.4987896383265],[1.71917541434599,52.4987842302177],[1.71920931662739,52.498771043472],[1.71925320161549,52.4987549106088],[1.71915723823667,52.4985819921228],[1.71920069732526,52.4985716896469],[1.71940322223067,52.4985236759299],[1.71955063461323,52.4984887284527],[1.71968594123356,52.4984566507536],[1.71978615494805,52.4984328924166],[1.71985607442363,52.4984163157282],[1.72002210088319,52.4983769543662],[1.72010004810721,52.498358474246],[1.72010767571671,52.4983668700447],[1.72011792284712,52.498378149868],[1.72012722549142,52.4983958871362],[1.72013654225256,52.4984136518432],[1.72014709246096,52.4984337694425],[1.7201611789352,52.4984606261724],[1.72016711553055,52.4984719463585],[1.72017745111809,52.4984896106243],[1.7201852084831,52.4985012512671],[1.72019669038964,52.4985184054123],[1.72020596485991,52.4985321975261],[1.72021818951624,52.4985503797803],[1.7202238246847,52.4985587600468],[1.72023744130243,52.4985803686813],[1.72024675300837,52.498611591611],[1.7202502161846,52.4986234313137],[1.72025355425249,52.4986348369068],[1.72025704250017,52.4986467639693],[1.72025912904481,52.4986538932439],[1.72026135697083,52.4986628179338],[1.72026763876994,52.4986761124057],[1.72027540667878,52.4986887493378],[1.72028472594149,52.4987039081489],[1.72031218540257,52.4987061917755],[1.72043296963679,52.4986727472067],[1.72047089221481,52.4986622471021],[1.72053293859708,52.4986450445103],[1.72063823613694,52.498615849904],[1.7206678349369,52.4986076428697],[1.72073524826989,52.4985887051756],[1.72079232042645,52.4985725171888],[1.72080609368212,52.4985686105716],[1.72082714001725,52.4985626408796],[1.72088066109642,52.4985474587591],[1.72091586067789,52.4985374751128],[1.72095011016734,52.4985277597384],[1.72098710166892,52.4985172672022],[1.72101247465701,52.4985100701535],[1.72103964351637,52.4985027769676],[1.72106146272681,52.4984971984567],[1.72108907723321,52.4984901385834],[1.72112183254161,52.4984819624571],[1.72114681369436,52.4984757275741],[1.72119710878937,52.4984637950972],[1.72128260460818,52.4984441616976],[1.72138827622065,52.4984204504916],[1.72142143887271,52.4984129099815],[1.72145435432304,52.4984054267193],[1.72147963014321,52.4983996799002],[1.72150314607579,52.4983943330061],[1.72154089567521,52.4983857503108],[1.72159001560124,52.4983745814632],[1.72163024083747,52.4983654359452],[1.72165315664013,52.4983602257557],[1.72169717046392,52.4983502179142],[1.72172810181695,52.4983431856461],[1.72175851061634,52.4983368588333],[1.72180196929967,52.4983278164939],[1.72183828634459,52.4983208745101],[1.72187521550281,52.4983138160903],[1.72193039073845,52.4983039827924],[1.72195262859695,52.49830029064],[1.72197427779943,52.4982966961803],[1.72199724962799,52.4982928819569],[1.72204240065157,52.4982865125557],[1.72202024949494,52.4982424969961],[1.7219359757571,52.4980752607441],[1.72187935384421,52.4979742539992],[1.7218284976803,52.4978835329029],[1.72178167527583,52.4978000092221],[1.7217176205691,52.4976873426366],[1.72169295143728,52.497637190886],[1.72167429247002,52.4975992609024],[1.72164895059099,52.4975477397293],[1.72163029871856,52.4975098230066],[1.72160904483684,52.4974666138199],[1.7215845133289,52.4974167446443],[1.72156806073837,52.4973832947373],[1.72154891054563,52.4973443628869],[1.72153245661657,52.497310913916],[1.7215174155469,52.4972803356701],[1.7214989685176,52.4972422415703],[1.72148379758749,52.4972109109439],[1.72146137616766,52.497164608296],[1.72144027973641,52.4971210433174],[1.72142903692303,52.4970978255392],[1.72130171129568,52.4970978607058],[1.72114303111024,52.4970979054196],[1.72105534571328,52.497097929651],[1.72099904294616,52.4970979450941],[1.72093591803794,52.4970979621642],[1.72088152827902,52.4970979775754],[1.72085465134258,52.4970502518071],[1.72078689049749,52.4970539911274],[1.72067983541452,52.497059899582],[1.72059822339853,52.4970644032522],[1.72052953534514,52.497068193208],[1.72045020297282,52.4970725710282],[1.72036832672156,52.4970768085169],[1.72026529968128,52.4970816030376],[1.72017572489855,52.4970858138322],[1.72014311956856,52.4970873467783],[1.72010506949186,52.4970891356854],[1.72002071878133,52.4970930955412],[1.71993746365942,52.4970969398922],[1.71986552015058,52.4971002796668],[1.7197361747428,52.4971063430047],[1.71966074304139,52.4971098788138],[1.71958687507195,52.4971130136521],[1.71953808077489,52.4971150632364],[1.71947280149584,52.4971178062141],[1.71936482253906,52.497122342063],[1.71934829750817,52.4971273596392],[1.7194206480451,52.497227576635],[1.71945278335009,52.4972720888683],[1.71949417901546,52.4973296030652],[1.71951695283103,52.4973617632189],[1.71953529209626,52.497388359334],[1.71955511840841,52.4974199970157],[1.7195737544603,52.4974511702497],[1.71960148864901,52.4974975596831],[1.71962174332176,52.4975314406729],[1.71966143207163,52.4975978270772],[1.71968297582113,52.4976335500953],[1.71971537717143,52.4976872762827],[1.71973969595609,52.4977276018394],[1.71976171799864,52.4977641175212],[1.7197764028513,52.4977884674931],[1.71977936624995,52.4977933816294],[1.71975500466803,52.4978005105929]]]},"properties":{"semantic_identity":"housing-allocation:local-authority-eng:ESK:WAVENEY:WLP2.14:FID-19:2021-06-23","source_area_id":"ESK:WAVENEY:WLP2.14:19","source_area_type":"local_plan_housing_allocation","name":"Land north of Union Lane, Oulton","allocated_use":"Housing","policy":"WLP2.14","organisation":"local-authority-eng:ESK","source_url":"https://github.com/digital-land-attic/housing-allocation-collection/blob/cb5baefd10bd0c82ef8eabdee464a26a8dc32145/collection/resource/3270362b73afba989aed0900234f32aa29414c9581db8dde79fa4c3436c15795","source_final_url":"https://raw.githubusercontent.com/digital-land-attic/housing-allocation-collection/cb5baefd10bd0c82ef8eabdee464a26a8dc32145/collection/resource/3270362b73afba989aed0900234f32aa29414c9581db8dde79fa4c3436c15795","source_native_url":"https://opendata.arcgis.com/datasets/186310c22c604de1903b3ad1a4c13b84_1.geojson","http_status":200,"source_data_date":"2021-06-23","source_version":"2021-06-23:sha256:3270362b73afba989aed0900234f32aa29414c9581db8dde79fa4c3436c15795","source_repository_commit":"cb5baefd10bd0c82ef8eabdee464a26a8dc32145","licence":"Open Government Licence v3.0 (repository default); Crown copyright and database rights 2020, Ordnance Survey 100019684","source_sha256":"3270362b73afba989aed0900234f32aa29414c9581db8dde79fa4c3436c15795","source_copyright":"© Crown Copyright and database rights 2020 Ordnance Survey 100019684","evidence_slice_sha256":"3a0c517cf8cbee2f1ce637fc43663509c16c9f0f80cee545f95e5bb70ad1940b","field_evidence":{"geometry":"collection/resource/3270362b73afba989aed0900234f32aa29414c9581db8dde79fa4c3436c15795:features[18].geometry","identifier":"collection/resource/3270362b73afba989aed0900234f32aa29414c9581db8dde79fa4c3436c15795:features[18].properties.FID","policy":"collection/resource/3270362b73afba989aed0900234f32aa29414c9581db8dde79fa4c3436c15795:features[18].properties.Policy_Num","use":"collection/resource/3270362b73afba989aed0900234f32aa29414c9581db8dde79fa4c3436c15795:features[18].properties.Primary_Pr","data_date":"collection/source.csv:entry-date","adopted_local_plan":"https://eastsuffolk.inconsult.uk/gf2.ti/f/911330/48559909.1/PDF/-/Adopted_Waveney_Local_Plan_Website.pdf","allocation_reference":"https://eastsuffolk.inconsult.uk/consult.ti/eastsuffolkwaveneylocalplan/viewCompoundDoc?docid=11491476&partid=11492948#11492948"},"confidence":0.98,"evidence_grade":"A_OFFICIAL_LOCAL_PLAN_GIS","fake_data":false}},{"type":"Feature","id":"housing-allocation:local-authority-eng:ESK:WAVENEY:WLP4.4:FID-20:2021-06-23","geometry":{"type":"Polygon","coordinates":[[[1.52219977496864,52.347003434283],[1.52226832114771,52.3470659442156],[1.5223470467194,52.3471377368238],[1.52242160725433,52.3471989681121],[1.52253389278838,52.3472894772443],[1.52256880553966,52.3472760231586],[1.52280819364733,52.3474706556478],[1.52327142243646,52.347379063046],[1.523687291589,52.3472968323022],[1.52427370182587,52.3471808773174],[1.52431174589814,52.3471733546934],[1.52428641027222,52.3471464985577],[1.5241861613535,52.3470548582487],[1.52413680593805,52.3470097396208],[1.52407345990751,52.3469518327523],[1.52390916175695,52.3468699813434],[1.5236729772882,52.3467523154005],[1.52355222300425,52.3466921558519],[1.52328957083864,52.3468199614945],[1.52318112177478,52.3468727324683],[1.52314057121871,52.3468454117642],[1.52292025676823,52.3469541727754],[1.52263160978572,52.3467510262436],[1.5225201236322,52.3468151789749],[1.52241518866815,52.3468755617169],[1.52219977496864,52.347003434283]]]},"properties":{"semantic_identity":"housing-allocation:local-authority-eng:ESK:WAVENEY:WLP4.4:FID-20:2021-06-23","source_area_id":"ESK:WAVENEY:WLP4.4:20","source_area_type":"local_plan_housing_allocation","name":"Land west of Lodge Road, Holton","allocated_use":"Housing","policy":"WLP4.4","organisation":"local-authority-eng:ESK","source_url":"https://github.com/digital-land-attic/housing-allocation-collection/blob/cb5baefd10bd0c82ef8eabdee464a26a8dc32145/collection/resource/3270362b73afba989aed0900234f32aa29414c9581db8dde79fa4c3436c15795","source_final_url":"https://raw.githubusercontent.com/digital-land-attic/housing-allocation-collection/cb5baefd10bd0c82ef8eabdee464a26a8dc32145/collection/resource/3270362b73afba989aed0900234f32aa29414c9581db8dde79fa4c3436c15795","source_native_url":"https://opendata.arcgis.com/datasets/186310c22c604de1903b3ad1a4c13b84_1.geojson","http_status":200,"source_data_date":"2021-06-23","source_version":"2021-06-23:sha256:3270362b73afba989aed0900234f32aa29414c9581db8dde79fa4c3436c15795","source_repository_commit":"cb5baefd10bd0c82ef8eabdee464a26a8dc32145","licence":"Open Government Licence v3.0 (repository default); Crown copyright and database rights 2020, Ordnance Survey 100019684","source_sha256":"3270362b73afba989aed0900234f32aa29414c9581db8dde79fa4c3436c15795","source_copyright":"© Crown Copyright and database rights 2020 Ordnance Survey 100019684","evidence_slice_sha256":"3a0c517cf8cbee2f1ce637fc43663509c16c9f0f80cee545f95e5bb70ad1940b","field_evidence":{"geometry":"collection/resource/3270362b73afba989aed0900234f32aa29414c9581db8dde79fa4c3436c15795:features[19].geometry","identifier":"collection/resource/3270362b73afba989aed0900234f32aa29414c9581db8dde79fa4c3436c15795:features[19].properties.FID","policy":"collection/resource/3270362b73afba989aed0900234f32aa29414c9581db8dde79fa4c3436c15795:features[19].properties.Policy_Num","use":"collection/resource/3270362b73afba989aed0900234f32aa29414c9581db8dde79fa4c3436c15795:features[19].properties.Primary_Pr","data_date":"collection/source.csv:entry-date","adopted_local_plan":"https://eastsuffolk.inconsult.uk/gf2.ti/f/911330/48559909.1/PDF/-/Adopted_Waveney_Local_Plan_Website.pdf","allocation_reference":"https://eastsuffolk.inconsult.uk/consult.ti/eastsuffolkwaveneylocalplan/viewCompoundDoc?docid=11491476&partid=11494068#11494068"},"confidence":0.98,"evidence_grade":"A_OFFICIAL_LOCAL_PLAN_GIS","fake_data":false}},{"type":"Feature","id":"housing-allocation:local-authority-eng:ESK:WAVENEY:WLP2.15:FID-21:2021-06-23","geometry":{"type":"Polygon","coordinates":[[[1.71834089686697,52.4940652929992],[1.71820834031141,52.4940746937865],[1.71804018151387,52.4940881586756],[1.71793400946271,52.4940966605972],[1.71792741037851,52.4940971866503],[1.71791099320382,52.4940984956494],[1.71740511298534,52.4941388020712],[1.71713505248706,52.4941603178656],[1.71705805583074,52.4941664521411],[1.71680344388286,52.4941865349561],[1.71645188009329,52.494214227859],[1.71635519858119,52.4942218434053],[1.71627041049605,52.494228522644],[1.71618671576711,52.4942350433075],[1.71610416897467,52.4942414234703],[1.71603088293759,52.4942470868852],[1.71595313119862,52.4942530957728],[1.71590818419165,52.4942565699581],[1.715836523389,52.4942621083858],[1.71574215467172,52.4942694006451],[1.71563390277309,52.4942777671194],[1.71557691138585,52.4942821712965],[1.71555646571496,52.4942837514595],[1.71554741973112,52.494281337449],[1.71554063079217,52.4942777973714],[1.71553539741274,52.4942750700868],[1.71553277523827,52.4942737025692],[1.71553174761925,52.4942724747035],[1.71552596249037,52.494265565973],[1.71552116723996,52.4942598395214],[1.7155163358703,52.4942540692311],[1.71551269428362,52.494249719594],[1.71550819233443,52.4942443428137],[1.7155105090016,52.4942398885787],[1.71551287233111,52.494235341129],[1.71551389822396,52.494233369582],[1.71550971067036,52.4942288545166],[1.71550717998119,52.4942261258998],[1.71550443529433,52.4942231665478],[1.71550126099066,52.4942197439777],[1.71549586240589,52.494213923161],[1.71549118039118,52.4942088749569],[1.71548466001743,52.4942018454254],[1.71548058587778,52.4941974518212],[1.71547569627794,52.4941921789762],[1.71547255772071,52.494188795758],[1.71546981787333,52.49418619065],[1.71546595311797,52.4941825145467],[1.71546294408975,52.494179653454],[1.71546139858534,52.4941788025652],[1.71545969914762,52.4941773673541],[1.71545527353732,52.4941736288314],[1.71545267124458,52.4941714313619],[1.71545125114851,52.4941705297564],[1.71544911629233,52.4941691738985],[1.71544641308881,52.4941674572281],[1.71544337819551,52.4941655297139],[1.71543863200279,52.4941625154617],[1.71543398238881,52.4941595629354],[1.71542959605068,52.4941570059993],[1.71542477584915,52.4941542324371],[1.7154199932896,52.4941514334049],[1.71541332425328,52.4941475324542],[1.7154064163782,52.4941434905979],[1.71539891785407,52.4941394349315],[1.71539116111042,52.4941354278605],[1.71538807789374,52.4941330323332],[1.71538260607213,52.4941297143814],[1.71537733986298,52.4941283094649],[1.71537096241686,52.4941265545088],[1.7153641443452,52.4941241010149],[1.71535594687704,52.4941211583973],[1.71534747659369,52.4941181263132],[1.71532414728484,52.4941097714468],[1.71532275754646,52.4941076051092],[1.7153049725015,52.4941008416035],[1.71528526139424,52.4940933453085],[1.71526822589493,52.4940870115704],[1.71525360585201,52.4940817613198],[1.71524107562111,52.494077210822],[1.71522423206616,52.4940709510966],[1.71520335901247,52.4940631845966],[1.71518470589864,52.4940568567316],[1.71516888297586,52.4940516721741],[1.71514673881843,52.4940450492965],[1.71513155674243,52.494040508405],[1.7151065344147,52.4940330117633],[1.71509267739508,52.4940288573612],[1.71508330753469,52.4940268132911],[1.71506844990855,52.494023218343],[1.7150601051338,52.4940207651581],[1.71505519979543,52.4940193227962],[1.71504982841661,52.4940167932174],[1.71504726029275,52.4940149130819],[1.71504511626291,52.4940133434276],[1.71504353293175,52.49401204398],[1.71504270696761,52.4940101666383],[1.71504079845263,52.4940058335578],[1.7150334693955,52.4940087822248],[1.7149949869328,52.4940293319206],[1.71495631810804,52.4940525643299],[1.7149319207762,52.4940690723421],[1.7149132891606,52.4940840498554],[1.71489517105859,52.494089147471],[1.71484127421265,52.4941038538471],[1.71480293025077,52.4941122549032],[1.71475044534242,52.4941217928329],[1.71467438938474,52.4941356154615],[1.71459221262437,52.4941508986654],[1.71462833097789,52.4941825048725],[1.71464480862316,52.4942085074604],[1.71465225355112,52.4942287727569],[1.71467095743748,52.4943034952381],[1.7146778306885,52.494325823027],[1.71470497494687,52.4943748347224],[1.71464041006306,52.4944744191917],[1.7146149104383,52.4945125878433],[1.71459126828626,52.4945210286083],[1.71457466437467,52.4945246464235],[1.71453771441557,52.4945321039849],[1.71452412975441,52.49453702831],[1.71452102279867,52.4945438720834],[1.71451740795462,52.494553430272],[1.7145024917542,52.4945547984987],[1.7144830742671,52.4946596958741],[1.71443524269801,52.4949180864661],[1.71441209981723,52.4950433608997],[1.71498919309313,52.495085128726],[1.7153882025724,52.4951139749568],[1.71548609289514,52.495120033022],[1.71558369951323,52.4951255404474],[1.71567628894481,52.4951308313736],[1.71568114705063,52.4951584699847],[1.7157011723304,52.4953041171647],[1.715702031913,52.4953784559232],[1.71569544971497,52.4954605924584],[1.71569215684425,52.4954901910038],[1.71568737001573,52.4955158823931],[1.71567651443449,52.4955519332903],[1.71565210766883,52.4956137820695],[1.71560732434395,52.495711258836],[1.71553905755404,52.4958726070343],[1.7154237180957,52.4961245229797],[1.71535739012622,52.4962648296358],[1.71531532355725,52.4963455939006],[1.7152778762312,52.4964208447879],[1.71525242827171,52.4964725305671],[1.71523063868442,52.4965123090723],[1.7151718396823,52.4966113794969],[1.71519802142699,52.4966189754796],[1.71524559674889,52.4966285972552],[1.71527096233334,52.4966291399397],[1.71530577560136,52.4966279436866],[1.71532527276779,52.4966265328023],[1.71535055923771,52.4966224348182],[1.71537608565542,52.4966176348818],[1.71540233652554,52.4966111679031],[1.71543413254001,52.4966024739358],[1.71549242070612,52.4965853696839],[1.71562815288288,52.4965462313164],[1.71565745978081,52.4965373825938],[1.71566605203192,52.4965344139526],[1.71568400932647,52.4965289021096],[1.71571020241967,52.4965249302509],[1.71572478778087,52.4965231223732],[1.71574014593701,52.4965217399346],[1.71576447058788,52.496517055961],[1.71579597971891,52.4965109893179],[1.71581691146566,52.4965069139414],[1.71587131846835,52.4964954633839],[1.71593389196886,52.4964826361252],[1.71601577425279,52.4964677039614],[1.71610105831916,52.4964546966931],[1.71623540383585,52.4964355661992],[1.7163558189938,52.4964203996616],[1.71646222783373,52.49640731869],[1.7165617763352,52.4963963180332],[1.71665244931159,52.4963884739131],[1.71685530984393,52.4963764037504],[1.7169672031234,52.4963719737498],[1.71710581267178,52.4963648313867],[1.71715592040669,52.4963623924959],[1.71726721685263,52.4963567765771],[1.71743570836594,52.4963470800896],[1.71766368852293,52.4963326099833],[1.71777693056287,52.4963244318055],[1.71803269729658,52.496304359036],[1.71810570328234,52.4962987976117],[1.71842705112092,52.4962743199276],[1.718373238318,52.4960855925616],[1.71850816355313,52.4960777486666],[1.71865123824461,52.4960634417083],[1.71877911709432,52.4960506922001],[1.71883396450144,52.4960457278963],[1.71883941453179,52.496035257279],[1.71884484471588,52.4960175014654],[1.7188597026373,52.4959927477814],[1.71887013574665,52.4959766784542],[1.71888332383754,52.4959495163329],[1.7189081365305,52.4958969224291],[1.71892569870277,52.4958463934628],[1.7189350520314,52.4958068420035],[1.71894557297219,52.4957587968459],[1.71895521168623,52.4957068496081],[1.71897918737583,52.4955762553899],[1.71898999917262,52.495520015769],[1.71900494692008,52.4954179584797],[1.71903012748643,52.4952399469041],[1.71903597966274,52.4951965119213],[1.71904207000774,52.4951512902626],[1.71904652736044,52.4951188414036],[1.71905192771735,52.4950803525116],[1.7190567773567,52.4950457955073],[1.71906046935311,52.4950194836302],[1.71906863747314,52.4949640342025],[1.71907311459715,52.4949336346441],[1.71910232943698,52.4949305563671],[1.71908148672425,52.4948146392376],[1.71904789774972,52.4946106140396],[1.71903397102656,52.4945207441597],[1.71901765942802,52.4943973985787],[1.718917167851,52.4944150430594],[1.71874261513573,52.4943165562059],[1.71869066056914,52.4942907614972],[1.7186730880213,52.4942820363379],[1.71866221610749,52.4942777920134],[1.71862617921727,52.4942637248247],[1.71860466251671,52.4942553252628],[1.71858785068926,52.4942482087146],[1.71855629581051,52.4942333258425],[1.71844643140962,52.494186582967],[1.7184414472325,52.4941795484357],[1.71841441015822,52.4941411997284],[1.71838772943987,52.494098867678],[1.71836658074738,52.4940638272589],[1.71834089686697,52.4940652929992]]]},"properties":{"semantic_identity":"housing-allocation:local-authority-eng:ESK:WAVENEY:WLP2.15:FID-21:2021-06-23","source_area_id":"ESK:WAVENEY:WLP2.15:21","source_area_type":"local_plan_housing_allocation","name":"Land between Hall Lane and Union Lane, Oulton","allocated_use":"Housing","policy":"WLP2.15","organisation":"local-authority-eng:ESK","source_url":"https://github.com/digital-land-attic/housing-allocation-collection/blob/cb5baefd10bd0c82ef8eabdee464a26a8dc32145/collection/resource/3270362b73afba989aed0900234f32aa29414c9581db8dde79fa4c3436c15795","source_final_url":"https://raw.githubusercontent.com/digital-land-attic/housing-allocation-collection/cb5baefd10bd0c82ef8eabdee464a26a8dc32145/collection/resource/3270362b73afba989aed0900234f32aa29414c9581db8dde79fa4c3436c15795","source_native_url":"https://opendata.arcgis.com/datasets/186310c22c604de1903b3ad1a4c13b84_1.geojson","http_status":200,"source_data_date":"2021-06-23","source_version":"2021-06-23:sha256:3270362b73afba989aed0900234f32aa29414c9581db8dde79fa4c3436c15795","source_repository_commit":"cb5baefd10bd0c82ef8eabdee464a26a8dc32145","licence":"Open Government Licence v3.0 (repository default); Crown copyright and database rights 2020, Ordnance Survey 100019684","source_sha256":"3270362b73afba989aed0900234f32aa29414c9581db8dde79fa4c3436c15795","source_copyright":"© Crown Copyright and database rights 2020 Ordnance Survey 100019684","evidence_slice_sha256":"3a0c517cf8cbee2f1ce637fc43663509c16c9f0f80cee545f95e5bb70ad1940b","field_evidence":{"geometry":"collection/resource/3270362b73afba989aed0900234f32aa29414c9581db8dde79fa4c3436c15795:features[20].geometry","identifier":"collection/resource/3270362b73afba989aed0900234f32aa29414c9581db8dde79fa4c3436c15795:features[20].properties.FID","policy":"collection/resource/3270362b73afba989aed0900234f32aa29414c9581db8dde79fa4c3436c15795:features[20].properties.Policy_Num","use":"collection/resource/3270362b73afba989aed0900234f32aa29414c9581db8dde79fa4c3436c15795:features[20].properties.Primary_Pr","data_date":"collection/source.csv:entry-date","adopted_local_plan":"https://eastsuffolk.inconsult.uk/gf2.ti/f/911330/48559909.1/PDF/-/Adopted_Waveney_Local_Plan_Website.pdf","allocation_reference":"https://eastsuffolk.inconsult.uk/consult.ti/eastsuffolkwaveneylocalplan/viewCompoundDoc?docid=11491476&partid=11493012#11493012"},"confidence":0.98,"evidence_grade":"A_OFFICIAL_LOCAL_PLAN_GIS","fake_data":false}},{"type":"Feature","id":"housing-allocation:local-authority-eng:ESK:WAVENEY:WLP6.1:FID-22:2021-06-23","geometry":{"type":"Polygon","coordinates":[[[1.66022702720488,52.338693458141],[1.65906428402018,52.3415354702633],[1.66199711842887,52.3414452843101],[1.66203730852535,52.341444047738],[1.66216859510969,52.3414140428744],[1.66231373483551,52.3413808665571],[1.66224477223066,52.341295629701],[1.66229951621146,52.3412834824348],[1.66239255955935,52.3412616398823],[1.66254908123472,52.3412248945726],[1.66271547461427,52.3411854385094],[1.66286561508093,52.3411483213463],[1.66307516017333,52.3410977811194],[1.6634037918658,52.3410193667492],[1.66382333517572,52.3409161651206],[1.66398637234633,52.340876444388],[1.66396450314006,52.3407771903378],[1.66394848578903,52.3407109645454],[1.66392856250772,52.340628572098],[1.66390480187591,52.3405303265845],[1.66387193579487,52.3403944413645],[1.66385098991274,52.3402882182239],[1.66387586881248,52.3402923304238],[1.66385280762187,52.3402249002077],[1.66382021172563,52.3401202321783],[1.66378645202079,52.3400126418502],[1.66377582434032,52.3399614293878],[1.66376410745975,52.3398939088955],[1.66375565867333,52.3398452121395],[1.6637416745512,52.3397646097401],[1.66373426770852,52.3397219215866],[1.66372206457325,52.3396529770035],[1.66372054714203,52.3396444861854],[1.6637450442088,52.3396475020926],[1.66378968881748,52.3396562332858],[1.66388691288094,52.339674874182],[1.66399378039642,52.3396930871222],[1.66405646541852,52.3397037706519],[1.6640583730119,52.3397002034672],[1.66414377138687,52.3397153631353],[1.66429489680463,52.3397422963621],[1.66430147519707,52.33972764919],[1.66431598851162,52.3396860869562],[1.66432011382708,52.3396742710323],[1.66434052573399,52.3396547483931],[1.66434764235496,52.3396395960944],[1.66428752135931,52.3396275819653],[1.66415132550887,52.3395990053034],[1.66395914733407,52.339558735503],[1.66369514895713,52.3395023444499],[1.66368346257749,52.3394455736364],[1.66366672201361,52.3393522031297],[1.663641418116,52.3392114094817],[1.66361305991272,52.3390567685949],[1.66360787888105,52.3390300311815],[1.66359942309833,52.3389864463991],[1.66358327970419,52.3389032368125],[1.66357429265085,52.3388548976489],[1.66356948649888,52.3388256084589],[1.66355986618625,52.338766986252],[1.66354463306016,52.338665487989],[1.66353563882326,52.3385944091871],[1.66352807891344,52.3385185150164],[1.66352240336694,52.3384615306987],[1.66351602577488,52.3383932364623],[1.66350900096375,52.3383172951041],[1.66350390473341,52.3382622186056],[1.66349939930408,52.3382135209068],[1.66344948876783,52.3382088171905],[1.66339322314312,52.3382035487682],[1.66330566507135,52.3381953492421],[1.66316437637707,52.3381814066981],[1.66295869727651,52.3381599567456],[1.66278196338603,52.3381443753308],[1.66252512166055,52.3381212034591],[1.66224777401044,52.3380947156333],[1.66198422217351,52.3380711174796],[1.66189200124408,52.3380630282452],[1.66170635383107,52.3380470263681],[1.66158909245634,52.3380369187656],[1.66149052379794,52.3380284225172],[1.66139015377356,52.3380197706682],[1.66129187654237,52.3380112993977],[1.66110612608403,52.3379954841687],[1.6610232800981,52.3379882674963],[1.66091061159944,52.3379782048038],[1.66076362086206,52.3379650766239],[1.66064656773129,52.337954622526],[1.66047122460361,52.3379384710438],[1.66043951043777,52.3380437520507],[1.66037970214597,52.3382400916082],[1.66022702720488,52.338693458141]]]},"properties":{"semantic_identity":"housing-allocation:local-authority-eng:ESK:WAVENEY:WLP6.1:FID-22:2021-06-23","source_area_id":"ESK:WAVENEY:WLP6.1:22","source_area_type":"local_plan_housing_allocation","name":"Land west of Copperwheat Avenue, Reydon","allocated_use":"Housing","policy":"WLP6.1","organisation":"local-authority-eng:ESK","source_url":"https://github.com/digital-land-attic/housing-allocation-collection/blob/cb5baefd10bd0c82ef8eabdee464a26a8dc32145/collection/resource/3270362b73afba989aed0900234f32aa29414c9581db8dde79fa4c3436c15795","source_final_url":"https://raw.githubusercontent.com/digital-land-attic/housing-allocation-collection/cb5baefd10bd0c82ef8eabdee464a26a8dc32145/collection/resource/3270362b73afba989aed0900234f32aa29414c9581db8dde79fa4c3436c15795","source_native_url":"https://opendata.arcgis.com/datasets/186310c22c604de1903b3ad1a4c13b84_1.geojson","http_status":200,"source_data_date":"2021-06-23","source_version":"2021-06-23:sha256:3270362b73afba989aed0900234f32aa29414c9581db8dde79fa4c3436c15795","source_repository_commit":"cb5baefd10bd0c82ef8eabdee464a26a8dc32145","licence":"Open Government Licence v3.0 (repository default); Crown copyright and database rights 2020, Ordnance Survey 100019684","source_sha256":"3270362b73afba989aed0900234f32aa29414c9581db8dde79fa4c3436c15795","source_copyright":"© Crown Copyright and database rights 2020 Ordnance Survey 100019684","evidence_slice_sha256":"3a0c517cf8cbee2f1ce637fc43663509c16c9f0f80cee545f95e5bb70ad1940b","field_evidence":{"geometry":"collection/resource/3270362b73afba989aed0900234f32aa29414c9581db8dde79fa4c3436c15795:features[21].geometry","identifier":"collection/resource/3270362b73afba989aed0900234f32aa29414c9581db8dde79fa4c3436c15795:features[21].properties.FID","policy":"collection/resource/3270362b73afba989aed0900234f32aa29414c9581db8dde79fa4c3436c15795:features[21].properties.Policy_Num","use":"collection/resource/3270362b73afba989aed0900234f32aa29414c9581db8dde79fa4c3436c15795:features[21].properties.Primary_Pr","data_date":"collection/source.csv:entry-date","adopted_local_plan":"https://eastsuffolk.inconsult.uk/gf2.ti/f/911330/48559909.1/PDF/-/Adopted_Waveney_Local_Plan_Website.pdf","allocation_reference":"https://eastsuffolk.inconsult.uk/consult.ti/eastsuffolkwaveneylocalplan/viewCompoundDoc?docid=11491476&partid=11494676#11494676"},"confidence":0.98,"evidence_grade":"A_OFFICIAL_LOCAL_PLAN_GIS","fake_data":false}},{"type":"Feature","id":"housing-allocation:local-authority-eng:ESK:WAVENEY:WLP5.1:FID-23:2021-06-23","geometry":{"type":"Polygon","coordinates":[[[1.45040439326513,52.4457959781828],[1.45035539647527,52.4458415710514],[1.4502532420532,52.445932295382],[1.45012922052877,52.4460366971702],[1.45000654212945,52.4461365597411],[1.4499020159275,52.4462172253791],[1.44979247599574,52.4463025434524],[1.44961269138772,52.44642881168],[1.44938128634561,52.4465810465678],[1.44920754624324,52.4466944718854],[1.44903401941118,52.4468088288169],[1.44878019350925,52.446974943942],[1.44854751762864,52.4471291839552],[1.44842423479256,52.4472117924174],[1.44845693401229,52.447230058125],[1.44851818911819,52.4472626953656],[1.44856085267706,52.4472854264472],[1.44864008033088,52.4473186355213],[1.44872895343967,52.447355242615],[1.4487980087178,52.4473829408356],[1.44887922424518,52.4474154945121],[1.44897534653117,52.4474541420242],[1.44902562291605,52.4474744138545],[1.4490997804476,52.4475042187555],[1.44916688905321,52.4475310363777],[1.4492169413251,52.447551037645],[1.44928897004486,52.4475798756185],[1.44935063077769,52.4476051288503],[1.44940971551573,52.4476293275597],[1.44943039818184,52.4476378080764],[1.44952181933915,52.4476773533075],[1.44959343370351,52.4477085111402],[1.44968568985385,52.4477501842147],[1.44975655564764,52.4477822137686],[1.44981469358639,52.4478084546511],[1.44984498666678,52.4478221032886],[1.44989407303505,52.4478442200593],[1.44995974174602,52.4478738072605],[1.4500206711043,52.4479011987698],[1.45006066215571,52.4479199491126],[1.45012068922525,52.4479480927578],[1.4501642590537,52.447968520353],[1.450221621376,52.4479955284174],[1.45026523765309,52.448018449647],[1.45030528633723,52.4480394962776],[1.45036562538262,52.4480702129645],[1.45036844932262,52.4480716505494],[1.45044512523758,52.4481066211897],[1.45047651746452,52.4481208419939],[1.45051230913439,52.4481361665479],[1.45055667191861,52.448155284659],[1.4506059531935,52.4481762891486],[1.45067446645377,52.4482050049966],[1.45080504659672,52.4482597574369],[1.45084492672499,52.4482764789422],[1.45083814483093,52.4482838724584],[1.4510929984784,52.4483971956427],[1.45118288108247,52.4484371866048],[1.45138368158462,52.4485265268542],[1.45141310298043,52.4484969603146],[1.45145049118033,52.4484557859404],[1.45154953091849,52.4483467168386],[1.45157578402055,52.4483180882649],[1.45159682158169,52.4482954421542],[1.45162772151228,52.4482623875398],[1.45170081444826,52.4481831045033],[1.45175423629103,52.4481260975546],[1.4518113868616,52.4480667600581],[1.45187314598018,52.4480036002303],[1.45190446806625,52.4479712050816],[1.45192324770394,52.4479539270256],[1.4519570830569,52.4479257154609],[1.451998608156,52.4478941348263],[1.45204015341967,52.4478639225246],[1.45207188420162,52.4478414559258],[1.45212269393129,52.4478077017046],[1.45214298978393,52.4477947712495],[1.45216198917105,52.447781996492],[1.45219003444894,52.4477598947677],[1.45222491528081,52.4477324063031],[1.45225344423985,52.4477091688385],[1.45227854608162,52.4476913462435],[1.45231120194024,52.447676001247],[1.45234281046215,52.4476660834408],[1.4523847698959,52.4476567626433],[1.45241798751324,52.4476485966715],[1.45243155057429,52.4476338094674],[1.45244224651461,52.4476200054636],[1.45245105240874,52.4476008600792],[1.45245266482568,52.4475931363045],[1.45245896402429,52.4475750841151],[1.45247101157532,52.4475484371825],[1.45249406283562,52.4474902323234],[1.45250347074138,52.4474664786364],[1.45251025729463,52.4474550869002],[1.45253900038227,52.4474068460487],[1.45257474990129,52.447346845452],[1.45259764550557,52.4473090748496],[1.45262183196905,52.447269610668],[1.45263854689511,52.4472424531765],[1.45265421990316,52.4472174811687],[1.45266420391148,52.4472021248343],[1.45267641755377,52.4471833394697],[1.45269523368349,52.4471575263885],[1.452706137811,52.4471425667982],[1.45272426373466,52.447117696698],[1.4527351758823,52.4471027269765],[1.45274559067273,52.447085333422],[1.45275760832635,52.4470508037925],[1.45276803692031,52.4470183335259],[1.45277772926985,52.4469881549416],[1.45279582590481,52.4469372578739],[1.45264594209341,52.4468657306024],[1.4525485576823,52.4468192573832],[1.45233384839056,52.4467167935599],[1.45223967874318,52.4466718532455],[1.45215290401238,52.446630442059],[1.45204673140776,52.4465797738868],[1.45194044587305,52.4465290513574],[1.45040439326513,52.4457959781828]]]},"properties":{"semantic_identity":"housing-allocation:local-authority-eng:ESK:WAVENEY:WLP5.1:FID-23:2021-06-23","source_area_id":"ESK:WAVENEY:WLP5.1:23","source_area_type":"local_plan_housing_allocation","name":"Land east of St Johns Road, Bungay","allocated_use":"Housing","policy":"WLP5.1","organisation":"local-authority-eng:ESK","source_url":"https://github.com/digital-land-attic/housing-allocation-collection/blob/cb5baefd10bd0c82ef8eabdee464a26a8dc32145/collection/resource/3270362b73afba989aed0900234f32aa29414c9581db8dde79fa4c3436c15795","source_final_url":"https://raw.githubusercontent.com/digital-land-attic/housing-allocation-collection/cb5baefd10bd0c82ef8eabdee464a26a8dc32145/collection/resource/3270362b73afba989aed0900234f32aa29414c9581db8dde79fa4c3436c15795","source_native_url":"https://opendata.arcgis.com/datasets/186310c22c604de1903b3ad1a4c13b84_1.geojson","http_status":200,"source_data_date":"2021-06-23","source_version":"2021-06-23:sha256:3270362b73afba989aed0900234f32aa29414c9581db8dde79fa4c3436c15795","source_repository_commit":"cb5baefd10bd0c82ef8eabdee464a26a8dc32145","licence":"Open Government Licence v3.0 (repository default); Crown copyright and database rights 2020, Ordnance Survey 100019684","source_sha256":"3270362b73afba989aed0900234f32aa29414c9581db8dde79fa4c3436c15795","source_copyright":"© Crown Copyright and database rights 2020 Ordnance Survey 100019684","evidence_slice_sha256":"3a0c517cf8cbee2f1ce637fc43663509c16c9f0f80cee545f95e5bb70ad1940b","field_evidence":{"geometry":"collection/resource/3270362b73afba989aed0900234f32aa29414c9581db8dde79fa4c3436c15795:features[22].geometry","identifier":"collection/resource/3270362b73afba989aed0900234f32aa29414c9581db8dde79fa4c3436c15795:features[22].properties.FID","policy":"collection/resource/3270362b73afba989aed0900234f32aa29414c9581db8dde79fa4c3436c15795:features[22].properties.Policy_Num","use":"collection/resource/3270362b73afba989aed0900234f32aa29414c9581db8dde79fa4c3436c15795:features[22].properties.Primary_Pr","data_date":"collection/source.csv:entry-date","adopted_local_plan":"https://eastsuffolk.inconsult.uk/gf2.ti/f/911330/48559909.1/PDF/-/Adopted_Waveney_Local_Plan_Website.pdf","allocation_reference":"https://eastsuffolk.inconsult.uk/consult.ti/eastsuffolkwaveneylocalplan/viewCompoundDoc?docid=11491476&partid=11494388#11494388"},"confidence":0.98,"evidence_grade":"A_OFFICIAL_LOCAL_PLAN_GIS","fake_data":false}},{"type":"Feature","id":"housing-allocation:local-authority-eng:ESK:WAVENEY:WLP3.2:FID-24:2021-06-23","geometry":{"type":"Polygon","coordinates":[[[1.55795711477147,52.4467358683788],[1.5588236847484,52.4467024611586],[1.55882170547143,52.4467380944246],[1.55891522101209,52.4467358341175],[1.5590551442196,52.4467324558602],[1.55919089807634,52.4467291796201],[1.55931927311405,52.4467275322177],[1.55946421175485,52.446725672716],[1.5596057196509,52.4467238561089],[1.5597130166808,52.4467224788797],[1.5598261728258,52.4467249762321],[1.55986009175392,52.4467257534213],[1.55997177798256,52.4467314511204],[1.56006799031421,52.4467386429451],[1.56020643908769,52.4467504870391],[1.56032391283242,52.4467639495936],[1.56057286341931,52.4467903409234],[1.56069924962658,52.4468037387611],[1.5608524706683,52.4468199815094],[1.5608829554995,52.4468256290231],[1.56092449258786,52.4466982729953],[1.56095802305642,52.4466053341298],[1.56097204792192,52.4465679733586],[1.56098116087213,52.4465450062587],[1.5609836363208,52.4465373761939],[1.56098361543266,52.44652982135],[1.56097680438495,52.4465147357449],[1.56097071745932,52.4465086229311],[1.56098577176383,52.4464679310149],[1.560997302401,52.4464367644308],[1.56102245108908,52.4463871829811],[1.56105727907114,52.4463185165159],[1.56107766412459,52.4462783268552],[1.56111108874936,52.4462124280263],[1.56111854976506,52.4461919752154],[1.56112442454375,52.4461758705273],[1.56113287032211,52.4461527184398],[1.56113692907567,52.4461389171278],[1.56114287075747,52.4461187169746],[1.5611484970049,52.4460995876904],[1.56118002536556,52.4460579819619],[1.56122067448365,52.4460093590116],[1.56125096990827,52.4459721941782],[1.5612770259879,52.4459398810604],[1.56130845862504,52.445900557413],[1.56134051866451,52.4458597613196],[1.56136537689744,52.445821234821],[1.56137442465025,52.4458056713157],[1.56139590259901,52.4457697094031],[1.56140943686847,52.4457470506561],[1.5614274598896,52.4457150263599],[1.5614451932086,52.4456794129458],[1.56146022314556,52.4456465434056],[1.5614765442386,52.4456119079857],[1.56148876597762,52.4455809579727],[1.56150666403529,52.4455291492783],[1.56151640345249,52.445485681613],[1.56152207865759,52.4454575688097],[1.56152914961605,52.4454183352757],[1.56153472351054,52.4453843898192],[1.56154005769731,52.4453410549133],[1.561542827188,52.4452932999939],[1.56154311067971,52.4452688908615],[1.56154347650519,52.4452375138187],[1.56154069339568,52.4452022470634],[1.56153853980201,52.4451749440557],[1.56153704761825,52.4451560364755],[1.56153265365473,52.4451333468652],[1.56152786418845,52.445108620201],[1.56152353125802,52.4450862489592],[1.56151938214392,52.4450648238076],[1.56151054641382,52.4450353386096],[1.56150165605951,52.4450056688688],[1.56149170218832,52.4449724513226],[1.5614800581021,52.4449335929223],[1.56145859964253,52.4448586120052],[1.56143842793705,52.4447858220706],[1.56143366751865,52.4447687858221],[1.56142270483271,52.4447241431328],[1.56140538205022,52.4446675925602],[1.56139131125209,52.4446216619638],[1.56136628671892,52.4445376724597],[1.56133830015847,52.4444363487481],[1.56132075509603,52.4443728277411],[1.56130918375028,52.4443321124443],[1.56130225371137,52.4443077246159],[1.56129507685113,52.4442917505917],[1.56128503569372,52.4442767623465],[1.56127704219708,52.4442689080841],[1.56125782885226,52.44424969894],[1.56124617453869,52.4442329603823],[1.56123797138579,52.4442191337155],[1.56122910141369,52.4442037926618],[1.56122260050928,52.4441841014772],[1.56121351680932,52.4441565908542],[1.56120848549673,52.4441362869228],[1.56120098312057,52.4441060095737],[1.56119049495325,52.444063684869],[1.56118077485547,52.4440244572494],[1.56116838134511,52.4439725477342],[1.56115594987138,52.4439204774589],[1.56114035759988,52.4438628727031],[1.5611290461838,52.4438251555578],[1.56111947707421,52.4437932512958],[1.56110563714923,52.443745924044],[1.56109288433396,52.4436993546581],[1.56108054787194,52.443654296412],[1.56105649748269,52.44356629378],[1.56101103246621,52.4434187714746],[1.56097020368086,52.4432799430586],[1.56089305594566,52.4430524940497],[1.56085265618034,52.4429296262053],[1.56078155608322,52.4429319880809],[1.56059077417025,52.4429383266065],[1.56036167664051,52.4429446166371],[1.56012490018695,52.4429502309033],[1.55986212802033,52.4429557814019],[1.55958705351257,52.4429578611847],[1.55962439352292,52.4427784632465],[1.55958662165141,52.4427919236284],[1.55953327171205,52.4428010995806],[1.55946454202935,52.4428129208523],[1.5594058722407,52.4428229126913],[1.55936590915643,52.4428272366155],[1.55929643631708,52.4428347537646],[1.5592670700624,52.4428356382545],[1.55920856555105,52.4428325144734],[1.55913841244326,52.4428287682802],[1.55904089854264,52.4428235614489],[1.55896586314633,52.4428193577566],[1.55887382142808,52.4428142018547],[1.55870036463147,52.4427987379192],[1.55862199118373,52.4427905743663],[1.55855175239218,52.4427833180116],[1.55848514403816,52.4427764362038],[1.55843567818276,52.4427708262912],[1.55835703783777,52.4427619069582],[1.55828460676083,52.4427536919728],[1.55813024055931,52.4427358534483],[1.55792046058207,52.4432917391412],[1.55787348116781,52.4434181920715],[1.55782914691869,52.4434941694685],[1.55777128150226,52.4435067051178],[1.55771745937685,52.4435146217095],[1.55765138417034,52.4435166109354],[1.55764215048221,52.4435996059971],[1.55763217618161,52.4436892442811],[1.55758178392997,52.444265672117],[1.55756520178756,52.444616637034],[1.55723586193707,52.4446066729871],[1.55724760083146,52.4449166334027],[1.55725867476479,52.4451087845428],[1.55727082136335,52.4454219707281],[1.55728446203121,52.4456715200996],[1.55728493984309,52.4457173071262],[1.55728441307686,52.4457863295636],[1.55728376598555,52.4458710413074],[1.5572809977052,52.4459376208229],[1.55727630287334,52.446023339476],[1.5572726945064,52.4460817259107],[1.55726404194139,52.4462176267423],[1.55726157294615,52.4462530804242],[1.55725973606709,52.4462732224585],[1.55725844798033,52.4462873539715],[1.55725916737316,52.4463046586164],[1.55725995986152,52.4463236916222],[1.55726158732395,52.4463628141199],[1.55726743815641,52.4464353899316],[1.55726997831839,52.4464668989096],[1.55724434143243,52.4464720779573],[1.55725069258216,52.4464960822578],[1.55725267532527,52.4465078954482],[1.55725961464106,52.4466830228119],[1.55726259548999,52.4467624138713],[1.55728908115945,52.4467612244624],[1.55731114320099,52.4467602329655],[1.55742918219443,52.4467558324913],[1.55795711477147,52.4467358683788]]]},"properties":{"semantic_identity":"housing-allocation:local-authority-eng:ESK:WAVENEY:WLP3.2:FID-24:2021-06-23","source_area_id":"ESK:WAVENEY:WLP3.2:24","source_area_type":"local_plan_housing_allocation","name":"Land west of London Road, Beccles","allocated_use":"Housing","policy":"WLP3.2","organisation":"local-authority-eng:ESK","source_url":"https://github.com/digital-land-attic/housing-allocation-collection/blob/cb5baefd10bd0c82ef8eabdee464a26a8dc32145/collection/resource/3270362b73afba989aed0900234f32aa29414c9581db8dde79fa4c3436c15795","source_final_url":"https://raw.githubusercontent.com/digital-land-attic/housing-allocation-collection/cb5baefd10bd0c82ef8eabdee464a26a8dc32145/collection/resource/3270362b73afba989aed0900234f32aa29414c9581db8dde79fa4c3436c15795","source_native_url":"https://opendata.arcgis.com/datasets/186310c22c604de1903b3ad1a4c13b84_1.geojson","http_status":200,"source_data_date":"2021-06-23","source_version":"2021-06-23:sha256:3270362b73afba989aed0900234f32aa29414c9581db8dde79fa4c3436c15795","source_repository_commit":"cb5baefd10bd0c82ef8eabdee464a26a8dc32145","licence":"Open Government Licence v3.0 (repository default); Crown copyright and database rights 2020, Ordnance Survey 100019684","source_sha256":"3270362b73afba989aed0900234f32aa29414c9581db8dde79fa4c3436c15795","source_copyright":"© Crown Copyright and database rights 2020 Ordnance Survey 100019684","evidence_slice_sha256":"3a0c517cf8cbee2f1ce637fc43663509c16c9f0f80cee545f95e5bb70ad1940b","field_evidence":{"geometry":"collection/resource/3270362b73afba989aed0900234f32aa29414c9581db8dde79fa4c3436c15795:features[23].geometry","identifier":"collection/resource/3270362b73afba989aed0900234f32aa29414c9581db8dde79fa4c3436c15795:features[23].properties.FID","policy":"collection/resource/3270362b73afba989aed0900234f32aa29414c9581db8dde79fa4c3436c15795:features[23].properties.Policy_Num","use":"collection/resource/3270362b73afba989aed0900234f32aa29414c9581db8dde79fa4c3436c15795:features[23].properties.Primary_Pr","data_date":"collection/source.csv:entry-date","adopted_local_plan":"https://eastsuffolk.inconsult.uk/gf2.ti/f/911330/48559909.1/PDF/-/Adopted_Waveney_Local_Plan_Website.pdf","allocation_reference":"https://eastsuffolk.inconsult.uk/consult.ti/eastsuffolkwaveneylocalplan/viewCompoundDoc?docid=11491476&partid=11493620#11493620"},"confidence":0.98,"evidence_grade":"A_OFFICIAL_LOCAL_PLAN_GIS","fake_data":false}},{"type":"Feature","id":"housing-allocation:local-authority-eng:ESK:WAVENEY:WLP2.8:FID-25:2021-06-23","geometry":{"type":"Polygon","coordinates":[[[1.75316847648209,52.4802647161352],[1.75315557562262,52.480111788149],[1.7531533776588,52.4800857444265],[1.75315273171651,52.4800797355603],[1.7531512556535,52.4800660227137],[1.75314467841666,52.479994001357],[1.75314081277307,52.4799780230039],[1.75323066549467,52.479969531554],[1.75329134424231,52.4799637963956],[1.75331940120127,52.4799611061026],[1.75347217197337,52.4799473820103],[1.75354865008425,52.4799405106471],[1.75354816625672,52.4799369585788],[1.75354322858522,52.4799007034583],[1.75354078204923,52.4798827424975],[1.75353639822383,52.4798703498553],[1.75352913873277,52.4798498306867],[1.75352858226102,52.4798462386493],[1.75352815124531,52.4798434620759],[1.75352743311521,52.4798388371448],[1.75352693326152,52.479835615704],[1.75352318139158,52.4798144894746],[1.75352832378564,52.4798143261068],[1.75350631808736,52.479642730306],[1.75348634372452,52.4794869696287],[1.75347346527341,52.4793865549766],[1.75346884814074,52.4793565682188],[1.753461296993,52.4792935764623],[1.75345572652646,52.4792566011478],[1.75344717041474,52.4792001429428],[1.75344405759621,52.4791797034207],[1.75344317013333,52.4791779326027],[1.75344286444274,52.4791743442916],[1.75343753966746,52.4791637193835],[1.75343591758789,52.479161971903],[1.75343340804633,52.4791584536044],[1.75343020209918,52.4791554071821],[1.75342703436359,52.4791528092985],[1.75342390483946,52.4791506599538],[1.75341610013595,52.4791455108612],[1.75341150137883,52.4791434081909],[1.75338673268009,52.4791293531997],[1.75330947958241,52.4790958271173],[1.75330866854629,52.4790949533761],[1.75330414621884,52.4790937477794],[1.75330260056656,52.4790928973748],[1.75329958568181,52.4790920936435],[1.75329738183297,52.4790921636534],[1.75329436694834,52.479091359922],[1.75329216309954,52.4790914299319],[1.75329065565727,52.4790910280661],[1.75327890179685,52.479091401451],[1.75327526692498,52.4790919666725],[1.75327240487885,52.4790929570965],[1.75321829399518,52.4791043546984],[1.7531781822335,52.4791128033553],[1.75297005974284,52.4791566377439],[1.75278814221263,52.4791949529971],[1.75276258365105,52.4792003342919],[1.75261870087275,52.4792306373341],[1.75251465153707,52.4792525096189],[1.7524749670639,52.479260858109],[1.752419509186,52.4792756622686],[1.75241521607029,52.479277147874],[1.75241382323299,52.4792780916152],[1.7524123921943,52.4792785868169],[1.75241099935691,52.4792795305581],[1.75240956831816,52.4792800257598],[1.7524089101007,52.4792809461697],[1.75240751726317,52.4792818899108],[1.75240480799044,52.4792846744717],[1.75240414977283,52.4792855948816],[1.75240279513631,52.479286987162],[1.75240221332109,52.4792888046507],[1.75240027686911,52.4792920144198],[1.75239965685254,52.479293383369],[1.75239977145621,52.4792947289872],[1.75239915143958,52.4792960979365],[1.75239856962414,52.4792979154251],[1.7523986842278,52.4792992610433],[1.75239806421109,52.4793006299926],[1.752398560827,52.4793064610046],[1.75239944825242,52.479308231831],[1.75239967745989,52.4793109230673],[1.75240056488545,52.4793126938937],[1.75240311255872,52.4793166607547],[1.75240591834865,52.4793281383826],[1.75240623236388,52.4793294209987],[1.75241196452781,52.4793528752481],[1.75241554834791,52.4793675376007],[1.75242766535556,52.4794151035965],[1.75243749367766,52.4794539595097],[1.75248242821929,52.4796304077626],[1.75250505931904,52.4797195504722],[1.7525331074009,52.4798300354996],[1.75254909563025,52.4798976922153],[1.75257046971101,52.4799760169096],[1.75262059517179,52.4801673867522],[1.75263516617961,52.4802208403069],[1.7526777548805,52.4802164832874],[1.75267795911529,52.4802171514296],[1.75269624093583,52.4802155813149],[1.7527946719452,52.4802071478636],[1.75285017875671,52.4802018308719],[1.75301460634694,52.480186078444],[1.7530371891699,52.4802771286522],[1.7530656061402,52.4802744422788],[1.75313306643406,52.4802680645293],[1.75316847648209,52.4802647161352]]]},"properties":{"semantic_identity":"housing-allocation:local-authority-eng:ESK:WAVENEY:WLP2.8:FID-25:2021-06-23","source_area_id":"ESK:WAVENEY:WLP2.8:25","source_area_type":"local_plan_housing_allocation","name":"Former Lowestoft Hospital","allocated_use":"Housing","policy":"WLP2.8","organisation":"local-authority-eng:ESK","source_url":"https://github.com/digital-land-attic/housing-allocation-collection/blob/cb5baefd10bd0c82ef8eabdee464a26a8dc32145/collection/resource/3270362b73afba989aed0900234f32aa29414c9581db8dde79fa4c3436c15795","source_final_url":"https://raw.githubusercontent.com/digital-land-attic/housing-allocation-collection/cb5baefd10bd0c82ef8eabdee464a26a8dc32145/collection/resource/3270362b73afba989aed0900234f32aa29414c9581db8dde79fa4c3436c15795","source_native_url":"https://opendata.arcgis.com/datasets/186310c22c604de1903b3ad1a4c13b84_1.geojson","http_status":200,"source_data_date":"2021-06-23","source_version":"2021-06-23:sha256:3270362b73afba989aed0900234f32aa29414c9581db8dde79fa4c3436c15795","source_repository_commit":"cb5baefd10bd0c82ef8eabdee464a26a8dc32145","licence":"Open Government Licence v3.0 (repository default); Crown copyright and database rights 2020, Ordnance Survey 100019684","source_sha256":"3270362b73afba989aed0900234f32aa29414c9581db8dde79fa4c3436c15795","source_copyright":"© Crown Copyright and database rights 2020 Ordnance Survey 100019684","evidence_slice_sha256":"3a0c517cf8cbee2f1ce637fc43663509c16c9f0f80cee545f95e5bb70ad1940b","field_evidence":{"geometry":"collection/resource/3270362b73afba989aed0900234f32aa29414c9581db8dde79fa4c3436c15795:features[24].geometry","identifier":"collection/resource/3270362b73afba989aed0900234f32aa29414c9581db8dde79fa4c3436c15795:features[24].properties.FID","policy":"collection/resource/3270362b73afba989aed0900234f32aa29414c9581db8dde79fa4c3436c15795:features[24].properties.Policy_Num","use":"collection/resource/3270362b73afba989aed0900234f32aa29414c9581db8dde79fa4c3436c15795:features[24].properties.Primary_Pr","data_date":"collection/source.csv:entry-date","adopted_local_plan":"https://eastsuffolk.inconsult.uk/gf2.ti/f/911330/48559909.1/PDF/-/Adopted_Waveney_Local_Plan_Website.pdf","allocation_reference":"https://eastsuffolk.inconsult.uk/consult.ti/eastsuffolkwaveneylocalplan/viewCompoundDoc?docid=11491476&partid=11492500#11492500"},"confidence":0.98,"evidence_grade":"A_OFFICIAL_LOCAL_PLAN_GIS","fake_data":false}},{"type":"Feature","id":"housing-allocation:local-authority-eng:ESK:WAVENEY:WLP2.20:FID-26:2021-06-23","geometry":{"type":"Polygon","coordinates":[[[1.73589113439344,52.5069754423821],[1.73597004483948,52.5068632494683],[1.736236687754,52.5064859066563],[1.73577949139217,52.5064121118778],[1.735057416672,52.5062986681943],[1.7340295217565,52.5061389272786],[1.73376780777749,52.5061086973816],[1.73375982626192,52.5062752631072],[1.73350091775797,52.5062468328842],[1.73338036621477,52.5066008886308],[1.73332020523796,52.5067880364387],[1.73324993861704,52.5070726632305],[1.7332285735546,52.5071735102362],[1.73320254885425,52.507256477064],[1.73305626133361,52.5072350125109],[1.73290583041568,52.5075922698538],[1.73275317384295,52.5079371826262],[1.7347401257205,52.5082731564498],[1.73475558479451,52.5082474205167],[1.73476143863068,52.5082376731924],[1.73476803711485,52.5082389938133],[1.7348489597712,52.5081086074082],[1.73492365988465,52.5079882488639],[1.73498128592764,52.5078939659989],[1.73504973862346,52.5077819720384],[1.7350664806238,52.5077725381502],[1.73509523803812,52.5077639838413],[1.73514018840107,52.5077568966735],[1.73517209231218,52.5077558884867],[1.7352221632374,52.5077500786395],[1.73525671302918,52.5077437698371],[1.73532043313268,52.5077268248083],[1.73541502929497,52.5077471318421],[1.73544957542034,52.5077546750792],[1.73546381504077,52.5077418122463],[1.73548766676917,52.50772756626],[1.73551646213961,52.5077194603858],[1.73554880707784,52.5077184381581],[1.73556381388817,52.507721561798],[1.73561017374614,52.5077322108101],[1.73562946137354,52.5077377464739],[1.73562827522837,52.5077394030246],[1.73574633995827,52.5077673818069],[1.7360504879088,52.5078390176835],[1.73615597310953,52.5078620534743],[1.73616789019783,52.5078669837142],[1.73617513534927,52.5078707124105],[1.73618519515002,52.5078770685654],[1.73619702607783,52.5078872005183],[1.73648863008947,52.5074133114388],[1.73591286295394,52.5072571606966],[1.73592944091023,52.5072340067027],[1.73596357876803,52.5071863292438],[1.73595437679062,52.5071821227007],[1.73597174122262,52.5071608363458],[1.73601606369606,52.507106505516],[1.73607775039778,52.5070308882999],[1.73589113439344,52.5069754423821]]]},"properties":{"semantic_identity":"housing-allocation:local-authority-eng:ESK:WAVENEY:WLP2.20:FID-26:2021-06-23","source_area_id":"ESK:WAVENEY:WLP2.20:26","source_area_type":"local_plan_housing_allocation","name":"Gunton Park, off Old Lane, Corton","allocated_use":"Housing","policy":"WLP2.20","organisation":"local-authority-eng:ESK","source_url":"https://github.com/digital-land-attic/housing-allocation-collection/blob/cb5baefd10bd0c82ef8eabdee464a26a8dc32145/collection/resource/3270362b73afba989aed0900234f32aa29414c9581db8dde79fa4c3436c15795","source_final_url":"https://raw.githubusercontent.com/digital-land-attic/housing-allocation-collection/cb5baefd10bd0c82ef8eabdee464a26a8dc32145/collection/resource/3270362b73afba989aed0900234f32aa29414c9581db8dde79fa4c3436c15795","source_native_url":"https://opendata.arcgis.com/datasets/186310c22c604de1903b3ad1a4c13b84_1.geojson","http_status":200,"source_data_date":"2021-06-23","source_version":"2021-06-23:sha256:3270362b73afba989aed0900234f32aa29414c9581db8dde79fa4c3436c15795","source_repository_commit":"cb5baefd10bd0c82ef8eabdee464a26a8dc32145","licence":"Open Government Licence v3.0 (repository default); Crown copyright and database rights 2020, Ordnance Survey 100019684","source_sha256":"3270362b73afba989aed0900234f32aa29414c9581db8dde79fa4c3436c15795","source_copyright":"© Crown Copyright and database rights 2020 Ordnance Survey 100019684","evidence_slice_sha256":"3a0c517cf8cbee2f1ce637fc43663509c16c9f0f80cee545f95e5bb70ad1940b","field_evidence":{"geometry":"collection/resource/3270362b73afba989aed0900234f32aa29414c9581db8dde79fa4c3436c15795:features[25].geometry","identifier":"collection/resource/3270362b73afba989aed0900234f32aa29414c9581db8dde79fa4c3436c15795:features[25].properties.FID","policy":"collection/resource/3270362b73afba989aed0900234f32aa29414c9581db8dde79fa4c3436c15795:features[25].properties.Policy_Num","use":"collection/resource/3270362b73afba989aed0900234f32aa29414c9581db8dde79fa4c3436c15795:features[25].properties.Primary_Pr","data_date":"collection/source.csv:entry-date","adopted_local_plan":"https://eastsuffolk.inconsult.uk/gf2.ti/f/911330/48559909.1/PDF/-/Adopted_Waveney_Local_Plan_Website.pdf","allocation_reference":"https://eastsuffolk.inconsult.uk/consult.ti/eastsuffolkwaveneylocalplan/viewCompoundDoc?docid=11491476&partid=11493364#11493364"},"confidence":0.98,"evidence_grade":"A_OFFICIAL_LOCAL_PLAN_GIS","fake_data":false}}],"properties":{"state":"SOURCE_AREAS_PRODUCED_LOCAL_BINDING_PENDING","source_area_count":77,"source_area_count_delta":26,"accepted_count":0,"duplicate_count":0,"rejected_count":0,"unmatched_count":13,"materialized_parcel_count":0,"direct_parcel_count":0,"verified_no_building_count":0,"unprocessed_count":13,"planned_building_count":0,"producer_before_count":51,"producer_delta":26,"producer_after_count":77,"cursor":"OFFICIAL_EAST_SUFFOLK_WAVENEY_HOUSING_ALLOCATION:sha256:3270362b73afba98:FEATURES_0_25","first_missing_criterion":"LOCAL_CANONICAL_PARCEL_IDENTIFIER_BINDING_MATERIALIZATION","fake_data":false}}
