{
  "type": "FeatureCollection",
  "metadata": {
    "layer": "planned-buildings",
    "generated_utc": "2026-07-02T00:00:00Z",
    "source_file": "terrayield_land_intelligence/sample_data/local_authority_brownfield_manifest_candidates.csv",
    "feature_count": 47,
    "data_status": "candidate_source_locations_not_parcel_matched",
    "fake_data": false,
    "db_write": false,
    "note": "Only source-linked coordinate candidates are included. Parcel-matched planned project polygons still require DB import/recalculate or official GIS boundary files."
  },
  "features": [
    {
      "type": "Feature",
      "id": "planned-candidate-1706814",
      "geometry": {
        "type": "Point",
        "coordinates": [
          -1.3506579,
          53.0692352
        ]
      },
      "properties": {
        "topic_id": "planned-buildings",
        "matrix_record": true,
        "matrix_color": "#92400e",
        "program_parcel_id": "planned-candidate-1706814",
        "parcel_id": "planned-candidate-1706814",
        "planned_asset_id": "1706814",
        "project_name": "Amber Valley Borough Council planned/brownfield candidate 1",
        "planned_asset_type": "Brownfield register candidate",
        "local_authority": "Amber Valley Borough Council",
        "london_authority": "Amber Valley Borough Council",
        "source_url": "http://info.ambervalley.gov.uk/maps/brownfieldmap.html?lat=53.0692352277&lng=-1.3506579388",
        "source_file": "terrayield_land_intelligence/sample_data/local_authority_brownfield_manifest_candidates.csv",
        "source_date": "local manifest snapshot; source URL date not embedded",
        "source_summary": "Planning Data evidence: 43 row(s), hosts=http://info.ambervalley.gov.uk. No approved local brownfield register feed URL yet; requires manual review before activation.",
        "planned_data_status": "candidate_source_location_not_parcel_matched",
        "relation_type": "SOURCE_POINT_LOCATION_ONLY",
        "matching_method": "lat_lng_query",
        "calculation_explanation": "Point extracted from a local authority / Planning Data candidate source URL. This is a real source-linked candidate location, but parcel intersection and completion month are not verified in the current local DB.",
        "confidence_scale": "2/4",
        "accuracy_scale": "2/4",
        "color_category": "Brownfield register candidate",
        "color_hex": "#92400e",
        "planned_1_value_value": "Amber Valley Borough Council planned/brownfield candidate 1",
        "planned_1_value_source": "Amber Valley Borough Council; http://info.ambervalley.gov.uk/maps/brownfieldmap.html?lat=53.0692352277&lng=-1.3506579388",
        "planned_1_value_accuracy": "2/4",
        "planned_1_value_explanation": "Point extracted from a local authority / Planning Data candidate source URL. This is a real source-linked candidate location, but parcel intersection and completion month are not verified in the current local DB.",
        "planned_1_probability_value": "Candidate only; manual review required",
        "planned_1_probability_source": "Planning Data evidence: 43 row(s), hosts=http://info.ambervalley.gov.uk. No approved local brownfield register feed URL yet; requires manual review before activation.",
        "planned_1_probability_accuracy": "2/4",
        "planned_1_probability_explanation": "The manifest confirms a local source candidate and source URL, not final delivery probability.",
        "planned_1_completion_value": "Completion month not available in local source",
        "planned_1_completion_source": "No completion month in local_authority_brownfield_manifest_candidates.csv",
        "planned_1_completion_accuracy": "0/4",
        "planned_1_completion_explanation": "No completion date was present; no fabricated month was generated.",
        "planned_2_value_value": "",
        "planned_2_probability_value": "",
        "planned_2_completion_value": "",
        "planned_3_value_value": "",
        "planned_3_probability_value": "",
        "planned_3_completion_value": "",
        "planning_data_count": "43"
      }
    },
    {
      "type": "Feature",
      "id": "planned-candidate-1706815",
      "geometry": {
        "type": "Point",
        "coordinates": [
          -1.3720579,
          53.0755166
        ]
      },
      "properties": {
        "topic_id": "planned-buildings",
        "matrix_record": true,
        "matrix_color": "#92400e",
        "program_parcel_id": "planned-candidate-1706815",
        "parcel_id": "planned-candidate-1706815",
        "planned_asset_id": "1706815",
        "project_name": "Amber Valley Borough Council planned/brownfield candidate 2",
        "planned_asset_type": "Brownfield register candidate",
        "local_authority": "Amber Valley Borough Council",
        "london_authority": "Amber Valley Borough Council",
        "source_url": "http://info.ambervalley.gov.uk/maps/brownfieldmap.html?lat=53.0755165967&lng=-1.3720578812",
        "source_file": "terrayield_land_intelligence/sample_data/local_authority_brownfield_manifest_candidates.csv",
        "source_date": "local manifest snapshot; source URL date not embedded",
        "source_summary": "Planning Data evidence: 43 row(s), hosts=http://info.ambervalley.gov.uk. No approved local brownfield register feed URL yet; requires manual review before activation.",
        "planned_data_status": "candidate_source_location_not_parcel_matched",
        "relation_type": "SOURCE_POINT_LOCATION_ONLY",
        "matching_method": "lat_lng_query",
        "calculation_explanation": "Point extracted from a local authority / Planning Data candidate source URL. This is a real source-linked candidate location, but parcel intersection and completion month are not verified in the current local DB.",
        "confidence_scale": "2/4",
        "accuracy_scale": "2/4",
        "color_category": "Brownfield register candidate",
        "color_hex": "#92400e",
        "planned_1_value_value": "Amber Valley Borough Council planned/brownfield candidate 2",
        "planned_1_value_source": "Amber Valley Borough Council; http://info.ambervalley.gov.uk/maps/brownfieldmap.html?lat=53.0755165967&lng=-1.3720578812",
        "planned_1_value_accuracy": "2/4",
        "planned_1_value_explanation": "Point extracted from a local authority / Planning Data candidate source URL. This is a real source-linked candidate location, but parcel intersection and completion month are not verified in the current local DB.",
        "planned_1_probability_value": "Candidate only; manual review required",
        "planned_1_probability_source": "Planning Data evidence: 43 row(s), hosts=http://info.ambervalley.gov.uk. No approved local brownfield register feed URL yet; requires manual review before activation.",
        "planned_1_probability_accuracy": "2/4",
        "planned_1_probability_explanation": "The manifest confirms a local source candidate and source URL, not final delivery probability.",
        "planned_1_completion_value": "Completion month not available in local source",
        "planned_1_completion_source": "No completion month in local_authority_brownfield_manifest_candidates.csv",
        "planned_1_completion_accuracy": "0/4",
        "planned_1_completion_explanation": "No completion date was present; no fabricated month was generated.",
        "planned_2_value_value": "",
        "planned_2_probability_value": "",
        "planned_2_completion_value": "",
        "planned_3_value_value": "",
        "planned_3_probability_value": "",
        "planned_3_completion_value": "",
        "planning_data_count": "43"
      }
    },
    {
      "type": "Feature",
      "id": "planned-candidate-1706816",
      "geometry": {
        "type": "Point",
        "coordinates": [
          -1.5250555,
          53.1040369
        ]
      },
      "properties": {
        "topic_id": "planned-buildings",
        "matrix_record": true,
        "matrix_color": "#92400e",
        "program_parcel_id": "planned-candidate-1706816",
        "parcel_id": "planned-candidate-1706816",
        "planned_asset_id": "1706816",
        "project_name": "Amber Valley Borough Council planned/brownfield candidate 3",
        "planned_asset_type": "Brownfield register candidate",
        "local_authority": "Amber Valley Borough Council",
        "london_authority": "Amber Valley Borough Council",
        "source_url": "http://info.ambervalley.gov.uk/maps/brownfieldmap.html?lat=53.1040369302&lng=-1.5250554687",
        "source_file": "terrayield_land_intelligence/sample_data/local_authority_brownfield_manifest_candidates.csv",
        "source_date": "local manifest snapshot; source URL date not embedded",
        "source_summary": "Planning Data evidence: 43 row(s), hosts=http://info.ambervalley.gov.uk. No approved local brownfield register feed URL yet; requires manual review before activation.",
        "planned_data_status": "candidate_source_location_not_parcel_matched",
        "relation_type": "SOURCE_POINT_LOCATION_ONLY",
        "matching_method": "lat_lng_query",
        "calculation_explanation": "Point extracted from a local authority / Planning Data candidate source URL. This is a real source-linked candidate location, but parcel intersection and completion month are not verified in the current local DB.",
        "confidence_scale": "2/4",
        "accuracy_scale": "2/4",
        "color_category": "Brownfield register candidate",
        "color_hex": "#92400e",
        "planned_1_value_value": "Amber Valley Borough Council planned/brownfield candidate 3",
        "planned_1_value_source": "Amber Valley Borough Council; http://info.ambervalley.gov.uk/maps/brownfieldmap.html?lat=53.1040369302&lng=-1.5250554687",
        "planned_1_value_accuracy": "2/4",
        "planned_1_value_explanation": "Point extracted from a local authority / Planning Data candidate source URL. This is a real source-linked candidate location, but parcel intersection and completion month are not verified in the current local DB.",
        "planned_1_probability_value": "Candidate only; manual review required",
        "planned_1_probability_source": "Planning Data evidence: 43 row(s), hosts=http://info.ambervalley.gov.uk. No approved local brownfield register feed URL yet; requires manual review before activation.",
        "planned_1_probability_accuracy": "2/4",
        "planned_1_probability_explanation": "The manifest confirms a local source candidate and source URL, not final delivery probability.",
        "planned_1_completion_value": "Completion month not available in local source",
        "planned_1_completion_source": "No completion month in local_authority_brownfield_manifest_candidates.csv",
        "planned_1_completion_accuracy": "0/4",
        "planned_1_completion_explanation": "No completion date was present; no fabricated month was generated.",
        "planned_2_value_value": "",
        "planned_2_probability_value": "",
        "planned_2_completion_value": "",
        "planned_3_value_value": "",
        "planned_3_probability_value": "",
        "planned_3_completion_value": "",
        "planning_data_count": "43"
      }
    },
    {
      "type": "Feature",
      "id": "planned-candidate-1706817",
      "geometry": {
        "type": "Point",
        "coordinates": [
          -1.3732925,
          53.1005041
        ]
      },
      "properties": {
        "topic_id": "planned-buildings",
        "matrix_record": true,
        "matrix_color": "#92400e",
        "program_parcel_id": "planned-candidate-1706817",
        "parcel_id": "planned-candidate-1706817",
        "planned_asset_id": "1706817",
        "project_name": "Amber Valley Borough Council planned/brownfield candidate 4",
        "planned_asset_type": "Brownfield register candidate",
        "local_authority": "Amber Valley Borough Council",
        "london_authority": "Amber Valley Borough Council",
        "source_url": "http://info.ambervalley.gov.uk/maps/brownfieldmap.html?lat=53.1005040651&lng=-1.3732924756",
        "source_file": "terrayield_land_intelligence/sample_data/local_authority_brownfield_manifest_candidates.csv",
        "source_date": "local manifest snapshot; source URL date not embedded",
        "source_summary": "Planning Data evidence: 43 row(s), hosts=http://info.ambervalley.gov.uk. No approved local brownfield register feed URL yet; requires manual review before activation.",
        "planned_data_status": "candidate_source_location_not_parcel_matched",
        "relation_type": "SOURCE_POINT_LOCATION_ONLY",
        "matching_method": "lat_lng_query",
        "calculation_explanation": "Point extracted from a local authority / Planning Data candidate source URL. This is a real source-linked candidate location, but parcel intersection and completion month are not verified in the current local DB.",
        "confidence_scale": "2/4",
        "accuracy_scale": "2/4",
        "color_category": "Brownfield register candidate",
        "color_hex": "#92400e",
        "planned_1_value_value": "Amber Valley Borough Council planned/brownfield candidate 4",
        "planned_1_value_source": "Amber Valley Borough Council; http://info.ambervalley.gov.uk/maps/brownfieldmap.html?lat=53.1005040651&lng=-1.3732924756",
        "planned_1_value_accuracy": "2/4",
        "planned_1_value_explanation": "Point extracted from a local authority / Planning Data candidate source URL. This is a real source-linked candidate location, but parcel intersection and completion month are not verified in the current local DB.",
        "planned_1_probability_value": "Candidate only; manual review required",
        "planned_1_probability_source": "Planning Data evidence: 43 row(s), hosts=http://info.ambervalley.gov.uk. No approved local brownfield register feed URL yet; requires manual review before activation.",
        "planned_1_probability_accuracy": "2/4",
        "planned_1_probability_explanation": "The manifest confirms a local source candidate and source URL, not final delivery probability.",
        "planned_1_completion_value": "Completion month not available in local source",
        "planned_1_completion_source": "No completion month in local_authority_brownfield_manifest_candidates.csv",
        "planned_1_completion_accuracy": "0/4",
        "planned_1_completion_explanation": "No completion date was present; no fabricated month was generated.",
        "planned_2_value_value": "",
        "planned_2_probability_value": "",
        "planned_2_completion_value": "",
        "planned_3_value_value": "",
        "planned_3_probability_value": "",
        "planned_3_completion_value": "",
        "planning_data_count": "43"
      }
    },
    {
      "type": "Feature",
      "id": "planned-candidate-1706818",
      "geometry": {
        "type": "Point",
        "coordinates": [
          -1.3622488,
          53.0685877
        ]
      },
      "properties": {
        "topic_id": "planned-buildings",
        "matrix_record": true,
        "matrix_color": "#92400e",
        "program_parcel_id": "planned-candidate-1706818",
        "parcel_id": "planned-candidate-1706818",
        "planned_asset_id": "1706818",
        "project_name": "Amber Valley Borough Council planned/brownfield candidate 5",
        "planned_asset_type": "Brownfield register candidate",
        "local_authority": "Amber Valley Borough Council",
        "london_authority": "Amber Valley Borough Council",
        "source_url": "http://info.ambervalley.gov.uk/maps/brownfieldmap.html?lat=53.0685877201&lng=-1.3622487862",
        "source_file": "terrayield_land_intelligence/sample_data/local_authority_brownfield_manifest_candidates.csv",
        "source_date": "local manifest snapshot; source URL date not embedded",
        "source_summary": "Planning Data evidence: 43 row(s), hosts=http://info.ambervalley.gov.uk. No approved local brownfield register feed URL yet; requires manual review before activation.",
        "planned_data_status": "candidate_source_location_not_parcel_matched",
        "relation_type": "SOURCE_POINT_LOCATION_ONLY",
        "matching_method": "lat_lng_query",
        "calculation_explanation": "Point extracted from a local authority / Planning Data candidate source URL. This is a real source-linked candidate location, but parcel intersection and completion month are not verified in the current local DB.",
        "confidence_scale": "2/4",
        "accuracy_scale": "2/4",
        "color_category": "Brownfield register candidate",
        "color_hex": "#92400e",
        "planned_1_value_value": "Amber Valley Borough Council planned/brownfield candidate 5",
        "planned_1_value_source": "Amber Valley Borough Council; http://info.ambervalley.gov.uk/maps/brownfieldmap.html?lat=53.0685877201&lng=-1.3622487862",
        "planned_1_value_accuracy": "2/4",
        "planned_1_value_explanation": "Point extracted from a local authority / Planning Data candidate source URL. This is a real source-linked candidate location, but parcel intersection and completion month are not verified in the current local DB.",
        "planned_1_probability_value": "Candidate only; manual review required",
        "planned_1_probability_source": "Planning Data evidence: 43 row(s), hosts=http://info.ambervalley.gov.uk. No approved local brownfield register feed URL yet; requires manual review before activation.",
        "planned_1_probability_accuracy": "2/4",
        "planned_1_probability_explanation": "The manifest confirms a local source candidate and source URL, not final delivery probability.",
        "planned_1_completion_value": "Completion month not available in local source",
        "planned_1_completion_source": "No completion month in local_authority_brownfield_manifest_candidates.csv",
        "planned_1_completion_accuracy": "0/4",
        "planned_1_completion_explanation": "No completion date was present; no fabricated month was generated.",
        "planned_2_value_value": "",
        "planned_2_probability_value": "",
        "planned_2_completion_value": "",
        "planned_3_value_value": "",
        "planned_3_probability_value": "",
        "planned_3_completion_value": "",
        "planning_data_count": "43"
      }
    },
    {
      "type": "Feature",
      "id": "planned-candidate-1708082",
      "geometry": {
        "type": "Point",
        "coordinates": [
          -0.5374652,
          50.8087145
        ]
      },
      "properties": {
        "topic_id": "planned-buildings",
        "matrix_record": true,
        "matrix_color": "#2563eb",
        "program_parcel_id": "planned-candidate-1708082",
        "parcel_id": "planned-candidate-1708082",
        "planned_asset_id": "1708082",
        "project_name": "Arun District Council planned/brownfield candidate 1",
        "planned_asset_type": "Council map candidate",
        "local_authority": "Arun District Council",
        "london_authority": "Arun District Council",
        "source_url": "http://www1.arun.gov.uk/webapps/wml/Map.aspx?x=503144&y=102037&resolution=1.0&MapName=Helaa",
        "source_file": "terrayield_land_intelligence/sample_data/local_authority_brownfield_manifest_candidates.csv",
        "source_date": "local manifest snapshot; source URL date not embedded",
        "source_summary": "Planning Data evidence: 26 row(s), hosts=http://www1.arun.gov.uk, http://www.arun.gov.uk, https://www.southdowns.gov.uk. No approved local brownfield register feed URL yet; requires manual review before activation.",
        "planned_data_status": "candidate_source_location_not_parcel_matched",
        "relation_type": "SOURCE_POINT_LOCATION_ONLY",
        "matching_method": "osgb36_x_y_query_to_wgs84",
        "calculation_explanation": "Point extracted from a local authority / Planning Data candidate source URL. This is a real source-linked candidate location, but parcel intersection and completion month are not verified in the current local DB.",
        "confidence_scale": "2/4",
        "accuracy_scale": "2/4",
        "color_category": "Council map candidate",
        "color_hex": "#2563eb",
        "planned_1_value_value": "Arun District Council planned/brownfield candidate 1",
        "planned_1_value_source": "Arun District Council; http://www1.arun.gov.uk/webapps/wml/Map.aspx?x=503144&y=102037&resolution=1.0&MapName=Helaa",
        "planned_1_value_accuracy": "2/4",
        "planned_1_value_explanation": "Point extracted from a local authority / Planning Data candidate source URL. This is a real source-linked candidate location, but parcel intersection and completion month are not verified in the current local DB.",
        "planned_1_probability_value": "Candidate only; manual review required",
        "planned_1_probability_source": "Planning Data evidence: 26 row(s), hosts=http://www1.arun.gov.uk, http://www.arun.gov.uk, https://www.southdowns.gov.uk. No approved local brownfield register feed URL yet; requires manual review before activation.",
        "planned_1_probability_accuracy": "2/4",
        "planned_1_probability_explanation": "The manifest confirms a local source candidate and source URL, not final delivery probability.",
        "planned_1_completion_value": "Completion month not available in local source",
        "planned_1_completion_source": "No completion month in local_authority_brownfield_manifest_candidates.csv",
        "planned_1_completion_accuracy": "0/4",
        "planned_1_completion_explanation": "No completion date was present; no fabricated month was generated.",
        "planned_2_value_value": "",
        "planned_2_probability_value": "",
        "planned_2_completion_value": "",
        "planned_3_value_value": "",
        "planned_3_probability_value": "",
        "planned_3_completion_value": "",
        "planning_data_count": "26"
      }
    },
    {
      "type": "Feature",
      "id": "planned-candidate-1708083",
      "geometry": {
        "type": "Point",
        "coordinates": [
          -0.5423166,
          50.8106278
        ]
      },
      "properties": {
        "topic_id": "planned-buildings",
        "matrix_record": true,
        "matrix_color": "#2563eb",
        "program_parcel_id": "planned-candidate-1708083",
        "parcel_id": "planned-candidate-1708083",
        "planned_asset_id": "1708083",
        "project_name": "Arun District Council planned/brownfield candidate 2",
        "planned_asset_type": "Council map candidate",
        "local_authority": "Arun District Council",
        "london_authority": "Arun District Council",
        "source_url": "http://www1.arun.gov.uk/webapps/wml/Map.aspx?x=502798&y=102243&resolution=1.0&MapName=Helaa",
        "source_file": "terrayield_land_intelligence/sample_data/local_authority_brownfield_manifest_candidates.csv",
        "source_date": "local manifest snapshot; source URL date not embedded",
        "source_summary": "Planning Data evidence: 26 row(s), hosts=http://www1.arun.gov.uk, http://www.arun.gov.uk, https://www.southdowns.gov.uk. No approved local brownfield register feed URL yet; requires manual review before activation.",
        "planned_data_status": "candidate_source_location_not_parcel_matched",
        "relation_type": "SOURCE_POINT_LOCATION_ONLY",
        "matching_method": "osgb36_x_y_query_to_wgs84",
        "calculation_explanation": "Point extracted from a local authority / Planning Data candidate source URL. This is a real source-linked candidate location, but parcel intersection and completion month are not verified in the current local DB.",
        "confidence_scale": "2/4",
        "accuracy_scale": "2/4",
        "color_category": "Council map candidate",
        "color_hex": "#2563eb",
        "planned_1_value_value": "Arun District Council planned/brownfield candidate 2",
        "planned_1_value_source": "Arun District Council; http://www1.arun.gov.uk/webapps/wml/Map.aspx?x=502798&y=102243&resolution=1.0&MapName=Helaa",
        "planned_1_value_accuracy": "2/4",
        "planned_1_value_explanation": "Point extracted from a local authority / Planning Data candidate source URL. This is a real source-linked candidate location, but parcel intersection and completion month are not verified in the current local DB.",
        "planned_1_probability_value": "Candidate only; manual review required",
        "planned_1_probability_source": "Planning Data evidence: 26 row(s), hosts=http://www1.arun.gov.uk, http://www.arun.gov.uk, https://www.southdowns.gov.uk. No approved local brownfield register feed URL yet; requires manual review before activation.",
        "planned_1_probability_accuracy": "2/4",
        "planned_1_probability_explanation": "The manifest confirms a local source candidate and source URL, not final delivery probability.",
        "planned_1_completion_value": "Completion month not available in local source",
        "planned_1_completion_source": "No completion month in local_authority_brownfield_manifest_candidates.csv",
        "planned_1_completion_accuracy": "0/4",
        "planned_1_completion_explanation": "No completion date was present; no fabricated month was generated.",
        "planned_2_value_value": "",
        "planned_2_probability_value": "",
        "planned_2_completion_value": "",
        "planned_3_value_value": "",
        "planned_3_probability_value": "",
        "planned_3_completion_value": "",
        "planning_data_count": "26"
      }
    },
    {
      "type": "Feature",
      "id": "planned-candidate-1708084",
      "geometry": {
        "type": "Point",
        "coordinates": [
          -0.6746875,
          50.7876016
        ]
      },
      "properties": {
        "topic_id": "planned-buildings",
        "matrix_record": true,
        "matrix_color": "#2563eb",
        "program_parcel_id": "planned-candidate-1708084",
        "parcel_id": "planned-candidate-1708084",
        "planned_asset_id": "1708084",
        "project_name": "Arun District Council planned/brownfield candidate 3",
        "planned_asset_type": "Council map candidate",
        "local_authority": "Arun District Council",
        "london_authority": "Arun District Council",
        "source_url": "http://www1.arun.gov.uk/webapps/wml/Map.aspx?x=493518&y=99507&resolution=1.0&MapName=Helaa",
        "source_file": "terrayield_land_intelligence/sample_data/local_authority_brownfield_manifest_candidates.csv",
        "source_date": "local manifest snapshot; source URL date not embedded",
        "source_summary": "Planning Data evidence: 26 row(s), hosts=http://www1.arun.gov.uk, http://www.arun.gov.uk, https://www.southdowns.gov.uk. No approved local brownfield register feed URL yet; requires manual review before activation.",
        "planned_data_status": "candidate_source_location_not_parcel_matched",
        "relation_type": "SOURCE_POINT_LOCATION_ONLY",
        "matching_method": "osgb36_x_y_query_to_wgs84",
        "calculation_explanation": "Point extracted from a local authority / Planning Data candidate source URL. This is a real source-linked candidate location, but parcel intersection and completion month are not verified in the current local DB.",
        "confidence_scale": "2/4",
        "accuracy_scale": "2/4",
        "color_category": "Council map candidate",
        "color_hex": "#2563eb",
        "planned_1_value_value": "Arun District Council planned/brownfield candidate 3",
        "planned_1_value_source": "Arun District Council; http://www1.arun.gov.uk/webapps/wml/Map.aspx?x=493518&y=99507&resolution=1.0&MapName=Helaa",
        "planned_1_value_accuracy": "2/4",
        "planned_1_value_explanation": "Point extracted from a local authority / Planning Data candidate source URL. This is a real source-linked candidate location, but parcel intersection and completion month are not verified in the current local DB.",
        "planned_1_probability_value": "Candidate only; manual review required",
        "planned_1_probability_source": "Planning Data evidence: 26 row(s), hosts=http://www1.arun.gov.uk, http://www.arun.gov.uk, https://www.southdowns.gov.uk. No approved local brownfield register feed URL yet; requires manual review before activation.",
        "planned_1_probability_accuracy": "2/4",
        "planned_1_probability_explanation": "The manifest confirms a local source candidate and source URL, not final delivery probability.",
        "planned_1_completion_value": "Completion month not available in local source",
        "planned_1_completion_source": "No completion month in local_authority_brownfield_manifest_candidates.csv",
        "planned_1_completion_accuracy": "0/4",
        "planned_1_completion_explanation": "No completion date was present; no fabricated month was generated.",
        "planned_2_value_value": "",
        "planned_2_probability_value": "",
        "planned_2_completion_value": "",
        "planned_3_value_value": "",
        "planned_3_probability_value": "",
        "planned_3_completion_value": "",
        "planning_data_count": "26"
      }
    },
    {
      "type": "Feature",
      "id": "planned-candidate-1708085",
      "geometry": {
        "type": "Point",
        "coordinates": [
          -0.554268,
          50.810165
        ]
      },
      "properties": {
        "topic_id": "planned-buildings",
        "matrix_record": true,
        "matrix_color": "#2563eb",
        "program_parcel_id": "planned-candidate-1708085",
        "parcel_id": "planned-candidate-1708085",
        "planned_asset_id": "1708085",
        "project_name": "Arun District Council planned/brownfield candidate 4",
        "planned_asset_type": "Council map candidate",
        "local_authority": "Arun District Council",
        "london_authority": "Arun District Council",
        "source_url": "http://www1.arun.gov.uk/webapps/wml/Map.aspx?x=501957&y=102175&resolution=1.0&MapName=Helaa",
        "source_file": "terrayield_land_intelligence/sample_data/local_authority_brownfield_manifest_candidates.csv",
        "source_date": "local manifest snapshot; source URL date not embedded",
        "source_summary": "Planning Data evidence: 26 row(s), hosts=http://www1.arun.gov.uk, http://www.arun.gov.uk, https://www.southdowns.gov.uk. No approved local brownfield register feed URL yet; requires manual review before activation.",
        "planned_data_status": "candidate_source_location_not_parcel_matched",
        "relation_type": "SOURCE_POINT_LOCATION_ONLY",
        "matching_method": "osgb36_x_y_query_to_wgs84",
        "calculation_explanation": "Point extracted from a local authority / Planning Data candidate source URL. This is a real source-linked candidate location, but parcel intersection and completion month are not verified in the current local DB.",
        "confidence_scale": "2/4",
        "accuracy_scale": "2/4",
        "color_category": "Council map candidate",
        "color_hex": "#2563eb",
        "planned_1_value_value": "Arun District Council planned/brownfield candidate 4",
        "planned_1_value_source": "Arun District Council; http://www1.arun.gov.uk/webapps/wml/Map.aspx?x=501957&y=102175&resolution=1.0&MapName=Helaa",
        "planned_1_value_accuracy": "2/4",
        "planned_1_value_explanation": "Point extracted from a local authority / Planning Data candidate source URL. This is a real source-linked candidate location, but parcel intersection and completion month are not verified in the current local DB.",
        "planned_1_probability_value": "Candidate only; manual review required",
        "planned_1_probability_source": "Planning Data evidence: 26 row(s), hosts=http://www1.arun.gov.uk, http://www.arun.gov.uk, https://www.southdowns.gov.uk. No approved local brownfield register feed URL yet; requires manual review before activation.",
        "planned_1_probability_accuracy": "2/4",
        "planned_1_probability_explanation": "The manifest confirms a local source candidate and source URL, not final delivery probability.",
        "planned_1_completion_value": "Completion month not available in local source",
        "planned_1_completion_source": "No completion month in local_authority_brownfield_manifest_candidates.csv",
        "planned_1_completion_accuracy": "0/4",
        "planned_1_completion_explanation": "No completion date was present; no fabricated month was generated.",
        "planned_2_value_value": "",
        "planned_2_probability_value": "",
        "planned_2_completion_value": "",
        "planned_3_value_value": "",
        "planned_3_probability_value": "",
        "planned_3_completion_value": "",
        "planning_data_count": "26"
      }
    },
    {
      "type": "Feature",
      "id": "planned-candidate-1708086",
      "geometry": {
        "type": "Point",
        "coordinates": [
          -0.7385889,
          50.7774375
        ]
      },
      "properties": {
        "topic_id": "planned-buildings",
        "matrix_record": true,
        "matrix_color": "#2563eb",
        "program_parcel_id": "planned-candidate-1708086",
        "parcel_id": "planned-candidate-1708086",
        "planned_asset_id": "1708086",
        "project_name": "Arun District Council planned/brownfield candidate 5",
        "planned_asset_type": "Council map candidate",
        "local_authority": "Arun District Council",
        "london_authority": "Arun District Council",
        "source_url": "http://www1.arun.gov.uk/webapps/wml/Map.aspx?x=489033&y=98298&resolution=1.0&MapName=Helaa",
        "source_file": "terrayield_land_intelligence/sample_data/local_authority_brownfield_manifest_candidates.csv",
        "source_date": "local manifest snapshot; source URL date not embedded",
        "source_summary": "Planning Data evidence: 26 row(s), hosts=http://www1.arun.gov.uk, http://www.arun.gov.uk, https://www.southdowns.gov.uk. No approved local brownfield register feed URL yet; requires manual review before activation.",
        "planned_data_status": "candidate_source_location_not_parcel_matched",
        "relation_type": "SOURCE_POINT_LOCATION_ONLY",
        "matching_method": "osgb36_x_y_query_to_wgs84",
        "calculation_explanation": "Point extracted from a local authority / Planning Data candidate source URL. This is a real source-linked candidate location, but parcel intersection and completion month are not verified in the current local DB.",
        "confidence_scale": "2/4",
        "accuracy_scale": "2/4",
        "color_category": "Council map candidate",
        "color_hex": "#2563eb",
        "planned_1_value_value": "Arun District Council planned/brownfield candidate 5",
        "planned_1_value_source": "Arun District Council; http://www1.arun.gov.uk/webapps/wml/Map.aspx?x=489033&y=98298&resolution=1.0&MapName=Helaa",
        "planned_1_value_accuracy": "2/4",
        "planned_1_value_explanation": "Point extracted from a local authority / Planning Data candidate source URL. This is a real source-linked candidate location, but parcel intersection and completion month are not verified in the current local DB.",
        "planned_1_probability_value": "Candidate only; manual review required",
        "planned_1_probability_source": "Planning Data evidence: 26 row(s), hosts=http://www1.arun.gov.uk, http://www.arun.gov.uk, https://www.southdowns.gov.uk. No approved local brownfield register feed URL yet; requires manual review before activation.",
        "planned_1_probability_accuracy": "2/4",
        "planned_1_probability_explanation": "The manifest confirms a local source candidate and source URL, not final delivery probability.",
        "planned_1_completion_value": "Completion month not available in local source",
        "planned_1_completion_source": "No completion month in local_authority_brownfield_manifest_candidates.csv",
        "planned_1_completion_accuracy": "0/4",
        "planned_1_completion_explanation": "No completion date was present; no fabricated month was generated.",
        "planned_2_value_value": "",
        "planned_2_probability_value": "",
        "planned_2_completion_value": "",
        "planned_3_value_value": "",
        "planned_3_probability_value": "",
        "planned_3_completion_value": "",
        "planning_data_count": "26"
      }
    },
    {
      "type": "Feature",
      "id": "planned-candidate-1710427",
      "geometry": {
        "type": "Point",
        "coordinates": [
          -2.2743378,
          53.5596916
        ]
      },
      "properties": {
        "topic_id": "planned-buildings",
        "matrix_record": true,
        "matrix_color": "#92400e",
        "program_parcel_id": "planned-candidate-1710427",
        "parcel_id": "planned-candidate-1710427",
        "planned_asset_id": "1710427",
        "project_name": "Bury Metropolitan Borough Council planned/brownfield candidate 4",
        "planned_asset_type": "Brownfield register candidate",
        "local_authority": "Bury Metropolitan Borough Council",
        "london_authority": "Bury Metropolitan Borough Council",
        "source_url": "http://maps.bury.gov.uk/webmaplayers8/Map.aspx?x=381925&y=407043&resolution=0.5&epsg=27700&mapname=bury_shlaa_external&baseLayer=GreyScaleBury&datalayers=Brownfield%20Land%20Register%202017%2CBury%20Council%2CselectFeaturesControl_container",
        "source_file": "terrayield_land_intelligence/sample_data/local_authority_brownfield_manifest_candidates.csv",
        "source_date": "local manifest snapshot; source URL date not embedded",
        "source_summary": "Planning Data evidence: 73 row(s), hosts=http://www.blackburn.gov.uk, https://www.blackburn.gov.uk, http://maps.bury.gov.uk. No approved local brownfield register feed URL yet; requires manual review before activation.",
        "planned_data_status": "candidate_source_location_not_parcel_matched",
        "relation_type": "SOURCE_POINT_LOCATION_ONLY",
        "matching_method": "osgb36_x_y_query_to_wgs84",
        "calculation_explanation": "Point extracted from a local authority / Planning Data candidate source URL. This is a real source-linked candidate location, but parcel intersection and completion month are not verified in the current local DB.",
        "confidence_scale": "2/4",
        "accuracy_scale": "2/4",
        "color_category": "Brownfield register candidate",
        "color_hex": "#92400e",
        "planned_1_value_value": "Bury Metropolitan Borough Council planned/brownfield candidate 4",
        "planned_1_value_source": "Bury Metropolitan Borough Council; http://maps.bury.gov.uk/webmaplayers8/Map.aspx?x=381925&y=407043&resolution=0.5&epsg=27700&mapname=bury_shlaa_external&baseLayer=GreyScaleBury&datalayers=Brownfield%20Land%20Register%202017%2CBury%20Council%2CselectFeaturesControl_container",
        "planned_1_value_accuracy": "2/4",
        "planned_1_value_explanation": "Point extracted from a local authority / Planning Data candidate source URL. This is a real source-linked candidate location, but parcel intersection and completion month are not verified in the current local DB.",
        "planned_1_probability_value": "Candidate only; manual review required",
        "planned_1_probability_source": "Planning Data evidence: 73 row(s), hosts=http://www.blackburn.gov.uk, https://www.blackburn.gov.uk, http://maps.bury.gov.uk. No approved local brownfield register feed URL yet; requires manual review before activation.",
        "planned_1_probability_accuracy": "2/4",
        "planned_1_probability_explanation": "The manifest confirms a local source candidate and source URL, not final delivery probability.",
        "planned_1_completion_value": "Completion month not available in local source",
        "planned_1_completion_source": "No completion month in local_authority_brownfield_manifest_candidates.csv",
        "planned_1_completion_accuracy": "0/4",
        "planned_1_completion_explanation": "No completion date was present; no fabricated month was generated.",
        "planned_2_value_value": "",
        "planned_2_probability_value": "",
        "planned_2_completion_value": "",
        "planned_3_value_value": "",
        "planned_3_probability_value": "",
        "planned_3_completion_value": "",
        "planning_data_count": "73"
      }
    },
    {
      "type": "Feature",
      "id": "planned-candidate-1710428",
      "geometry": {
        "type": "Point",
        "coordinates": [
          -2.2904745,
          53.6167202
        ]
      },
      "properties": {
        "topic_id": "planned-buildings",
        "matrix_record": true,
        "matrix_color": "#92400e",
        "program_parcel_id": "planned-candidate-1710428",
        "parcel_id": "planned-candidate-1710428",
        "planned_asset_id": "1710428",
        "project_name": "Bury Metropolitan Borough Council planned/brownfield candidate 5",
        "planned_asset_type": "Brownfield register candidate",
        "local_authority": "Bury Metropolitan Borough Council",
        "london_authority": "Bury Metropolitan Borough Council",
        "source_url": "http://maps.bury.gov.uk/webmaplayers8/Map.aspx?x=380882&y=413392&resolution=0.5&epsg=27700&mapname=bury_shlaa_external&baseLayer=GreyScaleBury&datalayers=Brownfield%20Land%20Register%20Now%2CBury%20Council%2CselectFeaturesControl_container",
        "source_file": "terrayield_land_intelligence/sample_data/local_authority_brownfield_manifest_candidates.csv",
        "source_date": "local manifest snapshot; source URL date not embedded",
        "source_summary": "Planning Data evidence: 73 row(s), hosts=http://www.blackburn.gov.uk, https://www.blackburn.gov.uk, http://maps.bury.gov.uk. No approved local brownfield register feed URL yet; requires manual review before activation.",
        "planned_data_status": "candidate_source_location_not_parcel_matched",
        "relation_type": "SOURCE_POINT_LOCATION_ONLY",
        "matching_method": "osgb36_x_y_query_to_wgs84",
        "calculation_explanation": "Point extracted from a local authority / Planning Data candidate source URL. This is a real source-linked candidate location, but parcel intersection and completion month are not verified in the current local DB.",
        "confidence_scale": "2/4",
        "accuracy_scale": "2/4",
        "color_category": "Brownfield register candidate",
        "color_hex": "#92400e",
        "planned_1_value_value": "Bury Metropolitan Borough Council planned/brownfield candidate 5",
        "planned_1_value_source": "Bury Metropolitan Borough Council; http://maps.bury.gov.uk/webmaplayers8/Map.aspx?x=380882&y=413392&resolution=0.5&epsg=27700&mapname=bury_shlaa_external&baseLayer=GreyScaleBury&datalayers=Brownfield%20Land%20Register%20Now%2CBury%20Council%2CselectFeaturesControl_container",
        "planned_1_value_accuracy": "2/4",
        "planned_1_value_explanation": "Point extracted from a local authority / Planning Data candidate source URL. This is a real source-linked candidate location, but parcel intersection and completion month are not verified in the current local DB.",
        "planned_1_probability_value": "Candidate only; manual review required",
        "planned_1_probability_source": "Planning Data evidence: 73 row(s), hosts=http://www.blackburn.gov.uk, https://www.blackburn.gov.uk, http://maps.bury.gov.uk. No approved local brownfield register feed URL yet; requires manual review before activation.",
        "planned_1_probability_accuracy": "2/4",
        "planned_1_probability_explanation": "The manifest confirms a local source candidate and source URL, not final delivery probability.",
        "planned_1_completion_value": "Completion month not available in local source",
        "planned_1_completion_source": "No completion month in local_authority_brownfield_manifest_candidates.csv",
        "planned_1_completion_accuracy": "0/4",
        "planned_1_completion_explanation": "No completion date was present; no fabricated month was generated.",
        "planned_2_value_value": "",
        "planned_2_probability_value": "",
        "planned_2_completion_value": "",
        "planned_3_value_value": "",
        "planned_3_probability_value": "",
        "planned_3_completion_value": "",
        "planning_data_count": "73"
      }
    },
    {
      "type": "Feature",
      "id": "planned-candidate-1710429",
      "geometry": {
        "type": "Point",
        "coordinates": [
          -2.3206861,
          53.5639985
        ]
      },
      "properties": {
        "topic_id": "planned-buildings",
        "matrix_record": true,
        "matrix_color": "#92400e",
        "program_parcel_id": "planned-candidate-1710429",
        "parcel_id": "planned-candidate-1710429",
        "planned_asset_id": "1710429",
        "project_name": "Bury Metropolitan Borough Council planned/brownfield candidate 3",
        "planned_asset_type": "Brownfield register candidate",
        "local_authority": "Bury Metropolitan Borough Council",
        "london_authority": "Bury Metropolitan Borough Council",
        "source_url": "http://maps.bury.gov.uk/webmaplayers8/Map.aspx?x=378857&y=407535&resolution=0.5&epsg=27700&mapname=bury_shlaa_external&baseLayer=GreyScaleBury&datalayers=Brownfield%20Land%20Register%20now%2CBury%20Council%2CselectFeaturesControl_container",
        "source_file": "terrayield_land_intelligence/sample_data/local_authority_brownfield_manifest_candidates.csv",
        "source_date": "local manifest snapshot; source URL date not embedded",
        "source_summary": "Planning Data evidence: 73 row(s), hosts=http://www.blackburn.gov.uk, https://www.blackburn.gov.uk, http://maps.bury.gov.uk. No approved local brownfield register feed URL yet; requires manual review before activation.",
        "planned_data_status": "candidate_source_location_not_parcel_matched",
        "relation_type": "SOURCE_POINT_LOCATION_ONLY",
        "matching_method": "osgb36_x_y_query_to_wgs84",
        "calculation_explanation": "Point extracted from a local authority / Planning Data candidate source URL. This is a real source-linked candidate location, but parcel intersection and completion month are not verified in the current local DB.",
        "confidence_scale": "2/4",
        "accuracy_scale": "2/4",
        "color_category": "Brownfield register candidate",
        "color_hex": "#92400e",
        "planned_1_value_value": "Bury Metropolitan Borough Council planned/brownfield candidate 3",
        "planned_1_value_source": "Bury Metropolitan Borough Council; http://maps.bury.gov.uk/webmaplayers8/Map.aspx?x=378857&y=407535&resolution=0.5&epsg=27700&mapname=bury_shlaa_external&baseLayer=GreyScaleBury&datalayers=Brownfield%20Land%20Register%20now%2CBury%20Council%2CselectFeaturesControl_container",
        "planned_1_value_accuracy": "2/4",
        "planned_1_value_explanation": "Point extracted from a local authority / Planning Data candidate source URL. This is a real source-linked candidate location, but parcel intersection and completion month are not verified in the current local DB.",
        "planned_1_probability_value": "Candidate only; manual review required",
        "planned_1_probability_source": "Planning Data evidence: 73 row(s), hosts=http://www.blackburn.gov.uk, https://www.blackburn.gov.uk, http://maps.bury.gov.uk. No approved local brownfield register feed URL yet; requires manual review before activation.",
        "planned_1_probability_accuracy": "2/4",
        "planned_1_probability_explanation": "The manifest confirms a local source candidate and source URL, not final delivery probability.",
        "planned_1_completion_value": "Completion month not available in local source",
        "planned_1_completion_source": "No completion month in local_authority_brownfield_manifest_candidates.csv",
        "planned_1_completion_accuracy": "0/4",
        "planned_1_completion_explanation": "No completion date was present; no fabricated month was generated.",
        "planned_2_value_value": "",
        "planned_2_probability_value": "",
        "planned_2_completion_value": "",
        "planned_3_value_value": "",
        "planned_3_probability_value": "",
        "planned_3_completion_value": "",
        "planning_data_count": "73"
      }
    },
    {
      "type": "Feature",
      "id": "planned-candidate-1706480",
      "geometry": {
        "type": "Point",
        "coordinates": [
          -1.8504637,
          50.7229733
        ]
      },
      "properties": {
        "topic_id": "planned-buildings",
        "matrix_record": true,
        "matrix_color": "#92400e",
        "program_parcel_id": "planned-candidate-1706480",
        "parcel_id": "planned-candidate-1706480",
        "planned_asset_id": "1706480",
        "project_name": "Dorset Council planned/brownfield candidate 2",
        "planned_asset_type": "Brownfield register candidate",
        "local_authority": "Dorset Council",
        "london_authority": "Dorset Council",
        "source_url": "https://maps.christchurchandeastdorset.gov.uk/map/Aurora.svc/run?script=%5CAurora%5CBBC%20Brownfield%20Register.AuroraScript%24&nocache=3767cdae-64dd-6422-1aa9-a5aa651d7145&resize=always&x=410651.88474&y=91493.9321999999&scale=1000",
        "source_file": "terrayield_land_intelligence/sample_data/local_authority_brownfield_manifest_candidates.csv",
        "source_date": "local manifest snapshot; source URL date not embedded",
        "source_summary": "Planning Data evidence: 155 row(s), hosts=https://www.dorsetcouncil.gov.uk, https://maps.christchurchandeastdorset.gov.uk. No approved local brownfield register feed URL yet; requires manual review before activation.",
        "planned_data_status": "candidate_source_location_not_parcel_matched",
        "relation_type": "SOURCE_POINT_LOCATION_ONLY",
        "matching_method": "osgb36_x_y_query_to_wgs84",
        "calculation_explanation": "Point extracted from a local authority / Planning Data candidate source URL. This is a real source-linked candidate location, but parcel intersection and completion month are not verified in the current local DB.",
        "confidence_scale": "2/4",
        "accuracy_scale": "2/4",
        "color_category": "Brownfield register candidate",
        "color_hex": "#92400e",
        "planned_1_value_value": "Dorset Council planned/brownfield candidate 2",
        "planned_1_value_source": "Dorset Council; https://maps.christchurchandeastdorset.gov.uk/map/Aurora.svc/run?script=%5CAurora%5CBBC%20Brownfield%20Register.AuroraScript%24&nocache=3767cdae-64dd-6422-1aa9-a5aa651d7145&resize=always&x=410651.88474&y=91493.9321999999&scale=1000",
        "planned_1_value_accuracy": "2/4",
        "planned_1_value_explanation": "Point extracted from a local authority / Planning Data candidate source URL. This is a real source-linked candidate location, but parcel intersection and completion month are not verified in the current local DB.",
        "planned_1_probability_value": "Candidate only; manual review required",
        "planned_1_probability_source": "Planning Data evidence: 155 row(s), hosts=https://www.dorsetcouncil.gov.uk, https://maps.christchurchandeastdorset.gov.uk. No approved local brownfield register feed URL yet; requires manual review before activation.",
        "planned_1_probability_accuracy": "2/4",
        "planned_1_probability_explanation": "The manifest confirms a local source candidate and source URL, not final delivery probability.",
        "planned_1_completion_value": "Completion month not available in local source",
        "planned_1_completion_source": "No completion month in local_authority_brownfield_manifest_candidates.csv",
        "planned_1_completion_accuracy": "0/4",
        "planned_1_completion_explanation": "No completion date was present; no fabricated month was generated.",
        "planned_2_value_value": "",
        "planned_2_probability_value": "",
        "planned_2_completion_value": "",
        "planned_3_value_value": "",
        "planned_3_probability_value": "",
        "planned_3_completion_value": "",
        "planning_data_count": "155"
      }
    },
    {
      "type": "Feature",
      "id": "planned-candidate-1706481",
      "geometry": {
        "type": "Point",
        "coordinates": [
          -1.8690481,
          50.7239108
        ]
      },
      "properties": {
        "topic_id": "planned-buildings",
        "matrix_record": true,
        "matrix_color": "#92400e",
        "program_parcel_id": "planned-candidate-1706481",
        "parcel_id": "planned-candidate-1706481",
        "planned_asset_id": "1706481",
        "project_name": "Dorset Council planned/brownfield candidate 3",
        "planned_asset_type": "Brownfield register candidate",
        "local_authority": "Dorset Council",
        "london_authority": "Dorset Council",
        "source_url": "https://maps.christchurchandeastdorset.gov.uk/map/Aurora.svc/run?script=%5CAurora%5CBBC%20Brownfield%20Register.AuroraScript%24&nocache=3767cdae-64dd-6422-1aa9-a5aa651d7145&resize=always&x=409339.849969999&y=91595.69658&scale=1000",
        "source_file": "terrayield_land_intelligence/sample_data/local_authority_brownfield_manifest_candidates.csv",
        "source_date": "local manifest snapshot; source URL date not embedded",
        "source_summary": "Planning Data evidence: 155 row(s), hosts=https://www.dorsetcouncil.gov.uk, https://maps.christchurchandeastdorset.gov.uk. No approved local brownfield register feed URL yet; requires manual review before activation.",
        "planned_data_status": "candidate_source_location_not_parcel_matched",
        "relation_type": "SOURCE_POINT_LOCATION_ONLY",
        "matching_method": "osgb36_x_y_query_to_wgs84",
        "calculation_explanation": "Point extracted from a local authority / Planning Data candidate source URL. This is a real source-linked candidate location, but parcel intersection and completion month are not verified in the current local DB.",
        "confidence_scale": "2/4",
        "accuracy_scale": "2/4",
        "color_category": "Brownfield register candidate",
        "color_hex": "#92400e",
        "planned_1_value_value": "Dorset Council planned/brownfield candidate 3",
        "planned_1_value_source": "Dorset Council; https://maps.christchurchandeastdorset.gov.uk/map/Aurora.svc/run?script=%5CAurora%5CBBC%20Brownfield%20Register.AuroraScript%24&nocache=3767cdae-64dd-6422-1aa9-a5aa651d7145&resize=always&x=409339.849969999&y=91595.69658&scale=1000",
        "planned_1_value_accuracy": "2/4",
        "planned_1_value_explanation": "Point extracted from a local authority / Planning Data candidate source URL. This is a real source-linked candidate location, but parcel intersection and completion month are not verified in the current local DB.",
        "planned_1_probability_value": "Candidate only; manual review required",
        "planned_1_probability_source": "Planning Data evidence: 155 row(s), hosts=https://www.dorsetcouncil.gov.uk, https://maps.christchurchandeastdorset.gov.uk. No approved local brownfield register feed URL yet; requires manual review before activation.",
        "planned_1_probability_accuracy": "2/4",
        "planned_1_probability_explanation": "The manifest confirms a local source candidate and source URL, not final delivery probability.",
        "planned_1_completion_value": "Completion month not available in local source",
        "planned_1_completion_source": "No completion month in local_authority_brownfield_manifest_candidates.csv",
        "planned_1_completion_accuracy": "0/4",
        "planned_1_completion_explanation": "No completion date was present; no fabricated month was generated.",
        "planned_2_value_value": "",
        "planned_2_probability_value": "",
        "planned_2_completion_value": "",
        "planned_3_value_value": "",
        "planned_3_probability_value": "",
        "planned_3_completion_value": "",
        "planning_data_count": "155"
      }
    },
    {
      "type": "Feature",
      "id": "planned-candidate-1706482",
      "geometry": {
        "type": "Point",
        "coordinates": [
          -1.8151686,
          50.7218914
        ]
      },
      "properties": {
        "topic_id": "planned-buildings",
        "matrix_record": true,
        "matrix_color": "#92400e",
        "program_parcel_id": "planned-candidate-1706482",
        "parcel_id": "planned-candidate-1706482",
        "planned_asset_id": "1706482",
        "project_name": "Dorset Council planned/brownfield candidate 4",
        "planned_asset_type": "Brownfield register candidate",
        "local_authority": "Dorset Council",
        "london_authority": "Dorset Council",
        "source_url": "https://maps.christchurchandeastdorset.gov.uk/map/Aurora.svc/run?script=%5CAurora%5CBBC%20Brownfield%20Register.AuroraScript%24&nocache=3767cdae-64dd-6422-1aa9-a5aa651d7145&resize=always&x=413143.612789999&y=91379.23414&scale=1000",
        "source_file": "terrayield_land_intelligence/sample_data/local_authority_brownfield_manifest_candidates.csv",
        "source_date": "local manifest snapshot; source URL date not embedded",
        "source_summary": "Planning Data evidence: 155 row(s), hosts=https://www.dorsetcouncil.gov.uk, https://maps.christchurchandeastdorset.gov.uk. No approved local brownfield register feed URL yet; requires manual review before activation.",
        "planned_data_status": "candidate_source_location_not_parcel_matched",
        "relation_type": "SOURCE_POINT_LOCATION_ONLY",
        "matching_method": "osgb36_x_y_query_to_wgs84",
        "calculation_explanation": "Point extracted from a local authority / Planning Data candidate source URL. This is a real source-linked candidate location, but parcel intersection and completion month are not verified in the current local DB.",
        "confidence_scale": "2/4",
        "accuracy_scale": "2/4",
        "color_category": "Brownfield register candidate",
        "color_hex": "#92400e",
        "planned_1_value_value": "Dorset Council planned/brownfield candidate 4",
        "planned_1_value_source": "Dorset Council; https://maps.christchurchandeastdorset.gov.uk/map/Aurora.svc/run?script=%5CAurora%5CBBC%20Brownfield%20Register.AuroraScript%24&nocache=3767cdae-64dd-6422-1aa9-a5aa651d7145&resize=always&x=413143.612789999&y=91379.23414&scale=1000",
        "planned_1_value_accuracy": "2/4",
        "planned_1_value_explanation": "Point extracted from a local authority / Planning Data candidate source URL. This is a real source-linked candidate location, but parcel intersection and completion month are not verified in the current local DB.",
        "planned_1_probability_value": "Candidate only; manual review required",
        "planned_1_probability_source": "Planning Data evidence: 155 row(s), hosts=https://www.dorsetcouncil.gov.uk, https://maps.christchurchandeastdorset.gov.uk. No approved local brownfield register feed URL yet; requires manual review before activation.",
        "planned_1_probability_accuracy": "2/4",
        "planned_1_probability_explanation": "The manifest confirms a local source candidate and source URL, not final delivery probability.",
        "planned_1_completion_value": "Completion month not available in local source",
        "planned_1_completion_source": "No completion month in local_authority_brownfield_manifest_candidates.csv",
        "planned_1_completion_accuracy": "0/4",
        "planned_1_completion_explanation": "No completion date was present; no fabricated month was generated.",
        "planned_2_value_value": "",
        "planned_2_probability_value": "",
        "planned_2_completion_value": "",
        "planned_3_value_value": "",
        "planned_3_probability_value": "",
        "planned_3_completion_value": "",
        "planning_data_count": "155"
      }
    },
    {
      "type": "Feature",
      "id": "planned-candidate-1706483",
      "geometry": {
        "type": "Point",
        "coordinates": [
          -1.8112043,
          50.734944
        ]
      },
      "properties": {
        "topic_id": "planned-buildings",
        "matrix_record": true,
        "matrix_color": "#92400e",
        "program_parcel_id": "planned-candidate-1706483",
        "parcel_id": "planned-candidate-1706483",
        "planned_asset_id": "1706483",
        "project_name": "Dorset Council planned/brownfield candidate 5",
        "planned_asset_type": "Brownfield register candidate",
        "local_authority": "Dorset Council",
        "london_authority": "Dorset Council",
        "source_url": "https://maps.christchurchandeastdorset.gov.uk/map/Aurora.svc/run?script=%5CAurora%5CBBC%20Brownfield%20Register.AuroraScript%24&nocache=3767cdae-64dd-6422-1aa9-a5aa651d7145&resize=always&x=413419.757459999&y=92831.4141399999&scale=1000",
        "source_file": "terrayield_land_intelligence/sample_data/local_authority_brownfield_manifest_candidates.csv",
        "source_date": "local manifest snapshot; source URL date not embedded",
        "source_summary": "Planning Data evidence: 155 row(s), hosts=https://www.dorsetcouncil.gov.uk, https://maps.christchurchandeastdorset.gov.uk. No approved local brownfield register feed URL yet; requires manual review before activation.",
        "planned_data_status": "candidate_source_location_not_parcel_matched",
        "relation_type": "SOURCE_POINT_LOCATION_ONLY",
        "matching_method": "osgb36_x_y_query_to_wgs84",
        "calculation_explanation": "Point extracted from a local authority / Planning Data candidate source URL. This is a real source-linked candidate location, but parcel intersection and completion month are not verified in the current local DB.",
        "confidence_scale": "2/4",
        "accuracy_scale": "2/4",
        "color_category": "Brownfield register candidate",
        "color_hex": "#92400e",
        "planned_1_value_value": "Dorset Council planned/brownfield candidate 5",
        "planned_1_value_source": "Dorset Council; https://maps.christchurchandeastdorset.gov.uk/map/Aurora.svc/run?script=%5CAurora%5CBBC%20Brownfield%20Register.AuroraScript%24&nocache=3767cdae-64dd-6422-1aa9-a5aa651d7145&resize=always&x=413419.757459999&y=92831.4141399999&scale=1000",
        "planned_1_value_accuracy": "2/4",
        "planned_1_value_explanation": "Point extracted from a local authority / Planning Data candidate source URL. This is a real source-linked candidate location, but parcel intersection and completion month are not verified in the current local DB.",
        "planned_1_probability_value": "Candidate only; manual review required",
        "planned_1_probability_source": "Planning Data evidence: 155 row(s), hosts=https://www.dorsetcouncil.gov.uk, https://maps.christchurchandeastdorset.gov.uk. No approved local brownfield register feed URL yet; requires manual review before activation.",
        "planned_1_probability_accuracy": "2/4",
        "planned_1_probability_explanation": "The manifest confirms a local source candidate and source URL, not final delivery probability.",
        "planned_1_completion_value": "Completion month not available in local source",
        "planned_1_completion_source": "No completion month in local_authority_brownfield_manifest_candidates.csv",
        "planned_1_completion_accuracy": "0/4",
        "planned_1_completion_explanation": "No completion date was present; no fabricated month was generated.",
        "planned_2_value_value": "",
        "planned_2_probability_value": "",
        "planned_2_completion_value": "",
        "planned_3_value_value": "",
        "planned_3_probability_value": "",
        "planned_3_completion_value": "",
        "planning_data_count": "155"
      }
    },
    {
      "type": "Feature",
      "id": "planned-candidate-1722337",
      "geometry": {
        "type": "Point",
        "coordinates": [
          -1.6899213,
          54.8581935
        ]
      },
      "properties": {
        "topic_id": "planned-buildings",
        "matrix_record": true,
        "matrix_color": "#2563eb",
        "program_parcel_id": "planned-candidate-1722337",
        "parcel_id": "planned-candidate-1722337",
        "planned_asset_id": "1722337",
        "project_name": "Durham County Council planned/brownfield candidate 2",
        "planned_asset_type": "Council map candidate",
        "local_authority": "Durham County Council",
        "london_authority": "Durham County Council",
        "source_url": "https://maps.durham.gov.uk/OLBasic2/Index.aspx?appid=65&x=420003.730538&y=551533.165765&scale=17",
        "source_file": "terrayield_land_intelligence/sample_data/local_authority_brownfield_manifest_candidates.csv",
        "source_date": "local manifest snapshot; source URL date not embedded",
        "source_summary": "Planning Data evidence: 29 row(s), hosts=https://maps.durham.gov.uk. No approved local brownfield register feed URL yet; requires manual review before activation.",
        "planned_data_status": "candidate_source_location_not_parcel_matched",
        "relation_type": "SOURCE_POINT_LOCATION_ONLY",
        "matching_method": "osgb36_x_y_query_to_wgs84",
        "calculation_explanation": "Point extracted from a local authority / Planning Data candidate source URL. This is a real source-linked candidate location, but parcel intersection and completion month are not verified in the current local DB.",
        "confidence_scale": "2/4",
        "accuracy_scale": "2/4",
        "color_category": "Council map candidate",
        "color_hex": "#2563eb",
        "planned_1_value_value": "Durham County Council planned/brownfield candidate 2",
        "planned_1_value_source": "Durham County Council; https://maps.durham.gov.uk/OLBasic2/Index.aspx?appid=65&x=420003.730538&y=551533.165765&scale=17",
        "planned_1_value_accuracy": "2/4",
        "planned_1_value_explanation": "Point extracted from a local authority / Planning Data candidate source URL. This is a real source-linked candidate location, but parcel intersection and completion month are not verified in the current local DB.",
        "planned_1_probability_value": "Candidate only; manual review required",
        "planned_1_probability_source": "Planning Data evidence: 29 row(s), hosts=https://maps.durham.gov.uk. No approved local brownfield register feed URL yet; requires manual review before activation.",
        "planned_1_probability_accuracy": "2/4",
        "planned_1_probability_explanation": "The manifest confirms a local source candidate and source URL, not final delivery probability.",
        "planned_1_completion_value": "Completion month not available in local source",
        "planned_1_completion_source": "No completion month in local_authority_brownfield_manifest_candidates.csv",
        "planned_1_completion_accuracy": "0/4",
        "planned_1_completion_explanation": "No completion date was present; no fabricated month was generated.",
        "planned_2_value_value": "",
        "planned_2_probability_value": "",
        "planned_2_completion_value": "",
        "planned_3_value_value": "",
        "planned_3_probability_value": "",
        "planned_3_completion_value": "",
        "planning_data_count": "29"
      }
    },
    {
      "type": "Feature",
      "id": "planned-candidate-1722338",
      "geometry": {
        "type": "Point",
        "coordinates": [
          -1.7001226,
          54.8638006
        ]
      },
      "properties": {
        "topic_id": "planned-buildings",
        "matrix_record": true,
        "matrix_color": "#2563eb",
        "program_parcel_id": "planned-candidate-1722338",
        "parcel_id": "planned-candidate-1722338",
        "planned_asset_id": "1722338",
        "project_name": "Durham County Council planned/brownfield candidate 3",
        "planned_asset_type": "Council map candidate",
        "local_authority": "Durham County Council",
        "london_authority": "Durham County Council",
        "source_url": "https://maps.durham.gov.uk/OLBasic2/Index.aspx?appid=65&x=419346.185078&y=552154.274701&scale=17",
        "source_file": "terrayield_land_intelligence/sample_data/local_authority_brownfield_manifest_candidates.csv",
        "source_date": "local manifest snapshot; source URL date not embedded",
        "source_summary": "Planning Data evidence: 29 row(s), hosts=https://maps.durham.gov.uk. No approved local brownfield register feed URL yet; requires manual review before activation.",
        "planned_data_status": "candidate_source_location_not_parcel_matched",
        "relation_type": "SOURCE_POINT_LOCATION_ONLY",
        "matching_method": "osgb36_x_y_query_to_wgs84",
        "calculation_explanation": "Point extracted from a local authority / Planning Data candidate source URL. This is a real source-linked candidate location, but parcel intersection and completion month are not verified in the current local DB.",
        "confidence_scale": "2/4",
        "accuracy_scale": "2/4",
        "color_category": "Council map candidate",
        "color_hex": "#2563eb",
        "planned_1_value_value": "Durham County Council planned/brownfield candidate 3",
        "planned_1_value_source": "Durham County Council; https://maps.durham.gov.uk/OLBasic2/Index.aspx?appid=65&x=419346.185078&y=552154.274701&scale=17",
        "planned_1_value_accuracy": "2/4",
        "planned_1_value_explanation": "Point extracted from a local authority / Planning Data candidate source URL. This is a real source-linked candidate location, but parcel intersection and completion month are not verified in the current local DB.",
        "planned_1_probability_value": "Candidate only; manual review required",
        "planned_1_probability_source": "Planning Data evidence: 29 row(s), hosts=https://maps.durham.gov.uk. No approved local brownfield register feed URL yet; requires manual review before activation.",
        "planned_1_probability_accuracy": "2/4",
        "planned_1_probability_explanation": "The manifest confirms a local source candidate and source URL, not final delivery probability.",
        "planned_1_completion_value": "Completion month not available in local source",
        "planned_1_completion_source": "No completion month in local_authority_brownfield_manifest_candidates.csv",
        "planned_1_completion_accuracy": "0/4",
        "planned_1_completion_explanation": "No completion date was present; no fabricated month was generated.",
        "planned_2_value_value": "",
        "planned_2_probability_value": "",
        "planned_2_completion_value": "",
        "planned_3_value_value": "",
        "planned_3_probability_value": "",
        "planned_3_completion_value": "",
        "planning_data_count": "29"
      }
    },
    {
      "type": "Feature",
      "id": "planned-candidate-1722339",
      "geometry": {
        "type": "Point",
        "coordinates": [
          -1.5728892,
          54.8607243
        ]
      },
      "properties": {
        "topic_id": "planned-buildings",
        "matrix_record": true,
        "matrix_color": "#2563eb",
        "program_parcel_id": "planned-candidate-1722339",
        "parcel_id": "planned-candidate-1722339",
        "planned_asset_id": "1722339",
        "project_name": "Durham County Council planned/brownfield candidate 4",
        "planned_asset_type": "Council map candidate",
        "local_authority": "Durham County Council",
        "london_authority": "Durham County Council",
        "source_url": "https://maps.durham.gov.uk/OLBasic2/Index.aspx?appid=65&x=427514.937424&y=551854.288212&scale=17",
        "source_file": "terrayield_land_intelligence/sample_data/local_authority_brownfield_manifest_candidates.csv",
        "source_date": "local manifest snapshot; source URL date not embedded",
        "source_summary": "Planning Data evidence: 29 row(s), hosts=https://maps.durham.gov.uk. No approved local brownfield register feed URL yet; requires manual review before activation.",
        "planned_data_status": "candidate_source_location_not_parcel_matched",
        "relation_type": "SOURCE_POINT_LOCATION_ONLY",
        "matching_method": "osgb36_x_y_query_to_wgs84",
        "calculation_explanation": "Point extracted from a local authority / Planning Data candidate source URL. This is a real source-linked candidate location, but parcel intersection and completion month are not verified in the current local DB.",
        "confidence_scale": "2/4",
        "accuracy_scale": "2/4",
        "color_category": "Council map candidate",
        "color_hex": "#2563eb",
        "planned_1_value_value": "Durham County Council planned/brownfield candidate 4",
        "planned_1_value_source": "Durham County Council; https://maps.durham.gov.uk/OLBasic2/Index.aspx?appid=65&x=427514.937424&y=551854.288212&scale=17",
        "planned_1_value_accuracy": "2/4",
        "planned_1_value_explanation": "Point extracted from a local authority / Planning Data candidate source URL. This is a real source-linked candidate location, but parcel intersection and completion month are not verified in the current local DB.",
        "planned_1_probability_value": "Candidate only; manual review required",
        "planned_1_probability_source": "Planning Data evidence: 29 row(s), hosts=https://maps.durham.gov.uk. No approved local brownfield register feed URL yet; requires manual review before activation.",
        "planned_1_probability_accuracy": "2/4",
        "planned_1_probability_explanation": "The manifest confirms a local source candidate and source URL, not final delivery probability.",
        "planned_1_completion_value": "Completion month not available in local source",
        "planned_1_completion_source": "No completion month in local_authority_brownfield_manifest_candidates.csv",
        "planned_1_completion_accuracy": "0/4",
        "planned_1_completion_explanation": "No completion date was present; no fabricated month was generated.",
        "planned_2_value_value": "",
        "planned_2_probability_value": "",
        "planned_2_completion_value": "",
        "planned_3_value_value": "",
        "planned_3_probability_value": "",
        "planned_3_completion_value": "",
        "planning_data_count": "29"
      }
    },
    {
      "type": "Feature",
      "id": "planned-candidate-1722340",
      "geometry": {
        "type": "Point",
        "coordinates": [
          -1.6284588,
          54.8179965
        ]
      },
      "properties": {
        "topic_id": "planned-buildings",
        "matrix_record": true,
        "matrix_color": "#2563eb",
        "program_parcel_id": "planned-candidate-1722340",
        "parcel_id": "planned-candidate-1722340",
        "planned_asset_id": "1722340",
        "project_name": "Durham County Council planned/brownfield candidate 5",
        "planned_asset_type": "Council map candidate",
        "local_authority": "Durham County Council",
        "london_authority": "Durham County Council",
        "source_url": "https://maps.durham.gov.uk/OLBasic2/Index.aspx?appid=65&x=423973.041441&y=547079.278902&scale=17",
        "source_file": "terrayield_land_intelligence/sample_data/local_authority_brownfield_manifest_candidates.csv",
        "source_date": "local manifest snapshot; source URL date not embedded",
        "source_summary": "Planning Data evidence: 29 row(s), hosts=https://maps.durham.gov.uk. No approved local brownfield register feed URL yet; requires manual review before activation.",
        "planned_data_status": "candidate_source_location_not_parcel_matched",
        "relation_type": "SOURCE_POINT_LOCATION_ONLY",
        "matching_method": "osgb36_x_y_query_to_wgs84",
        "calculation_explanation": "Point extracted from a local authority / Planning Data candidate source URL. This is a real source-linked candidate location, but parcel intersection and completion month are not verified in the current local DB.",
        "confidence_scale": "2/4",
        "accuracy_scale": "2/4",
        "color_category": "Council map candidate",
        "color_hex": "#2563eb",
        "planned_1_value_value": "Durham County Council planned/brownfield candidate 5",
        "planned_1_value_source": "Durham County Council; https://maps.durham.gov.uk/OLBasic2/Index.aspx?appid=65&x=423973.041441&y=547079.278902&scale=17",
        "planned_1_value_accuracy": "2/4",
        "planned_1_value_explanation": "Point extracted from a local authority / Planning Data candidate source URL. This is a real source-linked candidate location, but parcel intersection and completion month are not verified in the current local DB.",
        "planned_1_probability_value": "Candidate only; manual review required",
        "planned_1_probability_source": "Planning Data evidence: 29 row(s), hosts=https://maps.durham.gov.uk. No approved local brownfield register feed URL yet; requires manual review before activation.",
        "planned_1_probability_accuracy": "2/4",
        "planned_1_probability_explanation": "The manifest confirms a local source candidate and source URL, not final delivery probability.",
        "planned_1_completion_value": "Completion month not available in local source",
        "planned_1_completion_source": "No completion month in local_authority_brownfield_manifest_candidates.csv",
        "planned_1_completion_accuracy": "0/4",
        "planned_1_completion_explanation": "No completion date was present; no fabricated month was generated.",
        "planned_2_value_value": "",
        "planned_2_probability_value": "",
        "planned_2_completion_value": "",
        "planned_3_value_value": "",
        "planned_3_probability_value": "",
        "planned_3_completion_value": "",
        "planning_data_count": "29"
      }
    },
    {
      "type": "Feature",
      "id": "planned-candidate-1722349",
      "geometry": {
        "type": "Point",
        "coordinates": [
          -1.8749014,
          54.7284421
        ]
      },
      "properties": {
        "topic_id": "planned-buildings",
        "matrix_record": true,
        "matrix_color": "#2563eb",
        "program_parcel_id": "planned-candidate-1722349",
        "parcel_id": "planned-candidate-1722349",
        "planned_asset_id": "1722349",
        "project_name": "Durham County Council planned/brownfield candidate 1",
        "planned_asset_type": "Council map candidate",
        "local_authority": "Durham County Council",
        "london_authority": "Durham County Council",
        "source_url": "https://maps.durham.gov.uk/OLBasic2/Index.aspx?appid=65&x=408154.513202&y=537057.809612&scale=17",
        "source_file": "terrayield_land_intelligence/sample_data/local_authority_brownfield_manifest_candidates.csv",
        "source_date": "local manifest snapshot; source URL date not embedded",
        "source_summary": "Planning Data evidence: 29 row(s), hosts=https://maps.durham.gov.uk. No approved local brownfield register feed URL yet; requires manual review before activation.",
        "planned_data_status": "candidate_source_location_not_parcel_matched",
        "relation_type": "SOURCE_POINT_LOCATION_ONLY",
        "matching_method": "osgb36_x_y_query_to_wgs84",
        "calculation_explanation": "Point extracted from a local authority / Planning Data candidate source URL. This is a real source-linked candidate location, but parcel intersection and completion month are not verified in the current local DB.",
        "confidence_scale": "2/4",
        "accuracy_scale": "2/4",
        "color_category": "Council map candidate",
        "color_hex": "#2563eb",
        "planned_1_value_value": "Durham County Council planned/brownfield candidate 1",
        "planned_1_value_source": "Durham County Council; https://maps.durham.gov.uk/OLBasic2/Index.aspx?appid=65&x=408154.513202&y=537057.809612&scale=17",
        "planned_1_value_accuracy": "2/4",
        "planned_1_value_explanation": "Point extracted from a local authority / Planning Data candidate source URL. This is a real source-linked candidate location, but parcel intersection and completion month are not verified in the current local DB.",
        "planned_1_probability_value": "Candidate only; manual review required",
        "planned_1_probability_source": "Planning Data evidence: 29 row(s), hosts=https://maps.durham.gov.uk. No approved local brownfield register feed URL yet; requires manual review before activation.",
        "planned_1_probability_accuracy": "2/4",
        "planned_1_probability_explanation": "The manifest confirms a local source candidate and source URL, not final delivery probability.",
        "planned_1_completion_value": "Completion month not available in local source",
        "planned_1_completion_source": "No completion month in local_authority_brownfield_manifest_candidates.csv",
        "planned_1_completion_accuracy": "0/4",
        "planned_1_completion_explanation": "No completion date was present; no fabricated month was generated.",
        "planned_2_value_value": "",
        "planned_2_probability_value": "",
        "planned_2_completion_value": "",
        "planned_3_value_value": "",
        "planned_3_probability_value": "",
        "planned_3_completion_value": "",
        "planning_data_count": "29"
      }
    },
    {
      "type": "Feature",
      "id": "planned-candidate-1716023",
      "geometry": {
        "type": "Point",
        "coordinates": [
          -2.0798699,
          53.5395519
        ]
      },
      "properties": {
        "topic_id": "planned-buildings",
        "matrix_record": true,
        "matrix_color": "#92400e",
        "program_parcel_id": "planned-candidate-1716023",
        "parcel_id": "planned-candidate-1716023",
        "planned_asset_id": "1716023",
        "project_name": "Oldham Metropolitan Borough Council planned/brownfield candidate 1",
        "planned_asset_type": "Brownfield register candidate",
        "local_authority": "Oldham Metropolitan Borough Council",
        "london_authority": "Oldham Metropolitan Borough Council",
        "source_url": "http://maps.oldham.gov.uk/WebMapLayers8/?x=394804.262751678&y=404770.268469688&resolution=0.2&MapName=Brownfield",
        "source_file": "terrayield_land_intelligence/sample_data/local_authority_brownfield_manifest_candidates.csv",
        "source_date": "local manifest snapshot; source URL date not embedded",
        "source_summary": "Planning Data evidence: 90 row(s), hosts=http://maps.oldham.gov.uk, https://map.oldham.gov.uk, https://maps.oldham.gov.uk. No approved local brownfield register feed URL yet; requires manual review before activation.",
        "planned_data_status": "candidate_source_location_not_parcel_matched",
        "relation_type": "SOURCE_POINT_LOCATION_ONLY",
        "matching_method": "osgb36_x_y_query_to_wgs84",
        "calculation_explanation": "Point extracted from a local authority / Planning Data candidate source URL. This is a real source-linked candidate location, but parcel intersection and completion month are not verified in the current local DB.",
        "confidence_scale": "2/4",
        "accuracy_scale": "2/4",
        "color_category": "Brownfield register candidate",
        "color_hex": "#92400e",
        "planned_1_value_value": "Oldham Metropolitan Borough Council planned/brownfield candidate 1",
        "planned_1_value_source": "Oldham Metropolitan Borough Council; http://maps.oldham.gov.uk/WebMapLayers8/?x=394804.262751678&y=404770.268469688&resolution=0.2&MapName=Brownfield",
        "planned_1_value_accuracy": "2/4",
        "planned_1_value_explanation": "Point extracted from a local authority / Planning Data candidate source URL. This is a real source-linked candidate location, but parcel intersection and completion month are not verified in the current local DB.",
        "planned_1_probability_value": "Candidate only; manual review required",
        "planned_1_probability_source": "Planning Data evidence: 90 row(s), hosts=http://maps.oldham.gov.uk, https://map.oldham.gov.uk, https://maps.oldham.gov.uk. No approved local brownfield register feed URL yet; requires manual review before activation.",
        "planned_1_probability_accuracy": "2/4",
        "planned_1_probability_explanation": "The manifest confirms a local source candidate and source URL, not final delivery probability.",
        "planned_1_completion_value": "Completion month not available in local source",
        "planned_1_completion_source": "No completion month in local_authority_brownfield_manifest_candidates.csv",
        "planned_1_completion_accuracy": "0/4",
        "planned_1_completion_explanation": "No completion date was present; no fabricated month was generated.",
        "planned_2_value_value": "",
        "planned_2_probability_value": "",
        "planned_2_completion_value": "",
        "planned_3_value_value": "",
        "planned_3_probability_value": "",
        "planned_3_completion_value": "",
        "planning_data_count": "90"
      }
    },
    {
      "type": "Feature",
      "id": "planned-candidate-1716030",
      "geometry": {
        "type": "Point",
        "coordinates": [
          -2.0946057,
          53.5695224
        ]
      },
      "properties": {
        "topic_id": "planned-buildings",
        "matrix_record": true,
        "matrix_color": "#92400e",
        "program_parcel_id": "planned-candidate-1716030",
        "parcel_id": "planned-candidate-1716030",
        "planned_asset_id": "1716030",
        "project_name": "Oldham Metropolitan Borough Council planned/brownfield candidate 2",
        "planned_asset_type": "Brownfield register candidate",
        "local_authority": "Oldham Metropolitan Borough Council",
        "london_authority": "Oldham Metropolitan Borough Council",
        "source_url": "http://maps.oldham.gov.uk/WebMapLayers8/?x=393832.118325058&y=408105.846192714&resolution=0.2&MapName=Brownfield",
        "source_file": "terrayield_land_intelligence/sample_data/local_authority_brownfield_manifest_candidates.csv",
        "source_date": "local manifest snapshot; source URL date not embedded",
        "source_summary": "Planning Data evidence: 90 row(s), hosts=http://maps.oldham.gov.uk, https://map.oldham.gov.uk, https://maps.oldham.gov.uk. No approved local brownfield register feed URL yet; requires manual review before activation.",
        "planned_data_status": "candidate_source_location_not_parcel_matched",
        "relation_type": "SOURCE_POINT_LOCATION_ONLY",
        "matching_method": "osgb36_x_y_query_to_wgs84",
        "calculation_explanation": "Point extracted from a local authority / Planning Data candidate source URL. This is a real source-linked candidate location, but parcel intersection and completion month are not verified in the current local DB.",
        "confidence_scale": "2/4",
        "accuracy_scale": "2/4",
        "color_category": "Brownfield register candidate",
        "color_hex": "#92400e",
        "planned_1_value_value": "Oldham Metropolitan Borough Council planned/brownfield candidate 2",
        "planned_1_value_source": "Oldham Metropolitan Borough Council; http://maps.oldham.gov.uk/WebMapLayers8/?x=393832.118325058&y=408105.846192714&resolution=0.2&MapName=Brownfield",
        "planned_1_value_accuracy": "2/4",
        "planned_1_value_explanation": "Point extracted from a local authority / Planning Data candidate source URL. This is a real source-linked candidate location, but parcel intersection and completion month are not verified in the current local DB.",
        "planned_1_probability_value": "Candidate only; manual review required",
        "planned_1_probability_source": "Planning Data evidence: 90 row(s), hosts=http://maps.oldham.gov.uk, https://map.oldham.gov.uk, https://maps.oldham.gov.uk. No approved local brownfield register feed URL yet; requires manual review before activation.",
        "planned_1_probability_accuracy": "2/4",
        "planned_1_probability_explanation": "The manifest confirms a local source candidate and source URL, not final delivery probability.",
        "planned_1_completion_value": "Completion month not available in local source",
        "planned_1_completion_source": "No completion month in local_authority_brownfield_manifest_candidates.csv",
        "planned_1_completion_accuracy": "0/4",
        "planned_1_completion_explanation": "No completion date was present; no fabricated month was generated.",
        "planned_2_value_value": "",
        "planned_2_probability_value": "",
        "planned_2_completion_value": "",
        "planned_3_value_value": "",
        "planned_3_probability_value": "",
        "planned_3_completion_value": "",
        "planning_data_count": "90"
      }
    },
    {
      "type": "Feature",
      "id": "planned-candidate-1716033",
      "geometry": {
        "type": "Point",
        "coordinates": [
          -2.1172415,
          53.5288375
        ]
      },
      "properties": {
        "topic_id": "planned-buildings",
        "matrix_record": true,
        "matrix_color": "#92400e",
        "program_parcel_id": "planned-candidate-1716033",
        "parcel_id": "planned-candidate-1716033",
        "planned_asset_id": "1716033",
        "project_name": "Oldham Metropolitan Borough Council planned/brownfield candidate 3",
        "planned_asset_type": "Brownfield register candidate",
        "local_authority": "Oldham Metropolitan Borough Council",
        "london_authority": "Oldham Metropolitan Borough Council",
        "source_url": "http://maps.oldham.gov.uk/WebMapLayers8/?x=392325.577982876&y=403581.680800938&resolution=0.2&MapName=Brownfield",
        "source_file": "terrayield_land_intelligence/sample_data/local_authority_brownfield_manifest_candidates.csv",
        "source_date": "local manifest snapshot; source URL date not embedded",
        "source_summary": "Planning Data evidence: 90 row(s), hosts=http://maps.oldham.gov.uk, https://map.oldham.gov.uk, https://maps.oldham.gov.uk. No approved local brownfield register feed URL yet; requires manual review before activation.",
        "planned_data_status": "candidate_source_location_not_parcel_matched",
        "relation_type": "SOURCE_POINT_LOCATION_ONLY",
        "matching_method": "osgb36_x_y_query_to_wgs84",
        "calculation_explanation": "Point extracted from a local authority / Planning Data candidate source URL. This is a real source-linked candidate location, but parcel intersection and completion month are not verified in the current local DB.",
        "confidence_scale": "2/4",
        "accuracy_scale": "2/4",
        "color_category": "Brownfield register candidate",
        "color_hex": "#92400e",
        "planned_1_value_value": "Oldham Metropolitan Borough Council planned/brownfield candidate 3",
        "planned_1_value_source": "Oldham Metropolitan Borough Council; http://maps.oldham.gov.uk/WebMapLayers8/?x=392325.577982876&y=403581.680800938&resolution=0.2&MapName=Brownfield",
        "planned_1_value_accuracy": "2/4",
        "planned_1_value_explanation": "Point extracted from a local authority / Planning Data candidate source URL. This is a real source-linked candidate location, but parcel intersection and completion month are not verified in the current local DB.",
        "planned_1_probability_value": "Candidate only; manual review required",
        "planned_1_probability_source": "Planning Data evidence: 90 row(s), hosts=http://maps.oldham.gov.uk, https://map.oldham.gov.uk, https://maps.oldham.gov.uk. No approved local brownfield register feed URL yet; requires manual review before activation.",
        "planned_1_probability_accuracy": "2/4",
        "planned_1_probability_explanation": "The manifest confirms a local source candidate and source URL, not final delivery probability.",
        "planned_1_completion_value": "Completion month not available in local source",
        "planned_1_completion_source": "No completion month in local_authority_brownfield_manifest_candidates.csv",
        "planned_1_completion_accuracy": "0/4",
        "planned_1_completion_explanation": "No completion date was present; no fabricated month was generated.",
        "planned_2_value_value": "",
        "planned_2_probability_value": "",
        "planned_2_completion_value": "",
        "planned_3_value_value": "",
        "planned_3_probability_value": "",
        "planned_3_completion_value": "",
        "planning_data_count": "90"
      }
    },
    {
      "type": "Feature",
      "id": "planned-candidate-1716056",
      "geometry": {
        "type": "Point",
        "coordinates": [
          -2.1241301,
          53.5619726
        ]
      },
      "properties": {
        "topic_id": "planned-buildings",
        "matrix_record": true,
        "matrix_color": "#92400e",
        "program_parcel_id": "planned-candidate-1716056",
        "parcel_id": "planned-candidate-1716056",
        "planned_asset_id": "1716056",
        "project_name": "Oldham Metropolitan Borough Council planned/brownfield candidate 5",
        "planned_asset_type": "Brownfield register candidate",
        "local_authority": "Oldham Metropolitan Borough Council",
        "london_authority": "Oldham Metropolitan Borough Council",
        "source_url": "http://maps.oldham.gov.uk/WebMapLayers8/?x=391875.375975272&y=407268.902582278&resolution=0.2&MapName=Brownfield",
        "source_file": "terrayield_land_intelligence/sample_data/local_authority_brownfield_manifest_candidates.csv",
        "source_date": "local manifest snapshot; source URL date not embedded",
        "source_summary": "Planning Data evidence: 90 row(s), hosts=http://maps.oldham.gov.uk, https://map.oldham.gov.uk, https://maps.oldham.gov.uk. No approved local brownfield register feed URL yet; requires manual review before activation.",
        "planned_data_status": "candidate_source_location_not_parcel_matched",
        "relation_type": "SOURCE_POINT_LOCATION_ONLY",
        "matching_method": "osgb36_x_y_query_to_wgs84",
        "calculation_explanation": "Point extracted from a local authority / Planning Data candidate source URL. This is a real source-linked candidate location, but parcel intersection and completion month are not verified in the current local DB.",
        "confidence_scale": "2/4",
        "accuracy_scale": "2/4",
        "color_category": "Brownfield register candidate",
        "color_hex": "#92400e",
        "planned_1_value_value": "Oldham Metropolitan Borough Council planned/brownfield candidate 5",
        "planned_1_value_source": "Oldham Metropolitan Borough Council; http://maps.oldham.gov.uk/WebMapLayers8/?x=391875.375975272&y=407268.902582278&resolution=0.2&MapName=Brownfield",
        "planned_1_value_accuracy": "2/4",
        "planned_1_value_explanation": "Point extracted from a local authority / Planning Data candidate source URL. This is a real source-linked candidate location, but parcel intersection and completion month are not verified in the current local DB.",
        "planned_1_probability_value": "Candidate only; manual review required",
        "planned_1_probability_source": "Planning Data evidence: 90 row(s), hosts=http://maps.oldham.gov.uk, https://map.oldham.gov.uk, https://maps.oldham.gov.uk. No approved local brownfield register feed URL yet; requires manual review before activation.",
        "planned_1_probability_accuracy": "2/4",
        "planned_1_probability_explanation": "The manifest confirms a local source candidate and source URL, not final delivery probability.",
        "planned_1_completion_value": "Completion month not available in local source",
        "planned_1_completion_source": "No completion month in local_authority_brownfield_manifest_candidates.csv",
        "planned_1_completion_accuracy": "0/4",
        "planned_1_completion_explanation": "No completion date was present; no fabricated month was generated.",
        "planned_2_value_value": "",
        "planned_2_probability_value": "",
        "planned_2_completion_value": "",
        "planned_3_value_value": "",
        "planned_3_probability_value": "",
        "planned_3_completion_value": "",
        "planning_data_count": "90"
      }
    },
    {
      "type": "Feature",
      "id": "planned-candidate-1700579",
      "geometry": {
        "type": "Point",
        "coordinates": [
          -2.9660538,
          53.4803373
        ]
      },
      "properties": {
        "topic_id": "planned-buildings",
        "matrix_record": true,
        "matrix_color": "#92400e",
        "program_parcel_id": "planned-candidate-1700579",
        "parcel_id": "planned-candidate-1700579",
        "planned_asset_id": "1700579",
        "project_name": "Sefton Metropolitan Borough Council planned/brownfield candidate 1",
        "planned_asset_type": "Brownfield register candidate",
        "local_authority": "Sefton Metropolitan Borough Council",
        "london_authority": "Sefton Metropolitan Borough Council",
        "source_url": "http://maps.sefton.gov.uk/webmaplayers/?x=335986&y=398614&resolution=0.1&epsg=27700&mapname=smbc&baseLayer=ColourMapping&datalayers=Sefton%20Boundary%2CBrownfield%20Land%20Register%202020%2CselectFeaturesControl_container",
        "source_file": "terrayield_land_intelligence/sample_data/local_authority_brownfield_manifest_candidates.csv",
        "source_date": "local manifest snapshot; source URL date not embedded",
        "source_summary": "Planning Data evidence: 49 row(s), hosts=http://maps.sefton.gov.uk. No approved local brownfield register feed URL yet; requires manual review before activation.",
        "planned_data_status": "candidate_source_location_not_parcel_matched",
        "relation_type": "SOURCE_POINT_LOCATION_ONLY",
        "matching_method": "osgb36_x_y_query_to_wgs84",
        "calculation_explanation": "Point extracted from a local authority / Planning Data candidate source URL. This is a real source-linked candidate location, but parcel intersection and completion month are not verified in the current local DB.",
        "confidence_scale": "2/4",
        "accuracy_scale": "2/4",
        "color_category": "Brownfield register candidate",
        "color_hex": "#92400e",
        "planned_1_value_value": "Sefton Metropolitan Borough Council planned/brownfield candidate 1",
        "planned_1_value_source": "Sefton Metropolitan Borough Council; http://maps.sefton.gov.uk/webmaplayers/?x=335986&y=398614&resolution=0.1&epsg=27700&mapname=smbc&baseLayer=ColourMapping&datalayers=Sefton%20Boundary%2CBrownfield%20Land%20Register%202020%2CselectFeaturesControl_container",
        "planned_1_value_accuracy": "2/4",
        "planned_1_value_explanation": "Point extracted from a local authority / Planning Data candidate source URL. This is a real source-linked candidate location, but parcel intersection and completion month are not verified in the current local DB.",
        "planned_1_probability_value": "Candidate only; manual review required",
        "planned_1_probability_source": "Planning Data evidence: 49 row(s), hosts=http://maps.sefton.gov.uk. No approved local brownfield register feed URL yet; requires manual review before activation.",
        "planned_1_probability_accuracy": "2/4",
        "planned_1_probability_explanation": "The manifest confirms a local source candidate and source URL, not final delivery probability.",
        "planned_1_completion_value": "Completion month not available in local source",
        "planned_1_completion_source": "No completion month in local_authority_brownfield_manifest_candidates.csv",
        "planned_1_completion_accuracy": "0/4",
        "planned_1_completion_explanation": "No completion date was present; no fabricated month was generated.",
        "planned_2_value_value": "",
        "planned_2_probability_value": "",
        "planned_2_completion_value": "",
        "planned_3_value_value": "",
        "planned_3_probability_value": "",
        "planned_3_completion_value": "",
        "planning_data_count": "49"
      }
    },
    {
      "type": "Feature",
      "id": "planned-candidate-1700580",
      "geometry": {
        "type": "Point",
        "coordinates": [
          -2.9852046,
          53.46401
        ]
      },
      "properties": {
        "topic_id": "planned-buildings",
        "matrix_record": true,
        "matrix_color": "#92400e",
        "program_parcel_id": "planned-candidate-1700580",
        "parcel_id": "planned-candidate-1700580",
        "planned_asset_id": "1700580",
        "project_name": "Sefton Metropolitan Borough Council planned/brownfield candidate 2",
        "planned_asset_type": "Brownfield register candidate",
        "local_authority": "Sefton Metropolitan Borough Council",
        "london_authority": "Sefton Metropolitan Borough Council",
        "source_url": "http://maps.sefton.gov.uk/webmaplayers/?x=334690&y=396815&resolution=0.5&epsg=27700&mapname=smbc&baseLayer=ColourMapping&datalayers=Sefton%20Boundary%2CBrownfield%20Land%20Register%202017%2CselectFeaturesControl_container",
        "source_file": "terrayield_land_intelligence/sample_data/local_authority_brownfield_manifest_candidates.csv",
        "source_date": "local manifest snapshot; source URL date not embedded",
        "source_summary": "Planning Data evidence: 49 row(s), hosts=http://maps.sefton.gov.uk. No approved local brownfield register feed URL yet; requires manual review before activation.",
        "planned_data_status": "candidate_source_location_not_parcel_matched",
        "relation_type": "SOURCE_POINT_LOCATION_ONLY",
        "matching_method": "osgb36_x_y_query_to_wgs84",
        "calculation_explanation": "Point extracted from a local authority / Planning Data candidate source URL. This is a real source-linked candidate location, but parcel intersection and completion month are not verified in the current local DB.",
        "confidence_scale": "2/4",
        "accuracy_scale": "2/4",
        "color_category": "Brownfield register candidate",
        "color_hex": "#92400e",
        "planned_1_value_value": "Sefton Metropolitan Borough Council planned/brownfield candidate 2",
        "planned_1_value_source": "Sefton Metropolitan Borough Council; http://maps.sefton.gov.uk/webmaplayers/?x=334690&y=396815&resolution=0.5&epsg=27700&mapname=smbc&baseLayer=ColourMapping&datalayers=Sefton%20Boundary%2CBrownfield%20Land%20Register%202017%2CselectFeaturesControl_container",
        "planned_1_value_accuracy": "2/4",
        "planned_1_value_explanation": "Point extracted from a local authority / Planning Data candidate source URL. This is a real source-linked candidate location, but parcel intersection and completion month are not verified in the current local DB.",
        "planned_1_probability_value": "Candidate only; manual review required",
        "planned_1_probability_source": "Planning Data evidence: 49 row(s), hosts=http://maps.sefton.gov.uk. No approved local brownfield register feed URL yet; requires manual review before activation.",
        "planned_1_probability_accuracy": "2/4",
        "planned_1_probability_explanation": "The manifest confirms a local source candidate and source URL, not final delivery probability.",
        "planned_1_completion_value": "Completion month not available in local source",
        "planned_1_completion_source": "No completion month in local_authority_brownfield_manifest_candidates.csv",
        "planned_1_completion_accuracy": "0/4",
        "planned_1_completion_explanation": "No completion date was present; no fabricated month was generated.",
        "planned_2_value_value": "",
        "planned_2_probability_value": "",
        "planned_2_completion_value": "",
        "planned_3_value_value": "",
        "planned_3_probability_value": "",
        "planned_3_completion_value": "",
        "planning_data_count": "49"
      }
    },
    {
      "type": "Feature",
      "id": "planned-candidate-1700581",
      "geometry": {
        "type": "Point",
        "coordinates": [
          -2.9854428,
          53.4508843
        ]
      },
      "properties": {
        "topic_id": "planned-buildings",
        "matrix_record": true,
        "matrix_color": "#92400e",
        "program_parcel_id": "planned-candidate-1700581",
        "parcel_id": "planned-candidate-1700581",
        "planned_asset_id": "1700581",
        "project_name": "Sefton Metropolitan Borough Council planned/brownfield candidate 3",
        "planned_asset_type": "Brownfield register candidate",
        "local_authority": "Sefton Metropolitan Borough Council",
        "london_authority": "Sefton Metropolitan Borough Council",
        "source_url": "http://maps.sefton.gov.uk/webmaplayers/?x=334654&y=395355&resolution=0.2&epsg=27700&mapname=smbc&baseLayer=ColourMapping&datalayers=Sefton%20Boundary%2CBrownfield%20Land%20Register%202020%2CselectFeaturesControl_container",
        "source_file": "terrayield_land_intelligence/sample_data/local_authority_brownfield_manifest_candidates.csv",
        "source_date": "local manifest snapshot; source URL date not embedded",
        "source_summary": "Planning Data evidence: 49 row(s), hosts=http://maps.sefton.gov.uk. No approved local brownfield register feed URL yet; requires manual review before activation.",
        "planned_data_status": "candidate_source_location_not_parcel_matched",
        "relation_type": "SOURCE_POINT_LOCATION_ONLY",
        "matching_method": "osgb36_x_y_query_to_wgs84",
        "calculation_explanation": "Point extracted from a local authority / Planning Data candidate source URL. This is a real source-linked candidate location, but parcel intersection and completion month are not verified in the current local DB.",
        "confidence_scale": "2/4",
        "accuracy_scale": "2/4",
        "color_category": "Brownfield register candidate",
        "color_hex": "#92400e",
        "planned_1_value_value": "Sefton Metropolitan Borough Council planned/brownfield candidate 3",
        "planned_1_value_source": "Sefton Metropolitan Borough Council; http://maps.sefton.gov.uk/webmaplayers/?x=334654&y=395355&resolution=0.2&epsg=27700&mapname=smbc&baseLayer=ColourMapping&datalayers=Sefton%20Boundary%2CBrownfield%20Land%20Register%202020%2CselectFeaturesControl_container",
        "planned_1_value_accuracy": "2/4",
        "planned_1_value_explanation": "Point extracted from a local authority / Planning Data candidate source URL. This is a real source-linked candidate location, but parcel intersection and completion month are not verified in the current local DB.",
        "planned_1_probability_value": "Candidate only; manual review required",
        "planned_1_probability_source": "Planning Data evidence: 49 row(s), hosts=http://maps.sefton.gov.uk. No approved local brownfield register feed URL yet; requires manual review before activation.",
        "planned_1_probability_accuracy": "2/4",
        "planned_1_probability_explanation": "The manifest confirms a local source candidate and source URL, not final delivery probability.",
        "planned_1_completion_value": "Completion month not available in local source",
        "planned_1_completion_source": "No completion month in local_authority_brownfield_manifest_candidates.csv",
        "planned_1_completion_accuracy": "0/4",
        "planned_1_completion_explanation": "No completion date was present; no fabricated month was generated.",
        "planned_2_value_value": "",
        "planned_2_probability_value": "",
        "planned_2_completion_value": "",
        "planned_3_value_value": "",
        "planned_3_probability_value": "",
        "planned_3_completion_value": "",
        "planning_data_count": "49"
      }
    },
    {
      "type": "Feature",
      "id": "planned-candidate-1700582",
      "geometry": {
        "type": "Point",
        "coordinates": [
          -2.9828584,
          53.4491707
        ]
      },
      "properties": {
        "topic_id": "planned-buildings",
        "matrix_record": true,
        "matrix_color": "#92400e",
        "program_parcel_id": "planned-candidate-1700582",
        "parcel_id": "planned-candidate-1700582",
        "planned_asset_id": "1700582",
        "project_name": "Sefton Metropolitan Borough Council planned/brownfield candidate 4",
        "planned_asset_type": "Brownfield register candidate",
        "local_authority": "Sefton Metropolitan Borough Council",
        "london_authority": "Sefton Metropolitan Borough Council",
        "source_url": "http://maps.sefton.gov.uk/webmaplayers/?x=334823&y=395162&resolution=0.2&epsg=27700&mapname=smbc&baseLayer=ColourMapping&datalayers=Sefton%20Boundary%2CBrownfield%20Land%20Register%202017%2CselectFeaturesControl_container",
        "source_file": "terrayield_land_intelligence/sample_data/local_authority_brownfield_manifest_candidates.csv",
        "source_date": "local manifest snapshot; source URL date not embedded",
        "source_summary": "Planning Data evidence: 49 row(s), hosts=http://maps.sefton.gov.uk. No approved local brownfield register feed URL yet; requires manual review before activation.",
        "planned_data_status": "candidate_source_location_not_parcel_matched",
        "relation_type": "SOURCE_POINT_LOCATION_ONLY",
        "matching_method": "osgb36_x_y_query_to_wgs84",
        "calculation_explanation": "Point extracted from a local authority / Planning Data candidate source URL. This is a real source-linked candidate location, but parcel intersection and completion month are not verified in the current local DB.",
        "confidence_scale": "2/4",
        "accuracy_scale": "2/4",
        "color_category": "Brownfield register candidate",
        "color_hex": "#92400e",
        "planned_1_value_value": "Sefton Metropolitan Borough Council planned/brownfield candidate 4",
        "planned_1_value_source": "Sefton Metropolitan Borough Council; http://maps.sefton.gov.uk/webmaplayers/?x=334823&y=395162&resolution=0.2&epsg=27700&mapname=smbc&baseLayer=ColourMapping&datalayers=Sefton%20Boundary%2CBrownfield%20Land%20Register%202017%2CselectFeaturesControl_container",
        "planned_1_value_accuracy": "2/4",
        "planned_1_value_explanation": "Point extracted from a local authority / Planning Data candidate source URL. This is a real source-linked candidate location, but parcel intersection and completion month are not verified in the current local DB.",
        "planned_1_probability_value": "Candidate only; manual review required",
        "planned_1_probability_source": "Planning Data evidence: 49 row(s), hosts=http://maps.sefton.gov.uk. No approved local brownfield register feed URL yet; requires manual review before activation.",
        "planned_1_probability_accuracy": "2/4",
        "planned_1_probability_explanation": "The manifest confirms a local source candidate and source URL, not final delivery probability.",
        "planned_1_completion_value": "Completion month not available in local source",
        "planned_1_completion_source": "No completion month in local_authority_brownfield_manifest_candidates.csv",
        "planned_1_completion_accuracy": "0/4",
        "planned_1_completion_explanation": "No completion date was present; no fabricated month was generated.",
        "planned_2_value_value": "",
        "planned_2_probability_value": "",
        "planned_2_completion_value": "",
        "planned_3_value_value": "",
        "planned_3_probability_value": "",
        "planned_3_completion_value": "",
        "planning_data_count": "49"
      }
    },
    {
      "type": "Feature",
      "id": "planned-candidate-1700583",
      "geometry": {
        "type": "Point",
        "coordinates": [
          -2.9780266,
          53.4544869
        ]
      },
      "properties": {
        "topic_id": "planned-buildings",
        "matrix_record": true,
        "matrix_color": "#92400e",
        "program_parcel_id": "planned-candidate-1700583",
        "parcel_id": "planned-candidate-1700583",
        "planned_asset_id": "1700583",
        "project_name": "Sefton Metropolitan Borough Council planned/brownfield candidate 5",
        "planned_asset_type": "Brownfield register candidate",
        "local_authority": "Sefton Metropolitan Borough Council",
        "london_authority": "Sefton Metropolitan Borough Council",
        "source_url": "http://maps.sefton.gov.uk/webmaplayers/?x=335152&y=395749&resolution=0.2&epsg=27700&mapname=smbc&baseLayer=ColourMapping&datalayers=Sefton%20Boundary%2CBrownfield%20Land%20Register%202020%2CselectFeaturesControl_container",
        "source_file": "terrayield_land_intelligence/sample_data/local_authority_brownfield_manifest_candidates.csv",
        "source_date": "local manifest snapshot; source URL date not embedded",
        "source_summary": "Planning Data evidence: 49 row(s), hosts=http://maps.sefton.gov.uk. No approved local brownfield register feed URL yet; requires manual review before activation.",
        "planned_data_status": "candidate_source_location_not_parcel_matched",
        "relation_type": "SOURCE_POINT_LOCATION_ONLY",
        "matching_method": "osgb36_x_y_query_to_wgs84",
        "calculation_explanation": "Point extracted from a local authority / Planning Data candidate source URL. This is a real source-linked candidate location, but parcel intersection and completion month are not verified in the current local DB.",
        "confidence_scale": "2/4",
        "accuracy_scale": "2/4",
        "color_category": "Brownfield register candidate",
        "color_hex": "#92400e",
        "planned_1_value_value": "Sefton Metropolitan Borough Council planned/brownfield candidate 5",
        "planned_1_value_source": "Sefton Metropolitan Borough Council; http://maps.sefton.gov.uk/webmaplayers/?x=335152&y=395749&resolution=0.2&epsg=27700&mapname=smbc&baseLayer=ColourMapping&datalayers=Sefton%20Boundary%2CBrownfield%20Land%20Register%202020%2CselectFeaturesControl_container",
        "planned_1_value_accuracy": "2/4",
        "planned_1_value_explanation": "Point extracted from a local authority / Planning Data candidate source URL. This is a real source-linked candidate location, but parcel intersection and completion month are not verified in the current local DB.",
        "planned_1_probability_value": "Candidate only; manual review required",
        "planned_1_probability_source": "Planning Data evidence: 49 row(s), hosts=http://maps.sefton.gov.uk. No approved local brownfield register feed URL yet; requires manual review before activation.",
        "planned_1_probability_accuracy": "2/4",
        "planned_1_probability_explanation": "The manifest confirms a local source candidate and source URL, not final delivery probability.",
        "planned_1_completion_value": "Completion month not available in local source",
        "planned_1_completion_source": "No completion month in local_authority_brownfield_manifest_candidates.csv",
        "planned_1_completion_accuracy": "0/4",
        "planned_1_completion_explanation": "No completion date was present; no fabricated month was generated.",
        "planned_2_value_value": "",
        "planned_2_probability_value": "",
        "planned_2_completion_value": "",
        "planned_3_value_value": "",
        "planned_3_probability_value": "",
        "planned_3_completion_value": "",
        "planning_data_count": "49"
      }
    },
    {
      "type": "Feature",
      "id": "planned-candidate-1700164",
      "geometry": {
        "type": "Point",
        "coordinates": [
          -2.7610256,
          51.4862239
        ]
      },
      "properties": {
        "topic_id": "planned-buildings",
        "matrix_record": true,
        "matrix_color": "#92400e",
        "program_parcel_id": "planned-candidate-1700164",
        "parcel_id": "planned-candidate-1700164",
        "planned_asset_id": "1700164",
        "project_name": "Somerset Council planned/brownfield candidate 2",
        "planned_asset_type": "Brownfield register candidate",
        "local_authority": "Somerset Council",
        "london_authority": "Somerset Council",
        "source_url": "http://map.n-somerset.gov.uk/map/Aurora.svc/run?embedded=true&nocache=0.5788848812441214&script=%5cAurora%5cBrownfieldSiteRegister.AuroraScript%24&x=347254.622&y=176638.449&scale=2048",
        "source_file": "terrayield_land_intelligence/sample_data/local_authority_brownfield_manifest_candidates.csv",
        "source_date": "local manifest snapshot; source URL date not embedded",
        "source_summary": "Planning Data evidence: 120 row(s), hosts=https://somersetcc.sharepoint.com, http://map.n-somerset.gov.uk. No approved local brownfield register feed URL yet; requires manual review before activation.",
        "planned_data_status": "candidate_source_location_not_parcel_matched",
        "relation_type": "SOURCE_POINT_LOCATION_ONLY",
        "matching_method": "osgb36_x_y_query_to_wgs84",
        "calculation_explanation": "Point extracted from a local authority / Planning Data candidate source URL. This is a real source-linked candidate location, but parcel intersection and completion month are not verified in the current local DB.",
        "confidence_scale": "2/4",
        "accuracy_scale": "2/4",
        "color_category": "Brownfield register candidate",
        "color_hex": "#92400e",
        "planned_1_value_value": "Somerset Council planned/brownfield candidate 2",
        "planned_1_value_source": "Somerset Council; http://map.n-somerset.gov.uk/map/Aurora.svc/run?embedded=true&nocache=0.5788848812441214&script=%5cAurora%5cBrownfieldSiteRegister.AuroraScript%24&x=347254.622&y=176638.449&scale=2048",
        "planned_1_value_accuracy": "2/4",
        "planned_1_value_explanation": "Point extracted from a local authority / Planning Data candidate source URL. This is a real source-linked candidate location, but parcel intersection and completion month are not verified in the current local DB.",
        "planned_1_probability_value": "Candidate only; manual review required",
        "planned_1_probability_source": "Planning Data evidence: 120 row(s), hosts=https://somersetcc.sharepoint.com, http://map.n-somerset.gov.uk. No approved local brownfield register feed URL yet; requires manual review before activation.",
        "planned_1_probability_accuracy": "2/4",
        "planned_1_probability_explanation": "The manifest confirms a local source candidate and source URL, not final delivery probability.",
        "planned_1_completion_value": "Completion month not available in local source",
        "planned_1_completion_source": "No completion month in local_authority_brownfield_manifest_candidates.csv",
        "planned_1_completion_accuracy": "0/4",
        "planned_1_completion_explanation": "No completion date was present; no fabricated month was generated.",
        "planned_2_value_value": "",
        "planned_2_probability_value": "",
        "planned_2_completion_value": "",
        "planned_3_value_value": "",
        "planned_3_probability_value": "",
        "planned_3_completion_value": "",
        "planning_data_count": "120"
      }
    },
    {
      "type": "Feature",
      "id": "planned-candidate-1700166",
      "geometry": {
        "type": "Point",
        "coordinates": [
          -2.757522,
          51.4867192
        ]
      },
      "properties": {
        "topic_id": "planned-buildings",
        "matrix_record": true,
        "matrix_color": "#92400e",
        "program_parcel_id": "planned-candidate-1700166",
        "parcel_id": "planned-candidate-1700166",
        "planned_asset_id": "1700166",
        "project_name": "Somerset Council planned/brownfield candidate 3",
        "planned_asset_type": "Brownfield register candidate",
        "local_authority": "Somerset Council",
        "london_authority": "Somerset Council",
        "source_url": "http://map.n-somerset.gov.uk/map/Aurora.svc/run?embedded=true&nocache=0.5788848812441214&script=%5cAurora%5cBrownfieldSiteRegister.AuroraScript%24&x=347498.462&y=176691.010&scale=2048",
        "source_file": "terrayield_land_intelligence/sample_data/local_authority_brownfield_manifest_candidates.csv",
        "source_date": "local manifest snapshot; source URL date not embedded",
        "source_summary": "Planning Data evidence: 120 row(s), hosts=https://somersetcc.sharepoint.com, http://map.n-somerset.gov.uk. No approved local brownfield register feed URL yet; requires manual review before activation.",
        "planned_data_status": "candidate_source_location_not_parcel_matched",
        "relation_type": "SOURCE_POINT_LOCATION_ONLY",
        "matching_method": "osgb36_x_y_query_to_wgs84",
        "calculation_explanation": "Point extracted from a local authority / Planning Data candidate source URL. This is a real source-linked candidate location, but parcel intersection and completion month are not verified in the current local DB.",
        "confidence_scale": "2/4",
        "accuracy_scale": "2/4",
        "color_category": "Brownfield register candidate",
        "color_hex": "#92400e",
        "planned_1_value_value": "Somerset Council planned/brownfield candidate 3",
        "planned_1_value_source": "Somerset Council; http://map.n-somerset.gov.uk/map/Aurora.svc/run?embedded=true&nocache=0.5788848812441214&script=%5cAurora%5cBrownfieldSiteRegister.AuroraScript%24&x=347498.462&y=176691.010&scale=2048",
        "planned_1_value_accuracy": "2/4",
        "planned_1_value_explanation": "Point extracted from a local authority / Planning Data candidate source URL. This is a real source-linked candidate location, but parcel intersection and completion month are not verified in the current local DB.",
        "planned_1_probability_value": "Candidate only; manual review required",
        "planned_1_probability_source": "Planning Data evidence: 120 row(s), hosts=https://somersetcc.sharepoint.com, http://map.n-somerset.gov.uk. No approved local brownfield register feed URL yet; requires manual review before activation.",
        "planned_1_probability_accuracy": "2/4",
        "planned_1_probability_explanation": "The manifest confirms a local source candidate and source URL, not final delivery probability.",
        "planned_1_completion_value": "Completion month not available in local source",
        "planned_1_completion_source": "No completion month in local_authority_brownfield_manifest_candidates.csv",
        "planned_1_completion_accuracy": "0/4",
        "planned_1_completion_explanation": "No completion date was present; no fabricated month was generated.",
        "planned_2_value_value": "",
        "planned_2_probability_value": "",
        "planned_2_completion_value": "",
        "planned_3_value_value": "",
        "planned_3_probability_value": "",
        "planned_3_completion_value": "",
        "planning_data_count": "120"
      }
    },
    {
      "type": "Feature",
      "id": "planned-candidate-1700167",
      "geometry": {
        "type": "Point",
        "coordinates": [
          -2.9866736,
          51.3535633
        ]
      },
      "properties": {
        "topic_id": "planned-buildings",
        "matrix_record": true,
        "matrix_color": "#92400e",
        "program_parcel_id": "planned-candidate-1700167",
        "parcel_id": "planned-candidate-1700167",
        "planned_asset_id": "1700167",
        "project_name": "Somerset Council planned/brownfield candidate 4",
        "planned_asset_type": "Brownfield register candidate",
        "local_authority": "Somerset Council",
        "london_authority": "Somerset Council",
        "source_url": "http://map.n-somerset.gov.uk/map/Aurora.svc/run?embedded=true&nocache=0.5788848812441214&script=%5cAurora%5cBrownfieldSiteRegister.AuroraScript%24&x=331388.324&y=162072.126&scale=2048",
        "source_file": "terrayield_land_intelligence/sample_data/local_authority_brownfield_manifest_candidates.csv",
        "source_date": "local manifest snapshot; source URL date not embedded",
        "source_summary": "Planning Data evidence: 120 row(s), hosts=https://somersetcc.sharepoint.com, http://map.n-somerset.gov.uk. No approved local brownfield register feed URL yet; requires manual review before activation.",
        "planned_data_status": "candidate_source_location_not_parcel_matched",
        "relation_type": "SOURCE_POINT_LOCATION_ONLY",
        "matching_method": "osgb36_x_y_query_to_wgs84",
        "calculation_explanation": "Point extracted from a local authority / Planning Data candidate source URL. This is a real source-linked candidate location, but parcel intersection and completion month are not verified in the current local DB.",
        "confidence_scale": "2/4",
        "accuracy_scale": "2/4",
        "color_category": "Brownfield register candidate",
        "color_hex": "#92400e",
        "planned_1_value_value": "Somerset Council planned/brownfield candidate 4",
        "planned_1_value_source": "Somerset Council; http://map.n-somerset.gov.uk/map/Aurora.svc/run?embedded=true&nocache=0.5788848812441214&script=%5cAurora%5cBrownfieldSiteRegister.AuroraScript%24&x=331388.324&y=162072.126&scale=2048",
        "planned_1_value_accuracy": "2/4",
        "planned_1_value_explanation": "Point extracted from a local authority / Planning Data candidate source URL. This is a real source-linked candidate location, but parcel intersection and completion month are not verified in the current local DB.",
        "planned_1_probability_value": "Candidate only; manual review required",
        "planned_1_probability_source": "Planning Data evidence: 120 row(s), hosts=https://somersetcc.sharepoint.com, http://map.n-somerset.gov.uk. No approved local brownfield register feed URL yet; requires manual review before activation.",
        "planned_1_probability_accuracy": "2/4",
        "planned_1_probability_explanation": "The manifest confirms a local source candidate and source URL, not final delivery probability.",
        "planned_1_completion_value": "Completion month not available in local source",
        "planned_1_completion_source": "No completion month in local_authority_brownfield_manifest_candidates.csv",
        "planned_1_completion_accuracy": "0/4",
        "planned_1_completion_explanation": "No completion date was present; no fabricated month was generated.",
        "planned_2_value_value": "",
        "planned_2_probability_value": "",
        "planned_2_completion_value": "",
        "planned_3_value_value": "",
        "planned_3_probability_value": "",
        "planned_3_completion_value": "",
        "planning_data_count": "120"
      }
    },
    {
      "type": "Feature",
      "id": "planned-candidate-1700168",
      "geometry": {
        "type": "Point",
        "coordinates": [
          -2.9725241,
          51.3501594
        ]
      },
      "properties": {
        "topic_id": "planned-buildings",
        "matrix_record": true,
        "matrix_color": "#92400e",
        "program_parcel_id": "planned-candidate-1700168",
        "parcel_id": "planned-candidate-1700168",
        "planned_asset_id": "1700168",
        "project_name": "Somerset Council planned/brownfield candidate 5",
        "planned_asset_type": "Brownfield register candidate",
        "local_authority": "Somerset Council",
        "london_authority": "Somerset Council",
        "source_url": "http://map.n-somerset.gov.uk/map/Aurora.svc/run?embedded=true&nocache=0.5788848812441214&script=%5cAurora%5cBrownfieldSiteRegister.AuroraScript%24&x=332368.599&y=161680.410&scale=1024",
        "source_file": "terrayield_land_intelligence/sample_data/local_authority_brownfield_manifest_candidates.csv",
        "source_date": "local manifest snapshot; source URL date not embedded",
        "source_summary": "Planning Data evidence: 120 row(s), hosts=https://somersetcc.sharepoint.com, http://map.n-somerset.gov.uk. No approved local brownfield register feed URL yet; requires manual review before activation.",
        "planned_data_status": "candidate_source_location_not_parcel_matched",
        "relation_type": "SOURCE_POINT_LOCATION_ONLY",
        "matching_method": "osgb36_x_y_query_to_wgs84",
        "calculation_explanation": "Point extracted from a local authority / Planning Data candidate source URL. This is a real source-linked candidate location, but parcel intersection and completion month are not verified in the current local DB.",
        "confidence_scale": "2/4",
        "accuracy_scale": "2/4",
        "color_category": "Brownfield register candidate",
        "color_hex": "#92400e",
        "planned_1_value_value": "Somerset Council planned/brownfield candidate 5",
        "planned_1_value_source": "Somerset Council; http://map.n-somerset.gov.uk/map/Aurora.svc/run?embedded=true&nocache=0.5788848812441214&script=%5cAurora%5cBrownfieldSiteRegister.AuroraScript%24&x=332368.599&y=161680.410&scale=1024",
        "planned_1_value_accuracy": "2/4",
        "planned_1_value_explanation": "Point extracted from a local authority / Planning Data candidate source URL. This is a real source-linked candidate location, but parcel intersection and completion month are not verified in the current local DB.",
        "planned_1_probability_value": "Candidate only; manual review required",
        "planned_1_probability_source": "Planning Data evidence: 120 row(s), hosts=https://somersetcc.sharepoint.com, http://map.n-somerset.gov.uk. No approved local brownfield register feed URL yet; requires manual review before activation.",
        "planned_1_probability_accuracy": "2/4",
        "planned_1_probability_explanation": "The manifest confirms a local source candidate and source URL, not final delivery probability.",
        "planned_1_completion_value": "Completion month not available in local source",
        "planned_1_completion_source": "No completion month in local_authority_brownfield_manifest_candidates.csv",
        "planned_1_completion_accuracy": "0/4",
        "planned_1_completion_explanation": "No completion date was present; no fabricated month was generated.",
        "planned_2_value_value": "",
        "planned_2_probability_value": "",
        "planned_2_completion_value": "",
        "planned_3_value_value": "",
        "planned_3_probability_value": "",
        "planned_3_completion_value": "",
        "planning_data_count": "120"
      }
    },
    {
      "type": "Feature",
      "id": "planned-candidate-1713867",
      "geometry": {
        "type": "Point",
        "coordinates": [
          -2.2367399,
          51.7492126
        ]
      },
      "properties": {
        "topic_id": "planned-buildings",
        "matrix_record": true,
        "matrix_color": "#0ea5e9",
        "program_parcel_id": "planned-candidate-1713867",
        "parcel_id": "planned-candidate-1713867",
        "planned_asset_id": "1713867",
        "project_name": "106 Stratford Road",
        "planned_asset_type": "ArcGIS council map candidate",
        "local_authority": "Stratford-on-Avon District Council",
        "london_authority": "Stratford-on-Avon District Council",
        "source_url": "https://stroud.maps.arcgis.com/apps/webappviewer/index.html?id=b3bf4f9b148a41d98f3f1ae5e8bb5cf7&marker=-2.236739947571015%2C51.74921262932699%2C%2C%2C%2C&markertemplate=%7B%22title%22%3A%22106%20Stratford%20Road%22%2C%22longitude%22%3A-2.236739947571015%2C%22latitude%22%3A51.74921262932699%2C%22isIncludeShareUrl%22%3Atrue%7D&level=12",
        "source_file": "terrayield_land_intelligence/sample_data/local_authority_brownfield_manifest_candidates.csv",
        "source_date": "local manifest snapshot; source URL date not embedded",
        "source_summary": "Planning Data evidence: 1 row(s), hosts=https://stroud.maps.arcgis.com. No approved local brownfield register feed URL yet; requires manual review before activation.",
        "planned_data_status": "candidate_source_location_not_parcel_matched",
        "relation_type": "SOURCE_POINT_LOCATION_ONLY",
        "matching_method": "marker_lon_lat_query",
        "calculation_explanation": "Point extracted from a local authority / Planning Data candidate source URL. This is a real source-linked candidate location, but parcel intersection and completion month are not verified in the current local DB.",
        "confidence_scale": "2/4",
        "accuracy_scale": "2/4",
        "color_category": "ArcGIS council map candidate",
        "color_hex": "#0ea5e9",
        "planned_1_value_value": "106 Stratford Road",
        "planned_1_value_source": "Stratford-on-Avon District Council; https://stroud.maps.arcgis.com/apps/webappviewer/index.html?id=b3bf4f9b148a41d98f3f1ae5e8bb5cf7&marker=-2.236739947571015%2C51.74921262932699%2C%2C%2C%2C&markertemplate=%7B%22title%22%3A%22106%20Stratford%20Road%22%2C%22longitude%22%3A-2.236739947571015%2C%22latitude%22%3A51.74921262932699%2C%22isIncludeShareUrl%22%3Atrue%7D&level=12",
        "planned_1_value_accuracy": "2/4",
        "planned_1_value_explanation": "Point extracted from a local authority / Planning Data candidate source URL. This is a real source-linked candidate location, but parcel intersection and completion month are not verified in the current local DB.",
        "planned_1_probability_value": "Candidate only; manual review required",
        "planned_1_probability_source": "Planning Data evidence: 1 row(s), hosts=https://stroud.maps.arcgis.com. No approved local brownfield register feed URL yet; requires manual review before activation.",
        "planned_1_probability_accuracy": "2/4",
        "planned_1_probability_explanation": "The manifest confirms a local source candidate and source URL, not final delivery probability.",
        "planned_1_completion_value": "Completion month not available in local source",
        "planned_1_completion_source": "No completion month in local_authority_brownfield_manifest_candidates.csv",
        "planned_1_completion_accuracy": "0/4",
        "planned_1_completion_explanation": "No completion date was present; no fabricated month was generated.",
        "planned_2_value_value": "",
        "planned_2_probability_value": "",
        "planned_2_completion_value": "",
        "planned_3_value_value": "",
        "planned_3_probability_value": "",
        "planned_3_completion_value": "",
        "planning_data_count": "1"
      }
    },
    {
      "type": "Feature",
      "id": "planned-candidate-1713817",
      "geometry": {
        "type": "Point",
        "coordinates": [
          -2.4587088,
          51.6924168
        ]
      },
      "properties": {
        "topic_id": "planned-buildings",
        "matrix_record": true,
        "matrix_color": "#0ea5e9",
        "program_parcel_id": "planned-candidate-1713817",
        "parcel_id": "planned-candidate-1713817",
        "planned_asset_id": "1713817",
        "project_name": "Garage court r/o Marybrook Street car park",
        "planned_asset_type": "ArcGIS council map candidate",
        "local_authority": "Stroud District Council",
        "london_authority": "Stroud District Council",
        "source_url": "https://stroud.maps.arcgis.com/apps/webappviewer/index.html?id=b3bf4f9b148a41d98f3f1ae5e8bb5cf7&marker=-2.4587088369107306%2C51.692416763415416%2C%2C%2C%2C&markertemplate=%7B%22title%22%3A%22Garage%20court%20r%2Fo%20Marybrook%20Street%20car%20park%22%2C%22longitude%22%3A-2.4587088369107306%2C%22latitude%22%3A51.692416763415416%2C%22isIncludeShareUrl%22%3Atrue%7D&level=12",
        "source_file": "terrayield_land_intelligence/sample_data/local_authority_brownfield_manifest_candidates.csv",
        "source_date": "local manifest snapshot; source URL date not embedded",
        "source_summary": "Planning Data evidence: 84 row(s), hosts=https://stroud.maps.arcgis.com. No approved local brownfield register feed URL yet; requires manual review before activation.",
        "planned_data_status": "candidate_source_location_not_parcel_matched",
        "relation_type": "SOURCE_POINT_LOCATION_ONLY",
        "matching_method": "marker_lon_lat_query",
        "calculation_explanation": "Point extracted from a local authority / Planning Data candidate source URL. This is a real source-linked candidate location, but parcel intersection and completion month are not verified in the current local DB.",
        "confidence_scale": "2/4",
        "accuracy_scale": "2/4",
        "color_category": "ArcGIS council map candidate",
        "color_hex": "#0ea5e9",
        "planned_1_value_value": "Garage court r/o Marybrook Street car park",
        "planned_1_value_source": "Stroud District Council; https://stroud.maps.arcgis.com/apps/webappviewer/index.html?id=b3bf4f9b148a41d98f3f1ae5e8bb5cf7&marker=-2.4587088369107306%2C51.692416763415416%2C%2C%2C%2C&markertemplate=%7B%22title%22%3A%22Garage%20court%20r%2Fo%20Marybrook%20Street%20car%20park%22%2C%22longitude%22%3A-2.4587088369107306%2C%22latitude%22%3A51.692416763415416%2C%22isIncludeShareUrl%22%3Atrue%7D&level=12",
        "planned_1_value_accuracy": "2/4",
        "planned_1_value_explanation": "Point extracted from a local authority / Planning Data candidate source URL. This is a real source-linked candidate location, but parcel intersection and completion month are not verified in the current local DB.",
        "planned_1_probability_value": "Candidate only; manual review required",
        "planned_1_probability_source": "Planning Data evidence: 84 row(s), hosts=https://stroud.maps.arcgis.com. No approved local brownfield register feed URL yet; requires manual review before activation.",
        "planned_1_probability_accuracy": "2/4",
        "planned_1_probability_explanation": "The manifest confirms a local source candidate and source URL, not final delivery probability.",
        "planned_1_completion_value": "Completion month not available in local source",
        "planned_1_completion_source": "No completion month in local_authority_brownfield_manifest_candidates.csv",
        "planned_1_completion_accuracy": "0/4",
        "planned_1_completion_explanation": "No completion date was present; no fabricated month was generated.",
        "planned_2_value_value": "",
        "planned_2_probability_value": "",
        "planned_2_completion_value": "",
        "planned_3_value_value": "",
        "planned_3_probability_value": "",
        "planned_3_completion_value": "",
        "planning_data_count": "84"
      }
    },
    {
      "type": "Feature",
      "id": "planned-candidate-1713818",
      "geometry": {
        "type": "Point",
        "coordinates": [
          -2.1758382,
          51.7189073
        ]
      },
      "properties": {
        "topic_id": "planned-buildings",
        "matrix_record": true,
        "matrix_color": "#0ea5e9",
        "program_parcel_id": "planned-candidate-1713818",
        "parcel_id": "planned-candidate-1713818",
        "planned_asset_id": "1713818",
        "project_name": "Queens Court",
        "planned_asset_type": "ArcGIS council map candidate",
        "local_authority": "Stroud District Council",
        "london_authority": "Stroud District Council",
        "source_url": "https://stroud.maps.arcgis.com/apps/webappviewer/index.html?id=b3bf4f9b148a41d98f3f1ae5e8bb5cf7&marker=-2.175838212565576%2C51.718907342569366%2C%2C%2C%2C&markertemplate=%7B%22title%22%3A%22Queens%20Court%22%2C%22longitude%22%3A-2.175838212565576%2C%22latitude%22%3A51.718907342569366%2C%22isIncludeShareUrl%22%3Atrue%7D&level=12",
        "source_file": "terrayield_land_intelligence/sample_data/local_authority_brownfield_manifest_candidates.csv",
        "source_date": "local manifest snapshot; source URL date not embedded",
        "source_summary": "Planning Data evidence: 84 row(s), hosts=https://stroud.maps.arcgis.com. No approved local brownfield register feed URL yet; requires manual review before activation.",
        "planned_data_status": "candidate_source_location_not_parcel_matched",
        "relation_type": "SOURCE_POINT_LOCATION_ONLY",
        "matching_method": "marker_lon_lat_query",
        "calculation_explanation": "Point extracted from a local authority / Planning Data candidate source URL. This is a real source-linked candidate location, but parcel intersection and completion month are not verified in the current local DB.",
        "confidence_scale": "2/4",
        "accuracy_scale": "2/4",
        "color_category": "ArcGIS council map candidate",
        "color_hex": "#0ea5e9",
        "planned_1_value_value": "Queens Court",
        "planned_1_value_source": "Stroud District Council; https://stroud.maps.arcgis.com/apps/webappviewer/index.html?id=b3bf4f9b148a41d98f3f1ae5e8bb5cf7&marker=-2.175838212565576%2C51.718907342569366%2C%2C%2C%2C&markertemplate=%7B%22title%22%3A%22Queens%20Court%22%2C%22longitude%22%3A-2.175838212565576%2C%22latitude%22%3A51.718907342569366%2C%22isIncludeShareUrl%22%3Atrue%7D&level=12",
        "planned_1_value_accuracy": "2/4",
        "planned_1_value_explanation": "Point extracted from a local authority / Planning Data candidate source URL. This is a real source-linked candidate location, but parcel intersection and completion month are not verified in the current local DB.",
        "planned_1_probability_value": "Candidate only; manual review required",
        "planned_1_probability_source": "Planning Data evidence: 84 row(s), hosts=https://stroud.maps.arcgis.com. No approved local brownfield register feed URL yet; requires manual review before activation.",
        "planned_1_probability_accuracy": "2/4",
        "planned_1_probability_explanation": "The manifest confirms a local source candidate and source URL, not final delivery probability.",
        "planned_1_completion_value": "Completion month not available in local source",
        "planned_1_completion_source": "No completion month in local_authority_brownfield_manifest_candidates.csv",
        "planned_1_completion_accuracy": "0/4",
        "planned_1_completion_explanation": "No completion date was present; no fabricated month was generated.",
        "planned_2_value_value": "",
        "planned_2_probability_value": "",
        "planned_2_completion_value": "",
        "planned_3_value_value": "",
        "planned_3_probability_value": "",
        "planned_3_completion_value": "",
        "planning_data_count": "84"
      }
    },
    {
      "type": "Feature",
      "id": "planned-candidate-1713819",
      "geometry": {
        "type": "Point",
        "coordinates": [
          -2.1941304,
          51.720231
        ]
      },
      "properties": {
        "topic_id": "planned-buildings",
        "matrix_record": true,
        "matrix_color": "#0ea5e9",
        "program_parcel_id": "planned-candidate-1713819",
        "parcel_id": "planned-candidate-1713819",
        "planned_asset_id": "1713819",
        "project_name": "Brimscombe Mills & Mill Pond",
        "planned_asset_type": "ArcGIS council map candidate",
        "local_authority": "Stroud District Council",
        "london_authority": "Stroud District Council",
        "source_url": "https://stroud.maps.arcgis.com/apps/webappviewer/index.html?id=b3bf4f9b148a41d98f3f1ae5e8bb5cf7&marker=-2.1941304308966387%2C51.720230966962646%2C%2C%2C%2C&markertemplate=%7B%22title%22%3A%22Brimscombe%20Mills%20%26%20Mill%20Pond%22%2C%22longitude%22%3A-2.1941304308966387%2C%22latitude%22%3A51.720230966962646%2C%22isIncludeShareUrl%22%3Atrue%7D&level=11",
        "source_file": "terrayield_land_intelligence/sample_data/local_authority_brownfield_manifest_candidates.csv",
        "source_date": "local manifest snapshot; source URL date not embedded",
        "source_summary": "Planning Data evidence: 84 row(s), hosts=https://stroud.maps.arcgis.com. No approved local brownfield register feed URL yet; requires manual review before activation.",
        "planned_data_status": "candidate_source_location_not_parcel_matched",
        "relation_type": "SOURCE_POINT_LOCATION_ONLY",
        "matching_method": "marker_lon_lat_query",
        "calculation_explanation": "Point extracted from a local authority / Planning Data candidate source URL. This is a real source-linked candidate location, but parcel intersection and completion month are not verified in the current local DB.",
        "confidence_scale": "2/4",
        "accuracy_scale": "2/4",
        "color_category": "ArcGIS council map candidate",
        "color_hex": "#0ea5e9",
        "planned_1_value_value": "Brimscombe Mills & Mill Pond",
        "planned_1_value_source": "Stroud District Council; https://stroud.maps.arcgis.com/apps/webappviewer/index.html?id=b3bf4f9b148a41d98f3f1ae5e8bb5cf7&marker=-2.1941304308966387%2C51.720230966962646%2C%2C%2C%2C&markertemplate=%7B%22title%22%3A%22Brimscombe%20Mills%20%26%20Mill%20Pond%22%2C%22longitude%22%3A-2.1941304308966387%2C%22latitude%22%3A51.720230966962646%2C%22isIncludeShareUrl%22%3Atrue%7D&level=11",
        "planned_1_value_accuracy": "2/4",
        "planned_1_value_explanation": "Point extracted from a local authority / Planning Data candidate source URL. This is a real source-linked candidate location, but parcel intersection and completion month are not verified in the current local DB.",
        "planned_1_probability_value": "Candidate only; manual review required",
        "planned_1_probability_source": "Planning Data evidence: 84 row(s), hosts=https://stroud.maps.arcgis.com. No approved local brownfield register feed URL yet; requires manual review before activation.",
        "planned_1_probability_accuracy": "2/4",
        "planned_1_probability_explanation": "The manifest confirms a local source candidate and source URL, not final delivery probability.",
        "planned_1_completion_value": "Completion month not available in local source",
        "planned_1_completion_source": "No completion month in local_authority_brownfield_manifest_candidates.csv",
        "planned_1_completion_accuracy": "0/4",
        "planned_1_completion_explanation": "No completion date was present; no fabricated month was generated.",
        "planned_2_value_value": "",
        "planned_2_probability_value": "",
        "planned_2_completion_value": "",
        "planned_3_value_value": "",
        "planned_3_probability_value": "",
        "planned_3_completion_value": "",
        "planning_data_count": "84"
      }
    },
    {
      "type": "Feature",
      "id": "planned-candidate-1713820",
      "geometry": {
        "type": "Point",
        "coordinates": [
          -2.1939893,
          51.7208647
        ]
      },
      "properties": {
        "topic_id": "planned-buildings",
        "matrix_record": true,
        "matrix_color": "#0ea5e9",
        "program_parcel_id": "planned-candidate-1713820",
        "parcel_id": "planned-candidate-1713820",
        "planned_asset_id": "1713820",
        "project_name": "Lakeside Depot, Brimscombe",
        "planned_asset_type": "ArcGIS council map candidate",
        "local_authority": "Stroud District Council",
        "london_authority": "Stroud District Council",
        "source_url": "https://stroud.maps.arcgis.com/apps/webappviewer/index.html?id=b3bf4f9b148a41d98f3f1ae5e8bb5cf7&marker=-2.1939893208042864%2C51.72086470369124%2C%2C%2C%2C&markertemplate=%7B%22title%22%3A%22Lakeside%20Depot%2C%20Brimscombe%22%2C%22longitude%22%3A-2.1939893208042864%2C%22latitude%22%3A51.72086470369124%2C%22isIncludeShareUrl%22%3Atrue%7D&level=12",
        "source_file": "terrayield_land_intelligence/sample_data/local_authority_brownfield_manifest_candidates.csv",
        "source_date": "local manifest snapshot; source URL date not embedded",
        "source_summary": "Planning Data evidence: 84 row(s), hosts=https://stroud.maps.arcgis.com. No approved local brownfield register feed URL yet; requires manual review before activation.",
        "planned_data_status": "candidate_source_location_not_parcel_matched",
        "relation_type": "SOURCE_POINT_LOCATION_ONLY",
        "matching_method": "marker_lon_lat_query",
        "calculation_explanation": "Point extracted from a local authority / Planning Data candidate source URL. This is a real source-linked candidate location, but parcel intersection and completion month are not verified in the current local DB.",
        "confidence_scale": "2/4",
        "accuracy_scale": "2/4",
        "color_category": "ArcGIS council map candidate",
        "color_hex": "#0ea5e9",
        "planned_1_value_value": "Lakeside Depot, Brimscombe",
        "planned_1_value_source": "Stroud District Council; https://stroud.maps.arcgis.com/apps/webappviewer/index.html?id=b3bf4f9b148a41d98f3f1ae5e8bb5cf7&marker=-2.1939893208042864%2C51.72086470369124%2C%2C%2C%2C&markertemplate=%7B%22title%22%3A%22Lakeside%20Depot%2C%20Brimscombe%22%2C%22longitude%22%3A-2.1939893208042864%2C%22latitude%22%3A51.72086470369124%2C%22isIncludeShareUrl%22%3Atrue%7D&level=12",
        "planned_1_value_accuracy": "2/4",
        "planned_1_value_explanation": "Point extracted from a local authority / Planning Data candidate source URL. This is a real source-linked candidate location, but parcel intersection and completion month are not verified in the current local DB.",
        "planned_1_probability_value": "Candidate only; manual review required",
        "planned_1_probability_source": "Planning Data evidence: 84 row(s), hosts=https://stroud.maps.arcgis.com. No approved local brownfield register feed URL yet; requires manual review before activation.",
        "planned_1_probability_accuracy": "2/4",
        "planned_1_probability_explanation": "The manifest confirms a local source candidate and source URL, not final delivery probability.",
        "planned_1_completion_value": "Completion month not available in local source",
        "planned_1_completion_source": "No completion month in local_authority_brownfield_manifest_candidates.csv",
        "planned_1_completion_accuracy": "0/4",
        "planned_1_completion_explanation": "No completion date was present; no fabricated month was generated.",
        "planned_2_value_value": "",
        "planned_2_probability_value": "",
        "planned_2_completion_value": "",
        "planned_3_value_value": "",
        "planned_3_probability_value": "",
        "planned_3_completion_value": "",
        "planning_data_count": "84"
      }
    },
    {
      "type": "Feature",
      "id": "planned-candidate-1713821",
      "geometry": {
        "type": "Point",
        "coordinates": [
          -2.1893938,
          51.7189549
        ]
      },
      "properties": {
        "topic_id": "planned-buildings",
        "matrix_record": true,
        "matrix_color": "#0ea5e9",
        "program_parcel_id": "planned-candidate-1713821",
        "parcel_id": "planned-candidate-1713821",
        "planned_asset_id": "1713821",
        "project_name": "Brimscombe Port",
        "planned_asset_type": "ArcGIS council map candidate",
        "local_authority": "Stroud District Council",
        "london_authority": "Stroud District Council",
        "source_url": "https://stroud.maps.arcgis.com/apps/webappviewer/index.html?id=b3bf4f9b148a41d98f3f1ae5e8bb5cf7&marker=-2.189393803566036%2C51.71895491902275%2C%2C%2C%2C&markertemplate=%7B%22title%22%3A%22Brimscombe%20Port%22%2C%22longitude%22%3A-2.189393803566036%2C%22latitude%22%3A51.71895491902275%2C%22isIncludeShareUrl%22%3Atrue%7D&level=10",
        "source_file": "terrayield_land_intelligence/sample_data/local_authority_brownfield_manifest_candidates.csv",
        "source_date": "local manifest snapshot; source URL date not embedded",
        "source_summary": "Planning Data evidence: 84 row(s), hosts=https://stroud.maps.arcgis.com. No approved local brownfield register feed URL yet; requires manual review before activation.",
        "planned_data_status": "candidate_source_location_not_parcel_matched",
        "relation_type": "SOURCE_POINT_LOCATION_ONLY",
        "matching_method": "marker_lon_lat_query",
        "calculation_explanation": "Point extracted from a local authority / Planning Data candidate source URL. This is a real source-linked candidate location, but parcel intersection and completion month are not verified in the current local DB.",
        "confidence_scale": "2/4",
        "accuracy_scale": "2/4",
        "color_category": "ArcGIS council map candidate",
        "color_hex": "#0ea5e9",
        "planned_1_value_value": "Brimscombe Port",
        "planned_1_value_source": "Stroud District Council; https://stroud.maps.arcgis.com/apps/webappviewer/index.html?id=b3bf4f9b148a41d98f3f1ae5e8bb5cf7&marker=-2.189393803566036%2C51.71895491902275%2C%2C%2C%2C&markertemplate=%7B%22title%22%3A%22Brimscombe%20Port%22%2C%22longitude%22%3A-2.189393803566036%2C%22latitude%22%3A51.71895491902275%2C%22isIncludeShareUrl%22%3Atrue%7D&level=10",
        "planned_1_value_accuracy": "2/4",
        "planned_1_value_explanation": "Point extracted from a local authority / Planning Data candidate source URL. This is a real source-linked candidate location, but parcel intersection and completion month are not verified in the current local DB.",
        "planned_1_probability_value": "Candidate only; manual review required",
        "planned_1_probability_source": "Planning Data evidence: 84 row(s), hosts=https://stroud.maps.arcgis.com. No approved local brownfield register feed URL yet; requires manual review before activation.",
        "planned_1_probability_accuracy": "2/4",
        "planned_1_probability_explanation": "The manifest confirms a local source candidate and source URL, not final delivery probability.",
        "planned_1_completion_value": "Completion month not available in local source",
        "planned_1_completion_source": "No completion month in local_authority_brownfield_manifest_candidates.csv",
        "planned_1_completion_accuracy": "0/4",
        "planned_1_completion_explanation": "No completion date was present; no fabricated month was generated.",
        "planned_2_value_value": "",
        "planned_2_probability_value": "",
        "planned_2_completion_value": "",
        "planned_3_value_value": "",
        "planned_3_probability_value": "",
        "planned_3_completion_value": "",
        "planning_data_count": "84"
      }
    },
    {
      "type": "Feature",
      "id": "planned-candidate-1703583",
      "geometry": {
        "type": "Point",
        "coordinates": [
          0.7190779,
          51.3410189
        ]
      },
      "properties": {
        "topic_id": "planned-buildings",
        "matrix_record": true,
        "matrix_color": "#92400e",
        "program_parcel_id": "planned-candidate-1703583",
        "parcel_id": "planned-candidate-1703583",
        "planned_asset_id": "1703583",
        "project_name": "Swale Borough Council planned/brownfield candidate 1",
        "planned_asset_type": "Brownfield register candidate",
        "local_authority": "Swale Borough Council",
        "london_authority": "Swale Borough Council",
        "source_url": "https://services.swale.gov.uk/maps/iShare5.6.WebSwaleLive/atMyCouncil.aspx?ms=Swale/BrownfieldLand&layers=SWeb_Brownfield_Sites&starteasting=589481.15&startnorthing=163724.27&startzoom=768.5",
        "source_file": "terrayield_land_intelligence/sample_data/local_authority_brownfield_manifest_candidates.csv",
        "source_date": "local manifest snapshot; source URL date not embedded",
        "source_summary": "Planning Data evidence: 17 row(s), hosts=https://services.swale.gov.uk, https://archive.swale.gov.uk. No approved local brownfield register feed URL yet; requires manual review before activation.",
        "planned_data_status": "candidate_source_location_not_parcel_matched",
        "relation_type": "SOURCE_POINT_LOCATION_ONLY",
        "matching_method": "osgb36_starteasting_startnorthing_to_wgs84",
        "calculation_explanation": "Point extracted from a local authority / Planning Data candidate source URL. This is a real source-linked candidate location, but parcel intersection and completion month are not verified in the current local DB.",
        "confidence_scale": "2/4",
        "accuracy_scale": "2/4",
        "color_category": "Brownfield register candidate",
        "color_hex": "#92400e",
        "planned_1_value_value": "Swale Borough Council planned/brownfield candidate 1",
        "planned_1_value_source": "Swale Borough Council; https://services.swale.gov.uk/maps/iShare5.6.WebSwaleLive/atMyCouncil.aspx?ms=Swale/BrownfieldLand&layers=SWeb_Brownfield_Sites&starteasting=589481.15&startnorthing=163724.27&startzoom=768.5",
        "planned_1_value_accuracy": "2/4",
        "planned_1_value_explanation": "Point extracted from a local authority / Planning Data candidate source URL. This is a real source-linked candidate location, but parcel intersection and completion month are not verified in the current local DB.",
        "planned_1_probability_value": "Candidate only; manual review required",
        "planned_1_probability_source": "Planning Data evidence: 17 row(s), hosts=https://services.swale.gov.uk, https://archive.swale.gov.uk. No approved local brownfield register feed URL yet; requires manual review before activation.",
        "planned_1_probability_accuracy": "2/4",
        "planned_1_probability_explanation": "The manifest confirms a local source candidate and source URL, not final delivery probability.",
        "planned_1_completion_value": "Completion month not available in local source",
        "planned_1_completion_source": "No completion month in local_authority_brownfield_manifest_candidates.csv",
        "planned_1_completion_accuracy": "0/4",
        "planned_1_completion_explanation": "No completion date was present; no fabricated month was generated.",
        "planned_2_value_value": "",
        "planned_2_probability_value": "",
        "planned_2_completion_value": "",
        "planned_3_value_value": "",
        "planned_3_probability_value": "",
        "planned_3_completion_value": "",
        "planning_data_count": "17"
      }
    },
    {
      "type": "Feature",
      "id": "planned-candidate-1713401",
      "geometry": {
        "type": "Point",
        "coordinates": [
          -0.6501479,
          51.1368887
        ]
      },
      "properties": {
        "topic_id": "planned-buildings",
        "matrix_record": true,
        "matrix_color": "#92400e",
        "program_parcel_id": "planned-candidate-1713401",
        "parcel_id": "planned-candidate-1713401",
        "planned_asset_id": "1713401",
        "project_name": "Waverley Borough Council planned/brownfield candidate 2",
        "planned_asset_type": "Brownfield register candidate",
        "local_authority": "Waverley Borough Council",
        "london_authority": "Waverley Borough Council",
        "source_url": "https://maps.waverley.gov.uk/map/Aurora.svc/run?script=%5CAurora%5CStatmap%20Aurora%20Brownfield%20Register.AuroraScript%24&nocache=9aa02e73-763a-978b-f18e-12c8a95acb41&resize=always&show_layers=District,Council,Borough&x=494537.000&y=138379.000&scale=1250",
        "source_file": "terrayield_land_intelligence/sample_data/local_authority_brownfield_manifest_candidates.csv",
        "source_date": "local manifest snapshot; source URL date not embedded",
        "source_summary": "Planning Data evidence: 63 row(s), hosts=https://maps.waverley.gov.uk. No approved local brownfield register feed URL yet; requires manual review before activation.",
        "planned_data_status": "candidate_source_location_not_parcel_matched",
        "relation_type": "SOURCE_POINT_LOCATION_ONLY",
        "matching_method": "osgb36_x_y_query_to_wgs84",
        "calculation_explanation": "Point extracted from a local authority / Planning Data candidate source URL. This is a real source-linked candidate location, but parcel intersection and completion month are not verified in the current local DB.",
        "confidence_scale": "2/4",
        "accuracy_scale": "2/4",
        "color_category": "Brownfield register candidate",
        "color_hex": "#92400e",
        "planned_1_value_value": "Waverley Borough Council planned/brownfield candidate 2",
        "planned_1_value_source": "Waverley Borough Council; https://maps.waverley.gov.uk/map/Aurora.svc/run?script=%5CAurora%5CStatmap%20Aurora%20Brownfield%20Register.AuroraScript%24&nocache=9aa02e73-763a-978b-f18e-12c8a95acb41&resize=always&show_layers=District,Council,Borough&x=494537.000&y=138379.000&scale=1250",
        "planned_1_value_accuracy": "2/4",
        "planned_1_value_explanation": "Point extracted from a local authority / Planning Data candidate source URL. This is a real source-linked candidate location, but parcel intersection and completion month are not verified in the current local DB.",
        "planned_1_probability_value": "Candidate only; manual review required",
        "planned_1_probability_source": "Planning Data evidence: 63 row(s), hosts=https://maps.waverley.gov.uk. No approved local brownfield register feed URL yet; requires manual review before activation.",
        "planned_1_probability_accuracy": "2/4",
        "planned_1_probability_explanation": "The manifest confirms a local source candidate and source URL, not final delivery probability.",
        "planned_1_completion_value": "Completion month not available in local source",
        "planned_1_completion_source": "No completion month in local_authority_brownfield_manifest_candidates.csv",
        "planned_1_completion_accuracy": "0/4",
        "planned_1_completion_explanation": "No completion date was present; no fabricated month was generated.",
        "planned_2_value_value": "",
        "planned_2_probability_value": "",
        "planned_2_completion_value": "",
        "planned_3_value_value": "",
        "planned_3_probability_value": "",
        "planned_3_completion_value": "",
        "planning_data_count": "63"
      }
    },
    {
      "type": "Feature",
      "id": "planned-candidate-1713402",
      "geometry": {
        "type": "Point",
        "coordinates": [
          -0.726179,
          51.0879228
        ]
      },
      "properties": {
        "topic_id": "planned-buildings",
        "matrix_record": true,
        "matrix_color": "#92400e",
        "program_parcel_id": "planned-candidate-1713402",
        "parcel_id": "planned-candidate-1713402",
        "planned_asset_id": "1713402",
        "project_name": "Waverley Borough Council planned/brownfield candidate 3",
        "planned_asset_type": "Brownfield register candidate",
        "local_authority": "Waverley Borough Council",
        "london_authority": "Waverley Borough Council",
        "source_url": "https://maps.waverley.gov.uk/map/Aurora.svc/run?script=%5CAurora%5CStatmap%20Aurora%20Brownfield%20Register.AuroraScript%24&nocache=9aa02e73-763a-978b-f18e-12c8a95acb41&resize=always&show_layers=District,Council,Borough&x=489312.000&y=132839.000&scale=1250",
        "source_file": "terrayield_land_intelligence/sample_data/local_authority_brownfield_manifest_candidates.csv",
        "source_date": "local manifest snapshot; source URL date not embedded",
        "source_summary": "Planning Data evidence: 63 row(s), hosts=https://maps.waverley.gov.uk. No approved local brownfield register feed URL yet; requires manual review before activation.",
        "planned_data_status": "candidate_source_location_not_parcel_matched",
        "relation_type": "SOURCE_POINT_LOCATION_ONLY",
        "matching_method": "osgb36_x_y_query_to_wgs84",
        "calculation_explanation": "Point extracted from a local authority / Planning Data candidate source URL. This is a real source-linked candidate location, but parcel intersection and completion month are not verified in the current local DB.",
        "confidence_scale": "2/4",
        "accuracy_scale": "2/4",
        "color_category": "Brownfield register candidate",
        "color_hex": "#92400e",
        "planned_1_value_value": "Waverley Borough Council planned/brownfield candidate 3",
        "planned_1_value_source": "Waverley Borough Council; https://maps.waverley.gov.uk/map/Aurora.svc/run?script=%5CAurora%5CStatmap%20Aurora%20Brownfield%20Register.AuroraScript%24&nocache=9aa02e73-763a-978b-f18e-12c8a95acb41&resize=always&show_layers=District,Council,Borough&x=489312.000&y=132839.000&scale=1250",
        "planned_1_value_accuracy": "2/4",
        "planned_1_value_explanation": "Point extracted from a local authority / Planning Data candidate source URL. This is a real source-linked candidate location, but parcel intersection and completion month are not verified in the current local DB.",
        "planned_1_probability_value": "Candidate only; manual review required",
        "planned_1_probability_source": "Planning Data evidence: 63 row(s), hosts=https://maps.waverley.gov.uk. No approved local brownfield register feed URL yet; requires manual review before activation.",
        "planned_1_probability_accuracy": "2/4",
        "planned_1_probability_explanation": "The manifest confirms a local source candidate and source URL, not final delivery probability.",
        "planned_1_completion_value": "Completion month not available in local source",
        "planned_1_completion_source": "No completion month in local_authority_brownfield_manifest_candidates.csv",
        "planned_1_completion_accuracy": "0/4",
        "planned_1_completion_explanation": "No completion date was present; no fabricated month was generated.",
        "planned_2_value_value": "",
        "planned_2_probability_value": "",
        "planned_2_completion_value": "",
        "planned_3_value_value": "",
        "planned_3_probability_value": "",
        "planned_3_completion_value": "",
        "planning_data_count": "63"
      }
    },
    {
      "type": "Feature",
      "id": "planned-candidate-1713403",
      "geometry": {
        "type": "Point",
        "coordinates": [
          -0.8006952,
          51.2149284
        ]
      },
      "properties": {
        "topic_id": "planned-buildings",
        "matrix_record": true,
        "matrix_color": "#92400e",
        "program_parcel_id": "planned-candidate-1713403",
        "parcel_id": "planned-candidate-1713403",
        "planned_asset_id": "1713403",
        "project_name": "Waverley Borough Council planned/brownfield candidate 4",
        "planned_asset_type": "Brownfield register candidate",
        "local_authority": "Waverley Borough Council",
        "london_authority": "Waverley Borough Council",
        "source_url": "https://maps.waverley.gov.uk/map/Aurora.svc/run?script=%5CAurora%5CStatmap%20Aurora%20Brownfield%20Register.AuroraScript%24&nocache=9aa02e73-763a-978b-f18e-12c8a95acb41&resize=always&show_layers=District,Council,Borough&x=483863.000&y=146875.000&scale=1250",
        "source_file": "terrayield_land_intelligence/sample_data/local_authority_brownfield_manifest_candidates.csv",
        "source_date": "local manifest snapshot; source URL date not embedded",
        "source_summary": "Planning Data evidence: 63 row(s), hosts=https://maps.waverley.gov.uk. No approved local brownfield register feed URL yet; requires manual review before activation.",
        "planned_data_status": "candidate_source_location_not_parcel_matched",
        "relation_type": "SOURCE_POINT_LOCATION_ONLY",
        "matching_method": "osgb36_x_y_query_to_wgs84",
        "calculation_explanation": "Point extracted from a local authority / Planning Data candidate source URL. This is a real source-linked candidate location, but parcel intersection and completion month are not verified in the current local DB.",
        "confidence_scale": "2/4",
        "accuracy_scale": "2/4",
        "color_category": "Brownfield register candidate",
        "color_hex": "#92400e",
        "planned_1_value_value": "Waverley Borough Council planned/brownfield candidate 4",
        "planned_1_value_source": "Waverley Borough Council; https://maps.waverley.gov.uk/map/Aurora.svc/run?script=%5CAurora%5CStatmap%20Aurora%20Brownfield%20Register.AuroraScript%24&nocache=9aa02e73-763a-978b-f18e-12c8a95acb41&resize=always&show_layers=District,Council,Borough&x=483863.000&y=146875.000&scale=1250",
        "planned_1_value_accuracy": "2/4",
        "planned_1_value_explanation": "Point extracted from a local authority / Planning Data candidate source URL. This is a real source-linked candidate location, but parcel intersection and completion month are not verified in the current local DB.",
        "planned_1_probability_value": "Candidate only; manual review required",
        "planned_1_probability_source": "Planning Data evidence: 63 row(s), hosts=https://maps.waverley.gov.uk. No approved local brownfield register feed URL yet; requires manual review before activation.",
        "planned_1_probability_accuracy": "2/4",
        "planned_1_probability_explanation": "The manifest confirms a local source candidate and source URL, not final delivery probability.",
        "planned_1_completion_value": "Completion month not available in local source",
        "planned_1_completion_source": "No completion month in local_authority_brownfield_manifest_candidates.csv",
        "planned_1_completion_accuracy": "0/4",
        "planned_1_completion_explanation": "No completion date was present; no fabricated month was generated.",
        "planned_2_value_value": "",
        "planned_2_probability_value": "",
        "planned_2_completion_value": "",
        "planned_3_value_value": "",
        "planned_3_probability_value": "",
        "planned_3_completion_value": "",
        "planning_data_count": "63"
      }
    },
    {
      "type": "Feature",
      "id": "planned-candidate-1713404",
      "geometry": {
        "type": "Point",
        "coordinates": [
          -0.7055868,
          51.1820821
        ]
      },
      "properties": {
        "topic_id": "planned-buildings",
        "matrix_record": true,
        "matrix_color": "#92400e",
        "program_parcel_id": "planned-candidate-1713404",
        "parcel_id": "planned-candidate-1713404",
        "planned_asset_id": "1713404",
        "project_name": "Waverley Borough Council planned/brownfield candidate 5",
        "planned_asset_type": "Brownfield register candidate",
        "local_authority": "Waverley Borough Council",
        "london_authority": "Waverley Borough Council",
        "source_url": "https://maps.waverley.gov.uk/map/Aurora.svc/run?script=%5CAurora%5CStatmap%20Aurora%20Brownfield%20Register.AuroraScript%24&nocache=9aa02e73-763a-978b-f18e-12c8a95acb41&resize=always&show_layers=District,Council,Borough&x=490570.000&y=143335.000&scale=1250",
        "source_file": "terrayield_land_intelligence/sample_data/local_authority_brownfield_manifest_candidates.csv",
        "source_date": "local manifest snapshot; source URL date not embedded",
        "source_summary": "Planning Data evidence: 63 row(s), hosts=https://maps.waverley.gov.uk. No approved local brownfield register feed URL yet; requires manual review before activation.",
        "planned_data_status": "candidate_source_location_not_parcel_matched",
        "relation_type": "SOURCE_POINT_LOCATION_ONLY",
        "matching_method": "osgb36_x_y_query_to_wgs84",
        "calculation_explanation": "Point extracted from a local authority / Planning Data candidate source URL. This is a real source-linked candidate location, but parcel intersection and completion month are not verified in the current local DB.",
        "confidence_scale": "2/4",
        "accuracy_scale": "2/4",
        "color_category": "Brownfield register candidate",
        "color_hex": "#92400e",
        "planned_1_value_value": "Waverley Borough Council planned/brownfield candidate 5",
        "planned_1_value_source": "Waverley Borough Council; https://maps.waverley.gov.uk/map/Aurora.svc/run?script=%5CAurora%5CStatmap%20Aurora%20Brownfield%20Register.AuroraScript%24&nocache=9aa02e73-763a-978b-f18e-12c8a95acb41&resize=always&show_layers=District,Council,Borough&x=490570.000&y=143335.000&scale=1250",
        "planned_1_value_accuracy": "2/4",
        "planned_1_value_explanation": "Point extracted from a local authority / Planning Data candidate source URL. This is a real source-linked candidate location, but parcel intersection and completion month are not verified in the current local DB.",
        "planned_1_probability_value": "Candidate only; manual review required",
        "planned_1_probability_source": "Planning Data evidence: 63 row(s), hosts=https://maps.waverley.gov.uk. No approved local brownfield register feed URL yet; requires manual review before activation.",
        "planned_1_probability_accuracy": "2/4",
        "planned_1_probability_explanation": "The manifest confirms a local source candidate and source URL, not final delivery probability.",
        "planned_1_completion_value": "Completion month not available in local source",
        "planned_1_completion_source": "No completion month in local_authority_brownfield_manifest_candidates.csv",
        "planned_1_completion_accuracy": "0/4",
        "planned_1_completion_explanation": "No completion date was present; no fabricated month was generated.",
        "planned_2_value_value": "",
        "planned_2_probability_value": "",
        "planned_2_completion_value": "",
        "planned_3_value_value": "",
        "planned_3_probability_value": "",
        "planned_3_completion_value": "",
        "planning_data_count": "63"
      }
    },
    {
      "type": "Feature",
      "id": "planned-candidate-1700626",
      "geometry": {
        "type": "Point",
        "coordinates": [
          -4.0589504,
          51.0817306
        ]
      },
      "properties": {
        "topic_id": "planned-buildings",
        "matrix_record": true,
        "matrix_color": "#92400e",
        "program_parcel_id": "planned-candidate-1700626",
        "parcel_id": "planned-candidate-1700626",
        "planned_asset_id": "1700626",
        "project_name": "West Devon Borough Council planned/brownfield candidate 4",
        "planned_asset_type": "Brownfield register candidate",
        "local_authority": "West Devon Borough Council",
        "london_authority": "West Devon Borough Council",
        "source_url": "https://northdevon.cloud.cadcorp.com/webmap/en-gb/PublicMap/Webmap?baselayer=OS%20Outdoor&datalayers=North%20Devon%20Boundary%2CThe%20Brownfield%20Land%20Register&x=255877&y=133396&zoom=15",
        "source_file": "terrayield_land_intelligence/sample_data/local_authority_brownfield_manifest_candidates.csv",
        "source_date": "local manifest snapshot; source URL date not embedded",
        "source_summary": "Planning Data evidence: 79 row(s), hosts=https://www.northdevon.gov.uk, https://northdevon.cloud.cadcorp.com, http://eastdevon.gov.uk, https://www.westdevon.gov.uk. No approved local brownfield register feed URL yet; requires manual review before activation.",
        "planned_data_status": "candidate_source_location_not_parcel_matched",
        "relation_type": "SOURCE_POINT_LOCATION_ONLY",
        "matching_method": "osgb36_x_y_query_to_wgs84",
        "calculation_explanation": "Point extracted from a local authority / Planning Data candidate source URL. This is a real source-linked candidate location, but parcel intersection and completion month are not verified in the current local DB.",
        "confidence_scale": "2/4",
        "accuracy_scale": "2/4",
        "color_category": "Brownfield register candidate",
        "color_hex": "#92400e",
        "planned_1_value_value": "West Devon Borough Council planned/brownfield candidate 4",
        "planned_1_value_source": "West Devon Borough Council; https://northdevon.cloud.cadcorp.com/webmap/en-gb/PublicMap/Webmap?baselayer=OS%20Outdoor&datalayers=North%20Devon%20Boundary%2CThe%20Brownfield%20Land%20Register&x=255877&y=133396&zoom=15",
        "planned_1_value_accuracy": "2/4",
        "planned_1_value_explanation": "Point extracted from a local authority / Planning Data candidate source URL. This is a real source-linked candidate location, but parcel intersection and completion month are not verified in the current local DB.",
        "planned_1_probability_value": "Candidate only; manual review required",
        "planned_1_probability_source": "Planning Data evidence: 79 row(s), hosts=https://www.northdevon.gov.uk, https://northdevon.cloud.cadcorp.com, http://eastdevon.gov.uk, https://www.westdevon.gov.uk. No approved local brownfield register feed URL yet; requires manual review before activation.",
        "planned_1_probability_accuracy": "2/4",
        "planned_1_probability_explanation": "The manifest confirms a local source candidate and source URL, not final delivery probability.",
        "planned_1_completion_value": "Completion month not available in local source",
        "planned_1_completion_source": "No completion month in local_authority_brownfield_manifest_candidates.csv",
        "planned_1_completion_accuracy": "0/4",
        "planned_1_completion_explanation": "No completion date was present; no fabricated month was generated.",
        "planned_2_value_value": "",
        "planned_2_probability_value": "",
        "planned_2_completion_value": "",
        "planned_3_value_value": "",
        "planned_3_probability_value": "",
        "planned_3_completion_value": "",
        "planning_data_count": "79"
      }
    }
  ]
}