{"type":"FeatureCollection","name":"building_type_9_20261009T013253Z_GM_OS_FIRE_STATIONS_50","features":[{"type":"Feature","id":"EDC6B797-B613-4C20-BE55-A499BD541286","geometry":{"type":"Polygon","coordinates":[[[-2.39912735885105,53.54674154492389],[-2.398973637155222,53.546748350033944],[-2.398952094355292,53.546576024455284],[-2.399108833689085,53.546569209295335],[-2.399101591947926,53.54650532595999],[-2.398610551912334,53.54652619977603],[-2.398598310338965,53.54641199805117],[-2.39923946532122,53.54638621863334],[-2.399290524597255,53.54684014198301],[-2.399136642349644,53.546845959114485],[-2.39912735885105,53.54674154492389]]]},"properties":{"slot_id":"building_type_9","lineage_id":"building_type_9-20261001T200900Z-newstart","page_generation":1,"batch_id":"20261009T013253Z_GM_OS_FIRE_STATIONS_50","source_entity":"EDC6B797-B613-4C20-BE55-A499BD541286","source_reference":"EDC6B797-B613-4C20-BE55-A499BD541286","source_dataset":"OS OpenMap Local ImportantBuilding","source_organisation":"Ordnance Survey via Trafford Data Lab","building_evidence_status":"BUILDING_PRESENT","parcel_status":"UNPROCESSED","canonical_parcel_id":null,"building_type":"fire_station","building_use":"fire_station_as_of_2018_04","poi_accepted":false,"field_evidence":{"footprint":"Ordnance Survey OpenMap Local ImportantBuilding Polygon, EPSG:27700 original data reprojected to CRS84; government district boundary clipping possible","type":"CLASSIFICA=Fire Station; BUILDGTHEM=Emergency Service; FEATCODE=15023","use":"Fire station classification as at 2018-04, not certification of current use","source_os_id":"EDC6B797-B613-4C20-BE55-A499BD541286","source_name":"Unknown","admin_area":"E08000001","admin_area_name":"Bolton"},"source_url":"https://raw.githubusercontent.com/traffordDataLab/open_data/82d7d561d5238d819a956f1c5731317759f20162/fire_stations/gm_fire_stations.geojson","final_url":"https://raw.githubusercontent.com/traffordDataLab/open_data/82d7d561d5238d819a956f1c5731317759f20162/fire_stations/gm_fire_stations.geojson","http_status":null,"http_status_note":"public GitHub connector; numeric HTTP status not exposed","access_utc":"2026-10-09T01:32:53.265Z","data_date":"2018-04","licence":"Open Government Licence v3.0; Contains OS data Crown copyright and database right 2018","source_sha256":"bce185ba8766731a4fb2dfcefd94ae7325ee786675cb0cbb3dfb603ec1b29905","source_sha256_scope":"full 82-feature GeoJSON UTF-8 at pinned Git blob","evidence_slice_sha256":"dafafb414325d4d2c98782bfe5e026fe829fa74fd6330dd30d46c734003c3518","confidence_score_0_100":88,"evidence_grade":"B","fake_data":false,"local_spatial_join_required":true}},{"type":"Feature","id":"08C15D8D-65C0-4734-9BD5-E600622323BF","geometry":{"type":"Polygon","coordinates":[[[-2.398504094151957,53.54695323404456],[-2.398479248193639,53.54673435949856],[-2.398633430267821,53.546728362444384],[-2.398647810546615,53.54686134277917],[-2.398758539137199,53.546856479212195],[-2.398768999068025,53.546941654330844],[-2.398504094151957,53.54695323404456]]]},"properties":{"slot_id":"building_type_9","lineage_id":"building_type_9-20261001T200900Z-newstart","page_generation":1,"batch_id":"20261009T013253Z_GM_OS_FIRE_STATIONS_50","source_entity":"08C15D8D-65C0-4734-9BD5-E600622323BF","source_reference":"08C15D8D-65C0-4734-9BD5-E600622323BF","source_dataset":"OS OpenMap Local ImportantBuilding","source_organisation":"Ordnance Survey via Trafford Data Lab","building_evidence_status":"BUILDING_PRESENT","parcel_status":"UNPROCESSED","canonical_parcel_id":null,"building_type":"fire_station","building_use":"fire_station_as_of_2018_04","poi_accepted":false,"field_evidence":{"footprint":"Ordnance Survey OpenMap Local ImportantBuilding Polygon, EPSG:27700 original data reprojected to CRS84; government district boundary clipping possible","type":"CLASSIFICA=Fire Station; BUILDGTHEM=Emergency Service; FEATCODE=15023","use":"Fire station classification as at 2018-04, not certification of current use","source_os_id":"08C15D8D-65C0-4734-9BD5-E600622323BF","source_name":"Unknown","admin_area":"E08000001","admin_area_name":"Bolton"},"source_url":"https://raw.githubusercontent.com/traffordDataLab/open_data/82d7d561d5238d819a956f1c5731317759f20162/fire_stations/gm_fire_stations.geojson","final_url":"https://raw.githubusercontent.com/traffordDataLab/open_data/82d7d561d5238d819a956f1c5731317759f20162/fire_stations/gm_fire_stations.geojson","http_status":null,"http_status_note":"public GitHub connector; numeric HTTP status not exposed","access_utc":"2026-10-09T01:32:53.265Z","data_date":"2018-04","licence":"Open Government Licence v3.0; Contains OS data Crown copyright and database right 2018","source_sha256":"bce185ba8766731a4fb2dfcefd94ae7325ee786675cb0cbb3dfb603ec1b29905","source_sha256_scope":"full 82-feature GeoJSON UTF-8 at pinned Git blob","evidence_slice_sha256":"e127e71c0e7b4561cbb5c63541ee9e112703f278f1b79276becd9da5b35038eb","confidence_score_0_100":88,"evidence_grade":"B","fake_data":false,"local_spatial_join_required":true}},{"type":"Feature","id":"10E5CD25-8026-4DFC-A8A4-A47891A38CFE","geometry":{"type":"Polygon","coordinates":[[[-2.398443427832955,53.546552104307864],[-2.398576185539103,53.54654680793331],[-2.398589197715231,53.54666271488374],[-2.398456439648153,53.54666801127328],[-2.398443427832955,53.546552104307864]]]},"properties":{"slot_id":"building_type_9","lineage_id":"building_type_9-20261001T200900Z-newstart","page_generation":1,"batch_id":"20261009T013253Z_GM_OS_FIRE_STATIONS_50","source_entity":"10E5CD25-8026-4DFC-A8A4-A47891A38CFE","source_reference":"10E5CD25-8026-4DFC-A8A4-A47891A38CFE","source_dataset":"OS OpenMap Local ImportantBuilding","source_organisation":"Ordnance Survey via Trafford Data Lab","building_evidence_status":"BUILDING_PRESENT","parcel_status":"UNPROCESSED","canonical_parcel_id":null,"building_type":"fire_station","building_use":"fire_station_as_of_2018_04","poi_accepted":false,"field_evidence":{"footprint":"Ordnance Survey OpenMap Local ImportantBuilding Polygon, EPSG:27700 original data reprojected to CRS84; government district boundary clipping possible","type":"CLASSIFICA=Fire Station; BUILDGTHEM=Emergency Service; FEATCODE=15023","use":"Fire station classification as at 2018-04, not certification of current use","source_os_id":"10E5CD25-8026-4DFC-A8A4-A47891A38CFE","source_name":"Unknown","admin_area":"E08000001","admin_area_name":"Bolton"},"source_url":"https://raw.githubusercontent.com/traffordDataLab/open_data/82d7d561d5238d819a956f1c5731317759f20162/fire_stations/gm_fire_stations.geojson","final_url":"https://raw.githubusercontent.com/traffordDataLab/open_data/82d7d561d5238d819a956f1c5731317759f20162/fire_stations/gm_fire_stations.geojson","http_status":null,"http_status_note":"public GitHub connector; numeric HTTP status not exposed","access_utc":"2026-10-09T01:32:53.265Z","data_date":"2018-04","licence":"Open Government Licence v3.0; Contains OS data Crown copyright and database right 2018","source_sha256":"bce185ba8766731a4fb2dfcefd94ae7325ee786675cb0cbb3dfb603ec1b29905","source_sha256_scope":"full 82-feature GeoJSON UTF-8 at pinned Git blob","evidence_slice_sha256":"aaf32854365838f368210eb27dd4df2891a1b539085937230d3310453a4ca93b","confidence_score_0_100":88,"evidence_grade":"B","fake_data":false,"local_spatial_join_required":true}},{"type":"Feature","id":"0444DA05-E6A4-429A-B72B-2CEA3449B743","geometry":{"type":"Polygon","coordinates":[[[-2.416128929385483,53.597545579960105],[-2.416206468161661,53.5973483758669],[-2.41644402107277,53.59738170453858],[-2.416487505679696,53.597270996670396],[-2.416647130262922,53.597292911478675],[-2.416527464452923,53.59760036961193],[-2.416128929385483,53.597545579960105]]]},"properties":{"slot_id":"building_type_9","lineage_id":"building_type_9-20261001T200900Z-newstart","page_generation":1,"batch_id":"20261009T013253Z_GM_OS_FIRE_STATIONS_50","source_entity":"0444DA05-E6A4-429A-B72B-2CEA3449B743","source_reference":"0444DA05-E6A4-429A-B72B-2CEA3449B743","source_dataset":"OS OpenMap Local ImportantBuilding","source_organisation":"Ordnance Survey via Trafford Data Lab","building_evidence_status":"BUILDING_PRESENT","parcel_status":"UNPROCESSED","canonical_parcel_id":null,"building_type":"fire_station","building_use":"fire_station_as_of_2018_04","poi_accepted":false,"field_evidence":{"footprint":"Ordnance Survey OpenMap Local ImportantBuilding Polygon, EPSG:27700 original data reprojected to CRS84; government district boundary clipping possible","type":"CLASSIFICA=Fire Station; BUILDGTHEM=Emergency Service; FEATCODE=15023","use":"Fire station classification as at 2018-04, not certification of current use","source_os_id":"0444DA05-E6A4-429A-B72B-2CEA3449B743","source_name":"Unknown","admin_area":"E08000001","admin_area_name":"Bolton"},"source_url":"https://raw.githubusercontent.com/traffordDataLab/open_data/82d7d561d5238d819a956f1c5731317759f20162/fire_stations/gm_fire_stations.geojson","final_url":"https://raw.githubusercontent.com/traffordDataLab/open_data/82d7d561d5238d819a956f1c5731317759f20162/fire_stations/gm_fire_stations.geojson","http_status":null,"http_status_note":"public GitHub connector; numeric HTTP status not exposed","access_utc":"2026-10-09T01:32:53.265Z","data_date":"2018-04","licence":"Open Government Licence v3.0; Contains OS data Crown copyright and database right 2018","source_sha256":"bce185ba8766731a4fb2dfcefd94ae7325ee786675cb0cbb3dfb603ec1b29905","source_sha256_scope":"full 82-feature GeoJSON UTF-8 at pinned Git blob","evidence_slice_sha256":"15b0586fe431a983327c28f3ecabfce9918f9337dcc668ad2b1718b77e7115d2","confidence_score_0_100":88,"evidence_grade":"B","fake_data":false,"local_spatial_join_required":true}},{"type":"Feature","id":"D5298574-958F-4B81-9E10-FF72AC96945E","geometry":{"type":"Polygon","coordinates":[[[-2.41612106157403,53.59740619837078],[-2.416097474263915,53.5974660528218],[-2.415927859445642,53.59744237436024],[-2.415951446982671,53.59738251994201],[-2.41612106157403,53.59740619837078]]]},"properties":{"slot_id":"building_type_9","lineage_id":"building_type_9-20261001T200900Z-newstart","page_generation":1,"batch_id":"20261009T013253Z_GM_OS_FIRE_STATIONS_50","source_entity":"D5298574-958F-4B81-9E10-FF72AC96945E","source_reference":"D5298574-958F-4B81-9E10-FF72AC96945E","source_dataset":"OS OpenMap Local ImportantBuilding","source_organisation":"Ordnance Survey via Trafford Data Lab","building_evidence_status":"BUILDING_PRESENT","parcel_status":"UNPROCESSED","canonical_parcel_id":null,"building_type":"fire_station","building_use":"fire_station_as_of_2018_04","poi_accepted":false,"field_evidence":{"footprint":"Ordnance Survey OpenMap Local ImportantBuilding Polygon, EPSG:27700 original data reprojected to CRS84; government district boundary clipping possible","type":"CLASSIFICA=Fire Station; BUILDGTHEM=Emergency Service; FEATCODE=15023","use":"Fire station classification as at 2018-04, not certification of current use","source_os_id":"D5298574-958F-4B81-9E10-FF72AC96945E","source_name":"Unknown","admin_area":"E08000001","admin_area_name":"Bolton"},"source_url":"https://raw.githubusercontent.com/traffordDataLab/open_data/82d7d561d5238d819a956f1c5731317759f20162/fire_stations/gm_fire_stations.geojson","final_url":"https://raw.githubusercontent.com/traffordDataLab/open_data/82d7d561d5238d819a956f1c5731317759f20162/fire_stations/gm_fire_stations.geojson","http_status":null,"http_status_note":"public GitHub connector; numeric HTTP status not exposed","access_utc":"2026-10-09T01:32:53.265Z","data_date":"2018-04","licence":"Open Government Licence v3.0; Contains OS data Crown copyright and database right 2018","source_sha256":"bce185ba8766731a4fb2dfcefd94ae7325ee786675cb0cbb3dfb603ec1b29905","source_sha256_scope":"full 82-feature GeoJSON UTF-8 at pinned Git blob","evidence_slice_sha256":"75c5380e8dd00f745ad703f3828856be89bb4b332daae2015c6116efc39a06ce","confidence_score_0_100":88,"evidence_grade":"B","fake_data":false,"local_spatial_join_required":true}},{"type":"Feature","id":"C7678968-C8D4-4A25-9EF9-6914B7D954EA","geometry":{"type":"Polygon","coordinates":[[[-2.415866786843933,53.597147320171516],[-2.415959077134284,53.59715958286512],[-2.415926680323944,53.59724553407719],[-2.415834389855382,53.59723327135912],[-2.415866786843933,53.597147320171516]]]},"properties":{"slot_id":"building_type_9","lineage_id":"building_type_9-20261001T200900Z-newstart","page_generation":1,"batch_id":"20261009T013253Z_GM_OS_FIRE_STATIONS_50","source_entity":"C7678968-C8D4-4A25-9EF9-6914B7D954EA","source_reference":"C7678968-C8D4-4A25-9EF9-6914B7D954EA","source_dataset":"OS OpenMap Local ImportantBuilding","source_organisation":"Ordnance Survey via Trafford Data Lab","building_evidence_status":"BUILDING_PRESENT","parcel_status":"UNPROCESSED","canonical_parcel_id":null,"building_type":"fire_station","building_use":"fire_station_as_of_2018_04","poi_accepted":false,"field_evidence":{"footprint":"Ordnance Survey OpenMap Local ImportantBuilding Polygon, EPSG:27700 original data reprojected to CRS84; government district boundary clipping possible","type":"CLASSIFICA=Fire Station; BUILDGTHEM=Emergency Service; FEATCODE=15023","use":"Fire station classification as at 2018-04, not certification of current use","source_os_id":"C7678968-C8D4-4A25-9EF9-6914B7D954EA","source_name":"Unknown","admin_area":"E08000001","admin_area_name":"Bolton"},"source_url":"https://raw.githubusercontent.com/traffordDataLab/open_data/82d7d561d5238d819a956f1c5731317759f20162/fire_stations/gm_fire_stations.geojson","final_url":"https://raw.githubusercontent.com/traffordDataLab/open_data/82d7d561d5238d819a956f1c5731317759f20162/fire_stations/gm_fire_stations.geojson","http_status":null,"http_status_note":"public GitHub connector; numeric HTTP status not exposed","access_utc":"2026-10-09T01:32:53.265Z","data_date":"2018-04","licence":"Open Government Licence v3.0; Contains OS data Crown copyright and database right 2018","source_sha256":"bce185ba8766731a4fb2dfcefd94ae7325ee786675cb0cbb3dfb603ec1b29905","source_sha256_scope":"full 82-feature GeoJSON UTF-8 at pinned Git blob","evidence_slice_sha256":"0af4f43a51ec6ff0a1800246b6b5546ba1ccb85079b37170759897b09efaee12","confidence_score_0_100":88,"evidence_grade":"B","fake_data":false,"local_spatial_join_required":true}},{"type":"Feature","id":"9F9B3F02-F997-4E73-AE49-19173E82CBD3","geometry":{"type":"Polygon","coordinates":[[[-2.435198867516977,53.575544510856254],[-2.434830505567254,53.57552769455638],[-2.434899043528777,53.57501043436939],[-2.435604810226872,53.57504507702643],[-2.435575584503774,53.57525766852218],[-2.435362093104333,53.57524792968501],[-2.435372629244112,53.57517104077402],[-2.435249036932107,53.57516537865439],[-2.435198867516977,53.575544510856254]]]},"properties":{"slot_id":"building_type_9","lineage_id":"building_type_9-20261001T200900Z-newstart","page_generation":1,"batch_id":"20261009T013253Z_GM_OS_FIRE_STATIONS_50","source_entity":"9F9B3F02-F997-4E73-AE49-19173E82CBD3","source_reference":"9F9B3F02-F997-4E73-AE49-19173E82CBD3","source_dataset":"OS OpenMap Local ImportantBuilding","source_organisation":"Ordnance Survey via Trafford Data Lab","building_evidence_status":"BUILDING_PRESENT","parcel_status":"UNPROCESSED","canonical_parcel_id":null,"building_type":"fire_station","building_use":"fire_station_as_of_2018_04","poi_accepted":false,"field_evidence":{"footprint":"Ordnance Survey OpenMap Local ImportantBuilding Polygon, EPSG:27700 original data reprojected to CRS84; government district boundary clipping possible","type":"CLASSIFICA=Fire Station; BUILDGTHEM=Emergency Service; FEATCODE=15023","use":"Fire station classification as at 2018-04, not certification of current use","source_os_id":"9F9B3F02-F997-4E73-AE49-19173E82CBD3","source_name":"Unknown","admin_area":"E08000001","admin_area_name":"Bolton"},"source_url":"https://raw.githubusercontent.com/traffordDataLab/open_data/82d7d561d5238d819a956f1c5731317759f20162/fire_stations/gm_fire_stations.geojson","final_url":"https://raw.githubusercontent.com/traffordDataLab/open_data/82d7d561d5238d819a956f1c5731317759f20162/fire_stations/gm_fire_stations.geojson","http_status":null,"http_status_note":"public GitHub connector; numeric HTTP status not exposed","access_utc":"2026-10-09T01:32:53.265Z","data_date":"2018-04","licence":"Open Government Licence v3.0; Contains OS data Crown copyright and database right 2018","source_sha256":"bce185ba8766731a4fb2dfcefd94ae7325ee786675cb0cbb3dfb603ec1b29905","source_sha256_scope":"full 82-feature GeoJSON UTF-8 at pinned Git blob","evidence_slice_sha256":"5d1d5f054f07f1e0b6cc0b37473f434b17296a1577a02d31782a2db9b50e9ee3","confidence_score_0_100":88,"evidence_grade":"B","fake_data":false,"local_spatial_join_required":true}},{"type":"Feature","id":"C9C99613-C7D9-41A5-AEEB-5A1F22DDBC22","geometry":{"type":"Polygon","coordinates":[[[-2.436107610254044,53.57547594419933],[-2.435939738075572,53.57546738824562],[-2.435958760516899,53.575334740461244],[-2.436126632173474,53.575343296389484],[-2.436107610254044,53.57547594419933]]]},"properties":{"slot_id":"building_type_9","lineage_id":"building_type_9-20261001T200900Z-newstart","page_generation":1,"batch_id":"20261009T013253Z_GM_OS_FIRE_STATIONS_50","source_entity":"C9C99613-C7D9-41A5-AEEB-5A1F22DDBC22","source_reference":"C9C99613-C7D9-41A5-AEEB-5A1F22DDBC22","source_dataset":"OS OpenMap Local ImportantBuilding","source_organisation":"Ordnance Survey via Trafford Data Lab","building_evidence_status":"BUILDING_PRESENT","parcel_status":"UNPROCESSED","canonical_parcel_id":null,"building_type":"fire_station","building_use":"fire_station_as_of_2018_04","poi_accepted":false,"field_evidence":{"footprint":"Ordnance Survey OpenMap Local ImportantBuilding Polygon, EPSG:27700 original data reprojected to CRS84; government district boundary clipping possible","type":"CLASSIFICA=Fire Station; BUILDGTHEM=Emergency Service; FEATCODE=15023","use":"Fire station classification as at 2018-04, not certification of current use","source_os_id":"C9C99613-C7D9-41A5-AEEB-5A1F22DDBC22","source_name":"Unknown","admin_area":"E08000001","admin_area_name":"Bolton"},"source_url":"https://raw.githubusercontent.com/traffordDataLab/open_data/82d7d561d5238d819a956f1c5731317759f20162/fire_stations/gm_fire_stations.geojson","final_url":"https://raw.githubusercontent.com/traffordDataLab/open_data/82d7d561d5238d819a956f1c5731317759f20162/fire_stations/gm_fire_stations.geojson","http_status":null,"http_status_note":"public GitHub connector; numeric HTTP status not exposed","access_utc":"2026-10-09T01:32:53.265Z","data_date":"2018-04","licence":"Open Government Licence v3.0; Contains OS data Crown copyright and database right 2018","source_sha256":"bce185ba8766731a4fb2dfcefd94ae7325ee786675cb0cbb3dfb603ec1b29905","source_sha256_scope":"full 82-feature GeoJSON UTF-8 at pinned Git blob","evidence_slice_sha256":"a01006f3e931f3b3b80339b12c1f458c6d0ec9aaae36ac4afc96af8a4bad6651","confidence_score_0_100":88,"evidence_grade":"B","fake_data":false,"local_spatial_join_required":true}},{"type":"Feature","id":"609C65F7-0E67-48B5-A3C2-E56D40A978A7","geometry":{"type":"Polygon","coordinates":[[[-2.435388416683167,53.575516855679666],[-2.436093432496787,53.57555104878175],[-2.436081217721056,53.57564079724133],[-2.43537558619787,53.5756056175869],[-2.435388416683167,53.575516855679666]]]},"properties":{"slot_id":"building_type_9","lineage_id":"building_type_9-20261001T200900Z-newstart","page_generation":1,"batch_id":"20261009T013253Z_GM_OS_FIRE_STATIONS_50","source_entity":"609C65F7-0E67-48B5-A3C2-E56D40A978A7","source_reference":"609C65F7-0E67-48B5-A3C2-E56D40A978A7","source_dataset":"OS OpenMap Local ImportantBuilding","source_organisation":"Ordnance Survey via Trafford Data Lab","building_evidence_status":"BUILDING_PRESENT","parcel_status":"UNPROCESSED","canonical_parcel_id":null,"building_type":"fire_station","building_use":"fire_station_as_of_2018_04","poi_accepted":false,"field_evidence":{"footprint":"Ordnance Survey OpenMap Local ImportantBuilding Polygon, EPSG:27700 original data reprojected to CRS84; government district boundary clipping possible","type":"CLASSIFICA=Fire Station; BUILDGTHEM=Emergency Service; FEATCODE=15023","use":"Fire station classification as at 2018-04, not certification of current use","source_os_id":"609C65F7-0E67-48B5-A3C2-E56D40A978A7","source_name":"Unknown","admin_area":"E08000001","admin_area_name":"Bolton"},"source_url":"https://raw.githubusercontent.com/traffordDataLab/open_data/82d7d561d5238d819a956f1c5731317759f20162/fire_stations/gm_fire_stations.geojson","final_url":"https://raw.githubusercontent.com/traffordDataLab/open_data/82d7d561d5238d819a956f1c5731317759f20162/fire_stations/gm_fire_stations.geojson","http_status":null,"http_status_note":"public GitHub connector; numeric HTTP status not exposed","access_utc":"2026-10-09T01:32:53.265Z","data_date":"2018-04","licence":"Open Government Licence v3.0; Contains OS data Crown copyright and database right 2018","source_sha256":"bce185ba8766731a4fb2dfcefd94ae7325ee786675cb0cbb3dfb603ec1b29905","source_sha256_scope":"full 82-feature GeoJSON UTF-8 at pinned Git blob","evidence_slice_sha256":"66aeb49220d0ac8506b092d986539ee1fc30b36eb8cc4fe82a1526875776fe9f","confidence_score_0_100":88,"evidence_grade":"B","fake_data":false,"local_spatial_join_required":true}},{"type":"Feature","id":"E58C1E64-B980-40BD-911E-AE54193BA8C1","geometry":{"type":"Polygon","coordinates":[[[-2.547807364611515,53.59547496274963],[-2.547989124849941,53.595579653736046],[-2.547798305548023,53.595697286927454],[-2.547491107798949,53.59552018424337],[-2.547762578599578,53.595353375286905],[-2.547887861465198,53.595425517471],[-2.547807364611515,53.59547496274963]]]},"properties":{"slot_id":"building_type_9","lineage_id":"building_type_9-20261001T200900Z-newstart","page_generation":1,"batch_id":"20261009T013253Z_GM_OS_FIRE_STATIONS_50","source_entity":"E58C1E64-B980-40BD-911E-AE54193BA8C1","source_reference":"E58C1E64-B980-40BD-911E-AE54193BA8C1","source_dataset":"OS OpenMap Local ImportantBuilding","source_organisation":"Ordnance Survey via Trafford Data Lab","building_evidence_status":"BUILDING_PRESENT","parcel_status":"UNPROCESSED","canonical_parcel_id":null,"building_type":"fire_station","building_use":"fire_station_as_of_2018_04","poi_accepted":false,"field_evidence":{"footprint":"Ordnance Survey OpenMap Local ImportantBuilding Polygon, EPSG:27700 original data reprojected to CRS84; government district boundary clipping possible","type":"CLASSIFICA=Fire Station; BUILDGTHEM=Emergency Service; FEATCODE=15023","use":"Fire station classification as at 2018-04, not certification of current use","source_os_id":"E58C1E64-B980-40BD-911E-AE54193BA8C1","source_name":"Unknown","admin_area":"E08000001","admin_area_name":"Bolton"},"source_url":"https://raw.githubusercontent.com/traffordDataLab/open_data/82d7d561d5238d819a956f1c5731317759f20162/fire_stations/gm_fire_stations.geojson","final_url":"https://raw.githubusercontent.com/traffordDataLab/open_data/82d7d561d5238d819a956f1c5731317759f20162/fire_stations/gm_fire_stations.geojson","http_status":null,"http_status_note":"public GitHub connector; numeric HTTP status not exposed","access_utc":"2026-10-09T01:32:53.265Z","data_date":"2018-04","licence":"Open Government Licence v3.0; Contains OS data Crown copyright and database right 2018","source_sha256":"bce185ba8766731a4fb2dfcefd94ae7325ee786675cb0cbb3dfb603ec1b29905","source_sha256_scope":"full 82-feature GeoJSON UTF-8 at pinned Git blob","evidence_slice_sha256":"89a68fd2572e03809a73f9e47304634c5d7981921c922de790db22438e41414f","confidence_score_0_100":88,"evidence_grade":"B","fake_data":false,"local_spatial_join_required":true}},{"type":"Feature","id":"ACC3F620-CD19-435A-A779-946981377367","geometry":{"type":"Polygon","coordinates":[[[-2.300823487355132,53.5984719744959],[-2.300758888667468,53.598460991524256],[-2.300799981814648,53.59837504995082],[-2.300864730841635,53.598385942639084],[-2.300823487355132,53.5984719744959]]]},"properties":{"slot_id":"building_type_9","lineage_id":"building_type_9-20261001T200900Z-newstart","page_generation":1,"batch_id":"20261009T013253Z_GM_OS_FIRE_STATIONS_50","source_entity":"ACC3F620-CD19-435A-A779-946981377367","source_reference":"ACC3F620-CD19-435A-A779-946981377367","source_dataset":"OS OpenMap Local ImportantBuilding","source_organisation":"Ordnance Survey via Trafford Data Lab","building_evidence_status":"BUILDING_PRESENT","parcel_status":"UNPROCESSED","canonical_parcel_id":null,"building_type":"fire_station","building_use":"fire_station_as_of_2018_04","poi_accepted":false,"field_evidence":{"footprint":"Ordnance Survey OpenMap Local ImportantBuilding Polygon, EPSG:27700 original data reprojected to CRS84; government district boundary clipping possible","type":"CLASSIFICA=Fire Station; BUILDGTHEM=Emergency Service; FEATCODE=15023","use":"Fire station classification as at 2018-04, not certification of current use","source_os_id":"ACC3F620-CD19-435A-A779-946981377367","source_name":"Bury Community Fire Station","admin_area":"E08000002","admin_area_name":"Bury"},"source_url":"https://raw.githubusercontent.com/traffordDataLab/open_data/82d7d561d5238d819a956f1c5731317759f20162/fire_stations/gm_fire_stations.geojson","final_url":"https://raw.githubusercontent.com/traffordDataLab/open_data/82d7d561d5238d819a956f1c5731317759f20162/fire_stations/gm_fire_stations.geojson","http_status":null,"http_status_note":"public GitHub connector; numeric HTTP status not exposed","access_utc":"2026-10-09T01:32:53.265Z","data_date":"2018-04","licence":"Open Government Licence v3.0; Contains OS data Crown copyright and database right 2018","source_sha256":"bce185ba8766731a4fb2dfcefd94ae7325ee786675cb0cbb3dfb603ec1b29905","source_sha256_scope":"full 82-feature GeoJSON UTF-8 at pinned Git blob","evidence_slice_sha256":"716236f709f29680c689f1a7eeb4231d855eb0bb20e06117ce3b08412d1feb73","confidence_score_0_100":88,"evidence_grade":"B","fake_data":false,"local_spatial_join_required":true}},{"type":"Feature","id":"927C2D38-B20D-4666-877D-B9380D10CDDA","geometry":{"type":"Polygon","coordinates":[[[-2.300378085291813,53.598308338879264],[-2.300342926846444,53.598378985302105],[-2.300113570498148,53.59833866448501],[-2.300214058436655,53.59814777051393],[-2.300185011215806,53.59814272011779],[-2.300231192802265,53.59804975509171],[-2.300190934972218,53.59799799372043],[-2.300279896550363,53.59801412902509],[-2.300302847899955,53.59796930967953],[-2.300532480997562,53.59800630377001],[-2.300484939598712,53.598099182448365],[-2.300715511452089,53.598140578092355],[-2.300608802893859,53.59834883553313],[-2.300378085291813,53.598308338879264]]]},"properties":{"slot_id":"building_type_9","lineage_id":"building_type_9-20261001T200900Z-newstart","page_generation":1,"batch_id":"20261009T013253Z_GM_OS_FIRE_STATIONS_50","source_entity":"927C2D38-B20D-4666-877D-B9380D10CDDA","source_reference":"927C2D38-B20D-4666-877D-B9380D10CDDA","source_dataset":"OS OpenMap Local ImportantBuilding","source_organisation":"Ordnance Survey via Trafford Data Lab","building_evidence_status":"BUILDING_PRESENT","parcel_status":"UNPROCESSED","canonical_parcel_id":null,"building_type":"fire_station","building_use":"fire_station_as_of_2018_04","poi_accepted":false,"field_evidence":{"footprint":"Ordnance Survey OpenMap Local ImportantBuilding Polygon, EPSG:27700 original data reprojected to CRS84; government district boundary clipping possible","type":"CLASSIFICA=Fire Station; BUILDGTHEM=Emergency Service; FEATCODE=15023","use":"Fire station classification as at 2018-04, not certification of current use","source_os_id":"927C2D38-B20D-4666-877D-B9380D10CDDA","source_name":"Bury Community Fire Station","admin_area":"E08000002","admin_area_name":"Bury"},"source_url":"https://raw.githubusercontent.com/traffordDataLab/open_data/82d7d561d5238d819a956f1c5731317759f20162/fire_stations/gm_fire_stations.geojson","final_url":"https://raw.githubusercontent.com/traffordDataLab/open_data/82d7d561d5238d819a956f1c5731317759f20162/fire_stations/gm_fire_stations.geojson","http_status":null,"http_status_note":"public GitHub connector; numeric HTTP status not exposed","access_utc":"2026-10-09T01:32:53.265Z","data_date":"2018-04","licence":"Open Government Licence v3.0; Contains OS data Crown copyright and database right 2018","source_sha256":"bce185ba8766731a4fb2dfcefd94ae7325ee786675cb0cbb3dfb603ec1b29905","source_sha256_scope":"full 82-feature GeoJSON UTF-8 at pinned Git blob","evidence_slice_sha256":"43696963097121a62e352cf909e73f78a6494d01928c37801daed869368989c5","confidence_score_0_100":88,"evidence_grade":"B","fake_data":false,"local_spatial_join_required":true}},{"type":"Feature","id":"9A7F4464-EE0B-492D-830B-4B0D5538F002","geometry":{"type":"Polygon","coordinates":[[[-2.300686458946311,53.59853874266311],[-2.300668577381772,53.5985740217389],[-2.300526812354132,53.59854840198299],[-2.300544845764212,53.59851321242961],[-2.300686458946311,53.59853874266311]]]},"properties":{"slot_id":"building_type_9","lineage_id":"building_type_9-20261001T200900Z-newstart","page_generation":1,"batch_id":"20261009T013253Z_GM_OS_FIRE_STATIONS_50","source_entity":"9A7F4464-EE0B-492D-830B-4B0D5538F002","source_reference":"9A7F4464-EE0B-492D-830B-4B0D5538F002","source_dataset":"OS OpenMap Local ImportantBuilding","source_organisation":"Ordnance Survey via Trafford Data Lab","building_evidence_status":"BUILDING_PRESENT","parcel_status":"UNPROCESSED","canonical_parcel_id":null,"building_type":"fire_station","building_use":"fire_station_as_of_2018_04","poi_accepted":false,"field_evidence":{"footprint":"Ordnance Survey OpenMap Local ImportantBuilding Polygon, EPSG:27700 original data reprojected to CRS84; government district boundary clipping possible","type":"CLASSIFICA=Fire Station; BUILDGTHEM=Emergency Service; FEATCODE=15023","use":"Fire station classification as at 2018-04, not certification of current use","source_os_id":"9A7F4464-EE0B-492D-830B-4B0D5538F002","source_name":"Bury Community Fire Station","admin_area":"E08000002","admin_area_name":"Bury"},"source_url":"https://raw.githubusercontent.com/traffordDataLab/open_data/82d7d561d5238d819a956f1c5731317759f20162/fire_stations/gm_fire_stations.geojson","final_url":"https://raw.githubusercontent.com/traffordDataLab/open_data/82d7d561d5238d819a956f1c5731317759f20162/fire_stations/gm_fire_stations.geojson","http_status":null,"http_status_note":"public GitHub connector; numeric HTTP status not exposed","access_utc":"2026-10-09T01:32:53.265Z","data_date":"2018-04","licence":"Open Government Licence v3.0; Contains OS data Crown copyright and database right 2018","source_sha256":"bce185ba8766731a4fb2dfcefd94ae7325ee786675cb0cbb3dfb603ec1b29905","source_sha256_scope":"full 82-feature GeoJSON UTF-8 at pinned Git blob","evidence_slice_sha256":"b969bc018f9e95f1abae681039e3e323ac88586d61161c2c6f199c23cf668553","confidence_score_0_100":88,"evidence_grade":"B","fake_data":false,"local_spatial_join_required":true}},{"type":"Feature","id":"9077ABC6-AEFF-4358-9524-EA9FB312E7B6","geometry":{"type":"Polygon","coordinates":[[[-2.295956244516909,53.55470621565116],[-2.296166317995525,53.55435443018473],[-2.296383850204138,53.554400540467235],[-2.2961722688674,53.55475233005167],[-2.295956244516909,53.55470621565116]],[[-2.296278612056908,53.554482685363496],[-2.29619909806411,53.554465984353776],[-2.296162546790629,53.55452755531169],[-2.29624206088465,53.55454425634539],[-2.296278612056908,53.554482685363496]]]},"properties":{"slot_id":"building_type_9","lineage_id":"building_type_9-20261001T200900Z-newstart","page_generation":1,"batch_id":"20261009T013253Z_GM_OS_FIRE_STATIONS_50","source_entity":"9077ABC6-AEFF-4358-9524-EA9FB312E7B6","source_reference":"9077ABC6-AEFF-4358-9524-EA9FB312E7B6","source_dataset":"OS OpenMap Local ImportantBuilding","source_organisation":"Ordnance Survey via Trafford Data Lab","building_evidence_status":"BUILDING_PRESENT","parcel_status":"UNPROCESSED","canonical_parcel_id":null,"building_type":"fire_station","building_use":"fire_station_as_of_2018_04","poi_accepted":false,"field_evidence":{"footprint":"Ordnance Survey OpenMap Local ImportantBuilding Polygon, EPSG:27700 original data reprojected to CRS84; government district boundary clipping possible","type":"CLASSIFICA=Fire Station; BUILDGTHEM=Emergency Service; FEATCODE=15023","use":"Fire station classification as at 2018-04, not certification of current use","source_os_id":"9077ABC6-AEFF-4358-9524-EA9FB312E7B6","source_name":"Unknown","admin_area":"E08000002","admin_area_name":"Bury"},"source_url":"https://raw.githubusercontent.com/traffordDataLab/open_data/82d7d561d5238d819a956f1c5731317759f20162/fire_stations/gm_fire_stations.geojson","final_url":"https://raw.githubusercontent.com/traffordDataLab/open_data/82d7d561d5238d819a956f1c5731317759f20162/fire_stations/gm_fire_stations.geojson","http_status":null,"http_status_note":"public GitHub connector; numeric HTTP status not exposed","access_utc":"2026-10-09T01:32:53.265Z","data_date":"2018-04","licence":"Open Government Licence v3.0; Contains OS data Crown copyright and database right 2018","source_sha256":"bce185ba8766731a4fb2dfcefd94ae7325ee786675cb0cbb3dfb603ec1b29905","source_sha256_scope":"full 82-feature GeoJSON UTF-8 at pinned Git blob","evidence_slice_sha256":"c41d96b4eaddd11ddb299c2bc4fb512717649dadcf8128e95d74fe964f8f3600","confidence_score_0_100":88,"evidence_grade":"B","fake_data":false,"local_spatial_join_required":true}},{"type":"Feature","id":"75F34C56-8B55-4F9B-AA4B-24AF6AE75B99","geometry":{"type":"Polygon","coordinates":[[[-2.316063523233047,53.65428127132076],[-2.316041576887128,53.653916407848676],[-2.31627862353321,53.65391092780903],[-2.316300729954433,53.654276689638564],[-2.316063523233047,53.65428127132076]],[[-2.316138813647768,53.65419271826933],[-2.316240178173091,53.654191731328766],[-2.316238133378249,53.65412072985144],[-2.316136769023175,53.65412171679005],[-2.316138813647768,53.65419271826933]]]},"properties":{"slot_id":"building_type_9","lineage_id":"building_type_9-20261001T200900Z-newstart","page_generation":1,"batch_id":"20261009T013253Z_GM_OS_FIRE_STATIONS_50","source_entity":"75F34C56-8B55-4F9B-AA4B-24AF6AE75B99","source_reference":"75F34C56-8B55-4F9B-AA4B-24AF6AE75B99","source_dataset":"OS OpenMap Local ImportantBuilding","source_organisation":"Ordnance Survey via Trafford Data Lab","building_evidence_status":"BUILDING_PRESENT","parcel_status":"UNPROCESSED","canonical_parcel_id":null,"building_type":"fire_station","building_use":"fire_station_as_of_2018_04","poi_accepted":false,"field_evidence":{"footprint":"Ordnance Survey OpenMap Local ImportantBuilding Polygon, EPSG:27700 original data reprojected to CRS84; government district boundary clipping possible","type":"CLASSIFICA=Fire Station; BUILDGTHEM=Emergency Service; FEATCODE=15023","use":"Fire station classification as at 2018-04, not certification of current use","source_os_id":"75F34C56-8B55-4F9B-AA4B-24AF6AE75B99","source_name":"Unknown","admin_area":"E08000002","admin_area_name":"Bury"},"source_url":"https://raw.githubusercontent.com/traffordDataLab/open_data/82d7d561d5238d819a956f1c5731317759f20162/fire_stations/gm_fire_stations.geojson","final_url":"https://raw.githubusercontent.com/traffordDataLab/open_data/82d7d561d5238d819a956f1c5731317759f20162/fire_stations/gm_fire_stations.geojson","http_status":null,"http_status_note":"public GitHub connector; numeric HTTP status not exposed","access_utc":"2026-10-09T01:32:53.265Z","data_date":"2018-04","licence":"Open Government Licence v3.0; Contains OS data Crown copyright and database right 2018","source_sha256":"bce185ba8766731a4fb2dfcefd94ae7325ee786675cb0cbb3dfb603ec1b29905","source_sha256_scope":"full 82-feature GeoJSON UTF-8 at pinned Git blob","evidence_slice_sha256":"5c6bf1e6cfc0be273177c748c31bfba0fced1995208a0dd96474853405b99c79","confidence_score_0_100":88,"evidence_grade":"B","fake_data":false,"local_spatial_join_required":true}},{"type":"Feature","id":"236DCFB1-83F2-4527-8CD8-F306E54E1E95","geometry":{"type":"Polygon","coordinates":[[[-2.211690370338574,53.52709958465705],[-2.211828154402264,53.52690024767907],[-2.211485306673965,53.52681501623392],[-2.211523496488353,53.52675967004652],[-2.212043956080242,53.52688817982427],[-2.211866474546418,53.527142776149624],[-2.211690370338574,53.52709958465705]]]},"properties":{"slot_id":"building_type_9","lineage_id":"building_type_9-20261001T200900Z-newstart","page_generation":1,"batch_id":"20261009T013253Z_GM_OS_FIRE_STATIONS_50","source_entity":"236DCFB1-83F2-4527-8CD8-F306E54E1E95","source_reference":"236DCFB1-83F2-4527-8CD8-F306E54E1E95","source_dataset":"OS OpenMap Local ImportantBuilding","source_organisation":"Ordnance Survey via Trafford Data Lab","building_evidence_status":"BUILDING_PRESENT","parcel_status":"UNPROCESSED","canonical_parcel_id":null,"building_type":"fire_station","building_use":"fire_station_as_of_2018_04","poi_accepted":false,"field_evidence":{"footprint":"Ordnance Survey OpenMap Local ImportantBuilding Polygon, EPSG:27700 original data reprojected to CRS84; government district boundary clipping possible","type":"CLASSIFICA=Fire Station; BUILDGTHEM=Emergency Service; FEATCODE=15023","use":"Fire station classification as at 2018-04, not certification of current use","source_os_id":"236DCFB1-83F2-4527-8CD8-F306E54E1E95","source_name":"Unknown","admin_area":"E08000003","admin_area_name":"Manchester"},"source_url":"https://raw.githubusercontent.com/traffordDataLab/open_data/82d7d561d5238d819a956f1c5731317759f20162/fire_stations/gm_fire_stations.geojson","final_url":"https://raw.githubusercontent.com/traffordDataLab/open_data/82d7d561d5238d819a956f1c5731317759f20162/fire_stations/gm_fire_stations.geojson","http_status":null,"http_status_note":"public GitHub connector; numeric HTTP status not exposed","access_utc":"2026-10-09T01:32:53.265Z","data_date":"2018-04","licence":"Open Government Licence v3.0; Contains OS data Crown copyright and database right 2018","source_sha256":"bce185ba8766731a4fb2dfcefd94ae7325ee786675cb0cbb3dfb603ec1b29905","source_sha256_scope":"full 82-feature GeoJSON UTF-8 at pinned Git blob","evidence_slice_sha256":"c5692ed4945d26023f2e518bdab480808e2f68cfb7b76babb68012010a274206","confidence_score_0_100":88,"evidence_grade":"B","fake_data":false,"local_spatial_join_required":true}},{"type":"Feature","id":"42308B1F-FCB9-4652-AF05-3D9DD821607B","geometry":{"type":"Polygon","coordinates":[[[-2.230225188423472,53.48710684249371],[-2.230290795943199,53.48711615382932],[-2.230605886902381,53.48699869583181],[-2.230459682161876,53.48685606184548],[-2.230634911827744,53.48679316387847],[-2.231182532596069,53.48731181670282],[-2.230886686247495,53.48742096962827],[-2.230650668378262,53.487196984333416],[-2.230477963445489,53.487253315878384],[-2.230091256956522,53.4871987828357],[-2.229817957854464,53.48693540845792],[-2.229827027227353,53.486912560345836],[-2.230100015075295,53.48681253242195],[-2.230205141946966,53.48691174198085],[-2.230073680738987,53.486958825196695],[-2.230225188423472,53.48710684249371]]]},"properties":{"slot_id":"building_type_9","lineage_id":"building_type_9-20261001T200900Z-newstart","page_generation":1,"batch_id":"20261009T013253Z_GM_OS_FIRE_STATIONS_50","source_entity":"42308B1F-FCB9-4652-AF05-3D9DD821607B","source_reference":"42308B1F-FCB9-4652-AF05-3D9DD821607B","source_dataset":"OS OpenMap Local ImportantBuilding","source_organisation":"Ordnance Survey via Trafford Data Lab","building_evidence_status":"BUILDING_PRESENT","parcel_status":"UNPROCESSED","canonical_parcel_id":null,"building_type":"fire_station","building_use":"fire_station_as_of_2018_04","poi_accepted":false,"field_evidence":{"footprint":"Ordnance Survey OpenMap Local ImportantBuilding Polygon, EPSG:27700 original data reprojected to CRS84; government district boundary clipping possible","type":"CLASSIFICA=Fire Station; BUILDGTHEM=Emergency Service; FEATCODE=15023","use":"Fire station classification as at 2018-04, not certification of current use","source_os_id":"42308B1F-FCB9-4652-AF05-3D9DD821607B","source_name":"Unknown","admin_area":"E08000003","admin_area_name":"Manchester"},"source_url":"https://raw.githubusercontent.com/traffordDataLab/open_data/82d7d561d5238d819a956f1c5731317759f20162/fire_stations/gm_fire_stations.geojson","final_url":"https://raw.githubusercontent.com/traffordDataLab/open_data/82d7d561d5238d819a956f1c5731317759f20162/fire_stations/gm_fire_stations.geojson","http_status":null,"http_status_note":"public GitHub connector; numeric HTTP status not exposed","access_utc":"2026-10-09T01:32:53.265Z","data_date":"2018-04","licence":"Open Government Licence v3.0; Contains OS data Crown copyright and database right 2018","source_sha256":"bce185ba8766731a4fb2dfcefd94ae7325ee786675cb0cbb3dfb603ec1b29905","source_sha256_scope":"full 82-feature GeoJSON UTF-8 at pinned Git blob","evidence_slice_sha256":"c25adce567d4731276012f34320c50946040d33f20dc0c281e208f4531e5f72d","confidence_score_0_100":88,"evidence_grade":"B","fake_data":false,"local_spatial_join_required":true}},{"type":"Feature","id":"108EDAFD-7C5C-463D-94E2-FAFB638AFF43","geometry":{"type":"Polygon","coordinates":[[[-2.201436906475227,53.4905031281032],[-2.200977879377131,53.490292763438546],[-2.201149665050425,53.490158816047284],[-2.201262192975801,53.49021030988959],[-2.201507700796075,53.49001772294083],[-2.201877305608429,53.49018653049287],[-2.201796669609468,53.490249406118345],[-2.201481742853824,53.49010567366677],[-2.20127107521072,53.49027177581878],[-2.201563650823517,53.49040592893708],[-2.201436906475227,53.4905031281032]]]},"properties":{"slot_id":"building_type_9","lineage_id":"building_type_9-20261001T200900Z-newstart","page_generation":1,"batch_id":"20261009T013253Z_GM_OS_FIRE_STATIONS_50","source_entity":"108EDAFD-7C5C-463D-94E2-FAFB638AFF43","source_reference":"108EDAFD-7C5C-463D-94E2-FAFB638AFF43","source_dataset":"OS OpenMap Local ImportantBuilding","source_organisation":"Ordnance Survey via Trafford Data Lab","building_evidence_status":"BUILDING_PRESENT","parcel_status":"UNPROCESSED","canonical_parcel_id":null,"building_type":"fire_station","building_use":"fire_station_as_of_2018_04","poi_accepted":false,"field_evidence":{"footprint":"Ordnance Survey OpenMap Local ImportantBuilding Polygon, EPSG:27700 original data reprojected to CRS84; government district boundary clipping possible","type":"CLASSIFICA=Fire Station; BUILDGTHEM=Emergency Service; FEATCODE=15023","use":"Fire station classification as at 2018-04, not certification of current use","source_os_id":"108EDAFD-7C5C-463D-94E2-FAFB638AFF43","source_name":"Unknown","admin_area":"E08000003","admin_area_name":"Manchester"},"source_url":"https://raw.githubusercontent.com/traffordDataLab/open_data/82d7d561d5238d819a956f1c5731317759f20162/fire_stations/gm_fire_stations.geojson","final_url":"https://raw.githubusercontent.com/traffordDataLab/open_data/82d7d561d5238d819a956f1c5731317759f20162/fire_stations/gm_fire_stations.geojson","http_status":null,"http_status_note":"public GitHub connector; numeric HTTP status not exposed","access_utc":"2026-10-09T01:32:53.265Z","data_date":"2018-04","licence":"Open Government Licence v3.0; Contains OS data Crown copyright and database right 2018","source_sha256":"bce185ba8766731a4fb2dfcefd94ae7325ee786675cb0cbb3dfb603ec1b29905","source_sha256_scope":"full 82-feature GeoJSON UTF-8 at pinned Git blob","evidence_slice_sha256":"727234446d175b277c17811deb2a423372d48d8bc666567b7df8a1e41d902db0","confidence_score_0_100":88,"evidence_grade":"B","fake_data":false,"local_spatial_join_required":true}},{"type":"Feature","id":"E6DC3E53-0B5D-4F4B-A9C7-0FB0D3D7B727","geometry":{"type":"Polygon","coordinates":[[[-2.194709533238959,53.466720687456],[-2.194249521952288,53.466857612445],[-2.194111566585084,53.466698291563006],[-2.194444603348539,53.46659653920769],[-2.194470290316156,53.466548049492395],[-2.194727037395864,53.46659589891781],[-2.194679852395448,53.46668648980457],[-2.194709533238959,53.466720687456]]]},"properties":{"slot_id":"building_type_9","lineage_id":"building_type_9-20261001T200900Z-newstart","page_generation":1,"batch_id":"20261009T013253Z_GM_OS_FIRE_STATIONS_50","source_entity":"E6DC3E53-0B5D-4F4B-A9C7-0FB0D3D7B727","source_reference":"E6DC3E53-0B5D-4F4B-A9C7-0FB0D3D7B727","source_dataset":"OS OpenMap Local ImportantBuilding","source_organisation":"Ordnance Survey via Trafford Data Lab","building_evidence_status":"BUILDING_PRESENT","parcel_status":"UNPROCESSED","canonical_parcel_id":null,"building_type":"fire_station","building_use":"fire_station_as_of_2018_04","poi_accepted":false,"field_evidence":{"footprint":"Ordnance Survey OpenMap Local ImportantBuilding Polygon, EPSG:27700 original data reprojected to CRS84; government district boundary clipping possible","type":"CLASSIFICA=Fire Station; BUILDGTHEM=Emergency Service; FEATCODE=15023","use":"Fire station classification as at 2018-04, not certification of current use","source_os_id":"E6DC3E53-0B5D-4F4B-A9C7-0FB0D3D7B727","source_name":"Unknown","admin_area":"E08000003","admin_area_name":"Manchester"},"source_url":"https://raw.githubusercontent.com/traffordDataLab/open_data/82d7d561d5238d819a956f1c5731317759f20162/fire_stations/gm_fire_stations.geojson","final_url":"https://raw.githubusercontent.com/traffordDataLab/open_data/82d7d561d5238d819a956f1c5731317759f20162/fire_stations/gm_fire_stations.geojson","http_status":null,"http_status_note":"public GitHub connector; numeric HTTP status not exposed","access_utc":"2026-10-09T01:32:53.265Z","data_date":"2018-04","licence":"Open Government Licence v3.0; Contains OS data Crown copyright and database right 2018","source_sha256":"bce185ba8766731a4fb2dfcefd94ae7325ee786675cb0cbb3dfb603ec1b29905","source_sha256_scope":"full 82-feature GeoJSON UTF-8 at pinned Git blob","evidence_slice_sha256":"206b0a0053dd0fcc5623c3f693a99923a82fbb0b840b4ff6cfba3a29881b6745","confidence_score_0_100":88,"evidence_grade":"B","fake_data":false,"local_spatial_join_required":true}},{"type":"Feature","id":"CDDD0D07-36BC-4A49-BE87-C9BD92DA73E9","geometry":{"type":"Polygon","coordinates":[[[-2.194897100324329,53.466792558700284],[-2.19482730487164,53.46681406522637],[-2.194735532497868,53.46670752186588],[-2.194805328234521,53.46668610527718],[-2.194897100324329,53.466792558700284]]]},"properties":{"slot_id":"building_type_9","lineage_id":"building_type_9-20261001T200900Z-newstart","page_generation":1,"batch_id":"20261009T013253Z_GM_OS_FIRE_STATIONS_50","source_entity":"CDDD0D07-36BC-4A49-BE87-C9BD92DA73E9","source_reference":"CDDD0D07-36BC-4A49-BE87-C9BD92DA73E9","source_dataset":"OS OpenMap Local ImportantBuilding","source_organisation":"Ordnance Survey via Trafford Data Lab","building_evidence_status":"BUILDING_PRESENT","parcel_status":"UNPROCESSED","canonical_parcel_id":null,"building_type":"fire_station","building_use":"fire_station_as_of_2018_04","poi_accepted":false,"field_evidence":{"footprint":"Ordnance Survey OpenMap Local ImportantBuilding Polygon, EPSG:27700 original data reprojected to CRS84; government district boundary clipping possible","type":"CLASSIFICA=Fire Station; BUILDGTHEM=Emergency Service; FEATCODE=15023","use":"Fire station classification as at 2018-04, not certification of current use","source_os_id":"CDDD0D07-36BC-4A49-BE87-C9BD92DA73E9","source_name":"Unknown","admin_area":"E08000003","admin_area_name":"Manchester"},"source_url":"https://raw.githubusercontent.com/traffordDataLab/open_data/82d7d561d5238d819a956f1c5731317759f20162/fire_stations/gm_fire_stations.geojson","final_url":"https://raw.githubusercontent.com/traffordDataLab/open_data/82d7d561d5238d819a956f1c5731317759f20162/fire_stations/gm_fire_stations.geojson","http_status":null,"http_status_note":"public GitHub connector; numeric HTTP status not exposed","access_utc":"2026-10-09T01:32:53.265Z","data_date":"2018-04","licence":"Open Government Licence v3.0; Contains OS data Crown copyright and database right 2018","source_sha256":"bce185ba8766731a4fb2dfcefd94ae7325ee786675cb0cbb3dfb603ec1b29905","source_sha256_scope":"full 82-feature GeoJSON UTF-8 at pinned Git blob","evidence_slice_sha256":"fd268ce33d5cfb94c68b203a112a8190a6b851460ef452f33fb69e092d8c0eb3","confidence_score_0_100":88,"evidence_grade":"B","fake_data":false,"local_spatial_join_required":true}},{"type":"Feature","id":"7E8EC4C1-E499-4EAC-9370-CD8F0A9C3861","geometry":{"type":"Polygon","coordinates":[[[-2.246051550053394,53.45994115324574],[-2.246062572291103,53.45971174425071],[-2.24639333608437,53.459716365143194],[-2.246380949011667,53.460021819614255],[-2.245912964806143,53.46001505457481],[-2.24591644596806,53.459939903625695],[-2.246051550053394,53.45994115324574]]]},"properties":{"slot_id":"building_type_9","lineage_id":"building_type_9-20261001T200900Z-newstart","page_generation":1,"batch_id":"20261009T013253Z_GM_OS_FIRE_STATIONS_50","source_entity":"7E8EC4C1-E499-4EAC-9370-CD8F0A9C3861","source_reference":"7E8EC4C1-E499-4EAC-9370-CD8F0A9C3861","source_dataset":"OS OpenMap Local ImportantBuilding","source_organisation":"Ordnance Survey via Trafford Data Lab","building_evidence_status":"BUILDING_PRESENT","parcel_status":"UNPROCESSED","canonical_parcel_id":null,"building_type":"fire_station","building_use":"fire_station_as_of_2018_04","poi_accepted":false,"field_evidence":{"footprint":"Ordnance Survey OpenMap Local ImportantBuilding Polygon, EPSG:27700 original data reprojected to CRS84; government district boundary clipping possible","type":"CLASSIFICA=Fire Station; BUILDGTHEM=Emergency Service; FEATCODE=15023","use":"Fire station classification as at 2018-04, not certification of current use","source_os_id":"7E8EC4C1-E499-4EAC-9370-CD8F0A9C3861","source_name":"Unknown","admin_area":"E08000003","admin_area_name":"Manchester"},"source_url":"https://raw.githubusercontent.com/traffordDataLab/open_data/82d7d561d5238d819a956f1c5731317759f20162/fire_stations/gm_fire_stations.geojson","final_url":"https://raw.githubusercontent.com/traffordDataLab/open_data/82d7d561d5238d819a956f1c5731317759f20162/fire_stations/gm_fire_stations.geojson","http_status":null,"http_status_note":"public GitHub connector; numeric HTTP status not exposed","access_utc":"2026-10-09T01:32:53.265Z","data_date":"2018-04","licence":"Open Government Licence v3.0; Contains OS data Crown copyright and database right 2018","source_sha256":"bce185ba8766731a4fb2dfcefd94ae7325ee786675cb0cbb3dfb603ec1b29905","source_sha256_scope":"full 82-feature GeoJSON UTF-8 at pinned Git blob","evidence_slice_sha256":"88631d6a9b86d6f424c717ed0b21cfe3a3c9c51bbc3f9b6f48ec7030808f76c6","confidence_score_0_100":88,"evidence_grade":"B","fake_data":false,"local_spatial_join_required":true}},{"type":"Feature","id":"2D44E7DC-5067-4043-900E-46D9B600DAB9","geometry":{"type":"Polygon","coordinates":[[[-2.245665969402792,53.459703123261896],[-2.245655425872896,53.45970296519178],[-2.245659346301935,53.459625566219934],[-2.246181095403236,53.45963267079768],[-2.246179418045315,53.459681122221625],[-2.246178616414447,53.459698741316465],[-2.245664843998863,53.459690811346206],[-2.245665969402792,53.459703123261896]]]},"properties":{"slot_id":"building_type_9","lineage_id":"building_type_9-20261001T200900Z-newstart","page_generation":1,"batch_id":"20261009T013253Z_GM_OS_FIRE_STATIONS_50","source_entity":"2D44E7DC-5067-4043-900E-46D9B600DAB9","source_reference":"2D44E7DC-5067-4043-900E-46D9B600DAB9","source_dataset":"OS OpenMap Local ImportantBuilding","source_organisation":"Ordnance Survey via Trafford Data Lab","building_evidence_status":"BUILDING_PRESENT","parcel_status":"UNPROCESSED","canonical_parcel_id":null,"building_type":"fire_station","building_use":"fire_station_as_of_2018_04","poi_accepted":false,"field_evidence":{"footprint":"Ordnance Survey OpenMap Local ImportantBuilding Polygon, EPSG:27700 original data reprojected to CRS84; government district boundary clipping possible","type":"CLASSIFICA=Fire Station; BUILDGTHEM=Emergency Service; FEATCODE=15023","use":"Fire station classification as at 2018-04, not certification of current use","source_os_id":"2D44E7DC-5067-4043-900E-46D9B600DAB9","source_name":"Unknown","admin_area":"E08000003","admin_area_name":"Manchester"},"source_url":"https://raw.githubusercontent.com/traffordDataLab/open_data/82d7d561d5238d819a956f1c5731317759f20162/fire_stations/gm_fire_stations.geojson","final_url":"https://raw.githubusercontent.com/traffordDataLab/open_data/82d7d561d5238d819a956f1c5731317759f20162/fire_stations/gm_fire_stations.geojson","http_status":null,"http_status_note":"public GitHub connector; numeric HTTP status not exposed","access_utc":"2026-10-09T01:32:53.265Z","data_date":"2018-04","licence":"Open Government Licence v3.0; Contains OS data Crown copyright and database right 2018","source_sha256":"bce185ba8766731a4fb2dfcefd94ae7325ee786675cb0cbb3dfb603ec1b29905","source_sha256_scope":"full 82-feature GeoJSON UTF-8 at pinned Git blob","evidence_slice_sha256":"3a595b432636c3d1821d22f4dd5ad40fe4376cb4fe872341de9c42db4f141b36","confidence_score_0_100":88,"evidence_grade":"B","fake_data":false,"local_spatial_join_required":true}},{"type":"Feature","id":"3E8E16DC-5130-49C1-AFA1-7820DD3D7FC9","geometry":{"type":"Polygon","coordinates":[[[-2.246078941516469,53.460250031177914],[-2.245939913337748,53.46024753128483],[-2.245944640232506,53.46015341205755],[-2.246083668104014,53.46015591194551],[-2.246078941516469,53.460250031177914]]]},"properties":{"slot_id":"building_type_9","lineage_id":"building_type_9-20261001T200900Z-newstart","page_generation":1,"batch_id":"20261009T013253Z_GM_OS_FIRE_STATIONS_50","source_entity":"3E8E16DC-5130-49C1-AFA1-7820DD3D7FC9","source_reference":"3E8E16DC-5130-49C1-AFA1-7820DD3D7FC9","source_dataset":"OS OpenMap Local ImportantBuilding","source_organisation":"Ordnance Survey via Trafford Data Lab","building_evidence_status":"BUILDING_PRESENT","parcel_status":"UNPROCESSED","canonical_parcel_id":null,"building_type":"fire_station","building_use":"fire_station_as_of_2018_04","poi_accepted":false,"field_evidence":{"footprint":"Ordnance Survey OpenMap Local ImportantBuilding Polygon, EPSG:27700 original data reprojected to CRS84; government district boundary clipping possible","type":"CLASSIFICA=Fire Station; BUILDGTHEM=Emergency Service; FEATCODE=15023","use":"Fire station classification as at 2018-04, not certification of current use","source_os_id":"3E8E16DC-5130-49C1-AFA1-7820DD3D7FC9","source_name":"Unknown","admin_area":"E08000003","admin_area_name":"Manchester"},"source_url":"https://raw.githubusercontent.com/traffordDataLab/open_data/82d7d561d5238d819a956f1c5731317759f20162/fire_stations/gm_fire_stations.geojson","final_url":"https://raw.githubusercontent.com/traffordDataLab/open_data/82d7d561d5238d819a956f1c5731317759f20162/fire_stations/gm_fire_stations.geojson","http_status":null,"http_status_note":"public GitHub connector; numeric HTTP status not exposed","access_utc":"2026-10-09T01:32:53.265Z","data_date":"2018-04","licence":"Open Government Licence v3.0; Contains OS data Crown copyright and database right 2018","source_sha256":"bce185ba8766731a4fb2dfcefd94ae7325ee786675cb0cbb3dfb603ec1b29905","source_sha256_scope":"full 82-feature GeoJSON UTF-8 at pinned Git blob","evidence_slice_sha256":"cbe9d46e4babc83c73e0bc666ac6c8d4c8b20e30bf577504c2485d7352f887ea","confidence_score_0_100":88,"evidence_grade":"B","fake_data":false,"local_spatial_join_required":true}},{"type":"Feature","id":"3CF3FBDD-BA02-4FBE-8E4F-08E4566D8223","geometry":{"type":"Polygon","coordinates":[[[-2.227870160459807,53.431764209510334],[-2.227841412984777,53.43167986211728],[-2.228305460506856,53.43162863932835],[-2.22831386141532,53.431651544004005],[-2.228437331069933,53.43166119506293],[-2.228389222049465,53.43192366233322],[-2.228200387255782,53.431934090791096],[-2.228238543473348,53.431723955879036],[-2.227870160459807,53.431764209510334]]]},"properties":{"slot_id":"building_type_9","lineage_id":"building_type_9-20261001T200900Z-newstart","page_generation":1,"batch_id":"20261009T013253Z_GM_OS_FIRE_STATIONS_50","source_entity":"3CF3FBDD-BA02-4FBE-8E4F-08E4566D8223","source_reference":"3CF3FBDD-BA02-4FBE-8E4F-08E4566D8223","source_dataset":"OS OpenMap Local ImportantBuilding","source_organisation":"Ordnance Survey via Trafford Data Lab","building_evidence_status":"BUILDING_PRESENT","parcel_status":"UNPROCESSED","canonical_parcel_id":null,"building_type":"fire_station","building_use":"fire_station_as_of_2018_04","poi_accepted":false,"field_evidence":{"footprint":"Ordnance Survey OpenMap Local ImportantBuilding Polygon, EPSG:27700 original data reprojected to CRS84; government district boundary clipping possible","type":"CLASSIFICA=Fire Station; BUILDGTHEM=Emergency Service; FEATCODE=15023","use":"Fire station classification as at 2018-04, not certification of current use","source_os_id":"3CF3FBDD-BA02-4FBE-8E4F-08E4566D8223","source_name":"Unknown","admin_area":"E08000003","admin_area_name":"Manchester"},"source_url":"https://raw.githubusercontent.com/traffordDataLab/open_data/82d7d561d5238d819a956f1c5731317759f20162/fire_stations/gm_fire_stations.geojson","final_url":"https://raw.githubusercontent.com/traffordDataLab/open_data/82d7d561d5238d819a956f1c5731317759f20162/fire_stations/gm_fire_stations.geojson","http_status":null,"http_status_note":"public GitHub connector; numeric HTTP status not exposed","access_utc":"2026-10-09T01:32:53.265Z","data_date":"2018-04","licence":"Open Government Licence v3.0; Contains OS data Crown copyright and database right 2018","source_sha256":"bce185ba8766731a4fb2dfcefd94ae7325ee786675cb0cbb3dfb603ec1b29905","source_sha256_scope":"full 82-feature GeoJSON UTF-8 at pinned Git blob","evidence_slice_sha256":"de703afd98523b9e5c847ad1509c5ac0c3930291d3eacc809f3c076757832da9","confidence_score_0_100":88,"evidence_grade":"B","fake_data":false,"local_spatial_join_required":true}},{"type":"Feature","id":"805FA6CE-1632-4D39-BDEB-E21652B0CFF8","geometry":{"type":"Polygon","coordinates":[[[-2.257028549402365,53.381667736372606],[-2.257018130189415,53.38163513016895],[-2.257193749255194,53.38161515641755],[-2.257204168597327,53.38164776260585],[-2.257028549402365,53.381667736372606]]]},"properties":{"slot_id":"building_type_9","lineage_id":"building_type_9-20261001T200900Z-newstart","page_generation":1,"batch_id":"20261009T013253Z_GM_OS_FIRE_STATIONS_50","source_entity":"805FA6CE-1632-4D39-BDEB-E21652B0CFF8","source_reference":"805FA6CE-1632-4D39-BDEB-E21652B0CFF8","source_dataset":"OS OpenMap Local ImportantBuilding","source_organisation":"Ordnance Survey via Trafford Data Lab","building_evidence_status":"BUILDING_PRESENT","parcel_status":"UNPROCESSED","canonical_parcel_id":null,"building_type":"fire_station","building_use":"fire_station_as_of_2018_04","poi_accepted":false,"field_evidence":{"footprint":"Ordnance Survey OpenMap Local ImportantBuilding Polygon, EPSG:27700 original data reprojected to CRS84; government district boundary clipping possible","type":"CLASSIFICA=Fire Station; BUILDGTHEM=Emergency Service; FEATCODE=15023","use":"Fire station classification as at 2018-04, not certification of current use","source_os_id":"805FA6CE-1632-4D39-BDEB-E21652B0CFF8","source_name":"Unknown","admin_area":"E08000003","admin_area_name":"Manchester"},"source_url":"https://raw.githubusercontent.com/traffordDataLab/open_data/82d7d561d5238d819a956f1c5731317759f20162/fire_stations/gm_fire_stations.geojson","final_url":"https://raw.githubusercontent.com/traffordDataLab/open_data/82d7d561d5238d819a956f1c5731317759f20162/fire_stations/gm_fire_stations.geojson","http_status":null,"http_status_note":"public GitHub connector; numeric HTTP status not exposed","access_utc":"2026-10-09T01:32:53.265Z","data_date":"2018-04","licence":"Open Government Licence v3.0; Contains OS data Crown copyright and database right 2018","source_sha256":"bce185ba8766731a4fb2dfcefd94ae7325ee786675cb0cbb3dfb603ec1b29905","source_sha256_scope":"full 82-feature GeoJSON UTF-8 at pinned Git blob","evidence_slice_sha256":"9da93f0b91d044d1fcc275ac64b344d196f483fa3a87b1e2c6cd21d5b269791d","confidence_score_0_100":88,"evidence_grade":"B","fake_data":false,"local_spatial_join_required":true}},{"type":"Feature","id":"C120A7F7-B5A4-4CC4-9D91-E9D1FCDC7105","geometry":{"type":"Polygon","coordinates":[[[-2.256533597455328,53.38198349323669],[-2.256634264910648,53.38172431480545],[-2.256759447427934,53.381741752943114],[-2.256802086816959,53.381632719181084],[-2.256899885002226,53.38164626114205],[-2.256756279552661,53.382014564087044],[-2.256533597455328,53.38198349323669]]]},"properties":{"slot_id":"building_type_9","lineage_id":"building_type_9-20261001T200900Z-newstart","page_generation":1,"batch_id":"20261009T013253Z_GM_OS_FIRE_STATIONS_50","source_entity":"C120A7F7-B5A4-4CC4-9D91-E9D1FCDC7105","source_reference":"C120A7F7-B5A4-4CC4-9D91-E9D1FCDC7105","source_dataset":"OS OpenMap Local ImportantBuilding","source_organisation":"Ordnance Survey via Trafford Data Lab","building_evidence_status":"BUILDING_PRESENT","parcel_status":"UNPROCESSED","canonical_parcel_id":null,"building_type":"fire_station","building_use":"fire_station_as_of_2018_04","poi_accepted":false,"field_evidence":{"footprint":"Ordnance Survey OpenMap Local ImportantBuilding Polygon, EPSG:27700 original data reprojected to CRS84; government district boundary clipping possible","type":"CLASSIFICA=Fire Station; BUILDGTHEM=Emergency Service; FEATCODE=15023","use":"Fire station classification as at 2018-04, not certification of current use","source_os_id":"C120A7F7-B5A4-4CC4-9D91-E9D1FCDC7105","source_name":"Unknown","admin_area":"E08000003","admin_area_name":"Manchester"},"source_url":"https://raw.githubusercontent.com/traffordDataLab/open_data/82d7d561d5238d819a956f1c5731317759f20162/fire_stations/gm_fire_stations.geojson","final_url":"https://raw.githubusercontent.com/traffordDataLab/open_data/82d7d561d5238d819a956f1c5731317759f20162/fire_stations/gm_fire_stations.geojson","http_status":null,"http_status_note":"public GitHub connector; numeric HTTP status not exposed","access_utc":"2026-10-09T01:32:53.265Z","data_date":"2018-04","licence":"Open Government Licence v3.0; Contains OS data Crown copyright and database right 2018","source_sha256":"bce185ba8766731a4fb2dfcefd94ae7325ee786675cb0cbb3dfb603ec1b29905","source_sha256_scope":"full 82-feature GeoJSON UTF-8 at pinned Git blob","evidence_slice_sha256":"06b62af033583dd43d83b0ddfe560b55410a4fbe1fdf624bcb203f583374bb07","confidence_score_0_100":88,"evidence_grade":"B","fake_data":false,"local_spatial_join_required":true}},{"type":"Feature","id":"C720F50E-9C8A-4B27-978C-C18466D03BFC","geometry":{"type":"Polygon","coordinates":[[[-2.280088158268262,53.35746740054012],[-2.280150685987145,53.357082000012554],[-2.280298435436984,53.35709064146291],[-2.280283833304232,53.35717786571694],[-2.28044916885779,53.357187544282986],[-2.280400494506179,53.35748572246251],[-2.280088158268262,53.35746740054012]]]},"properties":{"slot_id":"building_type_9","lineage_id":"building_type_9-20261001T200900Z-newstart","page_generation":1,"batch_id":"20261009T013253Z_GM_OS_FIRE_STATIONS_50","source_entity":"C720F50E-9C8A-4B27-978C-C18466D03BFC","source_reference":"C720F50E-9C8A-4B27-978C-C18466D03BFC","source_dataset":"OS OpenMap Local ImportantBuilding","source_organisation":"Ordnance Survey via Trafford Data Lab","building_evidence_status":"BUILDING_PRESENT","parcel_status":"UNPROCESSED","canonical_parcel_id":null,"building_type":"fire_station","building_use":"fire_station_as_of_2018_04","poi_accepted":false,"field_evidence":{"footprint":"Ordnance Survey OpenMap Local ImportantBuilding Polygon, EPSG:27700 original data reprojected to CRS84; government district boundary clipping possible","type":"CLASSIFICA=Fire Station; BUILDGTHEM=Emergency Service; FEATCODE=15023","use":"Fire station classification as at 2018-04, not certification of current use","source_os_id":"C720F50E-9C8A-4B27-978C-C18466D03BFC","source_name":"Unknown","admin_area":"E08000003","admin_area_name":"Manchester"},"source_url":"https://raw.githubusercontent.com/traffordDataLab/open_data/82d7d561d5238d819a956f1c5731317759f20162/fire_stations/gm_fire_stations.geojson","final_url":"https://raw.githubusercontent.com/traffordDataLab/open_data/82d7d561d5238d819a956f1c5731317759f20162/fire_stations/gm_fire_stations.geojson","http_status":null,"http_status_note":"public GitHub connector; numeric HTTP status not exposed","access_utc":"2026-10-09T01:32:53.265Z","data_date":"2018-04","licence":"Open Government Licence v3.0; Contains OS data Crown copyright and database right 2018","source_sha256":"bce185ba8766731a4fb2dfcefd94ae7325ee786675cb0cbb3dfb603ec1b29905","source_sha256_scope":"full 82-feature GeoJSON UTF-8 at pinned Git blob","evidence_slice_sha256":"b0236908d2527318c226357b6050084edf0eba84f48308e12da69cbee05912ee","confidence_score_0_100":88,"evidence_grade":"B","fake_data":false,"local_spatial_join_required":true}},{"type":"Feature","id":"9F5D4F49-A1B3-40FC-A2DD-041398094B01","geometry":{"type":"Polygon","coordinates":[[[-2.123940224243592,53.522665551085986],[-2.123902675337353,53.52256518990846],[-2.124049677592955,53.522545262737786],[-2.124004832642878,53.52242576393103],[-2.124209881657823,53.522398136101],[-2.124292880439511,53.52261808515347],[-2.123940224243592,53.522665551085986]]]},"properties":{"slot_id":"building_type_9","lineage_id":"building_type_9-20261001T200900Z-newstart","page_generation":1,"batch_id":"20261009T013253Z_GM_OS_FIRE_STATIONS_50","source_entity":"9F5D4F49-A1B3-40FC-A2DD-041398094B01","source_reference":"9F5D4F49-A1B3-40FC-A2DD-041398094B01","source_dataset":"OS OpenMap Local ImportantBuilding","source_organisation":"Ordnance Survey via Trafford Data Lab","building_evidence_status":"BUILDING_PRESENT","parcel_status":"UNPROCESSED","canonical_parcel_id":null,"building_type":"fire_station","building_use":"fire_station_as_of_2018_04","poi_accepted":false,"field_evidence":{"footprint":"Ordnance Survey OpenMap Local ImportantBuilding Polygon, EPSG:27700 original data reprojected to CRS84; government district boundary clipping possible","type":"CLASSIFICA=Fire Station; BUILDGTHEM=Emergency Service; FEATCODE=15023","use":"Fire station classification as at 2018-04, not certification of current use","source_os_id":"9F5D4F49-A1B3-40FC-A2DD-041398094B01","source_name":"Unknown","admin_area":"E08000004","admin_area_name":"Oldham"},"source_url":"https://raw.githubusercontent.com/traffordDataLab/open_data/82d7d561d5238d819a956f1c5731317759f20162/fire_stations/gm_fire_stations.geojson","final_url":"https://raw.githubusercontent.com/traffordDataLab/open_data/82d7d561d5238d819a956f1c5731317759f20162/fire_stations/gm_fire_stations.geojson","http_status":null,"http_status_note":"public GitHub connector; numeric HTTP status not exposed","access_utc":"2026-10-09T01:32:53.265Z","data_date":"2018-04","licence":"Open Government Licence v3.0; Contains OS data Crown copyright and database right 2018","source_sha256":"bce185ba8766731a4fb2dfcefd94ae7325ee786675cb0cbb3dfb603ec1b29905","source_sha256_scope":"full 82-feature GeoJSON UTF-8 at pinned Git blob","evidence_slice_sha256":"8cc8c478ed19bacfdcd9f55989e01f060f48c06f62dd9e402847d62bcd2aa38a","confidence_score_0_100":88,"evidence_grade":"B","fake_data":false,"local_spatial_join_required":true}},{"type":"Feature","id":"E600EBF1-2643-4F94-A91A-D291386DB16D","geometry":{"type":"Polygon","coordinates":[[[-2.123621632612414,53.52270525068497],[-2.123587588667974,53.522616930203675],[-2.123875868426032,53.52257923961101],[-2.123940177077472,53.52275255862629],[-2.123781111458813,53.52277384643298],[-2.123748886291358,53.522688670043664],[-2.123621632612414,53.52270525068497]]]},"properties":{"slot_id":"building_type_9","lineage_id":"building_type_9-20261001T200900Z-newstart","page_generation":1,"batch_id":"20261009T013253Z_GM_OS_FIRE_STATIONS_50","source_entity":"E600EBF1-2643-4F94-A91A-D291386DB16D","source_reference":"E600EBF1-2643-4F94-A91A-D291386DB16D","source_dataset":"OS OpenMap Local ImportantBuilding","source_organisation":"Ordnance Survey via Trafford Data Lab","building_evidence_status":"BUILDING_PRESENT","parcel_status":"UNPROCESSED","canonical_parcel_id":null,"building_type":"fire_station","building_use":"fire_station_as_of_2018_04","poi_accepted":false,"field_evidence":{"footprint":"Ordnance Survey OpenMap Local ImportantBuilding Polygon, EPSG:27700 original data reprojected to CRS84; government district boundary clipping possible","type":"CLASSIFICA=Fire Station; BUILDGTHEM=Emergency Service; FEATCODE=15023","use":"Fire station classification as at 2018-04, not certification of current use","source_os_id":"E600EBF1-2643-4F94-A91A-D291386DB16D","source_name":"Unknown","admin_area":"E08000004","admin_area_name":"Oldham"},"source_url":"https://raw.githubusercontent.com/traffordDataLab/open_data/82d7d561d5238d819a956f1c5731317759f20162/fire_stations/gm_fire_stations.geojson","final_url":"https://raw.githubusercontent.com/traffordDataLab/open_data/82d7d561d5238d819a956f1c5731317759f20162/fire_stations/gm_fire_stations.geojson","http_status":null,"http_status_note":"public GitHub connector; numeric HTTP status not exposed","access_utc":"2026-10-09T01:32:53.265Z","data_date":"2018-04","licence":"Open Government Licence v3.0; Contains OS data Crown copyright and database right 2018","source_sha256":"bce185ba8766731a4fb2dfcefd94ae7325ee786675cb0cbb3dfb603ec1b29905","source_sha256_scope":"full 82-feature GeoJSON UTF-8 at pinned Git blob","evidence_slice_sha256":"e30fe708784e16ef7d809029360e190abd3e1a55c50630b7a6e4eec11e25ffa4","confidence_score_0_100":88,"evidence_grade":"B","fake_data":false,"local_spatial_join_required":true}},{"type":"Feature","id":"98954CBE-411D-4EAF-940E-D4402E6E653C","geometry":{"type":"Polygon","coordinates":[[[-2.143546973466941,53.54853032337533],[-2.143562133508421,53.54850576697745],[-2.143697764250306,53.54853562486154],[-2.14368260427673,53.54856018127645],[-2.143546973466941,53.54853032337533]]]},"properties":{"slot_id":"building_type_9","lineage_id":"building_type_9-20261001T200900Z-newstart","page_generation":1,"batch_id":"20261009T013253Z_GM_OS_FIRE_STATIONS_50","source_entity":"98954CBE-411D-4EAF-940E-D4402E6E653C","source_reference":"98954CBE-411D-4EAF-940E-D4402E6E653C","source_dataset":"OS OpenMap Local ImportantBuilding","source_organisation":"Ordnance Survey via Trafford Data Lab","building_evidence_status":"BUILDING_PRESENT","parcel_status":"UNPROCESSED","canonical_parcel_id":null,"building_type":"fire_station","building_use":"fire_station_as_of_2018_04","poi_accepted":false,"field_evidence":{"footprint":"Ordnance Survey OpenMap Local ImportantBuilding Polygon, EPSG:27700 original data reprojected to CRS84; government district boundary clipping possible","type":"CLASSIFICA=Fire Station; BUILDGTHEM=Emergency Service; FEATCODE=15023","use":"Fire station classification as at 2018-04, not certification of current use","source_os_id":"98954CBE-411D-4EAF-940E-D4402E6E653C","source_name":"Unknown","admin_area":"E08000004","admin_area_name":"Oldham"},"source_url":"https://raw.githubusercontent.com/traffordDataLab/open_data/82d7d561d5238d819a956f1c5731317759f20162/fire_stations/gm_fire_stations.geojson","final_url":"https://raw.githubusercontent.com/traffordDataLab/open_data/82d7d561d5238d819a956f1c5731317759f20162/fire_stations/gm_fire_stations.geojson","http_status":null,"http_status_note":"public GitHub connector; numeric HTTP status not exposed","access_utc":"2026-10-09T01:32:53.265Z","data_date":"2018-04","licence":"Open Government Licence v3.0; Contains OS data Crown copyright and database right 2018","source_sha256":"bce185ba8766731a4fb2dfcefd94ae7325ee786675cb0cbb3dfb603ec1b29905","source_sha256_scope":"full 82-feature GeoJSON UTF-8 at pinned Git blob","evidence_slice_sha256":"0e8493963d7f88274ba559e023cfcfb3946c3b1ef37ea8e6c5b33035ca3bc984","confidence_score_0_100":88,"evidence_grade":"B","fake_data":false,"local_spatial_join_required":true}},{"type":"Feature","id":"7F3AAA33-AE0E-4BB1-BD03-4A2F7EFA97AA","geometry":{"type":"Polygon","coordinates":[[[-2.143533358509075,53.54896618434764],[-2.143779861996362,53.54857867005116],[-2.143996152839406,53.54862802501087],[-2.143752971999223,53.5490157155169],[-2.143533358509075,53.54896618434764]]]},"properties":{"slot_id":"building_type_9","lineage_id":"building_type_9-20261001T200900Z-newstart","page_generation":1,"batch_id":"20261009T013253Z_GM_OS_FIRE_STATIONS_50","source_entity":"7F3AAA33-AE0E-4BB1-BD03-4A2F7EFA97AA","source_reference":"7F3AAA33-AE0E-4BB1-BD03-4A2F7EFA97AA","source_dataset":"OS OpenMap Local ImportantBuilding","source_organisation":"Ordnance Survey via Trafford Data Lab","building_evidence_status":"BUILDING_PRESENT","parcel_status":"UNPROCESSED","canonical_parcel_id":null,"building_type":"fire_station","building_use":"fire_station_as_of_2018_04","poi_accepted":false,"field_evidence":{"footprint":"Ordnance Survey OpenMap Local ImportantBuilding Polygon, EPSG:27700 original data reprojected to CRS84; government district boundary clipping possible","type":"CLASSIFICA=Fire Station; BUILDGTHEM=Emergency Service; FEATCODE=15023","use":"Fire station classification as at 2018-04, not certification of current use","source_os_id":"7F3AAA33-AE0E-4BB1-BD03-4A2F7EFA97AA","source_name":"Unknown","admin_area":"E08000004","admin_area_name":"Oldham"},"source_url":"https://raw.githubusercontent.com/traffordDataLab/open_data/82d7d561d5238d819a956f1c5731317759f20162/fire_stations/gm_fire_stations.geojson","final_url":"https://raw.githubusercontent.com/traffordDataLab/open_data/82d7d561d5238d819a956f1c5731317759f20162/fire_stations/gm_fire_stations.geojson","http_status":null,"http_status_note":"public GitHub connector; numeric HTTP status not exposed","access_utc":"2026-10-09T01:32:53.265Z","data_date":"2018-04","licence":"Open Government Licence v3.0; Contains OS data Crown copyright and database right 2018","source_sha256":"bce185ba8766731a4fb2dfcefd94ae7325ee786675cb0cbb3dfb603ec1b29905","source_sha256_scope":"full 82-feature GeoJSON UTF-8 at pinned Git blob","evidence_slice_sha256":"ba55cef3086cadcca7093e895e19e48a46bf6d0f3ecd74f891956b341fc064da","confidence_score_0_100":88,"evidence_grade":"B","fake_data":false,"local_spatial_join_required":true}},{"type":"Feature","id":"F6C465F6-9975-42BB-AC83-227F55688613","geometry":{"type":"Polygon","coordinates":[[[-2.14313208927746,53.549112277199484],[-2.14320385579282,53.54900109526231],[-2.14371075468675,53.54911697504508],[-2.1436420017185,53.549226355991266],[-2.14313208927746,53.549112277199484]]]},"properties":{"slot_id":"building_type_9","lineage_id":"building_type_9-20261001T200900Z-newstart","page_generation":1,"batch_id":"20261009T013253Z_GM_OS_FIRE_STATIONS_50","source_entity":"F6C465F6-9975-42BB-AC83-227F55688613","source_reference":"F6C465F6-9975-42BB-AC83-227F55688613","source_dataset":"OS OpenMap Local ImportantBuilding","source_organisation":"Ordnance Survey via Trafford Data Lab","building_evidence_status":"BUILDING_PRESENT","parcel_status":"UNPROCESSED","canonical_parcel_id":null,"building_type":"fire_station","building_use":"fire_station_as_of_2018_04","poi_accepted":false,"field_evidence":{"footprint":"Ordnance Survey OpenMap Local ImportantBuilding Polygon, EPSG:27700 original data reprojected to CRS84; government district boundary clipping possible","type":"CLASSIFICA=Fire Station; BUILDGTHEM=Emergency Service; FEATCODE=15023","use":"Fire station classification as at 2018-04, not certification of current use","source_os_id":"F6C465F6-9975-42BB-AC83-227F55688613","source_name":"Unknown","admin_area":"E08000004","admin_area_name":"Oldham"},"source_url":"https://raw.githubusercontent.com/traffordDataLab/open_data/82d7d561d5238d819a956f1c5731317759f20162/fire_stations/gm_fire_stations.geojson","final_url":"https://raw.githubusercontent.com/traffordDataLab/open_data/82d7d561d5238d819a956f1c5731317759f20162/fire_stations/gm_fire_stations.geojson","http_status":null,"http_status_note":"public GitHub connector; numeric HTTP status not exposed","access_utc":"2026-10-09T01:32:53.265Z","data_date":"2018-04","licence":"Open Government Licence v3.0; Contains OS data Crown copyright and database right 2018","source_sha256":"bce185ba8766731a4fb2dfcefd94ae7325ee786675cb0cbb3dfb603ec1b29905","source_sha256_scope":"full 82-feature GeoJSON UTF-8 at pinned Git blob","evidence_slice_sha256":"187d273aac67a700fb0aee0b906d1a5ff792bf85f2eef320c95c3cb32987ca49","confidence_score_0_100":88,"evidence_grade":"B","fake_data":false,"local_spatial_join_required":true}},{"type":"Feature","id":"F9132C4D-3516-45E2-B8EF-552ABA5EB617","geometry":{"type":"Polygon","coordinates":[[[-2.095179467893931,53.54191591202487],[-2.095814739243368,53.5421078438471],[-2.095664679944445,53.54227982146297],[-2.095035888956754,53.54208500741445],[-2.095179467893931,53.54191591202487]]]},"properties":{"slot_id":"building_type_9","lineage_id":"building_type_9-20261001T200900Z-newstart","page_generation":1,"batch_id":"20261009T013253Z_GM_OS_FIRE_STATIONS_50","source_entity":"F9132C4D-3516-45E2-B8EF-552ABA5EB617","source_reference":"F9132C4D-3516-45E2-B8EF-552ABA5EB617","source_dataset":"OS OpenMap Local ImportantBuilding","source_organisation":"Ordnance Survey via Trafford Data Lab","building_evidence_status":"BUILDING_PRESENT","parcel_status":"UNPROCESSED","canonical_parcel_id":null,"building_type":"fire_station","building_use":"fire_station_as_of_2018_04","poi_accepted":false,"field_evidence":{"footprint":"Ordnance Survey OpenMap Local ImportantBuilding Polygon, EPSG:27700 original data reprojected to CRS84; government district boundary clipping possible","type":"CLASSIFICA=Fire Station; BUILDGTHEM=Emergency Service; FEATCODE=15023","use":"Fire station classification as at 2018-04, not certification of current use","source_os_id":"F9132C4D-3516-45E2-B8EF-552ABA5EB617","source_name":"Unknown","admin_area":"E08000004","admin_area_name":"Oldham"},"source_url":"https://raw.githubusercontent.com/traffordDataLab/open_data/82d7d561d5238d819a956f1c5731317759f20162/fire_stations/gm_fire_stations.geojson","final_url":"https://raw.githubusercontent.com/traffordDataLab/open_data/82d7d561d5238d819a956f1c5731317759f20162/fire_stations/gm_fire_stations.geojson","http_status":null,"http_status_note":"public GitHub connector; numeric HTTP status not exposed","access_utc":"2026-10-09T01:32:53.265Z","data_date":"2018-04","licence":"Open Government Licence v3.0; Contains OS data Crown copyright and database right 2018","source_sha256":"bce185ba8766731a4fb2dfcefd94ae7325ee786675cb0cbb3dfb603ec1b29905","source_sha256_scope":"full 82-feature GeoJSON UTF-8 at pinned Git blob","evidence_slice_sha256":"e48556f0f39906580b754ef6a2583d0a27bd0e3913d3d0555743b5b5e65a1d5c","confidence_score_0_100":88,"evidence_grade":"B","fake_data":false,"local_spatial_join_required":true}},{"type":"Feature","id":"21ACF912-1780-441A-9EFF-20D36FA7563C","geometry":{"type":"Polygon","coordinates":[[[-2.101787004651335,53.646533255666625],[-2.101890827621293,53.646303339161314],[-2.102042462190876,53.64632792721197],[-2.101992409009322,53.646460455863206],[-2.101957406111334,53.64656124333915],[-2.101787004651335,53.646533255666625]]]},"properties":{"slot_id":"building_type_9","lineage_id":"building_type_9-20261001T200900Z-newstart","page_generation":1,"batch_id":"20261009T013253Z_GM_OS_FIRE_STATIONS_50","source_entity":"21ACF912-1780-441A-9EFF-20D36FA7563C","source_reference":"21ACF912-1780-441A-9EFF-20D36FA7563C","source_dataset":"OS OpenMap Local ImportantBuilding","source_organisation":"Ordnance Survey via Trafford Data Lab","building_evidence_status":"BUILDING_PRESENT","parcel_status":"UNPROCESSED","canonical_parcel_id":null,"building_type":"fire_station","building_use":"fire_station_as_of_2018_04","poi_accepted":false,"field_evidence":{"footprint":"Ordnance Survey OpenMap Local ImportantBuilding Polygon, EPSG:27700 original data reprojected to CRS84; government district boundary clipping possible","type":"CLASSIFICA=Fire Station; BUILDGTHEM=Emergency Service; FEATCODE=15023","use":"Fire station classification as at 2018-04, not certification of current use","source_os_id":"21ACF912-1780-441A-9EFF-20D36FA7563C","source_name":"Unknown","admin_area":"E08000005","admin_area_name":"Rochdale"},"source_url":"https://raw.githubusercontent.com/traffordDataLab/open_data/82d7d561d5238d819a956f1c5731317759f20162/fire_stations/gm_fire_stations.geojson","final_url":"https://raw.githubusercontent.com/traffordDataLab/open_data/82d7d561d5238d819a956f1c5731317759f20162/fire_stations/gm_fire_stations.geojson","http_status":null,"http_status_note":"public GitHub connector; numeric HTTP status not exposed","access_utc":"2026-10-09T01:32:53.265Z","data_date":"2018-04","licence":"Open Government Licence v3.0; Contains OS data Crown copyright and database right 2018","source_sha256":"bce185ba8766731a4fb2dfcefd94ae7325ee786675cb0cbb3dfb603ec1b29905","source_sha256_scope":"full 82-feature GeoJSON UTF-8 at pinned Git blob","evidence_slice_sha256":"41fe16964398cd297e23f56f26ef8bf0c5463735079e6cfa10853ce7fa3d9158","confidence_score_0_100":88,"evidence_grade":"B","fake_data":false,"local_spatial_join_required":true}},{"type":"Feature","id":"07535426-1CC4-4CE9-A52E-122778391C9A","geometry":{"type":"Polygon","coordinates":[[[-2.143182734465666,53.6238621920541],[-2.143516854441279,53.62394672993732],[-2.143422504885498,53.62407870050381],[-2.143547043852118,53.624110189505586],[-2.143449381519448,53.624246208770955],[-2.143360725163022,53.62427399891097],[-2.143300623287188,53.62420647954943],[-2.142876162739728,53.624099308914936],[-2.142970958493269,53.62396464177874],[-2.143088233167545,53.62399425242263],[-2.143182734465666,53.6238621920541]]]},"properties":{"slot_id":"building_type_9","lineage_id":"building_type_9-20261001T200900Z-newstart","page_generation":1,"batch_id":"20261009T013253Z_GM_OS_FIRE_STATIONS_50","source_entity":"07535426-1CC4-4CE9-A52E-122778391C9A","source_reference":"07535426-1CC4-4CE9-A52E-122778391C9A","source_dataset":"OS OpenMap Local ImportantBuilding","source_organisation":"Ordnance Survey via Trafford Data Lab","building_evidence_status":"BUILDING_PRESENT","parcel_status":"UNPROCESSED","canonical_parcel_id":null,"building_type":"fire_station","building_use":"fire_station_as_of_2018_04","poi_accepted":false,"field_evidence":{"footprint":"Ordnance Survey OpenMap Local ImportantBuilding Polygon, EPSG:27700 original data reprojected to CRS84; government district boundary clipping possible","type":"CLASSIFICA=Fire Station; BUILDGTHEM=Emergency Service; FEATCODE=15023","use":"Fire station classification as at 2018-04, not certification of current use","source_os_id":"07535426-1CC4-4CE9-A52E-122778391C9A","source_name":"Rochdale Community Fire Station","admin_area":"E08000005","admin_area_name":"Rochdale"},"source_url":"https://raw.githubusercontent.com/traffordDataLab/open_data/82d7d561d5238d819a956f1c5731317759f20162/fire_stations/gm_fire_stations.geojson","final_url":"https://raw.githubusercontent.com/traffordDataLab/open_data/82d7d561d5238d819a956f1c5731317759f20162/fire_stations/gm_fire_stations.geojson","http_status":null,"http_status_note":"public GitHub connector; numeric HTTP status not exposed","access_utc":"2026-10-09T01:32:53.265Z","data_date":"2018-04","licence":"Open Government Licence v3.0; Contains OS data Crown copyright and database right 2018","source_sha256":"bce185ba8766731a4fb2dfcefd94ae7325ee786675cb0cbb3dfb603ec1b29905","source_sha256_scope":"full 82-feature GeoJSON UTF-8 at pinned Git blob","evidence_slice_sha256":"b59936b447b40086843e9af8223cfb05bcf8d6741a6b9405e9257c441bb6d071","confidence_score_0_100":88,"evidence_grade":"B","fake_data":false,"local_spatial_join_required":true}},{"type":"Feature","id":"665D5B55-CC4E-4639-9938-FC6F0F6430B3","geometry":{"type":"Polygon","coordinates":[[[-2.142656946297844,53.62414810726768],[-2.142717929525922,53.62416358407234],[-2.142659842397783,53.624244547472514],[-2.142598859074137,53.62422907063853],[-2.142656946297844,53.62414810726768]]]},"properties":{"slot_id":"building_type_9","lineage_id":"building_type_9-20261001T200900Z-newstart","page_generation":1,"batch_id":"20261009T013253Z_GM_OS_FIRE_STATIONS_50","source_entity":"665D5B55-CC4E-4639-9938-FC6F0F6430B3","source_reference":"665D5B55-CC4E-4639-9938-FC6F0F6430B3","source_dataset":"OS OpenMap Local ImportantBuilding","source_organisation":"Ordnance Survey via Trafford Data Lab","building_evidence_status":"BUILDING_PRESENT","parcel_status":"UNPROCESSED","canonical_parcel_id":null,"building_type":"fire_station","building_use":"fire_station_as_of_2018_04","poi_accepted":false,"field_evidence":{"footprint":"Ordnance Survey OpenMap Local ImportantBuilding Polygon, EPSG:27700 original data reprojected to CRS84; government district boundary clipping possible","type":"CLASSIFICA=Fire Station; BUILDGTHEM=Emergency Service; FEATCODE=15023","use":"Fire station classification as at 2018-04, not certification of current use","source_os_id":"665D5B55-CC4E-4639-9938-FC6F0F6430B3","source_name":"Rochdale Community Fire Station","admin_area":"E08000005","admin_area_name":"Rochdale"},"source_url":"https://raw.githubusercontent.com/traffordDataLab/open_data/82d7d561d5238d819a956f1c5731317759f20162/fire_stations/gm_fire_stations.geojson","final_url":"https://raw.githubusercontent.com/traffordDataLab/open_data/82d7d561d5238d819a956f1c5731317759f20162/fire_stations/gm_fire_stations.geojson","http_status":null,"http_status_note":"public GitHub connector; numeric HTTP status not exposed","access_utc":"2026-10-09T01:32:53.265Z","data_date":"2018-04","licence":"Open Government Licence v3.0; Contains OS data Crown copyright and database right 2018","source_sha256":"bce185ba8766731a4fb2dfcefd94ae7325ee786675cb0cbb3dfb603ec1b29905","source_sha256_scope":"full 82-feature GeoJSON UTF-8 at pinned Git blob","evidence_slice_sha256":"8a703d534035ba4726d7cc347106bf7fe8877f835f9ff7e3342b9f22f27e29da","confidence_score_0_100":88,"evidence_grade":"B","fake_data":false,"local_spatial_join_required":true}},{"type":"Feature","id":"4C721FA6-A45F-4E74-ADF0-5EF954E9A171","geometry":{"type":"Polygon","coordinates":[[[-2.207214467898423,53.58030700049137],[-2.207163996080857,53.579931556766596],[-2.207398348177239,53.57992027440204],[-2.20744973047453,53.58029616586471],[-2.207214467898423,53.58030700049137]]]},"properties":{"slot_id":"building_type_9","lineage_id":"building_type_9-20261001T200900Z-newstart","page_generation":1,"batch_id":"20261009T013253Z_GM_OS_FIRE_STATIONS_50","source_entity":"4C721FA6-A45F-4E74-ADF0-5EF954E9A171","source_reference":"4C721FA6-A45F-4E74-ADF0-5EF954E9A171","source_dataset":"OS OpenMap Local ImportantBuilding","source_organisation":"Ordnance Survey via Trafford Data Lab","building_evidence_status":"BUILDING_PRESENT","parcel_status":"UNPROCESSED","canonical_parcel_id":null,"building_type":"fire_station","building_use":"fire_station_as_of_2018_04","poi_accepted":false,"field_evidence":{"footprint":"Ordnance Survey OpenMap Local ImportantBuilding Polygon, EPSG:27700 original data reprojected to CRS84; government district boundary clipping possible","type":"CLASSIFICA=Fire Station; BUILDGTHEM=Emergency Service; FEATCODE=15023","use":"Fire station classification as at 2018-04, not certification of current use","source_os_id":"4C721FA6-A45F-4E74-ADF0-5EF954E9A171","source_name":"Unknown","admin_area":"E08000005","admin_area_name":"Rochdale"},"source_url":"https://raw.githubusercontent.com/traffordDataLab/open_data/82d7d561d5238d819a956f1c5731317759f20162/fire_stations/gm_fire_stations.geojson","final_url":"https://raw.githubusercontent.com/traffordDataLab/open_data/82d7d561d5238d819a956f1c5731317759f20162/fire_stations/gm_fire_stations.geojson","http_status":null,"http_status_note":"public GitHub connector; numeric HTTP status not exposed","access_utc":"2026-10-09T01:32:53.265Z","data_date":"2018-04","licence":"Open Government Licence v3.0; Contains OS data Crown copyright and database right 2018","source_sha256":"bce185ba8766731a4fb2dfcefd94ae7325ee786675cb0cbb3dfb603ec1b29905","source_sha256_scope":"full 82-feature GeoJSON UTF-8 at pinned Git blob","evidence_slice_sha256":"917a7410857a56b5ea79410ea399326cc90c57f3fde1b37a36a4dafbcb049c67","confidence_score_0_100":88,"evidence_grade":"B","fake_data":false,"local_spatial_join_required":true}},{"type":"Feature","id":"A77DD5DC-3079-4E59-A3D1-C219BDE24F6C","geometry":{"type":"Polygon","coordinates":[[[-2.206855887068353,53.580303127613945],[-2.206806579266376,53.58035067119002],[-2.206695064740992,53.58030969771467],[-2.206744523656246,53.58026215392284],[-2.206855887068353,53.580303127613945]]]},"properties":{"slot_id":"building_type_9","lineage_id":"building_type_9-20261001T200900Z-newstart","page_generation":1,"batch_id":"20261009T013253Z_GM_OS_FIRE_STATIONS_50","source_entity":"A77DD5DC-3079-4E59-A3D1-C219BDE24F6C","source_reference":"A77DD5DC-3079-4E59-A3D1-C219BDE24F6C","source_dataset":"OS OpenMap Local ImportantBuilding","source_organisation":"Ordnance Survey via Trafford Data Lab","building_evidence_status":"BUILDING_PRESENT","parcel_status":"UNPROCESSED","canonical_parcel_id":null,"building_type":"fire_station","building_use":"fire_station_as_of_2018_04","poi_accepted":false,"field_evidence":{"footprint":"Ordnance Survey OpenMap Local ImportantBuilding Polygon, EPSG:27700 original data reprojected to CRS84; government district boundary clipping possible","type":"CLASSIFICA=Fire Station; BUILDGTHEM=Emergency Service; FEATCODE=15023","use":"Fire station classification as at 2018-04, not certification of current use","source_os_id":"A77DD5DC-3079-4E59-A3D1-C219BDE24F6C","source_name":"Unknown","admin_area":"E08000005","admin_area_name":"Rochdale"},"source_url":"https://raw.githubusercontent.com/traffordDataLab/open_data/82d7d561d5238d819a956f1c5731317759f20162/fire_stations/gm_fire_stations.geojson","final_url":"https://raw.githubusercontent.com/traffordDataLab/open_data/82d7d561d5238d819a956f1c5731317759f20162/fire_stations/gm_fire_stations.geojson","http_status":null,"http_status_note":"public GitHub connector; numeric HTTP status not exposed","access_utc":"2026-10-09T01:32:53.265Z","data_date":"2018-04","licence":"Open Government Licence v3.0; Contains OS data Crown copyright and database right 2018","source_sha256":"bce185ba8766731a4fb2dfcefd94ae7325ee786675cb0cbb3dfb603ec1b29905","source_sha256_scope":"full 82-feature GeoJSON UTF-8 at pinned Git blob","evidence_slice_sha256":"9bf9bd1c2ff830cd4f4bf57fc671c5010b28e6fb1de41db3dc46f3d822993a15","confidence_score_0_100":88,"evidence_grade":"B","fake_data":false,"local_spatial_join_required":true}},{"type":"Feature","id":"573A5320-AA68-4BE7-BECF-84FC28D832C3","geometry":{"type":"Polygon","coordinates":[[[-2.263879702587967,53.51052632435827],[-2.263890575012699,53.51055308582023],[-2.263738716315068,53.510575083335276],[-2.263727693193273,53.51054832219246],[-2.263879702587967,53.51052632435827]]]},"properties":{"slot_id":"building_type_9","lineage_id":"building_type_9-20261001T200900Z-newstart","page_generation":1,"batch_id":"20261009T013253Z_GM_OS_FIRE_STATIONS_50","source_entity":"573A5320-AA68-4BE7-BECF-84FC28D832C3","source_reference":"573A5320-AA68-4BE7-BECF-84FC28D832C3","source_dataset":"OS OpenMap Local ImportantBuilding","source_organisation":"Ordnance Survey via Trafford Data Lab","building_evidence_status":"BUILDING_PRESENT","parcel_status":"UNPROCESSED","canonical_parcel_id":null,"building_type":"fire_station","building_use":"fire_station_as_of_2018_04","poi_accepted":false,"field_evidence":{"footprint":"Ordnance Survey OpenMap Local ImportantBuilding Polygon, EPSG:27700 original data reprojected to CRS84; government district boundary clipping possible","type":"CLASSIFICA=Fire Station; BUILDGTHEM=Emergency Service; FEATCODE=15023","use":"Fire station classification as at 2018-04, not certification of current use","source_os_id":"573A5320-AA68-4BE7-BECF-84FC28D832C3","source_name":"Unknown","admin_area":"E08000006","admin_area_name":"Salford"},"source_url":"https://raw.githubusercontent.com/traffordDataLab/open_data/82d7d561d5238d819a956f1c5731317759f20162/fire_stations/gm_fire_stations.geojson","final_url":"https://raw.githubusercontent.com/traffordDataLab/open_data/82d7d561d5238d819a956f1c5731317759f20162/fire_stations/gm_fire_stations.geojson","http_status":null,"http_status_note":"public GitHub connector; numeric HTTP status not exposed","access_utc":"2026-10-09T01:32:53.265Z","data_date":"2018-04","licence":"Open Government Licence v3.0; Contains OS data Crown copyright and database right 2018","source_sha256":"bce185ba8766731a4fb2dfcefd94ae7325ee786675cb0cbb3dfb603ec1b29905","source_sha256_scope":"full 82-feature GeoJSON UTF-8 at pinned Git blob","evidence_slice_sha256":"bd07845ba12fa9750283d70c4f483c971c375a7fac1f8b0696cebdaf89c744de","confidence_score_0_100":88,"evidence_grade":"B","fake_data":false,"local_spatial_join_required":true}},{"type":"Feature","id":"CF0F2AB8-5583-4AB0-8823-445DB16A9E54","geometry":{"type":"Polygon","coordinates":[[[-2.263460858569831,53.51070405117131],[-2.263810844166052,53.51065599956469],[-2.263879380658713,53.51083831302776],[-2.263531806250665,53.51088635951197],[-2.263460858569831,53.51070405117131]]]},"properties":{"slot_id":"building_type_9","lineage_id":"building_type_9-20261001T200900Z-newstart","page_generation":1,"batch_id":"20261009T013253Z_GM_OS_FIRE_STATIONS_50","source_entity":"CF0F2AB8-5583-4AB0-8823-445DB16A9E54","source_reference":"CF0F2AB8-5583-4AB0-8823-445DB16A9E54","source_dataset":"OS OpenMap Local ImportantBuilding","source_organisation":"Ordnance Survey via Trafford Data Lab","building_evidence_status":"BUILDING_PRESENT","parcel_status":"UNPROCESSED","canonical_parcel_id":null,"building_type":"fire_station","building_use":"fire_station_as_of_2018_04","poi_accepted":false,"field_evidence":{"footprint":"Ordnance Survey OpenMap Local ImportantBuilding Polygon, EPSG:27700 original data reprojected to CRS84; government district boundary clipping possible","type":"CLASSIFICA=Fire Station; BUILDGTHEM=Emergency Service; FEATCODE=15023","use":"Fire station classification as at 2018-04, not certification of current use","source_os_id":"CF0F2AB8-5583-4AB0-8823-445DB16A9E54","source_name":"Unknown","admin_area":"E08000006","admin_area_name":"Salford"},"source_url":"https://raw.githubusercontent.com/traffordDataLab/open_data/82d7d561d5238d819a956f1c5731317759f20162/fire_stations/gm_fire_stations.geojson","final_url":"https://raw.githubusercontent.com/traffordDataLab/open_data/82d7d561d5238d819a956f1c5731317759f20162/fire_stations/gm_fire_stations.geojson","http_status":null,"http_status_note":"public GitHub connector; numeric HTTP status not exposed","access_utc":"2026-10-09T01:32:53.265Z","data_date":"2018-04","licence":"Open Government Licence v3.0; Contains OS data Crown copyright and database right 2018","source_sha256":"bce185ba8766731a4fb2dfcefd94ae7325ee786675cb0cbb3dfb603ec1b29905","source_sha256_scope":"full 82-feature GeoJSON UTF-8 at pinned Git blob","evidence_slice_sha256":"74969cf8b9398a756cf9b77bdf651cccbaccb7416331880bd850802b045b4d99","confidence_score_0_100":88,"evidence_grade":"B","fake_data":false,"local_spatial_join_required":true}},{"type":"Feature","id":"B25E4438-9515-4E55-BF55-4F761A08B572","geometry":{"type":"Polygon","coordinates":[[[-2.310307946183044,53.50516126301833],[-2.310106364671766,53.50518165097429],[-2.310084424590256,53.50510899148479],[-2.310600276903162,53.50505650701652],[-2.310676782837914,53.505353915173075],[-2.310374700090177,53.50538301406586],[-2.310307946183044,53.50516126301833]]]},"properties":{"slot_id":"building_type_9","lineage_id":"building_type_9-20261001T200900Z-newstart","page_generation":1,"batch_id":"20261009T013253Z_GM_OS_FIRE_STATIONS_50","source_entity":"B25E4438-9515-4E55-BF55-4F761A08B572","source_reference":"B25E4438-9515-4E55-BF55-4F761A08B572","source_dataset":"OS OpenMap Local ImportantBuilding","source_organisation":"Ordnance Survey via Trafford Data Lab","building_evidence_status":"BUILDING_PRESENT","parcel_status":"UNPROCESSED","canonical_parcel_id":null,"building_type":"fire_station","building_use":"fire_station_as_of_2018_04","poi_accepted":false,"field_evidence":{"footprint":"Ordnance Survey OpenMap Local ImportantBuilding Polygon, EPSG:27700 original data reprojected to CRS84; government district boundary clipping possible","type":"CLASSIFICA=Fire Station; BUILDGTHEM=Emergency Service; FEATCODE=15023","use":"Fire station classification as at 2018-04, not certification of current use","source_os_id":"B25E4438-9515-4E55-BF55-4F761A08B572","source_name":"Unknown","admin_area":"E08000006","admin_area_name":"Salford"},"source_url":"https://raw.githubusercontent.com/traffordDataLab/open_data/82d7d561d5238d819a956f1c5731317759f20162/fire_stations/gm_fire_stations.geojson","final_url":"https://raw.githubusercontent.com/traffordDataLab/open_data/82d7d561d5238d819a956f1c5731317759f20162/fire_stations/gm_fire_stations.geojson","http_status":null,"http_status_note":"public GitHub connector; numeric HTTP status not exposed","access_utc":"2026-10-09T01:32:53.265Z","data_date":"2018-04","licence":"Open Government Licence v3.0; Contains OS data Crown copyright and database right 2018","source_sha256":"bce185ba8766731a4fb2dfcefd94ae7325ee786675cb0cbb3dfb603ec1b29905","source_sha256_scope":"full 82-feature GeoJSON UTF-8 at pinned Git blob","evidence_slice_sha256":"532f83de00fb01a73b2a82129fae46c7b3da496d5f646cb9832017f2c68411d2","confidence_score_0_100":88,"evidence_grade":"B","fake_data":false,"local_spatial_join_required":true}},{"type":"Feature","id":"3B8772C3-C47B-4BD7-BC72-1F87527BF72B","geometry":{"type":"Polygon","coordinates":[[[-2.309826071981084,53.50522147803277],[-2.309815374505265,53.50518114770245],[-2.310047250530967,53.50515933334063],[-2.310057948221222,53.50519966365007],[-2.309826071981084,53.50522147803277]]]},"properties":{"slot_id":"building_type_9","lineage_id":"building_type_9-20261001T200900Z-newstart","page_generation":1,"batch_id":"20261009T013253Z_GM_OS_FIRE_STATIONS_50","source_entity":"3B8772C3-C47B-4BD7-BC72-1F87527BF72B","source_reference":"3B8772C3-C47B-4BD7-BC72-1F87527BF72B","source_dataset":"OS OpenMap Local ImportantBuilding","source_organisation":"Ordnance Survey via Trafford Data Lab","building_evidence_status":"BUILDING_PRESENT","parcel_status":"UNPROCESSED","canonical_parcel_id":null,"building_type":"fire_station","building_use":"fire_station_as_of_2018_04","poi_accepted":false,"field_evidence":{"footprint":"Ordnance Survey OpenMap Local ImportantBuilding Polygon, EPSG:27700 original data reprojected to CRS84; government district boundary clipping possible","type":"CLASSIFICA=Fire Station; BUILDGTHEM=Emergency Service; FEATCODE=15023","use":"Fire station classification as at 2018-04, not certification of current use","source_os_id":"3B8772C3-C47B-4BD7-BC72-1F87527BF72B","source_name":"Unknown","admin_area":"E08000006","admin_area_name":"Salford"},"source_url":"https://raw.githubusercontent.com/traffordDataLab/open_data/82d7d561d5238d819a956f1c5731317759f20162/fire_stations/gm_fire_stations.geojson","final_url":"https://raw.githubusercontent.com/traffordDataLab/open_data/82d7d561d5238d819a956f1c5731317759f20162/fire_stations/gm_fire_stations.geojson","http_status":null,"http_status_note":"public GitHub connector; numeric HTTP status not exposed","access_utc":"2026-10-09T01:32:53.265Z","data_date":"2018-04","licence":"Open Government Licence v3.0; Contains OS data Crown copyright and database right 2018","source_sha256":"bce185ba8766731a4fb2dfcefd94ae7325ee786675cb0cbb3dfb603ec1b29905","source_sha256_scope":"full 82-feature GeoJSON UTF-8 at pinned Git blob","evidence_slice_sha256":"32610b720baeb197965b772e03e3453c8782a75afa9f1210f15a81895c317fef","confidence_score_0_100":88,"evidence_grade":"B","fake_data":false,"local_spatial_join_required":true}},{"type":"Feature","id":"40C479F8-D4C0-4367-B4A5-6B5B44092A75","geometry":{"type":"Polygon","coordinates":[[[-2.271091903760206,53.48065263715612],[-2.271126245867277,53.48057966273616],[-2.271017187375987,53.48056166374516],[-2.270885594417959,53.48083790820509],[-2.270695532356608,53.480806430201135],[-2.270867681731887,53.48043904080995],[-2.271544960509791,53.48055093686567],[-2.271539787049683,53.48059022821991],[-2.271479270401608,53.48071719305871],[-2.271091903760206,53.48065263715612]]]},"properties":{"slot_id":"building_type_9","lineage_id":"building_type_9-20261001T200900Z-newstart","page_generation":1,"batch_id":"20261009T013253Z_GM_OS_FIRE_STATIONS_50","source_entity":"40C479F8-D4C0-4367-B4A5-6B5B44092A75","source_reference":"40C479F8-D4C0-4367-B4A5-6B5B44092A75","source_dataset":"OS OpenMap Local ImportantBuilding","source_organisation":"Ordnance Survey via Trafford Data Lab","building_evidence_status":"BUILDING_PRESENT","parcel_status":"UNPROCESSED","canonical_parcel_id":null,"building_type":"fire_station","building_use":"fire_station_as_of_2018_04","poi_accepted":false,"field_evidence":{"footprint":"Ordnance Survey OpenMap Local ImportantBuilding Polygon, EPSG:27700 original data reprojected to CRS84; government district boundary clipping possible","type":"CLASSIFICA=Fire Station; BUILDGTHEM=Emergency Service; FEATCODE=15023","use":"Fire station classification as at 2018-04, not certification of current use","source_os_id":"40C479F8-D4C0-4367-B4A5-6B5B44092A75","source_name":"Unknown","admin_area":"E08000006","admin_area_name":"Salford"},"source_url":"https://raw.githubusercontent.com/traffordDataLab/open_data/82d7d561d5238d819a956f1c5731317759f20162/fire_stations/gm_fire_stations.geojson","final_url":"https://raw.githubusercontent.com/traffordDataLab/open_data/82d7d561d5238d819a956f1c5731317759f20162/fire_stations/gm_fire_stations.geojson","http_status":null,"http_status_note":"public GitHub connector; numeric HTTP status not exposed","access_utc":"2026-10-09T01:32:53.265Z","data_date":"2018-04","licence":"Open Government Licence v3.0; Contains OS data Crown copyright and database right 2018","source_sha256":"bce185ba8766731a4fb2dfcefd94ae7325ee786675cb0cbb3dfb603ec1b29905","source_sha256_scope":"full 82-feature GeoJSON UTF-8 at pinned Git blob","evidence_slice_sha256":"4de797feac496c235a22650424af447394df4f22c72e931e3219ad36065cfd19","confidence_score_0_100":88,"evidence_grade":"B","fake_data":false,"local_spatial_join_required":true}},{"type":"Feature","id":"E52B6119-D1FE-4057-8CFE-309084E9A34A","geometry":{"type":"Polygon","coordinates":[[[-2.271161269569996,53.48092042575295],[-2.271135557825049,53.48097630250048],[-2.27102649945887,53.480958483287125],[-2.271052060654718,53.48090260690478],[-2.271161269569996,53.48092042575295]]]},"properties":{"slot_id":"building_type_9","lineage_id":"building_type_9-20261001T200900Z-newstart","page_generation":1,"batch_id":"20261009T013253Z_GM_OS_FIRE_STATIONS_50","source_entity":"E52B6119-D1FE-4057-8CFE-309084E9A34A","source_reference":"E52B6119-D1FE-4057-8CFE-309084E9A34A","source_dataset":"OS OpenMap Local ImportantBuilding","source_organisation":"Ordnance Survey via Trafford Data Lab","building_evidence_status":"BUILDING_PRESENT","parcel_status":"UNPROCESSED","canonical_parcel_id":null,"building_type":"fire_station","building_use":"fire_station_as_of_2018_04","poi_accepted":false,"field_evidence":{"footprint":"Ordnance Survey OpenMap Local ImportantBuilding Polygon, EPSG:27700 original data reprojected to CRS84; government district boundary clipping possible","type":"CLASSIFICA=Fire Station; BUILDGTHEM=Emergency Service; FEATCODE=15023","use":"Fire station classification as at 2018-04, not certification of current use","source_os_id":"E52B6119-D1FE-4057-8CFE-309084E9A34A","source_name":"Unknown","admin_area":"E08000006","admin_area_name":"Salford"},"source_url":"https://raw.githubusercontent.com/traffordDataLab/open_data/82d7d561d5238d819a956f1c5731317759f20162/fire_stations/gm_fire_stations.geojson","final_url":"https://raw.githubusercontent.com/traffordDataLab/open_data/82d7d561d5238d819a956f1c5731317759f20162/fire_stations/gm_fire_stations.geojson","http_status":null,"http_status_note":"public GitHub connector; numeric HTTP status not exposed","access_utc":"2026-10-09T01:32:53.265Z","data_date":"2018-04","licence":"Open Government Licence v3.0; Contains OS data Crown copyright and database right 2018","source_sha256":"bce185ba8766731a4fb2dfcefd94ae7325ee786675cb0cbb3dfb603ec1b29905","source_sha256_scope":"full 82-feature GeoJSON UTF-8 at pinned Git blob","evidence_slice_sha256":"831470dc16f790d2122eb08138a0ccd7643046074120576203e4dfa39cf90bdf","confidence_score_0_100":88,"evidence_grade":"B","fake_data":false,"local_spatial_join_required":true}},{"type":"Feature","id":"1E8901B0-55EE-40CC-B327-5A34639E003C","geometry":{"type":"Polygon","coordinates":[[[-2.2713602706711,53.48098298278548],[-2.271320261837041,53.48106522826197],[-2.271143312957764,53.481034530133485],[-2.271183322105571,53.48095228471541],[-2.2713602706711,53.48098298278548]]]},"properties":{"slot_id":"building_type_9","lineage_id":"building_type_9-20261001T200900Z-newstart","page_generation":1,"batch_id":"20261009T013253Z_GM_OS_FIRE_STATIONS_50","source_entity":"1E8901B0-55EE-40CC-B327-5A34639E003C","source_reference":"1E8901B0-55EE-40CC-B327-5A34639E003C","source_dataset":"OS OpenMap Local ImportantBuilding","source_organisation":"Ordnance Survey via Trafford Data Lab","building_evidence_status":"BUILDING_PRESENT","parcel_status":"UNPROCESSED","canonical_parcel_id":null,"building_type":"fire_station","building_use":"fire_station_as_of_2018_04","poi_accepted":false,"field_evidence":{"footprint":"Ordnance Survey OpenMap Local ImportantBuilding Polygon, EPSG:27700 original data reprojected to CRS84; government district boundary clipping possible","type":"CLASSIFICA=Fire Station; BUILDGTHEM=Emergency Service; FEATCODE=15023","use":"Fire station classification as at 2018-04, not certification of current use","source_os_id":"1E8901B0-55EE-40CC-B327-5A34639E003C","source_name":"Unknown","admin_area":"E08000006","admin_area_name":"Salford"},"source_url":"https://raw.githubusercontent.com/traffordDataLab/open_data/82d7d561d5238d819a956f1c5731317759f20162/fire_stations/gm_fire_stations.geojson","final_url":"https://raw.githubusercontent.com/traffordDataLab/open_data/82d7d561d5238d819a956f1c5731317759f20162/fire_stations/gm_fire_stations.geojson","http_status":null,"http_status_note":"public GitHub connector; numeric HTTP status not exposed","access_utc":"2026-10-09T01:32:53.265Z","data_date":"2018-04","licence":"Open Government Licence v3.0; Contains OS data Crown copyright and database right 2018","source_sha256":"bce185ba8766731a4fb2dfcefd94ae7325ee786675cb0cbb3dfb603ec1b29905","source_sha256_scope":"full 82-feature GeoJSON UTF-8 at pinned Git blob","evidence_slice_sha256":"eda80682109c943c06f7c913ce04dfad37158282a8a7783cda0b77f36a3fc045","confidence_score_0_100":88,"evidence_grade":"B","fake_data":false,"local_spatial_join_required":true}},{"type":"Feature","id":"3B06D395-9CD5-4C65-979D-E7CECDFCC3F5","geometry":{"type":"Polygon","coordinates":[[[-2.270795638018589,53.48102731941253],[-2.270946485328646,53.48105286397933],[-2.270900391060379,53.48114977431744],[-2.270749543433852,53.481124229693265],[-2.270795638018589,53.48102731941253]]]},"properties":{"slot_id":"building_type_9","lineage_id":"building_type_9-20261001T200900Z-newstart","page_generation":1,"batch_id":"20261009T013253Z_GM_OS_FIRE_STATIONS_50","source_entity":"3B06D395-9CD5-4C65-979D-E7CECDFCC3F5","source_reference":"3B06D395-9CD5-4C65-979D-E7CECDFCC3F5","source_dataset":"OS OpenMap Local ImportantBuilding","source_organisation":"Ordnance Survey via Trafford Data Lab","building_evidence_status":"BUILDING_PRESENT","parcel_status":"UNPROCESSED","canonical_parcel_id":null,"building_type":"fire_station","building_use":"fire_station_as_of_2018_04","poi_accepted":false,"field_evidence":{"footprint":"Ordnance Survey OpenMap Local ImportantBuilding Polygon, EPSG:27700 original data reprojected to CRS84; government district boundary clipping possible","type":"CLASSIFICA=Fire Station; BUILDGTHEM=Emergency Service; FEATCODE=15023","use":"Fire station classification as at 2018-04, not certification of current use","source_os_id":"3B06D395-9CD5-4C65-979D-E7CECDFCC3F5","source_name":"Unknown","admin_area":"E08000006","admin_area_name":"Salford"},"source_url":"https://raw.githubusercontent.com/traffordDataLab/open_data/82d7d561d5238d819a956f1c5731317759f20162/fire_stations/gm_fire_stations.geojson","final_url":"https://raw.githubusercontent.com/traffordDataLab/open_data/82d7d561d5238d819a956f1c5731317759f20162/fire_stations/gm_fire_stations.geojson","http_status":null,"http_status_note":"public GitHub connector; numeric HTTP status not exposed","access_utc":"2026-10-09T01:32:53.265Z","data_date":"2018-04","licence":"Open Government Licence v3.0; Contains OS data Crown copyright and database right 2018","source_sha256":"bce185ba8766731a4fb2dfcefd94ae7325ee786675cb0cbb3dfb603ec1b29905","source_sha256_scope":"full 82-feature GeoJSON UTF-8 at pinned Git blob","evidence_slice_sha256":"dd528842029bd93eceed7715dc7f3d0a53fa6ea30905aa6269c33e2fa0a7d7fb","confidence_score_0_100":88,"evidence_grade":"B","fake_data":false,"local_spatial_join_required":true}},{"type":"Feature","id":"41F2C6F7-DC8F-4AC2-9775-556402DE017C","geometry":{"type":"Polygon","coordinates":[[[-2.271026322299142,53.48104881774725],[-2.271128897540317,53.48106602248986],[-2.271076119872441,53.48117813857478],[-2.270973544381873,53.48116093378749],[-2.271026322299142,53.48104881774725]]]},"properties":{"slot_id":"building_type_9","lineage_id":"building_type_9-20261001T200900Z-newstart","page_generation":1,"batch_id":"20261009T013253Z_GM_OS_FIRE_STATIONS_50","source_entity":"41F2C6F7-DC8F-4AC2-9775-556402DE017C","source_reference":"41F2C6F7-DC8F-4AC2-9775-556402DE017C","source_dataset":"OS OpenMap Local ImportantBuilding","source_organisation":"Ordnance Survey via Trafford Data Lab","building_evidence_status":"BUILDING_PRESENT","parcel_status":"UNPROCESSED","canonical_parcel_id":null,"building_type":"fire_station","building_use":"fire_station_as_of_2018_04","poi_accepted":false,"field_evidence":{"footprint":"Ordnance Survey OpenMap Local ImportantBuilding Polygon, EPSG:27700 original data reprojected to CRS84; government district boundary clipping possible","type":"CLASSIFICA=Fire Station; BUILDGTHEM=Emergency Service; FEATCODE=15023","use":"Fire station classification as at 2018-04, not certification of current use","source_os_id":"41F2C6F7-DC8F-4AC2-9775-556402DE017C","source_name":"Unknown","admin_area":"E08000006","admin_area_name":"Salford"},"source_url":"https://raw.githubusercontent.com/traffordDataLab/open_data/82d7d561d5238d819a956f1c5731317759f20162/fire_stations/gm_fire_stations.geojson","final_url":"https://raw.githubusercontent.com/traffordDataLab/open_data/82d7d561d5238d819a956f1c5731317759f20162/fire_stations/gm_fire_stations.geojson","http_status":null,"http_status_note":"public GitHub connector; numeric HTTP status not exposed","access_utc":"2026-10-09T01:32:53.265Z","data_date":"2018-04","licence":"Open Government Licence v3.0; Contains OS data Crown copyright and database right 2018","source_sha256":"bce185ba8766731a4fb2dfcefd94ae7325ee786675cb0cbb3dfb603ec1b29905","source_sha256_scope":"full 82-feature GeoJSON UTF-8 at pinned Git blob","evidence_slice_sha256":"be351bf425e96ffed03ad29bf0cfdcf8ab9f076dd8bc9db5161578215fb0c83a","confidence_score_0_100":88,"evidence_grade":"B","fake_data":false,"local_spatial_join_required":true}},{"type":"Feature","id":"1A07D581-F453-44FE-B6FD-182ADE45D8D3","geometry":{"type":"Polygon","coordinates":[[[-2.357624653670376,53.48194542615625],[-2.357269071231127,53.48209372175194],[-2.357023957307135,53.48188520284839],[-2.357571889017125,53.48165606507572],[-2.358016132843854,53.48203386844455],[-2.357930542466819,53.482069719383176],[-2.357853288392279,53.48200397541671],[-2.3577462249589,53.48204878916073],[-2.357624653670376,53.48194542615625]]]},"properties":{"slot_id":"building_type_9","lineage_id":"building_type_9-20261001T200900Z-newstart","page_generation":1,"batch_id":"20261009T013253Z_GM_OS_FIRE_STATIONS_50","source_entity":"1A07D581-F453-44FE-B6FD-182ADE45D8D3","source_reference":"1A07D581-F453-44FE-B6FD-182ADE45D8D3","source_dataset":"OS OpenMap Local ImportantBuilding","source_organisation":"Ordnance Survey via Trafford Data Lab","building_evidence_status":"BUILDING_PRESENT","parcel_status":"UNPROCESSED","canonical_parcel_id":null,"building_type":"fire_station","building_use":"fire_station_as_of_2018_04","poi_accepted":false,"field_evidence":{"footprint":"Ordnance Survey OpenMap Local ImportantBuilding Polygon, EPSG:27700 original data reprojected to CRS84; government district boundary clipping possible","type":"CLASSIFICA=Fire Station; BUILDGTHEM=Emergency Service; FEATCODE=15023","use":"Fire station classification as at 2018-04, not certification of current use","source_os_id":"1A07D581-F453-44FE-B6FD-182ADE45D8D3","source_name":"Unknown","admin_area":"E08000006","admin_area_name":"Salford"},"source_url":"https://raw.githubusercontent.com/traffordDataLab/open_data/82d7d561d5238d819a956f1c5731317759f20162/fire_stations/gm_fire_stations.geojson","final_url":"https://raw.githubusercontent.com/traffordDataLab/open_data/82d7d561d5238d819a956f1c5731317759f20162/fire_stations/gm_fire_stations.geojson","http_status":null,"http_status_note":"public GitHub connector; numeric HTTP status not exposed","access_utc":"2026-10-09T01:32:53.265Z","data_date":"2018-04","licence":"Open Government Licence v3.0; Contains OS data Crown copyright and database right 2018","source_sha256":"bce185ba8766731a4fb2dfcefd94ae7325ee786675cb0cbb3dfb603ec1b29905","source_sha256_scope":"full 82-feature GeoJSON UTF-8 at pinned Git blob","evidence_slice_sha256":"7d4d25e0ff9ecd927a83ebce92291f06def59050b6c2b7e0c73f4c1760db2660","confidence_score_0_100":88,"evidence_grade":"B","fake_data":false,"local_spatial_join_required":true}},{"type":"Feature","id":"2C04B72F-4FFB-4040-ABF7-B2FF3870B88B","geometry":{"type":"Polygon","coordinates":[[[-2.357525967129614,53.48226948680006],[-2.357262331368929,53.482134459743484],[-2.357315519925061,53.48209807703602],[-2.357578246978447,53.48223256738771],[-2.357525967129614,53.48226948680006]]]},"properties":{"slot_id":"building_type_9","lineage_id":"building_type_9-20261001T200900Z-newstart","page_generation":1,"batch_id":"20261009T013253Z_GM_OS_FIRE_STATIONS_50","source_entity":"2C04B72F-4FFB-4040-ABF7-B2FF3870B88B","source_reference":"2C04B72F-4FFB-4040-ABF7-B2FF3870B88B","source_dataset":"OS OpenMap Local ImportantBuilding","source_organisation":"Ordnance Survey via Trafford Data Lab","building_evidence_status":"BUILDING_PRESENT","parcel_status":"UNPROCESSED","canonical_parcel_id":null,"building_type":"fire_station","building_use":"fire_station_as_of_2018_04","poi_accepted":false,"field_evidence":{"footprint":"Ordnance Survey OpenMap Local ImportantBuilding Polygon, EPSG:27700 original data reprojected to CRS84; government district boundary clipping possible","type":"CLASSIFICA=Fire Station; BUILDGTHEM=Emergency Service; FEATCODE=15023","use":"Fire station classification as at 2018-04, not certification of current use","source_os_id":"2C04B72F-4FFB-4040-ABF7-B2FF3870B88B","source_name":"Unknown","admin_area":"E08000006","admin_area_name":"Salford"},"source_url":"https://raw.githubusercontent.com/traffordDataLab/open_data/82d7d561d5238d819a956f1c5731317759f20162/fire_stations/gm_fire_stations.geojson","final_url":"https://raw.githubusercontent.com/traffordDataLab/open_data/82d7d561d5238d819a956f1c5731317759f20162/fire_stations/gm_fire_stations.geojson","http_status":null,"http_status_note":"public GitHub connector; numeric HTTP status not exposed","access_utc":"2026-10-09T01:32:53.265Z","data_date":"2018-04","licence":"Open Government Licence v3.0; Contains OS data Crown copyright and database right 2018","source_sha256":"bce185ba8766731a4fb2dfcefd94ae7325ee786675cb0cbb3dfb603ec1b29905","source_sha256_scope":"full 82-feature GeoJSON UTF-8 at pinned Git blob","evidence_slice_sha256":"e465ab4ceabef056d4e410af7af356ccff7071e69c7920e1ba63646ce37ac837","confidence_score_0_100":88,"evidence_grade":"B","fake_data":false,"local_spatial_join_required":true}},{"type":"Feature","id":"CE77271A-84F5-4E8D-971C-5F4B34DCBAB1","geometry":{"type":"Polygon","coordinates":[[[-2.419963921440078,53.44039775553908],[-2.419927491540337,53.44026053839431],[-2.420548803422377,53.440202622330105],[-2.420585084736422,53.44033983981324],[-2.419963921440078,53.44039775553908]],[[-2.420101222309365,53.44027646616653],[-2.420113266008289,53.440322265473114],[-2.420228323847585,53.440311523695655],[-2.420216280028096,53.44026572440085],[-2.420101222309365,53.44027646616653]]]},"properties":{"slot_id":"building_type_9","lineage_id":"building_type_9-20261001T200900Z-newstart","page_generation":1,"batch_id":"20261009T013253Z_GM_OS_FIRE_STATIONS_50","source_entity":"CE77271A-84F5-4E8D-971C-5F4B34DCBAB1","source_reference":"CE77271A-84F5-4E8D-971C-5F4B34DCBAB1","source_dataset":"OS OpenMap Local ImportantBuilding","source_organisation":"Ordnance Survey via Trafford Data Lab","building_evidence_status":"BUILDING_PRESENT","parcel_status":"UNPROCESSED","canonical_parcel_id":null,"building_type":"fire_station","building_use":"fire_station_as_of_2018_04","poi_accepted":false,"field_evidence":{"footprint":"Ordnance Survey OpenMap Local ImportantBuilding Polygon, EPSG:27700 original data reprojected to CRS84; government district boundary clipping possible","type":"CLASSIFICA=Fire Station; BUILDGTHEM=Emergency Service; FEATCODE=15023","use":"Fire station classification as at 2018-04, not certification of current use","source_os_id":"CE77271A-84F5-4E8D-971C-5F4B34DCBAB1","source_name":"Unknown","admin_area":"E08000006","admin_area_name":"Salford"},"source_url":"https://raw.githubusercontent.com/traffordDataLab/open_data/82d7d561d5238d819a956f1c5731317759f20162/fire_stations/gm_fire_stations.geojson","final_url":"https://raw.githubusercontent.com/traffordDataLab/open_data/82d7d561d5238d819a956f1c5731317759f20162/fire_stations/gm_fire_stations.geojson","http_status":null,"http_status_note":"public GitHub connector; numeric HTTP status not exposed","access_utc":"2026-10-09T01:32:53.265Z","data_date":"2018-04","licence":"Open Government Licence v3.0; Contains OS data Crown copyright and database right 2018","source_sha256":"bce185ba8766731a4fb2dfcefd94ae7325ee786675cb0cbb3dfb603ec1b29905","source_sha256_scope":"full 82-feature GeoJSON UTF-8 at pinned Git blob","evidence_slice_sha256":"073e437ef7d2b08c25a0bfd8f45586c64ed63fcafbf9a6f55da126e313d47692","confidence_score_0_100":88,"evidence_grade":"B","fake_data":false,"local_spatial_join_required":true}}]}
